[12:00:00.000] 5000000,31.448,20,3439,1,2,3,1,3,0,1,3,3,1,0,3,1,0,0,1,2,1,2,1,0,0,0,4,1,0,2,3,1,1,2,0,1,4,1,0,0,2,1,2,2,0,0,5,2,0,2,2,5,1,1,2,1,3,1,3,4,2,1,3,2,3,2,4,3,2,7,3,4,2,4,3,2,4,4,6,3,2,6,7,7,5,6,2,6,7,5,16,15,16,14,20,15,15,19,17,21,23,24,38,28,40,41,40,44,45,34,34,53,54,64,52,53,53,51,58,52,66,42,55,56,46,54,44,37,57,40,41,44,35,27,36,33,36,28,24,30,21,25,16,23,21,27,21,7,12,20,22,19,13,8,19,9,20,17,25,17,11,15,11,14,16,19,17,19,18,20,22,22,24,19,19,29,22,19,22,13,21,21,30,18,18,30,29,24,27,20,26,32,28,16,26,32,21,38,34,37,31,31,34,42,45,43,37,28,49,32,33,52,37,46,42,54,53,50,47,42,53,39,55,57,52,65,36,58,61,62,40,61,63,58,65,72,73,67,60,59,65,65,60,75,88,64,60,81,77,88,76,76,100,94,93,82,85,102,93,1,2,0,0,0,0,1,0,0,1,0,0,0,0,0,0,0,0,0,0,1,0,0,0,0,0,1,0,0,0,0,2,0,0,0,1,0,1,0,1,0,0,1,0,0,0,1,1,1,2,2,1,2,1,2,0,0,0,0,0,0,0,2,0,2,0,1,2,0,2,3,0,0,1,2,1,1,2,2,2,1,2,0,2,0,1,0,2,3,3,1,3,0,1,3,1,2,3,1,0,0,3,0,2,1,2,0,3,0,1,6,1,1,3,1,4,3,3,2,2,5,1,7,1,5,1,3,3,6,3,6,4,6,8,10,9,4,6,6,9,11,14,4,9,10,13,12,7,13,12,7,11,6,14,15,15,11,9,7,9,16,14,11,9,14,15,13,15,12,11,16,10,12,12,5,8,12,15,4,7,7,7,13,8,14,6,10,3,7,12,10,8,7,5,9,5,7,7,8,13,6,4,6,11,8,7,8,8,14,9,5,8,8,8,6,11,13,8,8,9,6,6,11,8,10,7,11,12,17,13,7,11,7,12,11,10,14,12,17,7,6,5,15,15,17,12,12,12,16,8,17,7,11,11,11,15,E
[12:00:02.000] 5002000,31.605,20,3379,2,0,1,0,0,1,0,2,1,2,1,1,1,2,2,0,0,0,2,0,1,1,1,2,0,5,1,1,6,2,5,1,2,2,1,1,1,2,1,2,0,1,1,2,0,2,2,1,5,2,0,2,5,1,2,2,3,1,2,5,5,1,4,3,4,4,4,2,1,5,5,1,2,3,1,4,5,2,5,7,5,7,8,9,5,10,5,12,10,13,10,12,11,15,17,20,21,17,22,29,28,42,40,34,45,44,49,47,36,46,48,48,61,63,49,51,53,49,50,60,51,57,39,52,48,32,38,50,36,41,28,41,42,42,26,26,33,27,21,15,15,18,16,17,17,14,16,17,15,27,8,16,17,19,18,22,17,22,16,15,13,13,19,15,21,28,19,18,20,21,19,19,16,21,9,21,18,24,25,29,23,31,26,20,30,30,19,23,27,29,35,29,33,27,29,31,29,31,42,27,42,29,41,39,35,34,31,42,47,42,39,41,44,39,36,52,58,35,52,57,52,53,51,46,54,39,58,61,62,62,63,56,74,51,58,75,70,68,76,68,62,71,76,64,88,87,68,106,97,87,97,83,92,91,81,88,0,0,0,0,0,0,0,0,1,3,0,0,1,1,1,0,0,0,0,0,0,0,0,1,0,0,0,0,2,1,0,0,0,1,1,1,0,0,2,1,1,1,1,1,1,0,0,0,0,0,0,0,2,0,0,1,0,2,1,1,0,1,1,2,1,1,5,2,1,0,0,0,2,1,1,1,2,1,4,3,2,1,0,2,0,3,1,1,1,2,2,2,1,1,1,2,3,1,3,3,1,0,2,1,2,1,3,1,2,2,2,1,1,2,3,2,1,3,8,1,5,2,4,1,2,5,5,6,3,3,3,6,5,9,4,4,11,5,6,5,1,5,8,11,10,5,12,7,14,8,9,11,7,6,9,10,13,12,13,14,14,7,6,6,8,10,13,14,25,16,9,13,6,14,9,18,9,9,10,8,6,16,8,10,9,10,10,10,6,6,9,6,5,9,8,5,3,5,8,6,6,4,9,4,8,9,4,3,8,9,6,10,6,6,4,7,6,9,7,8,10,6,11,6,11,7,8,11,8,5,8,8,13,8,19,10,10,10,12,12,14,14,12,13,15,17,13,14,13,16,9,16,18,12,13,10,E
[12:00:04.000] 5004000,31.467,20,3428,0,0,1,2,1,0,3,0,1,1,3,1,3,2,1,4,1,0,1,1,1,1,2,3,2,2,0,0,5,0,1,1,0,1,1,3,2,3,3,3,0,4,3,1,2,2,2,1,1,0,1,1,4,2,2,2,4,0,2,2,4,1,3,0,0,4,1,7,9,9,4,2,4,3,5,5,3,10,8,4,2,5,3,8,9,12,12,10,10,14,18,18,16,21,30,23,25,23,20,33,50,44,28,38,51,38,35,37,51,46,51,51,61,50,53,57,47,50,46,53,52,50,49,44,46,32,36,35,48,36,48,23,24,27,32,25,26,24,35,22,13,11,19,12,19,16,13,10,13,10,14,19,21,17,16,12,13,24,18,14,14,15,20,18,19,21,13,17,18,19,20,17,19,32,23,21,17,17,20,32,23,24,28,20,24,31,28,29,19,21,36,25,32,34,28,33,42,37,44,32,41,41,38,34,52,48,40,45,40,42,43,48,42,44,44,41,46,50,60,49,52,61,56,55,62,59,62,63,72,49,47,49,65,59,55,58,60,57,77,64,72,80,75,79,84,71,77,75,88,88,122,96,73,90,96,105,0,0,1,1,0,1,0,0,0,1,0,0,1,2,1,0,0,2,1,2,0,0,1,1,0,1,1,1,2,0,0,1,0,0,1,1,2,0,0,1,2,1,1,2,1,1,1,0,1,3,1,1,0,0,0,1,0,0,1,4,1,0,1,3,1,0,1,2,1,0,1,0,1,1,1,1,1,0,3,0,2,2,1,0,1,3,0,2,2,1,1,1,1,0,1,0,1,2,0,1,3,3,1,0,3,2,1,5,0,1,3,2,1,3,1,3,5,3,3,2,4,0,3,2,5,2,3,7,6,4,3,5,1,5,7,5,6,13,9,9,6,9,7,2,9,7,11,12,6,17,9,15,11,11,11,12,11,8,7,9,16,14,11,13,12,10,6,16,13,10,14,7,8,14,5,10,15,7,9,16,12,5,8,8,9,12,10,10,7,7,5,8,9,8,8,10,8,8,9,8,10,6,2,5,10,6,5,7,7,9,7,2,8,8,8,7,9,7,15,6,9,8,8,10,6,6,11,3,6,12,7,4,10,9,9,8,6,6,11,7,8,11,14,8,11,8,10,12,13,8,13,11,15,13,16,10,E
[12:00:06.000] 5006000,31.740,20,3451,0,3,3,2,0,2,2,0,2,1,2,3,0,0,2,1,2,0,1,0,1,1,0,2,0,2,0,0,3,2,0,3,2,0,2,0,3,6,1,2,1,5,2,3,3,2,2,1,4,2,2,2,1,2,2,2,2,2,3,7,3,3,5,4,4,2,2,2,4,3,2,3,0,5,5,4,3,6,4,4,7,11,11,7,7,6,15,14,11,13,20,16,18,21,23,24,19,31,18,26,34,36,41,34,33,30,47,50,49,46,44,39,45,52,50,47,61,59,43,57,62,58,58,49,57,46,41,39,41,32,45,25,39,27,37,19,30,23,29,24,24,16,13,10,24,24,15,14,23,26,15,18,22,9,28,15,20,18,17,8,24,26,17,20,25,19,20,25,19,23,22,28,20,23,23,26,28,27,15,28,30,20,24,32,21,21,24,33,25,32,30,25,28,33,27,40,29,40,35,30,40,33,41,32,34,32,39,34,37,36,60,27,37,47,54,53,56,55,59,53,41,47,55,50,51,48,51,52,61,58,71,65,72,59,70,71,68,50,75,58,69,65,72,71,74,90,75,80,90,88,84,87,89,93,111,94,2,0,0,0,0,0,0,0,2,1,0,0,0,0,0,1,3,3,0,1,0,0,0,0,3,0,0,0,0,2,0,0,0,0,0,0,1,0,0,0,0,1,2,0,0,0,1,0,0,0,1,0,0,1,1,0,1,0,1,0,1,0,0,1,0,1,1,0,1,0,1,2,2,1,0,1,2,1,1,0,1,1,1,0,1,1,1,1,1,0,1,0,0,3,2,2,1,0,1,0,3,4,3,1,3,1,0,3,2,3,1,0,2,4,1,2,0,1,3,2,2,2,2,4,3,5,2,5,6,4,5,2,2,5,5,13,6,8,8,10,13,12,10,11,6,8,7,13,17,7,8,13,12,15,11,8,12,19,11,11,14,17,9,13,16,10,10,15,15,15,15,9,16,16,12,10,9,10,15,12,9,10,9,7,7,10,8,8,18,5,8,3,5,4,8,5,7,6,3,14,9,5,12,8,8,11,4,9,6,6,9,14,7,13,12,6,8,9,11,9,6,8,5,11,4,19,12,13,16,10,17,7,19,13,12,4,4,11,10,14,17,12,11,5,12,25,15,23,2,13,14,11,19,11,9,16,E
[12:00:08.000] 5008000,31.689,20,3458,3,0,0,2,0,1,1,1,0,2,1,0,0,0,0,2,3,0,1,2,1,4,3,0,1,4,1,1,1,1,1,2,0,4,3,2,4,2,2,1,1,2,3,4,5,4,5,2,0,4,0,3,2,1,2,2,3,4,2,4,2,4,3,1,3,0,3,2,6,6,7,3,3,2,5,7,2,6,6,8,5,7,7,9,8,6,10,9,12,14,13,14,26,13,21,18,19,24,28,27,33,49,38,43,30,45,38,45,37,45,56,54,61,58,42,48,64,59,57,52,46,49,67,53,37,45,59,36,46,35,34,34,31,31,30,24,22,19,28,30,19,23,20,14,19,19,19,9,20,22,15,8,16,12,20,15,11,16,17,12,27,19,19,12,25,16,17,27,14,18,13,28,18,17,23,25,21,25,21,23,25,30,23,31,30,26,25,32,26,21,29,31,39,24,32,34,30,38,23,32,42,37,32,44,31,32,46,43,54,42,42,44,42,44,41,44,38,41,51,49,44,50,52,53,51,58,64,43,70,50,65,67,61,74,73,55,70,78,73,68,85,89,75,67,76,78,76,88,93,67,95,82,84,103,96,95,1,0,0,1,0,0,0,1,1,0,0,1,0,0,1,0,1,0,0,1,0,0,0,2,1,0,0,1,1,1,2,1,0,0,1,0,1,0,1,0,0,0,0,1,1,0,0,1,0,2,0,0,1,1,0,1,0,0,0,0,1,4,0,0,1,0,0,0,2,1,0,1,1,1,1,3,2,2,4,0,2,2,1,0,1,1,1,0,1,0,0,0,1,2,1,2,4,2,1,1,1,1,3,0,1,1,6,4,6,1,1,1,4,7,2,3,2,3,5,2,3,4,6,7,6,2,6,0,5,4,3,4,6,4,7,8,11,6,6,10,11,8,13,6,10,11,12,7,5,4,7,15,8,9,13,19,9,11,15,11,11,14,13,9,19,10,21,12,10,11,11,12,7,13,9,9,11,15,10,11,11,12,7,10,11,9,12,12,12,3,13,6,13,6,6,9,8,5,11,7,6,6,2,13,8,10,6,7,9,8,7,7,6,5,7,8,9,7,12,4,5,7,4,3,5,12,7,14,11,11,18,13,11,9,9,11,11,7,8,7,15,19,16,11,14,6,7,12,15,9,9,9,17,18,13,9,E
[12:00:10.000] 5010000,31.733,20,3489,2,0,0,1,1,1,1,2,0,1,0,2,3,0,1,0,2,3,1,0,1,0,0,3,1,2,1,2,1,1,3,1,3,2,0,3,0,2,0,0,3,2,2,3,1,2,3,3,3,1,0,5,5,2,1,7,1,0,2,1,6,6,4,1,4,3,1,3,4,7,7,4,6,3,1,3,4,6,8,7,12,6,6,6,10,7,12,11,7,14,16,13,14,13,17,22,37,24,34,29,30,26,33,42,46,41,51,57,44,53,69,52,47,56,51,63,51,47,65,52,42,60,55,58,50,30,37,43,29,46,26,33,44,29,31,27,36,27,25,24,19,14,17,22,19,9,19,8,18,21,17,14,13,18,21,17,20,19,10,17,18,15,11,14,14,18,28,20,25,26,17,24,24,25,22,25,17,26,22,26,29,43,21,31,26,34,23,28,30,34,24,43,28,28,33,29,37,27,29,31,38,32,28,28,44,42,36,41,52,44,36,38,48,40,49,41,36,48,57,48,55,53,56,43,51,57,55,53,79,62,57,69,54,54,71,73,59,74,74,82,79,81,84,81,86,66,66,95,98,89,78,77,97,95,92,100,0,1,0,1,0,1,1,0,0,0,0,0,0,0,1,2,1,0,0,2,1,0,1,0,1,0,1,1,1,0,0,0,0,2,2,0,0,1,0,1,1,5,2,0,0,1,0,0,1,1,0,0,2,0,1,1,1,1,0,0,0,0,1,0,0,3,1,2,1,0,1,2,1,1,0,2,2,0,1,0,2,1,3,2,2,0,1,2,0,1,1,1,1,1,2,2,0,3,2,2,1,2,0,0,1,0,1,1,3,2,2,2,2,0,5,1,4,4,2,3,4,1,3,1,4,3,1,3,4,4,3,6,3,8,8,6,3,5,8,7,7,8,5,8,9,7,7,7,13,3,18,13,9,8,9,19,13,15,18,13,14,11,15,22,15,17,18,17,13,9,10,8,12,14,12,13,7,12,6,14,6,14,7,3,10,2,5,6,9,10,8,4,5,12,3,4,0,9,7,5,5,10,8,7,9,8,12,7,9,7,8,13,8,6,6,8,10,9,6,4,8,13,4,12,11,8,9,13,8,11,13,10,12,11,4,13,9,14,11,15,16,11,12,18,17,13,9,12,17,20,14,13,16,13,13,14,E
[12:00:12.000] 5012000,31.847,20,3539,2,1,2,2,1,4,1,2,1,0,1,1,1,3,2,1,0,2,2,1,3,5,2,1,2,1,3,0,3,1,0,0,0,1,3,2,3,5,3,2,5,1,1,5,1,2,1,1,1,4,3,3,3,2,5,1,2,6,4,4,3,4,3,4,5,2,3,2,3,5,3,3,5,2,3,6,4,8,6,3,8,9,6,5,5,13,10,13,10,19,12,19,16,23,19,22,24,24,26,42,27,35,37,41,42,54,47,46,49,46,43,57,48,56,56,52,56,62,60,61,49,53,54,49,39,44,39,42,38,39,38,51,37,33,37,26,20,32,21,18,31,20,16,15,25,17,29,23,27,10,13,19,12,20,22,18,19,12,23,20,23,22,18,17,13,21,15,19,27,23,32,19,18,22,20,26,17,17,17,19,21,21,34,21,22,24,34,33,31,29,40,26,34,21,44,28,32,37,38,29,41,40,29,39,46,42,37,34,52,43,41,33,35,42,51,53,48,55,57,52,60,47,49,55,50,57,52,59,62,63,47,66,47,62,88,53,60,69,59,74,87,75,88,70,81,89,91,94,81,86,92,78,90,102,93,100,0,0,1,2,1,0,0,0,0,0,0,0,0,0,0,0,1,1,0,1,0,0,0,0,0,0,1,0,1,1,2,1,1,0,0,1,0,1,1,1,0,1,0,0,1,0,0,0,1,3,0,2,0,0,1,1,1,0,0,3,1,3,1,0,2,0,1,0,2,1,0,2,0,0,0,0,0,1,3,1,1,0,0,1,1,1,3,2,1,0,0,0,0,4,0,1,3,1,0,0,0,2,3,2,2,0,2,2,1,2,2,1,2,4,0,1,2,3,4,3,3,4,3,2,8,4,6,2,5,4,3,3,5,3,8,6,9,8,8,10,11,8,11,8,8,15,9,8,9,15,13,13,20,10,12,6,20,14,12,11,10,12,14,15,15,16,15,15,15,12,8,15,14,14,13,8,20,11,12,13,13,6,8,10,13,7,4,9,6,6,15,14,11,7,10,7,5,6,8,7,6,5,7,7,9,7,7,9,6,13,6,7,6,8,9,14,6,9,7,14,4,5,12,7,10,14,11,4,9,7,6,12,12,8,8,9,13,13,3,7,11,11,11,16,11,13,13,12,14,18,13,12,10,9,15,16,E
[12:00:14.000] 5014000,31.815,20,3544,1,2,2,2,0,0,1,2,1,2,2,1,4,1,1,0,0,0,0,0,2,3,1,0,3,2,0,1,1,4,3,5,3,1,1,1,1,4,1,3,0,3,1,1,4,5,2,2,0,3,1,2,0,5,2,3,3,4,2,2,3,4,2,4,3,2,1,2,4,5,2,3,6,2,5,5,7,5,4,13,8,12,8,6,7,9,17,12,9,12,12,11,15,12,17,16,28,20,25,41,33,38,42,40,45,41,40,44,52,54,43,53,51,50,43,65,54,69,49,50,50,62,44,57,56,44,55,44,52,34,35,41,32,31,22,30,28,28,24,20,21,14,21,21,23,20,18,13,23,18,25,11,18,26,20,13,14,13,23,21,16,9,15,27,20,28,15,19,15,30,9,26,23,19,19,18,31,22,29,27,18,23,35,24,35,31,25,31,26,35,26,36,29,32,33,30,35,29,49,39,26,38,38,35,45,44,43,42,38,38,42,39,57,42,39,55,49,52,36,38,32,58,46,49,63,56,72,63,61,60,71,76,75,64,76,68,73,79,72,67,81,75,92,83,69,80,78,74,106,76,95,81,83,90,95,94,0,1,0,1,0,0,1,0,0,0,1,1,1,0,0,1,1,0,2,1,1,0,0,0,1,0,0,0,1,2,1,0,0,0,0,0,1,1,1,1,2,1,1,2,1,1,0,0,2,0,1,0,1,1,2,3,1,0,0,0,1,0,1,0,1,1,2,0,1,0,3,0,1,0,0,0,1,1,1,3,2,1,1,2,2,1,1,3,2,0,1,2,2,3,0,1,0,0,2,3,1,1,1,1,2,2,1,1,2,3,3,3,0,6,4,0,2,7,2,3,2,3,1,6,3,3,3,1,1,11,2,1,5,4,9,3,9,7,6,8,14,6,9,7,8,11,8,9,9,8,15,13,9,7,16,13,8,10,12,16,10,11,12,14,14,10,16,14,16,13,10,8,7,10,18,15,13,10,9,9,10,14,10,6,9,11,5,7,9,10,13,4,5,5,5,6,8,9,15,9,9,11,6,9,5,5,5,13,4,9,10,10,7,10,13,8,8,12,16,11,12,7,14,10,14,14,16,9,6,13,10,18,12,13,11,11,9,11,11,10,14,12,12,19,16,19,7,18,16,12,24,14,13,19,17,14,E
[12:00:16.000] 5016000,31.843,20,3613,1,1,2,4,1,1,2,2,1,3,2,2,3,3,1,3,0,2,2,1,2,2,1,2,5,2,5,2,1,1,1,3,0,1,4,2,3,1,3,0,0,2,3,2,1,2,3,2,6,6,3,3,1,3,4,1,4,4,1,4,6,3,2,2,0,1,4,3,1,3,5,3,4,8,6,2,4,7,5,7,6,7,7,7,12,10,7,18,16,18,14,18,15,21,26,15,32,22,37,41,41,38,26,50,44,46,29,50,45,60,43,42,49,57,62,66,57,36,39,62,57,61,47,56,49,38,41,37,35,28,33,32,36,28,26,28,36,28,21,27,28,29,26,20,34,16,15,8,20,12,13,18,16,21,19,18,23,20,21,25,20,12,20,17,16,19,20,20,26,17,17,21,14,26,25,27,32,26,20,28,31,29,24,30,29,23,33,26,25,32,35,31,27,37,29,34,40,35,36,43,36,47,34,45,49,39,42,36,49,43,41,49,42,35,50,56,48,61,53,61,56,44,57,60,43,64,54,59,78,59,66,78,73,55,81,71,64,70,69,56,74,81,70,79,71,91,79,90,80,89,97,82,82,91,118,103,1,0,0,1,1,0,1,0,2,1,0,1,1,0,0,0,1,0,0,0,1,0,0,1,0,1,0,0,1,1,0,1,0,0,1,1,0,0,0,1,1,1,1,2,0,1,0,1,0,2,0,1,0,0,1,0,0,0,2,1,4,1,1,2,0,3,2,3,0,0,3,0,1,0,0,2,0,2,0,1,3,1,2,4,2,2,0,1,1,2,1,3,1,4,5,2,0,4,1,1,3,2,2,3,1,2,2,4,3,2,1,2,2,1,3,1,4,2,0,4,3,1,2,4,5,3,4,2,5,3,7,3,6,3,9,6,7,7,13,5,4,5,3,11,10,7,7,8,13,15,9,16,15,13,7,14,11,7,15,14,10,14,9,22,12,11,14,16,12,11,10,12,17,13,10,10,16,9,14,11,7,11,8,9,8,16,11,7,5,8,5,10,10,6,7,11,6,12,6,6,7,5,7,4,6,7,6,7,11,4,10,14,7,7,9,8,4,11,16,10,7,8,6,7,8,7,10,9,13,10,9,10,13,14,17,7,12,11,18,10,10,16,15,11,14,13,12,8,23,15,11,16,21,23,13,13,E
[12:00:18.000] 5018000,31.931,20,3582,0,0,0,1,0,3,1,1,2,2,1,0,1,1,3,1,0,2,2,3,2,1,0,0,1,2,1,3,1,4,2,0,2,3,2,1,1,0,1,2,1,1,4,3,1,0,3,3,2,0,4,10,1,2,1,3,5,7,3,4,2,0,3,1,1,1,6,4,2,2,5,5,3,7,5,3,5,7,3,5,7,6,11,5,8,10,13,8,15,15,16,13,18,18,16,28,25,33,25,31,31,29,37,33,44,60,61,51,37,46,56,49,59,54,52,50,54,49,48,53,63,53,56,54,46,53,38,35,43,32,33,47,38,24,30,29,24,28,23,20,25,25,21,15,25,16,17,16,16,23,19,12,8,22,17,13,19,10,17,19,25,23,19,16,23,20,20,20,22,24,19,16,26,17,23,23,21,20,20,25,19,31,22,19,35,22,26,27,28,31,37,36,33,33,33,35,26,39,43,29,36,34,39,35,36,32,43,42,51,51,44,39,34,49,44,47,48,47,65,48,47,48,64,50,52,65,45,52,74,66,69,78,49,67,76,78,83,67,74,71,87,74,68,85,106,81,73,83,93,94,98,99,89,83,101,89,0,0,0,1,0,1,2,1,0,0,1,0,0,0,0,1,0,1,1,0,0,2,0,0,2,1,0,1,1,2,0,1,1,0,1,0,0,2,0,0,1,0,0,0,1,0,1,1,0,1,1,0,1,0,1,1,2,1,1,5,2,0,1,2,0,1,2,0,1,3,0,2,1,0,3,2,1,0,2,0,1,1,1,2,2,1,1,1,0,1,2,2,6,2,3,2,2,1,3,1,2,2,0,1,0,3,3,1,3,0,3,0,6,1,2,0,3,2,2,2,5,0,3,5,5,0,1,7,3,6,8,7,9,2,6,6,7,6,7,7,6,3,11,8,8,12,8,8,11,8,10,18,11,10,15,19,16,13,24,13,14,16,17,17,17,11,21,15,7,19,9,9,11,6,12,12,13,13,8,13,8,9,9,7,9,13,11,8,7,13,4,6,5,3,9,5,12,7,7,5,9,4,11,5,13,9,4,9,6,7,5,6,7,8,9,9,10,10,8,10,6,13,10,8,5,11,9,8,6,10,9,17,10,8,6,11,7,11,12,13,9,9,15,16,17,15,21,18,9,12,17,17,19,17,13,7,E
[12:00:20.000] 5020000,31.971,20,3655,0,1,0,0,1,2,1,1,2,2,2,1,0,1,0,0,2,2,4,0,2,0,5,2,1,2,2,1,3,0,1,2,3,1,5,2,2,3,0,3,1,2,4,3,0,1,4,1,2,0,1,4,5,3,6,2,2,4,4,2,1,3,5,1,3,3,3,1,4,6,1,4,1,6,6,7,10,8,6,6,2,9,15,10,10,8,14,17,7,13,21,18,13,20,22,19,24,27,36,32,42,26,40,51,33,32,51,57,54,43,65,50,53,54,67,75,50,54,61,51,52,46,58,48,40,40,35,45,45,34,33,33,37,32,30,25,28,20,38,23,24,33,25,23,10,18,21,15,16,16,17,19,15,18,25,14,15,7,23,23,16,10,14,15,22,18,23,20,11,13,26,24,25,21,22,23,19,28,34,22,27,33,27,24,31,30,28,27,24,24,26,29,26,24,45,39,34,35,46,32,44,42,33,44,42,39,37,44,40,53,52,43,45,43,36,46,45,47,59,50,46,60,59,46,56,60,56,50,64,54,69,88,71,83,59,66,74,93,83,62,73,78,94,88,69,76,83,74,99,84,102,111,102,103,119,102,0,0,0,0,1,0,1,0,1,0,0,1,0,0,0,0,0,1,3,0,1,0,0,0,0,1,0,0,1,0,2,1,1,1,1,0,2,1,1,0,1,1,1,2,0,2,1,1,0,2,1,0,3,0,0,0,1,1,0,0,1,2,1,0,0,2,3,2,1,2,0,3,0,0,1,1,0,2,0,3,1,2,0,2,1,2,0,0,0,0,1,1,0,0,0,1,2,0,2,6,2,0,3,1,2,1,1,2,0,6,0,3,2,2,4,0,3,3,5,3,4,1,3,2,4,5,3,6,3,3,7,7,3,6,6,5,4,10,2,6,8,7,10,12,11,11,10,11,19,15,7,14,7,13,13,6,13,14,14,16,9,17,15,12,14,10,18,17,10,13,8,14,12,8,13,10,12,13,15,6,11,7,8,11,5,6,0,8,10,7,8,7,13,8,2,11,8,7,8,5,5,6,5,5,6,11,10,9,13,14,11,6,10,6,12,6,5,11,3,4,11,5,12,10,6,6,14,7,12,7,13,12,15,10,12,10,13,9,10,11,11,11,17,16,13,17,17,13,11,13,12,14,18,13,16,17,E
[12:00:22.000] 5022000,31.868,20,3592,0,0,0,1,1,0,3,1,2,2,0,2,0,1,2,2,0,0,3,2,3,2,3,2,0,1,2,4,1,2,2,1,0,2,1,3,3,6,0,1,3,4,1,1,1,0,2,0,1,1,4,5,2,1,2,2,2,0,3,4,4,4,3,3,5,0,2,5,6,2,2,2,6,2,5,3,4,5,4,7,3,5,7,10,7,11,7,13,11,17,18,22,20,16,22,24,31,35,26,21,35,29,34,33,46,39,43,59,49,39,45,46,49,58,60,61,60,56,43,48,51,45,60,43,58,60,41,43,38,40,35,38,38,39,37,24,24,26,24,24,23,18,22,22,16,18,12,20,12,17,22,17,14,16,13,15,17,22,22,26,27,24,20,21,20,20,14,14,24,19,24,12,24,34,19,30,36,27,21,30,24,24,24,28,28,28,31,28,25,36,38,25,28,32,35,23,42,36,31,35,39,46,36,32,36,41,37,42,41,41,35,48,38,50,51,37,33,54,56,35,50,58,42,60,59,50,56,67,57,60,80,67,72,65,67,68,55,63,80,95,79,65,85,75,75,65,86,98,97,91,110,92,108,109,108,115,0,0,1,1,0,0,0,2,0,0,1,1,1,2,0,1,0,1,0,1,0,0,1,0,0,1,0,2,2,0,2,0,2,4,1,3,1,0,0,2,0,1,2,1,0,1,0,0,1,0,1,0,0,0,0,1,0,2,0,3,1,0,2,0,1,0,0,0,1,2,1,3,2,0,0,0,0,2,4,1,0,1,0,0,1,3,1,1,4,3,0,1,0,2,1,3,4,0,2,0,0,0,2,1,2,2,0,3,1,4,3,4,3,1,2,2,2,2,4,1,5,6,3,5,3,5,3,3,9,3,7,6,7,8,6,4,9,5,9,3,10,9,11,5,7,13,15,12,8,18,16,9,9,19,13,14,15,21,14,19,16,8,14,14,17,12,15,13,11,15,11,10,22,11,13,9,14,14,9,7,14,10,18,7,15,7,11,8,15,10,8,8,14,5,11,9,5,4,8,7,7,7,4,5,6,4,12,12,8,9,8,12,14,13,12,10,10,11,7,9,14,5,10,6,12,10,8,7,9,5,10,11,14,16,17,15,15,6,10,16,14,12,12,16,14,13,14,16,10,16,13,12,8,12,13,11,E
[12:00:24.000] 5024000,31.968,20,3590,1,1,2,1,1,3,1,2,1,0,1,1,1,0,1,1,2,2,2,1,2,1,1,2,3,0,2,1,1,3,1,2,3,3,4,1,4,1,7,3,4,1,3,0,2,0,2,4,5,3,4,1,4,2,1,1,2,4,0,7,8,3,5,3,1,1,1,6,1,7,3,2,5,4,5,6,6,7,11,13,6,3,4,6,7,16,10,6,12,18,14,16,20,20,19,29,24,28,29,18,34,35,40,45,32,56,45,49,40,58,48,44,65,62,58,44,65,56,63,47,45,43,55,50,51,40,47,37,39,34,34,42,24,28,30,33,38,20,25,20,24,16,21,15,20,22,14,17,24,15,14,19,18,23,23,16,17,18,20,27,25,25,19,17,16,24,18,19,20,25,22,23,18,24,22,29,18,25,30,21,19,27,32,32,28,23,23,23,19,34,34,31,34,34,38,29,44,28,31,47,36,41,36,43,48,37,39,46,48,49,50,43,57,47,40,49,64,42,46,44,57,58,55,47,58,53,61,58,63,61,71,58,45,71,68,63,69,65,92,64,80,69,73,84,87,83,85,84,100,81,93,78,98,78,105,97,0,0,0,0,0,0,1,1,0,1,0,1,0,0,0,0,1,0,0,2,0,0,0,1,1,1,0,0,1,0,1,0,0,0,1,0,0,3,0,0,1,3,0,0,0,0,1,2,0,0,0,2,1,3,0,1,1,0,0,0,4,2,2,1,2,2,2,1,0,1,3,3,1,0,0,3,1,0,0,1,1,3,1,1,4,2,0,0,0,1,1,1,1,4,1,0,0,1,0,4,1,1,1,1,0,0,0,2,0,3,1,3,3,2,2,2,0,0,2,1,6,3,3,2,9,1,7,3,2,4,8,2,7,3,9,9,10,6,10,13,5,10,9,11,13,16,8,12,10,9,7,9,7,14,13,17,8,7,12,16,15,13,19,15,15,8,16,15,16,12,14,13,7,11,12,14,10,11,12,8,12,13,7,13,13,7,8,9,5,8,7,8,2,3,8,12,10,9,7,9,8,9,5,9,8,4,5,10,15,3,6,8,7,10,14,7,5,14,9,13,9,9,7,9,9,9,4,11,9,11,15,12,7,16,4,7,12,11,11,11,13,11,14,18,9,11,10,12,18,9,12,21,17,14,16,12,E
[12:00:26.000] 5026000,31.961,20,3621,1,0,0,2,2,0,1,2,1,1,3,2,2,2,1,0,2,2,2,0,3,1,4,1,1,0,3,1,1,1,3,1,3,1,0,0,0,1,2,2,1,2,3,1,4,3,1,3,2,3,5,2,2,2,2,4,2,4,3,4,2,1,3,3,7,4,3,3,2,3,3,8,7,6,5,4,8,5,2,5,8,8,8,6,9,7,18,8,8,15,13,23,17,9,21,22,26,25,32,37,30,42,30,41,44,42,56,62,47,49,64,54,53,47,57,62,57,50,44,42,55,44,49,52,44,44,44,46,34,46,34,40,43,36,37,36,29,35,20,19,28,18,21,23,17,10,16,20,18,16,21,15,20,10,18,18,17,16,18,25,22,16,22,22,17,26,19,18,18,26,15,22,28,26,29,16,24,21,25,27,28,25,30,28,23,28,28,32,27,23,28,27,37,41,38,27,35,44,26,30,32,44,43,47,39,36,43,45,31,43,50,45,48,52,44,38,54,43,50,49,56,61,47,59,64,56,54,57,70,55,70,63,83,53,82,71,94,74,67,59,61,71,80,77,71,96,76,93,74,91,106,76,107,94,93,113,0,0,1,0,0,0,0,0,0,1,0,1,0,1,1,1,0,1,0,0,0,1,0,0,0,1,1,0,0,1,0,1,1,0,0,0,1,1,1,0,0,2,0,0,0,0,0,0,0,1,0,2,1,2,1,0,1,0,1,1,1,1,1,1,3,0,0,1,2,2,3,0,0,2,1,1,1,1,3,0,0,0,0,0,2,2,4,0,2,1,0,2,1,4,3,2,2,1,1,0,1,0,1,0,3,2,1,4,3,3,1,2,3,4,6,1,4,1,2,6,4,3,3,4,4,4,3,3,5,1,3,5,2,5,6,5,11,7,3,6,6,5,12,8,9,9,7,4,18,17,15,10,11,18,12,13,10,14,11,14,12,16,11,14,12,14,15,18,10,12,13,13,13,12,12,10,8,13,10,10,19,6,11,8,8,13,8,10,10,11,5,8,5,7,5,5,5,16,8,5,12,10,6,12,7,8,17,11,10,8,6,9,6,6,6,11,7,7,7,9,9,14,6,9,15,7,8,9,12,14,11,13,8,10,8,12,6,10,14,12,12,16,9,13,10,16,7,19,11,12,14,22,6,19,16,16,E
[12:00:28.000] 5028000,31.818,20,3629,0,2,0,1,5,0,1,0,0,1,1,2,0,0,1,1,1,1,2,1,0,2,1,2,1,0,1,2,1,3,1,1,2,4,1,2,3,1,1,5,2,5,3,2,3,4,0,3,2,2,3,1,1,0,1,2,1,2,0,8,1,1,1,2,5,2,3,2,5,4,7,3,3,1,7,6,3,6,7,4,4,4,8,4,8,9,15,9,13,15,11,16,17,23,23,20,25,20,27,30,38,36,33,37,38,36,54,37,50,47,62,60,62,53,64,59,49,79,51,55,58,47,63,60,59,53,42,34,42,37,38,30,44,25,25,35,25,21,17,27,26,20,28,18,13,20,15,18,15,16,23,24,18,14,20,23,13,13,24,16,6,21,10,18,23,24,15,21,17,20,24,20,27,17,16,26,28,29,36,23,28,20,37,31,34,25,22,38,43,22,40,37,32,33,28,40,32,38,40,30,37,44,30,29,40,30,45,45,47,49,37,45,45,46,46,47,53,50,62,61,54,53,52,57,49,63,57,56,52,50,67,67,77,63,54,70,81,68,67,90,68,98,76,69,81,74,94,83,97,94,91,93,98,108,113,108,0,0,2,0,0,1,0,0,0,1,0,0,0,0,0,1,0,0,0,0,1,1,0,0,1,1,1,0,1,0,1,1,0,0,0,0,0,0,1,0,0,0,1,0,1,0,3,1,1,2,2,2,1,0,2,2,2,1,3,2,2,2,0,1,0,1,1,0,1,1,3,1,1,1,1,2,1,2,0,2,1,1,4,3,0,1,1,3,1,0,2,3,2,2,1,4,1,0,1,0,3,3,2,3,2,1,4,0,2,2,0,0,1,4,1,2,2,1,2,3,4,2,7,5,5,7,7,0,3,3,6,7,9,7,5,7,9,6,10,9,9,7,6,10,9,9,13,12,4,9,17,17,10,9,7,20,17,18,13,12,17,13,14,16,13,15,20,13,16,13,11,12,14,6,12,9,12,13,10,9,9,6,11,9,8,8,8,9,9,12,5,10,2,3,10,11,12,6,10,9,10,5,6,10,5,7,11,8,7,8,3,8,5,5,14,10,7,10,5,20,19,7,12,8,11,10,14,7,8,7,13,14,10,13,12,14,10,17,16,9,14,16,11,15,14,13,12,11,12,13,22,10,14,26,12,17,E
[12:00:30.000] 5030000,31.766,20,3714,0,0,1,0,0,1,1,3,0,0,0,2,0,2,3,1,5,0,1,2,0,1,0,1,4,3,0,0,1,1,3,3,3,3,2,1,3,5,2,1,1,2,4,2,3,2,3,3,2,2,2,6,4,1,3,2,4,3,5,2,3,2,4,4,5,5,2,2,2,5,2,6,1,3,2,6,2,3,8,4,5,8,5,13,10,11,8,17,16,13,7,20,25,26,32,17,24,24,21,33,33,43,28,41,44,36,41,46,45,66,60,51,62,58,53,60,54,65,50,63,54,45,63,60,46,51,39,47,42,38,31,32,37,34,30,33,37,32,23,31,26,22,25,19,22,15,28,16,20,16,18,15,21,21,16,23,17,25,21,16,16,16,26,22,34,20,22,29,16,17,23,28,20,27,20,27,21,28,22,30,33,33,31,16,19,34,34,41,28,31,31,36,39,23,23,30,33,38,41,46,25,43,32,44,36,35,46,38,43,61,48,42,57,40,55,45,49,61,57,59,57,50,49,49,44,56,60,63,64,63,60,59,53,70,63,70,79,74,78,69,94,75,81,89,75,80,78,87,83,89,103,92,89,101,106,101,0,0,0,0,0,0,0,0,0,0,0,0,3,0,1,0,1,3,0,1,0,0,0,0,2,1,0,0,1,0,4,2,0,0,0,1,2,0,1,2,1,1,2,1,1,0,2,0,3,0,1,1,1,0,1,0,1,2,0,2,1,0,0,1,0,1,3,0,0,0,1,1,1,0,2,1,2,0,1,0,2,1,2,0,3,0,3,2,0,0,3,0,2,0,1,2,1,3,0,3,0,3,2,1,2,0,4,2,5,4,1,5,2,1,2,2,4,3,1,3,2,3,5,3,5,5,5,6,6,2,2,3,3,4,6,7,15,10,12,3,12,12,11,9,15,8,13,6,13,12,6,14,10,5,13,10,11,21,9,11,14,12,9,18,15,11,13,14,15,15,15,13,10,12,11,19,9,16,10,9,12,8,7,10,11,7,11,11,8,6,5,7,11,6,3,5,16,6,12,7,5,9,9,6,7,10,9,12,10,6,4,8,11,6,9,9,5,4,10,13,9,9,9,13,8,10,10,4,16,12,13,10,7,10,11,22,12,16,11,6,14,16,15,13,11,11,16,14,19,14,16,14,18,18,12,13,E
[12:00:32.000] 5032000,31.773,20,3654,1,2,0,0,0,2,1,0,3,1,2,2,1,1,3,1,0,2,3,2,3,1,2,5,0,2,1,3,0,2,3,1,2,2,3,2,1,2,1,1,1,3,1,0,2,3,3,3,4,1,2,4,1,3,2,2,4,2,6,2,3,2,5,3,1,8,3,6,2,3,2,6,4,7,6,2,4,6,5,4,6,7,8,4,11,11,11,16,6,16,13,19,12,18,14,18,24,23,34,26,29,38,43,35,46,43,46,38,56,39,40,60,54,65,57,45,62,72,64,52,52,61,60,53,51,52,40,32,45,37,47,35,33,31,33,26,17,24,25,23,23,19,15,17,15,10,19,15,17,25,17,9,23,20,13,7,17,23,17,17,21,15,18,26,32,13,25,26,22,27,20,20,19,22,25,26,12,28,25,23,33,27,30,23,24,19,25,21,36,20,30,30,32,33,37,44,24,29,35,24,39,29,45,43,39,33,50,38,47,48,40,56,50,43,58,46,49,51,55,57,54,54,46,59,63,56,63,69,70,66,56,70,71,55,82,68,69,81,78,88,66,82,79,92,76,96,101,65,103,74,91,87,122,117,115,114,0,1,1,0,0,1,1,0,0,2,0,0,1,0,0,1,1,1,2,0,0,0,1,1,2,0,2,2,0,0,0,2,1,0,1,0,0,1,0,3,1,0,0,0,2,0,0,1,0,3,2,0,0,0,3,0,1,1,0,2,0,1,1,0,1,0,1,0,4,1,3,0,1,1,2,1,1,2,2,1,3,2,2,0,0,0,0,2,0,1,0,1,2,0,1,2,1,2,0,4,5,0,2,1,2,1,4,1,1,1,1,4,0,1,0,2,2,0,3,4,3,4,5,2,3,4,3,6,6,3,6,9,12,6,5,7,8,10,6,7,11,9,13,11,9,10,11,15,11,15,19,17,12,18,15,9,16,15,8,18,9,18,19,13,21,8,18,13,9,9,20,17,12,13,15,9,11,7,9,8,13,8,9,6,11,16,5,17,8,2,5,15,7,8,5,12,8,7,7,6,12,8,8,10,9,10,3,9,12,7,6,14,4,8,8,7,6,6,7,6,10,4,10,13,11,7,11,10,13,12,8,23,20,15,15,14,13,10,10,16,11,7,18,17,9,16,6,15,14,16,14,19,13,17,17,13,E
[12:00:34.000] 5034000,31.826,20,3723,3,1,0,0,0,0,6,0,2,1,0,2,1,2,5,2,0,0,0,1,1,0,2,1,1,1,0,2,3,2,0,1,3,1,4,2,4,3,3,3,4,0,1,6,3,1,2,4,0,3,3,2,1,3,4,1,4,3,3,4,0,1,2,5,3,5,3,4,5,2,3,3,10,6,4,2,3,9,6,10,5,4,8,7,6,13,17,11,19,15,12,16,14,24,20,25,31,19,40,26,35,40,33,43,38,42,45,54,47,45,47,40,48,60,54,67,60,61,56,63,54,56,39,39,48,48,48,46,41,41,36,38,34,25,34,30,26,36,30,21,26,18,20,20,14,17,16,11,13,25,19,19,16,14,13,14,16,18,20,21,17,17,23,21,17,23,18,15,23,25,14,23,18,25,33,23,21,26,21,30,36,32,21,33,28,30,27,39,27,28,31,36,38,22,38,34,34,34,35,33,39,42,36,30,32,39,40,43,43,35,42,55,53,61,42,61,56,53,59,52,62,69,54,59,76,69,67,61,70,65,66,66,76,64,76,78,83,90,64,82,83,62,71,86,80,84,95,91,96,92,101,87,96,104,98,99,0,1,0,0,0,1,0,1,1,1,1,0,0,1,0,0,1,0,2,0,0,0,0,0,0,0,0,1,2,0,2,0,2,0,1,0,1,0,1,2,0,1,1,0,0,1,1,2,3,0,1,1,0,0,1,2,0,0,0,3,0,1,0,1,0,2,1,1,2,0,1,0,1,1,4,4,2,0,0,1,0,1,0,3,0,3,5,0,0,0,0,0,2,2,0,3,2,2,2,1,1,1,3,2,2,3,3,2,3,5,4,1,3,1,1,5,2,1,3,3,1,3,3,1,2,3,2,1,2,5,3,3,7,8,10,5,3,14,3,13,9,10,14,8,10,8,9,11,15,11,13,15,11,17,15,10,15,15,12,6,15,19,17,11,15,10,9,11,12,12,14,20,13,9,9,14,11,12,11,12,12,12,7,7,15,10,9,10,10,12,15,9,11,8,7,5,10,8,8,2,7,8,5,6,6,3,9,8,8,6,3,7,7,7,13,5,6,3,10,5,7,13,13,5,14,7,12,7,7,9,10,9,12,17,12,8,16,6,14,8,16,9,15,8,11,20,13,12,11,16,16,12,16,16,18,15,E
[12:00:36.000] 5036000,31.811,20,3668,1,0,1,0,1,2,2,1,0,1,1,2,1,2,2,2,0,2,1,1,2,4,1,0,1,2,1,1,2,1,1,4,1,2,3,1,3,4,1,2,3,1,4,3,3,3,1,5,4,2,1,2,3,2,5,1,3,1,0,2,2,3,4,4,1,4,4,5,3,2,5,3,3,7,7,2,7,5,8,5,9,5,10,8,8,11,7,14,7,9,14,16,11,14,21,19,29,23,33,27,35,36,42,34,43,28,58,52,49,51,52,49,48,43,56,45,57,57,45,54,64,63,42,50,43,41,47,47,35,43,43,38,40,32,24,35,33,34,20,19,23,19,26,24,16,16,12,22,13,14,17,16,15,16,22,23,20,24,16,29,23,17,29,23,17,17,24,13,23,23,29,16,11,13,24,23,28,24,26,24,31,30,19,33,24,21,34,29,25,38,36,31,37,34,29,30,36,43,25,24,39,35,29,49,45,35,45,43,44,41,40,43,44,41,58,63,53,43,50,45,45,46,61,74,49,61,58,65,59,64,70,62,66,71,56,66,69,80,73,74,98,90,89,76,95,78,94,86,94,89,89,105,102,102,120,120,1,0,0,1,0,0,0,0,0,0,0,0,0,1,1,1,2,0,1,0,1,1,1,0,0,1,0,1,0,1,0,1,0,1,2,1,0,1,0,0,0,0,0,2,1,0,2,2,1,2,0,2,0,1,0,0,2,2,0,0,0,0,1,2,1,1,2,3,0,3,1,2,0,1,1,2,2,1,1,2,1,1,0,1,1,0,0,1,2,3,1,3,2,3,2,2,0,2,1,3,0,4,3,3,1,1,5,2,1,1,1,1,2,1,2,3,3,8,8,2,6,6,6,4,4,3,3,3,4,0,1,3,6,5,3,5,6,10,8,7,6,3,4,8,10,12,10,9,13,8,8,12,14,8,10,11,9,13,7,10,15,12,14,14,14,18,12,8,12,10,6,11,9,13,11,10,9,11,15,8,8,12,3,6,9,8,11,10,11,9,9,4,6,8,9,5,13,9,11,7,6,9,3,8,6,10,6,3,4,13,8,11,8,4,5,9,7,7,6,11,12,9,8,13,11,10,8,15,13,11,15,12,11,14,16,18,14,13,8,13,7,14,5,12,17,15,19,9,12,17,13,13,4,14,11,17,E
[12:00:38.000] 5038000,31.649,20,3586,1,0,1,2,2,1,2,3,1,0,3,2,2,1,1,3,2,1,0,1,2,5,1,1,1,4,2,1,3,0,0,2,3,2,6,1,4,1,1,5,2,1,1,2,1,2,2,4,3,1,1,1,1,2,6,6,1,3,1,0,1,3,4,1,3,2,3,1,3,4,2,2,4,6,1,6,2,2,6,8,8,5,12,9,6,6,12,14,11,18,13,13,18,17,24,20,18,32,31,34,30,34,36,32,40,52,48,43,48,49,39,38,48,57,67,56,49,59,62,66,61,53,41,39,34,49,53,44,44,37,35,37,41,26,28,38,23,29,24,14,31,19,15,14,24,12,13,19,14,16,13,12,16,18,19,20,18,18,12,11,14,20,19,26,23,16,21,19,27,19,18,23,27,23,31,31,26,20,28,31,32,40,21,19,32,34,27,29,28,30,27,30,29,29,38,37,35,34,32,39,28,37,35,32,36,41,30,44,50,48,48,59,56,45,49,52,46,55,63,51,63,47,72,54,64,53,51,55,55,52,63,73,70,79,62,70,59,62,72,82,80,87,76,88,82,80,79,81,93,109,80,104,90,99,85,92,1,0,0,1,0,1,0,0,1,2,0,1,0,0,0,2,1,1,0,0,3,0,0,0,1,0,0,1,1,1,0,1,0,2,0,0,0,0,2,1,2,1,0,1,0,0,0,0,0,0,1,4,0,3,0,0,1,1,2,1,2,0,1,1,0,1,0,2,0,0,0,2,0,2,1,0,2,2,3,0,1,2,4,1,2,3,0,2,2,5,0,1,1,3,1,2,1,1,1,2,1,1,2,2,1,1,4,2,0,1,2,1,1,0,2,2,2,1,3,4,2,4,0,4,6,3,4,6,2,5,3,3,5,6,6,3,12,5,3,11,11,8,16,15,13,6,12,11,14,12,14,13,7,9,8,13,11,24,17,12,14,14,12,11,26,10,4,19,10,17,15,11,9,14,14,14,8,15,13,12,8,12,7,9,5,11,14,8,8,11,12,7,8,4,15,7,10,4,6,12,8,10,8,10,5,8,9,8,7,8,5,9,8,11,5,6,5,10,4,10,7,7,7,7,7,15,7,10,8,7,8,16,11,10,8,12,16,7,7,8,16,15,10,10,21,10,19,10,13,15,7,17,14,15,14,11,E
[12:00:40.000] 5040000,31.664,20,3653,1,1,0,1,0,3,2,1,2,1,4,0,2,1,2,1,1,2,1,2,1,2,0,3,3,2,3,3,1,2,0,1,1,1,2,0,2,0,2,5,2,2,2,1,5,2,1,3,0,3,0,1,3,3,7,5,5,2,4,7,1,8,1,1,7,6,1,6,4,1,5,2,5,7,5,0,11,5,9,3,7,3,8,10,4,6,15,9,9,16,18,14,20,11,28,23,26,17,29,35,35,45,38,39,38,39,44,36,52,40,42,54,63,62,55,60,56,59,47,47,67,44,51,43,49,51,51,44,43,38,36,45,43,37,42,30,34,24,27,23,25,19,21,15,18,27,13,20,26,18,19,20,15,23,17,22,23,13,12,21,17,18,14,14,26,12,19,23,28,25,24,16,24,29,35,19,21,35,29,21,17,29,25,35,32,19,38,24,31,38,41,31,30,33,25,27,50,41,35,35,46,34,41,39,37,28,42,39,43,41,42,43,42,48,50,54,64,51,39,50,53,57,53,60,56,53,60,59,73,56,75,55,76,69,73,65,64,71,72,69,76,82,77,75,77,86,79,89,92,96,90,93,109,110,110,91,1,0,0,0,0,1,0,1,1,0,1,1,0,1,0,0,0,0,1,0,3,1,1,0,0,0,2,2,1,0,0,1,0,1,1,1,0,1,1,0,2,2,1,1,1,0,1,1,1,0,1,1,0,0,0,1,0,0,1,0,4,0,0,1,1,1,2,1,3,0,0,1,0,2,1,1,1,1,2,2,3,1,0,1,0,1,2,1,2,0,2,0,1,3,0,2,2,2,3,0,2,1,1,0,2,2,2,2,2,2,0,5,1,1,3,8,3,6,0,4,3,3,2,2,2,1,4,6,6,4,5,3,6,9,5,5,6,3,8,9,7,11,10,10,11,8,12,11,10,15,15,12,12,8,10,12,14,6,14,17,14,12,11,14,16,9,13,10,15,13,7,20,7,12,10,14,16,10,14,10,10,10,13,14,13,6,14,8,8,8,5,9,7,9,13,9,10,8,6,4,7,6,6,8,3,6,9,7,7,11,13,7,5,7,13,4,11,7,8,8,5,10,9,3,6,20,10,14,12,3,5,12,10,12,8,9,11,13,13,14,18,10,10,14,7,21,13,13,12,15,14,20,10,17,13,19,E
[12:00:42.000] 5042000,31.553,20,3587,0,3,0,1,0,1,0,0,0,1,5,1,1,3,1,1,0,3,3,0,3,1,2,1,1,4,2,0,0,2,1,1,1,0,1,0,0,1,2,2,0,1,1,1,2,1,0,2,4,5,9,2,3,1,4,3,6,4,4,0,1,1,1,5,4,6,3,6,4,4,6,3,6,3,2,4,7,8,4,5,3,3,13,7,7,10,9,12,13,16,20,12,22,21,23,21,24,27,17,36,38,33,27,50,37,44,58,39,45,62,59,62,51,49,54,59,44,65,70,59,63,46,50,53,53,29,43,33,47,26,30,44,37,27,24,18,30,23,17,17,16,24,19,24,18,17,21,24,16,11,13,17,22,17,18,21,15,11,18,20,21,18,20,20,24,23,22,26,22,13,23,30,25,20,35,22,14,21,13,26,19,30,32,32,25,33,34,31,33,28,35,35,28,34,40,40,38,43,40,37,41,49,43,44,37,35,43,34,30,46,48,34,47,59,44,37,48,53,40,55,51,45,53,57,67,64,53,50,71,48,74,66,60,53,53,64,72,75,75,80,68,88,67,80,90,90,78,82,81,91,81,91,101,94,100,97,0,0,1,1,0,0,0,0,0,2,1,2,1,0,1,0,0,0,0,0,0,3,0,0,1,0,1,0,0,0,0,2,0,0,2,1,1,2,0,0,0,0,0,1,1,0,0,1,0,0,0,2,0,0,1,1,0,2,3,2,1,3,1,2,2,1,0,1,2,2,0,0,1,1,6,2,1,0,2,0,1,2,0,0,1,3,1,3,0,2,1,0,3,2,1,3,4,3,1,2,2,2,4,2,1,2,0,5,5,0,2,2,3,1,2,0,5,4,3,6,2,5,3,3,3,0,3,9,3,3,3,4,9,7,6,4,6,8,11,5,10,8,10,7,5,17,10,14,13,19,7,11,13,17,11,16,13,16,13,13,14,11,8,9,12,12,7,15,14,10,9,11,16,11,15,10,14,11,12,4,7,15,10,4,10,6,7,10,7,8,9,10,7,5,4,15,11,7,8,5,9,6,10,6,7,3,6,5,9,6,13,8,5,5,8,14,6,5,6,8,11,9,14,13,9,11,8,9,8,9,15,12,10,12,3,8,8,7,10,8,12,7,11,13,18,20,18,17,17,19,22,13,13,17,12,17,E
[12:00:44.000] 5044000,31.500,20,3628,0,0,3,0,1,1,0,3,1,0,2,1,0,2,0,2,2,1,0,1,1,2,2,1,0,2,2,2,3,3,0,2,2,3,1,1,5,0,3,1,2,2,1,0,0,1,3,5,3,0,2,4,0,1,5,4,1,0,1,3,2,3,3,4,1,2,7,3,8,4,6,4,5,2,4,8,2,6,12,4,8,9,7,6,11,13,8,11,15,16,16,11,19,13,23,31,25,24,27,33,24,37,37,43,41,33,55,48,50,68,57,46,35,41,58,65,53,57,60,49,54,59,50,50,43,49,37,52,41,42,43,33,21,41,25,35,21,25,23,19,24,25,20,18,14,14,18,10,16,25,16,15,14,17,21,17,14,18,19,17,16,12,16,23,20,17,18,22,28,29,22,21,12,18,24,17,22,30,25,24,30,25,24,33,28,23,33,25,33,32,37,35,38,40,25,28,31,35,40,39,38,34,43,47,45,46,49,38,52,38,51,49,50,39,47,47,38,44,58,56,56,48,54,47,57,55,65,63,68,59,65,65,61,92,64,67,67,92,79,82,56,91,76,87,76,94,87,76,86,98,87,97,100,107,101,110,1,2,0,0,0,0,0,0,1,1,0,1,0,1,2,1,1,1,1,1,0,1,0,0,2,1,0,1,0,0,0,0,1,1,2,0,1,0,1,0,1,0,1,3,2,1,0,1,1,0,0,0,0,5,0,0,2,1,0,1,2,0,1,1,0,0,1,1,2,2,1,2,1,1,2,3,1,2,0,1,2,1,2,1,0,0,2,1,0,3,0,1,2,2,1,0,1,3,1,0,1,0,1,2,3,1,0,3,2,2,2,4,4,2,2,5,5,3,2,2,8,6,1,2,3,3,2,8,2,5,2,7,8,6,9,1,9,8,5,8,5,8,7,8,8,9,9,14,11,11,8,8,16,13,14,16,19,15,12,12,18,18,11,18,10,14,11,13,10,15,9,15,14,15,13,12,7,5,10,10,7,8,8,7,10,10,15,6,15,8,8,7,6,6,7,6,9,11,7,5,7,6,7,8,6,6,11,8,12,6,3,7,10,6,7,8,5,11,8,13,11,11,6,13,11,12,15,10,10,12,8,7,13,13,10,9,7,4,8,14,17,14,10,17,19,12,10,11,11,15,18,16,15,17,17,22,E
[12:00:46.000] 5046000,31.470,20,3615,1,0,0,1,0,1,0,2,1,2,1,1,0,0,3,3,2,0,1,3,3,1,1,3,3,2,1,1,1,0,5,2,2,4,2,2,1,3,3,0,1,2,2,0,2,0,2,4,2,1,5,2,2,7,1,4,1,4,6,3,0,7,4,2,0,1,7,1,1,2,3,5,4,5,6,5,5,8,3,6,8,10,6,2,10,9,12,8,18,11,9,21,11,16,22,26,22,35,26,32,36,17,36,40,46,38,43,49,55,53,58,50,53,59,60,54,59,57,57,42,58,52,52,43,36,40,42,41,50,42,40,31,22,26,35,33,16,20,29,25,14,19,12,22,21,22,22,12,16,10,8,16,15,24,15,19,10,21,21,15,14,9,17,24,21,25,13,22,22,25,23,31,19,18,22,26,29,26,18,25,33,18,24,32,24,31,25,26,24,40,35,37,35,24,31,37,39,35,36,34,44,33,32,38,37,44,49,37,40,45,45,41,35,45,44,59,54,57,58,58,56,52,60,70,55,57,42,52,74,72,90,64,60,61,59,65,74,87,89,67,81,81,77,77,81,87,99,95,89,86,90,97,110,108,83,89,1,1,0,0,1,0,0,1,1,2,0,2,2,0,1,1,0,0,1,0,0,0,1,0,0,0,0,0,1,0,0,1,2,0,2,1,0,1,1,1,0,1,1,2,1,0,0,0,2,0,0,0,1,1,1,0,2,0,3,3,3,0,0,3,2,0,2,1,2,0,2,1,2,0,0,0,0,2,3,1,1,1,0,1,1,1,1,1,2,1,2,3,1,2,1,1,1,2,1,2,1,0,3,1,3,2,2,3,1,1,4,3,4,3,3,1,2,0,4,5,3,3,1,5,1,3,6,4,7,8,9,5,4,7,7,8,4,7,6,10,5,9,12,9,8,11,11,5,6,16,13,13,16,8,12,16,14,16,11,12,15,15,17,13,15,19,13,23,13,7,12,9,20,9,17,9,9,9,11,10,12,12,14,6,10,16,11,7,13,4,9,8,5,10,6,8,7,7,6,10,7,7,3,14,9,9,10,7,5,8,6,9,9,12,6,9,6,6,5,4,4,10,12,7,7,16,12,7,7,11,15,7,14,6,8,9,13,15,17,15,19,13,10,7,13,10,10,8,13,14,8,15,14,15,11,10,E
[12:00:48.000] 5048000,31.459,20,3538,3,2,2,3,0,0,1,1,3,1,2,2,4,0,3,2,3,1,5,2,0,1,0,2,2,0,0,1,1,1,3,1,3,1,2,1,2,1,0,4,1,2,3,1,4,1,5,1,3,1,4,4,5,1,1,3,2,0,5,3,5,4,5,3,1,2,5,4,3,2,1,4,7,7,7,3,2,7,6,4,5,7,9,5,8,12,10,17,6,11,13,12,14,20,23,27,22,22,30,37,42,45,37,35,41,46,48,51,40,52,42,65,47,51,54,53,59,41,50,50,48,44,40,39,49,36,48,43,31,30,32,42,28,43,25,32,32,27,21,25,22,20,19,15,22,18,21,15,16,14,17,22,13,20,17,7,11,26,11,19,18,21,19,18,16,16,17,18,19,24,20,20,18,26,19,20,20,22,25,29,21,32,27,20,36,27,25,43,21,30,25,28,37,29,30,35,31,30,35,30,53,37,40,47,44,44,36,44,49,47,34,48,43,52,46,37,41,47,49,48,47,45,68,61,53,47,49,62,52,67,66,68,60,72,71,73,70,78,75,74,77,69,81,75,84,88,94,82,80,100,89,89,104,101,94,91,2,0,2,1,0,0,0,0,2,0,0,0,1,1,2,0,0,0,0,0,1,0,0,1,0,1,0,1,0,1,0,0,0,0,0,0,1,1,0,0,0,0,0,1,0,1,2,0,3,1,0,0,1,1,1,2,2,0,3,0,0,1,0,2,1,0,1,0,1,1,3,2,0,1,0,0,2,1,1,2,2,2,3,0,1,2,3,1,0,0,2,0,1,0,4,0,0,2,0,1,1,1,3,2,0,3,2,0,2,0,4,3,1,2,2,4,2,3,3,2,4,4,2,3,1,1,2,10,3,5,5,6,10,3,7,4,9,6,6,10,8,6,6,12,3,7,5,13,8,12,9,10,14,6,27,6,15,8,16,9,8,12,13,12,12,13,14,16,10,13,13,10,10,15,11,4,11,10,12,9,9,17,10,5,14,8,7,7,8,8,2,11,12,7,8,8,8,7,3,7,13,5,9,7,12,8,5,6,9,7,9,5,10,8,7,10,6,6,6,9,5,8,9,10,12,9,11,10,11,12,7,13,10,10,15,13,15,12,13,8,14,15,12,16,13,9,11,14,14,13,7,10,15,18,16,16,E
[12:00:50.000] 5050000,31.435,20,3526,1,1,0,1,0,3,3,0,0,2,1,0,2,1,4,0,3,5,1,2,1,1,3,3,1,1,2,1,1,4,2,1,3,2,4,2,0,1,1,3,2,0,3,1,1,2,2,1,3,0,0,2,2,6,1,1,3,0,1,3,2,3,3,2,3,3,6,5,3,3,5,4,5,5,2,3,4,4,7,5,10,2,9,7,14,12,13,11,12,9,18,16,23,18,31,24,25,24,21,28,31,38,45,40,38,44,44,44,47,55,47,63,58,53,70,54,49,52,42,46,52,47,40,50,37,45,35,38,44,37,40,35,29,43,28,30,17,23,20,30,22,22,19,20,14,22,16,18,22,11,25,13,10,16,14,18,14,20,17,13,21,24,18,23,16,14,19,13,15,24,25,19,25,22,27,18,30,29,32,22,18,26,28,26,24,28,27,22,36,27,40,34,23,32,35,29,31,43,37,35,29,51,39,37,43,42,46,35,32,39,40,54,42,51,35,58,36,56,43,45,64,51,53,58,56,56,66,56,71,58,51,57,65,69,68,65,59,78,80,81,95,82,63,69,83,86,89,78,80,98,90,94,80,98,86,103,0,1,0,0,0,0,0,0,1,2,2,0,1,0,2,0,1,0,0,0,0,1,1,1,1,1,1,0,1,0,1,1,0,0,0,2,1,1,0,0,1,2,1,1,1,1,1,0,1,1,0,0,3,2,4,0,0,1,0,1,1,0,1,1,1,0,1,1,0,2,2,1,2,1,0,1,1,1,2,2,1,3,1,0,3,1,0,2,1,1,0,1,1,1,0,3,2,0,0,1,3,1,1,0,1,3,2,3,4,2,3,0,3,3,1,2,5,2,4,0,1,2,2,1,4,6,4,4,4,5,5,3,8,10,4,8,3,9,8,7,3,10,5,9,12,10,4,8,11,13,12,14,9,14,17,8,10,6,11,12,16,25,14,19,12,13,9,13,9,10,10,16,19,10,13,9,10,9,11,11,10,7,8,8,12,8,9,5,6,8,8,9,11,13,6,7,3,8,10,8,4,7,15,6,4,7,10,5,6,7,3,8,11,10,7,12,9,11,11,9,8,10,14,15,10,12,6,11,12,10,9,8,9,8,14,14,12,4,15,8,16,9,10,15,13,13,16,16,21,11,16,14,11,12,16,15,E
[12:00:52.000] 5052000,31.306,20,3468,0,3,0,0,1,1,4,2,0,0,1,0,1,1,3,0,2,1,2,2,1,1,2,1,1,1,3,3,4,3,2,1,0,2,1,6,4,1,3,1,3,2,1,1,2,2,1,2,1,0,4,1,7,2,3,0,3,2,1,3,5,3,2,3,9,7,1,3,2,7,2,4,3,3,5,4,8,10,4,9,3,8,2,2,9,10,8,9,15,11,19,11,15,14,18,17,25,31,27,31,29,33,33,33,37,36,46,46,51,34,49,51,52,70,77,55,54,54,35,59,45,50,57,39,63,44,46,37,46,36,32,26,40,27,28,34,23,23,23,20,25,17,16,15,23,13,18,11,14,13,14,8,20,14,14,18,24,20,15,18,17,19,19,21,18,15,23,24,17,15,19,20,16,27,19,21,26,22,25,26,28,15,25,21,21,24,35,27,28,28,28,32,35,22,29,36,29,53,30,42,39,37,45,38,44,36,40,35,30,46,48,50,49,40,52,42,46,55,49,55,50,41,56,55,56,52,70,43,52,74,53,81,70,71,59,69,60,61,63,68,82,78,68,87,88,83,80,95,86,90,66,83,98,79,84,96,0,1,1,1,3,0,0,3,1,1,0,0,0,0,1,1,0,0,0,2,1,1,0,1,2,1,1,1,0,0,0,0,0,1,0,0,2,0,0,0,1,0,1,0,3,0,2,2,0,1,1,0,1,1,1,0,0,0,1,0,4,2,1,0,1,0,4,1,0,2,2,0,0,1,1,1,0,0,1,0,2,1,0,0,2,0,0,2,1,2,2,1,0,6,4,1,2,2,2,1,1,1,2,2,0,3,2,3,0,4,1,2,4,3,1,0,1,0,2,5,4,4,0,4,2,5,2,1,4,5,0,2,6,6,7,6,8,10,7,7,8,6,8,16,9,3,10,3,8,11,12,7,9,13,14,11,14,15,16,17,10,11,21,9,11,11,9,15,13,7,16,14,21,10,12,14,11,8,15,10,7,12,10,8,7,8,7,8,13,5,7,8,7,3,6,8,5,6,8,7,8,5,7,5,11,9,7,4,6,12,8,4,11,11,5,8,6,9,4,8,7,10,8,6,7,7,6,10,11,7,10,8,8,10,10,13,8,12,15,12,8,7,11,15,18,4,12,12,5,16,9,21,10,11,12,16,E
[12:00:54.000] 5054000,31.178,20,3461,0,0,1,0,3,1,3,0,2,0,1,1,0,1,1,2,1,0,1,0,2,0,0,0,1,1,3,0,1,2,0,1,3,1,2,1,2,2,0,2,1,3,2,2,4,4,1,2,5,2,4,0,1,3,2,3,2,3,2,4,2,1,4,4,2,5,4,7,1,3,5,3,6,1,1,1,6,3,6,5,7,3,4,12,15,10,10,16,11,9,11,12,19,13,18,17,18,21,22,28,31,25,27,34,46,45,38,34,46,48,43,52,46,57,59,51,60,48,47,54,52,49,42,44,48,48,47,41,42,40,43,45,36,32,29,24,27,29,20,25,23,23,20,15,16,18,19,21,16,14,16,16,10,13,17,18,24,16,13,20,17,16,14,13,19,13,22,23,21,25,23,11,22,23,22,19,34,25,26,24,27,17,33,26,26,39,25,29,38,26,28,29,35,33,34,40,32,32,32,28,48,40,33,27,35,35,36,41,39,40,42,41,61,47,54,52,57,41,46,54,50,50,56,58,60,46,52,49,56,55,67,63,71,74,76,86,62,77,78,70,72,86,74,79,61,88,80,78,86,99,78,99,100,89,98,97,0,1,1,0,1,0,3,0,0,1,0,0,1,0,1,2,0,1,1,1,0,1,0,0,0,0,1,0,0,1,2,1,1,0,3,1,0,0,1,0,0,3,0,1,0,1,0,0,0,1,1,1,2,1,2,1,1,1,0,2,3,1,2,0,1,0,0,1,1,2,1,1,2,0,0,1,0,0,1,1,0,0,1,0,0,1,3,2,0,1,1,4,0,2,2,2,2,0,0,2,1,1,0,3,3,0,1,3,1,2,0,1,4,3,2,0,6,3,2,4,1,0,7,6,6,3,5,3,6,8,4,6,5,5,5,6,4,6,9,10,7,9,5,11,6,12,6,8,9,17,7,9,17,16,14,12,16,11,13,15,14,15,11,10,27,17,13,12,13,13,11,15,7,8,11,4,12,6,16,15,9,6,10,8,11,15,9,4,18,4,8,9,4,9,7,4,7,5,4,6,6,6,8,4,6,7,12,5,5,9,8,4,8,11,12,17,9,5,6,8,10,12,13,9,11,7,9,11,13,10,11,6,8,8,15,10,13,15,11,16,12,13,8,15,13,13,20,13,9,10,16,8,20,16,12,11,E
[12:00:56.000] 5056000,31.276,20,3410,2,1,2,1,2,0,1,1,2,4,0,2,2,2,2,1,2,2,0,2,2,1,2,0,2,0,3,3,0,4,2,0,1,2,0,3,5,4,5,1,3,3,0,4,2,3,1,0,1,0,3,1,0,1,4,2,1,2,2,0,8,1,5,2,3,4,2,4,4,2,3,6,6,3,5,5,5,4,6,6,7,12,8,4,7,8,6,5,11,18,13,13,10,14,25,22,18,26,14,28,35,31,37,46,42,42,43,54,37,57,70,47,58,58,56,58,43,71,52,52,46,51,40,49,44,41,45,43,47,28,19,34,35,22,30,26,24,28,18,23,28,21,28,21,18,15,17,15,10,22,13,12,22,19,15,13,11,16,20,21,19,16,18,13,11,24,20,15,19,19,12,21,20,22,30,16,15,18,18,20,32,22,23,28,27,28,25,26,32,26,32,35,32,25,35,27,29,36,34,46,29,43,34,35,46,42,34,39,37,45,36,51,39,42,56,49,48,50,49,42,43,46,46,65,47,56,44,46,56,57,58,64,61,66,62,68,75,69,66,60,71,68,76,96,98,86,85,72,76,89,81,94,95,71,83,100,0,0,0,0,0,0,0,1,0,0,1,1,0,3,0,0,1,0,2,0,0,0,1,0,1,0,2,1,3,0,0,0,1,0,1,0,2,1,0,1,2,0,0,3,1,0,0,0,0,0,0,1,0,1,0,1,0,0,0,0,2,0,0,2,1,1,1,2,0,3,1,1,1,0,4,1,0,1,2,0,4,2,4,1,1,1,1,0,0,1,3,0,2,0,1,3,2,0,2,1,3,1,2,2,2,2,1,0,0,1,2,3,4,1,2,0,0,1,2,3,3,1,3,2,2,3,3,2,5,1,2,5,7,3,9,9,6,8,9,14,7,8,13,5,12,12,9,10,10,8,6,16,13,10,8,9,14,16,15,19,17,13,12,12,13,12,10,13,13,10,18,10,5,11,16,14,10,9,12,10,12,13,6,12,6,10,7,8,7,2,8,8,10,4,6,5,5,9,7,11,6,7,3,7,4,12,4,7,7,12,10,11,10,6,13,6,8,10,6,6,13,9,15,12,6,16,9,11,8,12,12,10,9,14,10,8,14,10,11,7,13,5,8,21,14,10,13,10,13,13,14,11,17,19,8,13,E
[12:00:58.000] 5058000,31.213,20,3496,1,1,1,1,0,4,3,1,0,0,2,3,0,1,0,0,1,3,3,1,1,1,1,1,0,1,2,0,0,1,0,1,1,2,1,3,4,1,1,4,0,3,2,0,4,1,3,1,2,2,1,3,2,2,3,3,1,3,1,2,2,1,2,1,2,2,2,3,3,3,4,4,0,5,5,4,4,2,9,8,3,5,9,9,6,5,4,12,11,17,17,15,13,13,27,26,19,23,27,31,37,34,26,36,32,27,46,32,44,70,42,51,48,56,56,52,56,75,56,54,63,58,52,51,53,49,41,48,46,48,25,37,30,22,34,21,23,26,18,24,18,22,20,14,11,18,18,14,11,20,13,15,13,23,18,17,20,17,10,11,10,27,15,13,25,18,28,26,17,20,18,22,33,27,18,28,29,30,29,24,20,24,25,20,25,21,21,32,33,33,30,29,30,30,36,25,32,35,37,34,37,42,33,36,49,36,37,38,38,43,49,43,41,39,40,49,45,59,61,49,57,50,49,55,54,59,59,58,66,48,72,65,56,73,65,58,62,61,65,80,83,71,68,95,94,82,79,89,85,90,97,104,91,93,94,90,2,0,0,2,1,0,0,1,0,2,0,0,0,0,1,1,0,0,2,0,0,0,0,0,1,2,0,0,0,0,0,0,1,0,0,0,0,1,2,3,1,0,0,0,3,0,0,1,1,0,0,0,2,0,1,0,1,2,0,0,1,2,0,0,0,3,0,2,0,1,2,2,2,2,0,0,0,2,1,2,0,1,1,1,3,2,0,1,1,4,0,1,3,1,2,2,0,0,4,1,3,1,2,0,2,2,2,1,2,0,1,1,2,0,1,0,1,1,2,6,4,4,6,9,4,6,4,3,3,6,4,7,6,7,3,2,3,7,7,13,11,7,8,7,7,11,15,11,6,12,9,12,17,8,10,9,13,15,12,18,21,7,14,20,11,14,14,12,12,15,11,4,10,11,4,9,9,6,15,10,15,8,15,12,6,11,7,9,8,8,5,9,6,11,6,10,7,8,9,11,9,8,4,5,4,10,5,9,8,7,7,9,11,4,8,6,4,4,1,9,4,10,14,5,10,12,6,9,11,5,12,6,11,3,17,12,13,11,9,11,12,12,11,12,15,12,15,11,10,14,18,13,15,13,15,13,E
[12:01:00.000] 5060000,31.085,20,3383,2,4,2,0,1,2,1,2,1,3,0,1,0,0,1,1,1,1,0,0,1,3,2,2,1,0,0,1,2,1,0,3,3,0,2,2,2,2,3,2,0,1,6,1,2,3,2,2,0,3,0,1,1,2,2,1,2,4,2,2,0,2,2,3,6,3,1,6,4,3,3,2,6,3,4,5,3,0,2,4,2,4,3,5,3,18,6,8,13,12,15,12,13,20,17,26,22,26,29,22,34,29,22,35,30,39,56,46,47,49,53,56,60,53,54,44,49,40,53,54,54,44,48,44,44,56,36,42,38,32,32,45,42,27,23,28,32,18,18,24,21,15,25,24,18,15,19,17,15,12,14,19,17,14,22,15,15,18,14,11,13,13,22,19,20,24,18,15,23,15,25,29,23,22,28,23,23,23,24,21,21,26,23,30,22,28,28,26,36,29,28,25,27,31,22,28,35,30,30,33,32,31,42,31,43,45,35,39,44,51,48,44,45,27,41,48,38,50,46,53,51,51,47,50,53,59,52,49,47,51,66,48,69,67,60,53,71,61,71,63,70,80,70,70,94,73,80,87,89,105,103,103,81,92,86,102,0,1,0,2,0,1,0,1,0,0,0,0,0,0,3,0,0,2,2,2,0,2,1,2,1,1,0,1,0,1,0,1,0,1,0,0,0,1,1,0,1,1,1,0,1,3,1,0,0,1,1,0,0,1,0,2,3,0,1,0,1,0,0,1,0,2,0,3,1,1,1,2,2,2,0,0,1,0,1,0,1,0,0,3,1,2,2,1,0,1,3,1,1,1,2,1,2,2,4,3,1,1,2,0,1,1,1,1,3,0,1,2,1,3,2,2,3,1,2,2,5,1,3,2,4,1,2,5,0,3,2,6,5,4,7,6,4,2,5,5,6,10,9,7,6,9,7,10,10,8,17,8,9,9,9,11,9,14,11,12,12,15,13,16,16,18,13,3,13,11,11,15,11,13,9,11,9,8,12,8,4,10,9,9,11,9,12,6,5,4,5,10,10,4,4,2,8,13,9,7,13,10,7,9,7,8,7,10,8,10,13,5,6,11,7,10,8,15,10,12,6,6,7,8,5,6,14,5,13,9,9,16,10,11,8,11,8,14,10,11,13,13,12,20,8,12,18,19,13,6,10,15,14,9,18,17,E
[12:01:02.000] 5062000,31.084,20,3415,0,0,2,1,1,0,0,1,0,2,2,2,2,1,1,2,0,0,3,2,1,2,1,2,3,0,3,2,2,0,4,1,1,1,1,2,2,0,2,4,0,0,4,2,2,2,0,0,2,0,3,5,3,2,2,4,4,2,3,3,0,1,5,3,2,3,3,2,3,4,4,3,3,3,4,6,2,6,1,4,7,4,4,6,5,11,6,13,6,8,9,17,23,15,21,24,25,20,24,28,34,33,40,33,32,43,37,43,41,56,48,42,54,53,57,50,54,57,56,39,51,39,57,42,38,40,45,36,37,39,27,28,28,35,25,34,21,23,25,20,25,18,23,21,11,17,14,11,15,24,15,12,18,14,20,12,19,18,13,16,18,17,12,26,28,16,17,11,21,22,21,16,20,22,30,26,33,21,14,26,24,35,23,35,24,29,40,28,30,34,26,34,30,31,21,25,36,37,41,24,35,32,34,29,31,41,39,41,41,58,43,41,41,51,45,53,43,45,51,50,54,52,55,50,48,60,49,49,54,65,68,71,60,65,67,83,77,77,73,73,80,76,78,75,89,78,77,83,79,72,89,83,93,94,105,101,2,0,0,1,0,0,0,0,0,0,0,0,1,1,0,0,0,1,0,0,0,1,1,0,1,0,1,0,2,1,1,2,0,0,0,0,0,1,0,0,0,0,0,0,0,0,0,2,1,0,1,0,1,1,0,1,1,1,1,0,4,0,0,0,0,0,1,0,1,2,0,2,2,0,1,2,0,2,1,1,2,2,1,0,1,0,1,0,1,0,3,2,1,2,2,0,0,1,0,0,6,0,3,1,3,2,1,0,1,1,1,3,1,1,4,1,5,4,1,1,2,2,2,5,1,6,2,9,0,6,6,6,7,6,7,6,4,4,10,6,10,9,8,6,11,8,6,8,8,12,13,15,13,8,9,11,12,14,20,9,8,21,11,12,6,12,15,8,14,11,11,10,12,14,12,6,13,10,11,6,8,16,8,3,7,10,5,10,8,6,6,9,7,15,8,6,7,9,8,7,11,6,7,4,7,8,5,7,9,7,12,7,7,2,2,7,7,3,7,8,6,6,10,9,11,7,5,12,10,3,10,10,7,11,8,10,9,13,10,21,11,11,17,15,14,5,15,14,13,18,16,17,17,10,15,13,E
[12:01:04.000] 5064000,31.166,20,3423,1,1,0,0,0,3,0,2,1,2,0,1,1,0,2,1,0,1,0,1,2,2,1,1,1,1,3,2,4,3,2,1,2,1,7,4,0,2,1,2,4,0,2,2,2,2,2,3,1,2,6,1,4,3,1,3,5,1,0,1,2,5,5,5,4,2,5,2,2,3,4,6,5,2,2,6,9,5,4,1,7,5,8,5,10,13,12,10,15,17,14,26,18,16,30,24,19,14,33,33,35,35,40,46,39,32,39,45,38,49,59,44,55,57,45,50,43,54,52,47,56,59,48,36,49,47,36,51,43,43,47,34,38,30,31,15,17,28,31,18,12,23,17,31,20,25,16,21,18,15,17,28,15,17,14,17,20,14,14,19,12,14,22,16,17,16,27,16,22,27,30,17,24,17,19,21,20,16,27,32,24,28,26,23,21,24,34,27,33,28,31,28,32,31,30,32,29,31,29,31,37,30,31,43,39,31,29,36,38,37,44,35,50,39,35,44,50,45,44,47,49,47,61,53,51,53,61,51,44,56,61,64,64,63,54,78,60,68,72,91,58,77,81,77,64,79,69,92,87,85,75,101,99,81,111,91,0,2,0,0,2,3,1,0,0,0,0,0,0,0,1,0,2,2,0,1,0,1,0,0,0,0,1,0,1,1,1,0,0,1,0,0,0,0,2,0,0,1,1,1,1,4,0,2,0,0,0,0,1,0,0,0,1,1,1,2,2,1,1,3,0,0,1,2,0,1,0,0,4,2,0,1,3,1,0,1,1,2,2,0,0,3,0,0,3,4,1,0,1,0,1,2,0,1,0,2,2,1,2,3,1,1,2,2,4,1,2,1,6,5,3,1,3,2,2,3,1,1,5,4,2,1,4,3,4,4,3,4,5,9,5,4,8,7,12,3,4,7,3,2,14,10,9,12,4,8,12,13,8,10,11,18,16,10,13,7,15,11,9,14,16,9,16,11,8,6,14,14,13,14,16,13,10,11,8,8,7,8,16,6,6,8,12,7,7,8,11,1,5,7,3,8,7,4,9,11,6,8,8,9,12,9,8,6,7,5,10,3,2,10,3,2,7,12,6,15,10,8,10,12,9,10,13,7,8,9,14,13,6,13,7,14,11,14,10,13,12,9,15,11,14,9,9,10,12,3,9,9,14,13,20,11,E
[12:01:06.000] 5066000,31.162,20,3352,0,0,0,0,1,0,3,1,2,1,0,1,2,0,0,3,1,3,2,0,0,2,1,0,3,1,3,0,0,3,0,1,2,1,2,4,3,2,1,1,3,2,2,0,1,1,0,0,4,6,2,3,3,1,3,2,5,4,3,0,6,2,2,5,3,3,3,1,6,5,2,4,1,3,4,4,6,3,11,4,3,5,7,7,10,9,5,7,11,9,15,17,13,19,14,26,26,24,25,28,27,30,37,35,42,43,40,42,46,40,42,44,64,53,52,53,52,44,54,42,47,52,47,48,38,53,43,45,39,37,30,32,33,28,20,17,27,33,32,25,16,21,21,17,18,16,14,15,20,15,16,17,19,16,17,15,14,17,22,18,11,14,20,12,21,15,12,33,14,12,20,18,18,16,24,27,18,29,21,22,21,17,22,19,26,30,25,34,34,24,34,25,27,31,23,29,28,34,29,32,36,34,20,40,30,27,44,40,49,37,46,41,50,42,48,46,45,42,44,59,44,53,63,54,55,59,52,70,47,68,55,55,55,63,77,65,63,68,63,76,71,76,88,82,83,82,73,76,76,96,93,91,86,87,92,92,1,1,1,1,0,0,0,1,0,1,0,0,0,1,0,0,0,1,0,1,1,0,0,1,2,0,1,1,1,2,1,1,0,1,2,1,1,0,0,3,0,0,0,1,2,0,0,1,1,3,0,0,1,0,2,2,1,1,0,1,1,1,1,1,0,0,1,1,1,0,1,2,0,0,0,1,2,1,1,0,0,2,0,2,2,4,2,1,5,1,0,0,1,3,0,0,1,0,0,2,0,1,1,0,1,3,2,0,4,2,2,0,2,2,2,0,1,4,2,4,2,2,3,2,3,3,3,2,3,7,8,5,6,10,5,4,11,4,6,18,6,7,9,6,5,9,8,9,15,12,16,6,9,16,8,12,15,16,13,9,15,10,8,14,12,17,14,11,7,8,21,9,13,14,8,11,10,10,9,7,1,7,13,7,9,3,8,7,6,15,9,11,3,5,4,4,9,10,6,11,7,5,10,6,6,9,8,2,7,10,5,3,4,4,6,5,9,6,12,12,5,9,6,10,10,13,9,10,8,5,11,7,9,9,8,7,10,14,14,11,10,14,12,10,22,15,9,12,16,12,13,15,11,13,15,6,E
[12:01:08.000] 5068000,31.174,20,3264,1,1,2,2,0,3,0,0,2,1,1,3,2,1,2,2,0,1,2,0,1,1,3,1,2,1,3,1,1,0,0,2,3,1,3,1,0,1,1,1,0,3,2,1,1,2,0,0,2,7,1,2,4,4,3,1,6,1,2,4,2,4,4,4,2,3,2,2,5,3,4,4,5,6,5,2,7,6,1,3,2,8,7,5,7,8,11,13,13,16,19,9,15,20,15,19,18,25,35,35,33,24,37,33,42,44,42,45,40,36,44,49,58,56,53,55,61,62,47,57,47,57,41,41,43,38,41,37,30,39,29,39,39,31,35,25,24,23,26,22,23,14,20,22,15,18,12,20,17,16,14,13,13,9,16,12,15,17,21,14,12,10,21,21,21,17,16,20,12,15,17,14,19,25,16,23,24,23,27,26,27,22,24,26,28,34,21,25,26,25,33,21,25,34,32,35,37,25,34,35,30,26,30,29,42,36,32,38,36,25,32,38,41,35,39,53,43,44,51,47,43,48,54,50,63,61,54,69,49,56,62,60,60,53,54,60,70,55,64,75,68,66,75,60,73,75,82,72,93,85,72,86,78,84,84,85,0,0,0,0,0,1,0,0,0,0,1,0,0,0,0,0,1,0,0,0,0,0,0,1,0,0,1,0,0,0,0,4,0,2,0,0,1,1,1,1,1,0,0,1,1,1,1,2,1,1,1,0,1,2,0,0,3,1,1,0,0,1,0,1,0,2,2,0,0,1,2,0,1,0,2,0,2,0,3,2,1,1,1,0,1,0,0,4,0,0,1,1,0,1,2,3,2,0,0,1,1,0,3,0,1,1,2,0,2,2,2,1,2,0,0,4,4,2,5,2,7,4,6,3,3,3,6,6,3,3,7,5,3,4,0,4,4,11,9,6,10,14,9,13,11,9,6,10,4,11,11,6,12,10,11,9,18,6,14,14,10,14,14,15,12,16,9,11,6,12,11,16,13,11,11,10,14,10,11,12,12,10,9,14,17,9,5,7,7,9,10,5,7,6,12,6,7,8,6,5,12,3,8,9,2,5,7,6,3,4,5,7,9,5,11,12,6,8,10,7,9,5,9,6,7,6,11,8,3,10,5,8,10,7,12,11,14,9,7,16,6,9,9,7,10,8,9,12,12,24,10,16,12,16,15,14,E
[12:01:10.000] 5070000,31.020,20,3278,2,1,0,0,0,0,0,1,1,1,1,3,2,2,1,0,2,3,2,0,0,1,1,1,1,1,2,5,1,1,2,4,3,0,0,0,2,5,3,2,3,1,4,2,3,5,2,4,2,1,0,4,1,0,1,2,1,0,0,0,3,5,3,5,3,3,0,0,4,4,4,2,2,7,5,4,10,3,4,4,8,0,8,6,5,12,10,7,9,17,11,16,10,22,23,23,25,22,26,28,32,42,42,25,41,43,44,31,44,34,55,51,41,48,46,55,51,56,49,56,47,46,49,54,42,47,39,44,33,28,30,28,28,24,23,28,23,33,14,24,24,14,24,19,18,14,18,17,17,14,16,10,20,20,17,12,15,19,12,11,18,27,25,25,19,19,23,14,18,19,16,21,22,16,16,25,18,27,26,24,21,25,20,26,20,30,18,19,33,27,22,34,36,38,25,48,22,32,27,37,34,37,40,42,35,35,37,40,42,38,36,40,39,32,38,46,42,46,50,35,45,42,51,48,50,47,43,51,86,50,68,57,59,66,69,52,69,60,49,66,84,65,73,80,83,69,87,96,96,73,75,89,103,84,93,77,0,0,0,2,0,2,2,0,1,0,1,0,0,0,1,2,1,0,2,0,0,0,1,0,0,1,0,1,2,1,2,0,1,0,1,0,0,3,0,2,0,1,1,1,0,0,0,1,0,1,1,2,4,0,1,1,0,0,0,0,1,2,1,0,2,0,0,1,0,1,3,0,2,1,1,0,1,1,2,1,2,3,2,1,2,4,1,1,1,3,2,1,1,2,1,1,1,2,1,3,1,1,1,0,1,2,1,0,2,2,1,1,2,1,2,2,3,3,3,3,3,4,3,2,2,4,2,1,4,7,5,6,3,6,5,9,5,5,7,7,8,10,5,8,14,7,9,15,6,10,7,15,6,16,10,6,19,15,5,16,10,11,23,6,10,14,13,16,19,9,14,11,8,8,20,12,10,16,12,13,5,10,5,9,7,5,5,8,4,9,6,6,5,13,5,15,8,5,5,9,12,16,6,8,8,3,6,6,5,9,6,6,6,5,2,4,10,7,10,6,7,11,8,10,7,10,8,8,7,7,9,9,3,10,8,13,3,13,12,11,8,19,10,10,13,10,13,11,18,7,12,18,19,16,11,17,E
[12:01:12.000] 5072000,31.171,20,3234,1,0,1,1,4,2,1,1,0,1,0,2,3,1,2,0,0,1,1,3,3,0,1,5,0,0,3,0,1,2,1,2,3,2,0,1,4,0,2,2,5,4,3,1,4,2,2,4,1,2,1,0,0,3,1,4,0,2,2,6,3,6,1,2,2,2,3,5,5,4,4,3,3,3,0,7,3,5,6,5,5,7,5,13,5,11,11,10,10,11,8,15,10,25,12,35,26,27,23,23,25,31,26,39,39,32,38,36,42,43,45,50,45,46,44,66,52,64,53,44,39,50,48,40,35,43,39,42,40,36,33,31,30,30,25,29,22,16,20,22,28,12,14,19,17,13,15,12,17,14,18,17,9,20,13,17,12,18,19,15,20,15,17,16,16,24,16,14,28,22,14,21,16,26,28,21,28,16,20,26,18,33,21,33,23,30,22,22,25,20,22,31,28,32,39,32,27,33,35,39,47,39,31,42,34,40,36,40,45,45,43,46,35,47,45,48,36,40,51,58,55,56,38,52,44,50,48,57,62,55,69,61,69,48,57,60,64,69,48,70,62,66,60,75,75,85,80,80,77,93,74,67,96,72,77,82,0,1,0,1,1,0,0,0,1,0,1,0,1,0,1,0,0,0,0,1,1,0,0,1,0,0,2,0,1,0,0,1,1,0,0,1,1,1,2,0,0,1,2,0,0,0,0,0,0,0,0,0,2,1,1,2,1,0,3,0,0,1,2,2,0,0,2,0,2,0,4,1,0,0,2,1,1,0,4,2,1,3,0,1,3,4,1,1,1,2,2,0,1,1,2,4,4,0,0,0,2,2,1,0,3,1,3,1,3,1,1,2,5,1,2,1,2,5,1,1,1,2,1,2,2,4,6,0,3,7,11,9,5,3,9,9,3,10,2,8,4,6,11,7,7,8,13,11,7,7,7,4,8,12,11,22,9,13,7,12,16,15,12,8,12,21,14,8,9,15,6,11,10,15,15,10,5,8,8,12,9,16,11,16,11,5,9,6,8,11,9,12,9,9,7,2,8,11,8,9,10,7,8,8,7,6,8,10,7,8,8,7,8,4,7,7,8,8,9,7,2,10,15,4,6,15,9,15,8,9,6,2,12,18,5,12,11,12,11,11,14,13,11,12,15,14,14,12,10,18,11,13,12,12,17,16,E
[12:01:14.000] 5074000,31.129,20,3196,1,2,2,0,1,4,2,3,1,1,1,1,2,2,3,0,1,0,3,2,0,2,3,1,1,1,1,4,0,1,2,2,2,1,3,0,1,1,2,1,3,0,2,3,1,0,0,2,2,2,2,1,4,3,3,0,4,5,4,4,3,3,4,4,1,6,2,2,1,1,4,5,5,2,2,6,7,4,6,4,7,4,5,3,3,9,6,11,7,15,14,15,13,9,18,25,16,22,19,25,34,44,34,36,35,36,32,46,34,36,34,50,55,51,48,66,47,47,56,54,58,47,41,65,55,37,31,38,29,32,29,26,24,33,23,25,21,25,29,20,29,17,15,22,20,24,14,18,10,16,14,14,16,13,12,21,16,11,13,15,25,7,16,19,18,13,9,14,23,15,18,18,26,22,25,30,26,31,19,26,27,19,19,31,26,21,17,36,24,19,30,37,32,33,25,25,40,29,24,38,29,36,26,34,28,28,23,24,31,34,44,30,39,42,43,38,52,51,48,45,50,47,48,46,42,47,50,45,66,58,59,59,57,66,54,70,77,54,79,56,64,66,84,77,75,81,78,100,70,84,84,79,86,99,76,92,1,0,1,0,0,1,1,1,0,0,0,0,0,0,1,0,0,0,0,0,0,0,0,1,1,0,1,0,1,1,1,0,0,1,1,0,0,0,0,2,0,0,1,2,1,1,1,0,0,1,0,1,0,1,0,0,1,1,2,1,3,3,1,3,2,1,2,0,0,0,0,1,1,2,3,1,2,0,1,2,0,2,0,0,3,2,1,0,0,3,0,0,2,1,0,0,0,3,1,1,1,4,1,5,1,0,1,2,2,3,5,2,3,2,1,2,1,4,1,1,1,1,2,2,5,4,4,5,3,6,4,1,1,4,13,7,6,4,5,14,11,4,10,10,9,15,16,9,11,8,5,13,8,9,10,14,11,12,11,14,12,16,14,7,15,14,12,15,10,9,10,9,10,11,9,12,6,10,4,10,5,8,9,7,8,5,10,5,7,7,9,11,9,9,5,3,5,9,12,7,11,6,3,9,4,7,8,5,11,4,2,5,8,11,11,8,10,10,10,10,6,11,11,8,7,7,11,8,7,14,11,16,10,8,9,7,12,13,7,12,13,6,13,15,11,14,8,8,17,16,12,17,8,9,9,10,E
[12:01:16.000] 5076000,31.169,20,3182,1,1,0,2,2,0,1,0,1,0,0,0,0,1,2,1,1,1,1,1,0,1,1,2,2,1,1,1,2,0,1,1,2,0,2,0,1,1,2,2,1,2,2,3,0,3,3,3,0,4,2,2,1,1,4,3,3,3,3,1,2,1,4,1,4,1,1,3,2,3,3,5,2,2,4,3,10,4,3,8,5,10,6,2,6,11,6,8,17,12,20,9,15,13,15,19,27,29,27,30,26,23,35,38,29,36,46,55,58,51,43,74,50,47,43,36,33,48,43,42,36,38,52,39,35,63,48,37,26,40,21,27,21,31,19,29,23,27,17,19,20,20,16,16,12,14,13,22,25,6,15,16,13,22,15,13,12,21,18,9,12,15,21,22,18,13,15,24,16,11,22,29,22,18,23,20,24,15,23,27,23,24,26,22,25,22,29,28,26,28,37,33,24,25,26,33,36,32,21,31,32,28,41,37,37,41,39,36,34,30,47,45,40,39,42,46,47,54,59,49,41,49,57,46,51,56,62,65,53,59,57,51,66,64,59,72,57,77,57,69,60,74,61,59,86,68,75,82,88,70,68,82,77,86,81,87,0,1,1,0,0,0,0,0,0,0,0,0,0,0,2,0,0,1,1,0,2,0,3,0,1,0,0,0,1,0,1,2,1,2,0,0,0,2,1,1,0,3,0,0,0,3,0,1,0,1,0,1,1,0,1,0,1,0,2,1,0,0,1,0,0,3,1,2,1,2,0,3,3,0,2,0,2,0,1,1,5,0,0,2,1,0,1,1,1,3,1,0,1,1,0,4,2,2,1,1,2,2,2,5,1,3,0,2,1,4,1,1,4,1,2,4,1,1,2,2,3,4,1,1,1,2,4,4,6,4,3,4,3,4,7,7,3,5,7,6,8,9,7,5,5,8,5,3,12,10,10,7,10,8,16,12,6,13,7,16,10,14,11,5,11,10,14,14,11,14,11,6,12,6,16,16,9,10,13,6,13,9,10,5,8,7,5,8,3,7,5,9,6,4,8,4,7,8,6,6,5,7,4,9,4,11,13,10,7,7,15,11,6,12,10,3,9,8,8,7,8,10,9,5,17,7,6,8,14,9,6,13,11,13,10,10,14,8,10,12,12,13,5,14,10,8,6,13,14,16,10,13,12,14,13,14,E
[12:01:18.000] 5078000,31.144,20,3236,0,1,0,1,1,3,2,0,2,2,1,1,1,1,1,3,0,0,1,0,1,3,3,0,2,3,3,3,2,3,1,2,1,0,2,0,2,0,2,2,1,2,3,4,2,2,1,1,3,6,1,2,5,3,3,3,7,3,3,6,1,2,2,2,3,3,0,3,5,2,3,5,4,2,3,3,5,4,3,5,6,7,3,11,8,9,2,13,12,10,11,14,12,12,14,16,16,27,21,21,20,32,34,35,49,36,42,40,40,53,62,49,50,49,52,48,50,44,56,52,45,48,41,46,40,29,37,35,44,29,18,40,27,17,32,28,20,23,11,19,20,21,20,21,14,23,17,16,13,19,17,15,18,21,13,16,11,18,20,17,13,11,23,23,22,11,19,24,25,19,17,21,24,22,26,24,23,16,18,23,26,21,23,27,16,24,20,33,29,32,27,26,28,33,27,23,28,34,29,31,35,31,40,34,29,32,29,43,36,38,42,46,50,51,55,42,47,48,47,40,48,42,55,44,58,42,59,46,57,46,58,57,63,53,49,72,70,68,63,54,58,67,79,78,92,82,86,86,80,77,85,108,89,89,76,92,1,0,0,0,0,1,0,1,0,1,1,0,1,1,0,1,0,0,0,0,2,0,1,1,0,0,0,0,0,0,0,0,0,0,1,0,1,0,0,0,0,1,0,1,1,3,1,1,0,0,0,1,1,1,0,1,0,1,1,0,1,2,1,1,1,1,0,1,0,0,0,0,0,1,1,1,1,2,2,0,3,1,2,1,2,3,1,1,0,1,5,1,2,3,3,1,2,2,4,3,2,1,0,4,2,3,2,2,0,2,1,1,2,2,5,1,3,2,0,1,4,3,2,3,2,4,4,9,1,1,2,5,8,2,10,3,4,3,5,4,7,5,10,11,8,9,6,9,11,9,11,10,9,11,10,12,10,9,15,7,11,7,8,15,15,9,9,15,14,13,10,13,6,10,5,4,10,6,9,11,8,11,8,9,4,7,10,3,9,10,10,4,8,9,9,7,8,10,6,8,5,3,7,9,6,11,4,5,3,11,3,6,9,8,5,8,4,13,12,10,14,8,8,11,6,6,2,11,8,11,7,6,7,9,10,8,8,12,16,10,12,5,11,14,12,10,16,7,13,17,14,11,14,14,11,15,E
[12:01:20.000] 5080000,31.210,20,3211,1,1,1,0,0,1,1,0,2,1,1,3,1,1,1,0,2,0,1,1,1,0,1,1,0,0,1,3,1,1,0,0,5,1,2,2,2,1,1,4,0,2,4,4,4,0,3,2,2,1,6,0,3,1,3,2,9,2,4,5,3,2,2,7,3,4,1,3,3,6,3,6,8,5,5,5,6,2,6,4,5,14,4,6,6,12,6,9,12,9,16,19,20,17,16,18,16,28,26,35,35,30,27,22,42,38,39,39,48,42,52,44,49,51,51,51,56,42,61,43,50,50,45,47,41,62,32,36,32,33,20,32,29,26,27,26,25,25,14,16,16,22,19,18,17,13,18,7,18,11,12,15,14,12,11,10,18,22,12,14,14,13,18,16,19,12,13,17,24,13,13,22,12,19,15,12,22,23,16,23,24,21,32,29,21,18,31,26,21,28,32,25,26,23,40,24,35,36,26,32,38,28,32,35,33,28,46,25,52,33,35,45,51,36,47,47,44,32,38,45,38,56,41,53,51,54,58,61,51,54,48,68,61,63,68,63,57,59,70,76,64,74,63,72,71,89,74,88,77,80,65,97,89,103,96,81,0,0,0,1,1,0,0,0,1,0,1,0,0,0,0,1,1,1,1,0,0,1,0,1,0,0,0,1,0,0,0,2,0,0,1,1,0,0,0,1,0,0,1,1,0,1,0,1,1,1,0,0,0,0,1,0,0,0,0,0,0,1,0,1,0,1,0,2,0,1,0,0,0,0,1,2,0,1,0,0,0,1,2,1,2,0,0,1,2,1,3,0,1,1,1,0,0,1,1,1,2,2,1,0,0,2,4,1,0,2,1,2,1,1,2,1,1,2,3,2,7,4,7,3,12,2,4,2,2,7,4,8,10,6,4,3,9,7,11,4,9,7,11,4,9,12,9,7,7,10,9,12,14,18,14,11,16,10,11,15,11,14,9,12,8,15,9,11,11,10,11,14,8,6,13,10,5,15,9,11,6,11,6,9,2,6,17,4,6,4,4,6,4,13,8,4,7,7,4,6,8,9,11,6,6,11,5,7,8,7,7,9,2,9,6,4,9,5,5,6,4,12,9,9,9,14,8,7,10,8,10,7,6,10,12,9,9,9,12,11,15,8,14,9,15,18,13,13,17,19,13,11,13,11,16,11,E
[12:01:22.000] 5082000,31.366,20,3182,1,1,0,4,0,1,0,2,0,1,0,2,0,1,0,1,2,0,0,1,1,1,1,3,1,2,1,2,2,0,2,0,0,1,0,0,1,4,2,1,2,2,1,1,1,3,5,3,0,4,3,3,3,3,2,4,2,4,4,1,8,2,5,4,5,3,6,8,3,4,8,3,1,2,4,7,6,6,0,3,4,6,7,11,7,9,8,15,8,10,12,13,13,24,16,26,18,22,23,27,31,38,39,39,40,41,37,41,28,37,45,51,40,40,49,50,42,53,54,45,63,50,50,48,46,45,47,35,32,40,35,33,35,24,30,21,34,24,18,20,20,14,12,14,11,11,13,17,19,23,16,9,13,15,13,14,20,12,21,11,19,19,21,15,25,16,16,14,24,16,20,11,20,15,17,29,19,20,16,24,27,22,19,21,23,20,21,27,26,34,22,35,31,25,28,30,22,30,38,38,29,26,33,43,51,40,33,41,27,34,27,40,39,53,40,30,45,39,49,44,39,42,36,59,56,54,52,37,48,52,59,60,64,76,62,49,81,56,66,49,71,84,60,71,77,74,88,63,89,94,78,70,84,88,90,84,1,1,0,1,0,1,0,0,0,0,1,0,0,1,2,1,0,1,0,0,0,0,0,0,0,0,0,2,0,0,0,0,1,1,1,0,1,0,2,1,1,1,3,1,0,1,1,1,0,0,2,0,1,0,0,1,2,1,3,1,2,0,0,1,0,0,2,1,2,1,0,1,2,1,2,2,2,4,0,1,1,1,0,1,1,1,3,1,2,1,1,2,0,1,2,3,0,1,2,0,1,1,2,2,1,2,2,0,3,2,1,2,1,2,2,1,4,2,4,2,1,4,6,1,3,5,1,3,0,4,5,6,9,8,3,3,5,5,2,6,5,8,13,2,11,10,8,14,16,10,6,13,14,8,11,15,10,17,11,8,11,8,8,9,8,12,13,16,14,15,8,11,10,14,10,14,14,4,9,6,9,7,9,8,9,8,4,7,10,9,3,6,6,11,3,7,9,9,6,7,9,10,3,12,3,8,11,8,10,6,10,6,13,13,12,10,6,6,10,6,10,8,3,6,14,8,3,3,13,7,14,8,8,9,11,11,11,7,17,6,15,11,9,10,9,14,22,6,11,18,13,13,12,9,13,25,E
[12:01:24.000] 5084000,31.337,20,3072,1,1,0,0,2,2,1,1,2,1,3,0,0,1,2,1,1,2,3,0,1,0,2,1,0,1,0,2,1,0,2,0,2,1,3,1,0,1,2,0,2,4,2,1,1,1,2,1,4,1,2,2,3,3,3,3,1,5,7,1,2,2,2,3,1,5,2,0,5,3,1,3,3,4,0,0,6,2,5,4,6,3,3,10,3,11,10,7,7,17,22,11,15,17,15,16,19,19,25,35,31,38,26,36,26,34,31,32,39,49,54,47,57,46,58,38,48,46,42,50,52,45,44,43,43,39,27,38,41,39,30,29,23,22,24,27,29,16,15,18,21,15,23,12,18,12,10,21,19,16,18,18,12,14,16,18,22,17,24,15,18,20,12,18,18,19,20,16,15,15,17,16,15,12,20,25,17,20,19,29,25,25,26,28,28,25,22,24,33,26,25,23,22,34,26,29,22,24,23,37,30,28,30,50,37,34,37,40,45,43,43,36,37,39,51,29,44,52,40,37,44,47,47,41,65,56,30,57,56,45,57,62,48,55,61,56,47,51,63,77,71,55,67,64,77,77,82,74,64,84,69,78,66,93,93,91,3,0,0,1,0,1,0,1,0,0,0,0,0,1,0,0,0,0,0,2,1,0,1,1,0,0,0,0,0,1,0,1,0,0,0,1,1,1,1,1,0,0,0,0,0,0,1,1,1,1,0,0,0,2,0,0,0,0,2,1,1,0,0,0,1,0,1,0,3,1,1,0,0,0,1,2,2,2,0,2,1,1,0,0,0,1,2,0,3,0,2,1,1,0,1,1,0,4,2,1,0,3,1,1,2,1,5,0,0,1,4,2,0,0,4,1,2,2,4,8,2,3,1,3,2,3,2,2,6,3,2,5,4,5,1,4,9,7,9,5,9,12,9,6,11,7,8,11,11,10,10,7,11,4,13,15,9,10,6,10,14,11,15,12,11,19,16,9,12,12,8,11,10,15,13,13,13,11,6,9,8,11,5,4,3,10,12,7,7,8,10,7,2,7,9,8,10,6,8,8,4,8,5,7,6,9,8,6,11,8,8,7,10,2,5,7,8,4,8,5,8,12,6,10,14,9,9,9,9,6,8,8,11,7,17,10,7,7,10,10,14,14,12,10,7,11,11,9,11,7,8,16,11,12,16,8,E
[12:01:26.000] 5086000,31.264,20,3054,4,1,3,1,0,2,0,2,2,1,1,2,0,3,2,1,2,2,0,0,0,1,2,3,1,1,3,1,2,2,2,0,1,1,1,1,1,0,0,0,2,4,0,1,1,3,7,2,5,3,4,3,2,4,3,3,2,2,2,2,1,0,3,4,1,2,2,2,8,2,3,3,6,4,3,4,8,2,4,7,3,4,4,3,6,7,6,10,12,14,7,10,16,14,23,23,20,26,26,24,35,33,27,31,33,38,45,43,39,43,39,48,43,48,52,47,41,48,63,42,39,36,44,46,43,36,29,33,41,31,29,28,31,34,36,25,19,21,19,29,18,14,15,16,12,13,18,15,16,9,20,12,13,23,14,16,13,14,16,19,19,17,17,18,23,19,27,16,15,15,16,20,18,25,22,20,19,20,15,24,27,21,28,37,25,26,24,26,31,25,29,33,28,21,32,32,25,26,22,29,29,22,48,29,26,32,26,40,30,47,53,36,43,45,37,52,53,31,41,44,47,44,40,46,51,36,52,50,38,53,66,52,62,62,53,59,66,59,61,69,71,66,48,73,74,80,71,84,69,61,70,67,68,74,75,99,0,1,0,0,0,0,1,1,0,0,1,0,0,0,0,0,0,1,0,0,1,1,0,1,0,0,1,0,0,0,0,1,2,1,0,0,0,1,0,0,0,0,2,1,1,2,0,0,0,1,1,1,0,0,1,2,3,1,0,0,3,0,3,0,1,0,1,0,0,1,1,4,0,1,2,0,0,2,1,1,0,2,2,0,0,0,0,0,4,3,1,0,1,0,2,3,1,2,1,2,2,2,3,1,4,1,0,2,2,0,1,3,1,2,2,0,1,0,2,4,2,2,3,3,3,3,2,5,3,5,3,2,10,8,5,3,5,2,11,7,12,2,10,6,6,9,7,18,11,11,8,12,10,16,14,13,16,12,10,13,15,8,15,11,16,7,9,14,9,4,13,13,12,11,10,8,8,11,14,6,10,7,10,7,6,3,10,7,10,2,7,9,9,6,5,7,5,2,10,9,5,7,3,8,4,8,5,11,10,10,5,8,11,6,11,5,8,8,8,8,7,11,8,8,9,16,7,13,9,8,6,10,5,13,13,8,12,5,13,9,9,13,10,11,7,13,7,13,9,9,8,12,7,13,10,22,E
[12:01:28.000] 5088000,31.408,20,3166,2,0,1,0,2,0,1,0,2,1,2,1,1,2,0,1,0,4,3,0,1,3,1,1,0,2,2,1,0,3,2,0,2,2,1,2,2,2,3,1,2,3,2,1,1,3,1,2,3,0,4,2,1,0,3,1,3,0,2,4,3,1,3,2,5,4,1,5,6,3,0,3,5,7,3,3,1,7,7,4,3,5,7,10,5,8,9,7,8,11,19,20,17,17,17,26,22,18,19,26,26,31,41,41,36,31,36,34,49,52,60,39,38,48,50,58,41,53,52,45,53,28,36,43,37,32,41,37,35,37,27,29,30,25,24,27,25,20,21,20,19,18,17,17,15,17,13,18,12,17,6,19,18,11,15,16,15,13,9,21,15,25,13,24,19,16,24,20,19,22,14,15,12,19,25,13,16,23,24,19,32,20,27,23,23,23,27,27,23,32,27,22,34,18,29,27,28,22,24,31,29,33,46,33,38,38,30,32,39,38,42,29,46,37,45,35,44,46,37,59,49,55,47,55,42,54,56,63,54,53,50,45,47,73,74,57,50,55,65,55,80,69,82,76,77,68,61,81,82,70,103,96,89,85,92,100,0,0,0,0,0,1,1,0,0,0,1,1,1,1,1,0,0,0,0,0,1,0,1,0,1,0,2,1,0,0,0,0,0,1,1,1,1,1,1,1,1,1,0,3,1,0,0,1,1,0,0,1,1,2,2,0,1,0,2,0,1,0,0,0,0,3,1,0,0,1,1,1,1,1,1,0,2,0,1,0,1,1,2,5,1,2,5,1,2,2,1,2,2,3,1,1,2,2,2,0,2,0,4,0,2,2,2,2,2,0,1,1,3,1,4,3,4,2,4,3,1,1,2,7,3,0,4,3,2,8,3,4,2,5,5,2,5,3,13,8,8,14,12,9,7,11,3,8,11,9,13,9,10,10,8,11,8,11,5,5,6,12,12,15,11,15,9,14,10,11,9,9,9,10,8,13,11,12,5,15,14,8,11,10,9,8,15,4,7,8,10,7,8,8,3,5,6,7,7,7,4,5,8,11,9,7,7,1,11,6,7,5,6,8,7,7,6,5,9,11,5,8,7,4,15,8,13,11,7,10,9,6,5,9,14,16,8,16,3,11,15,14,10,8,11,10,11,10,9,12,14,15,15,7,10,17,E
[12:01:30.000] 5090000,31.406,20,3061,0,0,0,0,3,3,1,1,2,1,2,3,0,0,4,2,2,0,0,1,3,3,1,1,1,3,0,1,0,1,2,0,0,0,4,2,1,0,3,0,1,1,1,2,1,2,2,2,0,1,6,3,1,2,2,2,5,3,1,2,3,1,2,1,1,0,1,3,6,4,2,4,1,2,2,5,4,4,7,6,6,11,3,6,10,7,8,7,6,18,13,25,16,16,11,15,17,31,17,32,31,25,36,34,36,39,34,40,43,41,50,36,46,38,57,57,53,57,51,38,51,38,38,48,45,35,35,36,22,29,35,32,31,30,31,22,22,27,22,15,18,14,26,19,10,11,25,15,11,12,16,12,11,9,13,11,11,14,11,15,12,10,15,19,19,21,15,17,19,12,20,23,19,21,18,23,17,24,26,23,17,24,17,18,20,28,22,28,23,23,25,23,22,31,29,26,33,35,35,27,20,40,29,34,36,27,29,32,38,27,42,42,36,31,39,41,50,55,48,25,49,57,60,42,53,47,50,55,52,44,65,63,64,52,49,53,65,56,46,66,66,66,71,64,92,81,79,66,69,78,68,82,82,95,88,81,0,0,0,0,0,0,2,0,1,1,0,0,0,0,0,2,1,0,2,0,0,0,1,1,0,1,1,0,0,1,0,0,0,1,0,1,0,0,0,1,0,0,0,0,0,1,0,1,2,0,1,1,0,0,2,1,1,0,0,0,0,0,1,0,1,0,0,0,0,2,0,1,1,0,0,1,0,2,0,1,0,1,1,2,1,2,1,1,1,3,1,0,0,0,3,1,2,3,2,1,0,1,1,2,0,3,2,2,3,2,5,0,3,1,1,1,1,0,2,3,2,4,2,4,3,3,4,7,3,8,4,5,1,1,4,7,7,3,3,6,7,9,9,11,10,11,7,14,5,8,11,13,7,8,10,11,9,10,15,16,12,12,11,12,11,10,15,9,12,11,9,13,10,8,7,6,8,10,10,3,10,6,13,2,13,11,6,9,10,5,8,7,4,7,8,8,5,4,10,5,1,6,5,9,6,8,9,7,7,12,10,6,7,11,7,2,10,4,8,10,7,10,12,8,3,8,10,6,12,8,6,7,12,10,11,7,5,9,12,12,12,13,18,3,7,6,10,14,16,12,12,12,13,7,12,20,E
[12:01:32.000] 5092000,31.581,20,3173,1,1,1,0,0,0,2,0,0,3,2,3,3,4,2,2,0,1,3,2,2,1,2,1,0,0,0,1,2,0,0,0,1,0,1,1,1,0,3,4,4,3,2,2,2,4,4,1,2,1,0,1,3,4,2,1,6,5,0,3,1,4,1,2,4,2,5,3,2,2,3,2,2,4,4,3,8,3,6,5,8,12,7,5,9,9,7,7,11,9,15,15,10,20,14,19,18,37,23,28,37,29,40,33,52,50,56,45,42,55,53,48,55,59,45,58,54,47,45,50,55,40,45,34,42,29,43,43,38,33,27,30,22,28,21,31,27,22,27,25,19,14,23,25,13,11,18,14,13,19,14,12,15,15,10,16,12,16,16,19,18,11,10,13,16,10,14,26,24,16,22,15,19,13,24,18,12,20,18,16,20,21,21,39,25,29,24,29,12,23,26,36,29,36,23,25,34,25,30,34,33,37,38,48,38,36,45,32,34,40,36,52,44,38,58,41,45,35,48,47,47,47,40,52,51,40,57,46,44,52,56,52,54,62,58,40,56,72,62,60,63,68,63,60,68,77,78,76,78,77,76,78,90,92,81,83,1,0,0,1,0,0,0,0,0,0,1,0,0,0,0,0,0,0,2,0,0,2,1,2,0,1,0,0,0,1,0,0,0,0,0,1,0,0,0,1,0,1,0,0,0,3,1,1,2,0,1,1,0,0,0,1,0,1,0,2,0,3,0,2,0,0,1,1,1,1,0,0,2,1,0,3,0,0,0,1,1,2,1,0,0,2,1,1,0,2,2,0,3,1,2,1,1,0,1,1,1,1,1,0,0,3,4,2,1,2,1,2,5,2,1,1,0,2,2,2,1,2,3,6,7,3,2,2,4,2,6,3,2,2,5,3,10,6,6,9,10,7,4,9,12,22,8,10,11,7,7,6,13,9,12,14,11,12,17,11,11,12,7,15,10,19,11,7,16,11,12,18,10,11,10,8,4,12,8,9,7,7,9,4,10,8,6,6,10,8,11,11,7,7,10,7,7,5,6,11,10,12,3,6,6,10,4,8,5,6,3,7,8,5,8,10,5,9,9,9,7,10,4,15,3,7,9,7,10,5,9,10,8,10,7,5,13,10,9,10,13,10,18,4,7,15,11,12,11,7,9,7,12,14,14,17,E
[12:01:34.000] 5094000,31.595,20,3132,0,0,1,0,0,1,2,2,1,1,1,0,1,0,1,2,0,1,3,0,2,0,2,0,0,2,2,2,3,1,4,3,0,1,4,0,2,7,1,4,4,3,2,2,0,2,0,4,2,5,0,5,1,2,2,3,2,2,0,5,1,1,3,3,2,4,3,2,1,3,4,1,3,3,2,5,3,5,5,7,7,3,8,6,7,8,8,4,8,10,12,20,15,23,14,16,19,19,26,26,30,25,32,30,29,51,31,46,36,37,37,43,54,45,49,44,42,43,38,53,52,30,63,34,37,40,33,44,34,35,40,34,20,23,18,27,29,12,22,15,12,13,11,13,13,12,12,19,13,13,16,13,16,16,23,15,9,17,22,22,9,21,14,16,15,21,21,14,16,10,19,15,19,19,24,18,27,13,13,15,19,25,23,23,24,20,24,27,30,27,27,29,35,29,27,34,39,26,24,36,31,32,42,36,35,31,39,30,43,37,47,38,44,45,33,31,44,41,53,55,58,52,55,52,45,56,70,53,57,59,55,46,57,56,72,56,56,46,81,46,61,74,73,80,78,68,69,80,78,108,85,80,84,96,90,88,0,0,0,0,0,1,2,0,0,0,0,0,3,3,0,0,0,0,0,1,0,0,0,0,0,0,1,0,0,1,0,1,1,1,0,0,1,0,0,0,1,1,0,1,2,0,2,0,0,0,0,1,1,0,2,1,4,0,1,0,0,1,2,2,2,1,2,0,0,1,1,1,0,0,1,0,0,2,1,1,0,1,0,1,2,1,1,0,2,0,0,1,1,1,1,1,4,2,1,2,0,0,0,1,2,0,1,5,0,1,2,3,1,0,1,2,1,2,1,1,4,3,2,2,0,2,3,4,4,7,5,7,6,5,5,5,5,7,9,5,6,15,17,15,8,9,8,11,8,8,12,11,13,10,9,5,11,6,17,10,13,11,15,9,15,9,14,11,13,10,16,11,7,10,10,9,9,12,11,8,10,13,6,8,16,8,7,6,6,3,6,5,10,11,8,6,4,6,8,8,2,8,10,3,7,10,8,8,5,3,4,6,5,5,10,4,9,5,11,10,5,10,11,8,5,11,11,4,7,10,7,9,12,15,5,8,9,11,12,9,17,11,10,8,15,9,8,12,11,14,10,7,7,11,12,12,E
[12:01:36.000] 5096000,31.621,20,3159,0,0,2,1,2,1,0,1,2,0,1,0,2,2,0,2,3,2,0,0,1,2,2,2,1,0,3,2,1,3,1,2,2,4,3,1,2,1,2,2,1,4,2,1,1,4,3,3,3,2,1,1,1,6,1,3,3,2,1,3,2,0,2,0,2,4,1,3,3,3,4,5,4,0,3,6,5,5,4,4,9,7,6,10,9,7,4,10,13,10,10,17,22,17,18,17,26,20,25,22,30,25,35,31,39,45,36,42,48,44,40,38,46,50,47,43,45,41,45,41,54,36,52,43,43,34,31,36,30,42,42,27,29,20,29,25,32,19,19,19,12,19,21,16,19,13,18,21,15,17,9,17,14,10,13,22,12,20,23,13,21,18,19,19,19,10,25,16,11,16,12,21,24,24,19,23,16,26,20,17,25,29,28,25,22,24,20,22,23,26,30,31,18,35,32,24,33,24,33,36,31,31,32,36,39,35,40,31,25,34,44,43,45,48,42,55,45,50,49,41,56,53,49,52,49,60,51,42,55,51,58,57,57,59,67,58,54,59,67,77,77,68,73,74,78,71,59,78,81,78,88,70,80,77,97,84,2,0,1,0,2,0,0,0,0,1,1,2,0,0,0,0,0,2,0,0,0,1,1,0,0,0,0,0,0,1,0,0,0,0,0,2,1,0,1,1,2,1,0,1,0,0,0,0,2,0,0,0,0,2,0,0,1,2,3,0,0,1,1,0,1,1,0,2,1,2,1,1,1,0,0,0,1,3,1,1,2,0,0,2,1,0,0,3,0,3,1,1,1,1,1,1,0,1,2,2,1,0,2,2,2,0,4,1,1,2,0,2,1,2,3,3,1,3,5,3,1,1,6,2,1,5,3,3,4,4,3,5,4,4,4,8,5,11,11,3,6,9,10,5,4,4,14,4,7,13,6,9,15,9,11,13,10,11,8,16,21,14,8,6,9,13,8,10,17,9,16,13,10,11,9,6,7,3,6,6,14,8,12,12,6,15,8,9,7,7,9,5,6,6,7,5,6,5,5,3,11,5,7,7,10,7,5,4,6,4,7,9,3,7,3,10,4,9,11,7,8,12,9,4,13,7,12,15,6,10,10,10,9,4,9,5,11,12,7,8,14,12,11,9,7,12,11,11,11,13,6,12,8,22,8,14,E
[12:01:38.000] 5098000,31.644,20,3177,0,0,1,0,2,2,2,1,1,2,1,1,1,0,2,2,0,2,3,0,2,1,1,3,1,1,2,1,4,2,3,0,2,0,1,1,2,1,1,3,1,1,3,1,2,3,1,2,1,1,0,2,6,1,0,2,2,0,0,4,3,2,2,1,1,1,3,2,4,4,5,3,2,1,1,3,3,1,2,7,10,8,7,8,10,11,5,9,9,16,12,21,21,18,12,21,24,23,27,25,31,24,41,40,28,47,45,38,42,40,52,39,45,48,49,46,44,52,38,39,56,35,46,40,43,50,29,40,34,30,34,29,29,30,20,29,20,25,21,19,15,23,20,18,16,9,15,17,8,14,16,11,10,16,15,13,13,12,12,22,17,15,19,16,20,20,16,18,23,19,19,26,15,19,20,19,20,20,29,28,28,16,19,24,40,20,29,23,26,18,27,17,44,28,32,40,29,28,33,33,50,28,34,35,34,36,45,37,30,47,32,34,51,35,29,44,55,40,54,47,55,54,51,46,55,65,51,52,63,65,59,62,63,65,69,57,55,70,68,47,60,70,91,72,82,77,56,77,71,73,86,75,69,77,89,82,0,0,1,0,1,0,0,0,0,0,0,1,0,0,0,0,1,0,0,1,0,0,0,0,0,0,0,0,0,0,0,0,1,1,3,1,0,1,1,0,0,3,0,0,0,1,0,1,1,0,0,1,1,0,1,0,3,0,1,0,0,1,1,3,1,0,2,2,4,1,2,1,0,0,1,1,0,0,1,0,3,1,0,0,3,1,0,2,1,3,3,1,0,3,1,2,3,2,0,0,3,1,0,1,1,2,1,3,0,2,0,3,3,1,1,3,2,1,2,4,4,0,1,3,3,3,2,3,6,4,6,5,8,7,7,3,13,3,6,5,9,7,11,4,12,1,10,5,9,14,12,5,9,8,11,12,15,18,10,5,10,10,20,18,12,9,14,13,8,8,20,15,11,9,8,7,10,7,14,10,7,9,8,4,12,8,9,5,9,13,5,9,6,3,10,6,7,4,6,9,6,8,10,5,6,5,4,10,8,5,7,4,6,7,12,6,7,4,4,4,7,11,3,9,12,9,10,15,9,7,5,10,9,8,11,10,7,7,8,15,8,9,7,15,10,10,13,11,10,9,16,14,16,11,7,13,E
[12:01:40.000] 5100000,31.693,20,3074,0,1,0,1,0,1,3,0,3,0,0,3,0,1,0,1,3,0,2,3,0,1,3,1,2,1,0,1,0,3,2,1,1,2,0,0,0,1,5,4,5,3,2,1,2,2,2,3,0,2,3,3,5,2,4,1,0,1,4,3,4,3,7,4,6,2,3,3,3,4,2,3,6,2,4,7,3,3,3,4,3,2,8,8,4,10,6,7,12,21,15,13,12,16,22,29,22,15,27,24,29,28,34,38,37,42,30,34,38,42,47,54,43,45,44,53,41,46,45,43,41,44,50,46,38,37,45,41,23,36,40,33,28,29,35,29,19,20,16,10,15,9,10,15,18,17,16,17,14,14,13,5,10,10,11,15,14,14,15,12,14,12,23,13,14,11,21,22,27,18,21,22,17,20,16,14,14,22,24,19,13,21,25,21,22,29,23,30,21,27,22,31,43,29,30,29,19,29,31,23,26,32,28,33,30,37,39,31,38,39,38,42,40,36,51,54,52,59,60,51,42,48,40,45,51,53,62,52,59,69,51,68,58,64,49,55,71,51,64,59,60,63,62,67,64,70,76,78,79,84,63,84,77,87,85,72,0,1,0,1,1,1,0,0,0,0,0,3,0,1,0,0,0,0,0,0,1,0,0,0,0,0,1,1,1,0,0,0,1,1,0,0,0,0,1,0,0,0,1,0,2,0,0,0,0,0,2,1,3,1,0,1,0,2,0,0,1,1,0,1,0,0,1,1,0,0,0,0,0,1,1,1,1,0,0,1,1,4,3,0,1,1,0,0,1,3,0,0,2,0,1,0,0,2,0,2,0,1,3,2,3,1,0,2,2,3,3,2,4,2,3,1,2,3,1,2,5,3,3,3,2,4,8,4,9,2,4,6,4,8,5,7,8,4,4,8,12,10,7,9,9,9,14,15,11,6,9,11,9,10,8,8,13,10,11,9,9,7,14,10,5,16,12,18,14,11,13,8,14,8,9,8,10,8,9,4,7,7,7,7,8,6,9,4,4,5,7,3,5,10,9,6,13,8,4,9,10,11,8,5,6,11,5,6,5,4,6,6,2,8,14,6,7,8,10,10,9,9,10,6,5,9,10,8,8,11,13,11,11,10,9,9,11,12,16,8,7,12,13,12,9,9,8,14,12,14,10,17,11,11,13,12,E
[12:01:42.000] 5102000,31.722,20,3203,2,0,0,1,2,0,2,0,1,1,1,2,3,0,0,0,0,0,1,3,2,1,0,1,1,3,2,1,2,1,1,0,2,2,0,3,2,3,0,1,2,3,1,4,1,1,1,4,0,3,3,2,5,2,3,3,3,4,2,4,1,2,3,3,5,0,2,2,4,3,3,7,3,0,5,4,5,4,3,2,7,3,6,4,4,10,10,12,10,14,10,12,18,23,19,23,18,21,28,22,32,27,22,43,40,35,41,34,51,51,38,48,32,55,49,48,43,45,40,42,48,48,41,38,41,48,46,42,39,46,39,35,25,27,19,29,27,28,24,17,33,17,26,21,19,21,19,16,12,12,12,12,21,15,15,13,18,14,17,14,15,17,14,18,16,20,19,14,13,19,23,22,33,18,25,20,28,25,23,22,23,22,20,26,19,22,40,35,27,27,30,26,31,45,41,28,35,23,27,32,46,24,40,42,35,43,43,28,38,22,40,37,40,36,41,47,36,45,33,39,57,45,55,44,43,53,39,60,45,49,51,59,58,53,66,60,70,61,62,64,76,79,74,74,81,62,74,85,66,75,78,88,78,76,102,77,0,0,1,1,0,0,1,1,0,0,0,0,0,1,0,0,0,0,1,0,3,0,0,2,1,1,1,0,0,0,1,0,1,0,1,3,1,0,0,0,0,2,0,0,1,1,1,1,2,1,1,1,0,1,0,1,3,1,0,0,0,0,3,1,1,1,2,2,1,1,0,0,1,0,3,0,1,0,2,0,1,0,0,1,2,2,1,0,1,0,3,1,1,5,2,0,2,0,2,2,2,2,2,1,1,5,1,2,4,2,3,2,3,2,3,1,2,2,4,5,4,6,6,1,4,5,2,4,3,1,3,1,4,3,5,6,3,9,10,5,8,5,3,6,7,7,6,5,6,16,11,13,8,15,10,18,17,9,11,14,17,16,15,9,7,17,16,14,8,6,12,7,12,10,10,9,7,7,7,7,8,6,10,5,8,11,9,8,7,14,4,11,0,9,7,5,9,3,1,6,8,9,8,9,6,5,8,7,9,5,3,9,7,5,14,4,14,8,8,5,11,8,1,5,11,6,7,14,4,10,6,11,22,10,9,12,7,13,8,8,10,9,10,11,12,11,8,8,18,20,10,14,11,13,13,8,E
[12:01:44.000] 5104000,31.854,20,3218,0,0,2,1,0,1,0,1,0,2,0,0,3,2,0,1,2,0,3,1,1,4,5,0,1,4,2,1,2,2,1,1,0,1,0,3,3,2,0,2,0,0,3,0,1,1,3,3,1,2,3,3,2,2,3,1,3,3,4,2,2,4,2,7,6,1,0,2,1,1,1,3,9,3,5,3,5,4,6,9,7,6,8,4,11,8,13,11,10,13,11,15,16,12,20,22,25,25,21,24,34,23,34,36,41,41,45,55,46,29,41,53,60,43,55,62,47,59,47,51,48,40,38,42,40,39,40,41,34,31,28,44,29,26,25,23,30,20,22,25,12,15,22,17,16,29,14,25,10,15,14,18,18,8,11,16,6,12,17,15,17,23,19,18,22,15,30,13,22,27,20,20,21,21,20,22,23,16,19,20,19,15,20,26,24,26,25,22,21,29,22,28,25,30,38,27,30,25,36,25,35,34,36,26,50,29,32,37,39,46,40,53,37,40,37,45,38,41,43,46,53,43,48,39,49,66,56,59,45,62,62,63,59,64,60,67,59,54,70,72,69,56,68,74,75,74,64,82,101,82,88,87,70,91,101,93,0,1,0,1,0,1,2,1,0,0,1,0,0,1,1,0,0,0,0,1,0,2,0,0,0,1,0,0,1,2,1,0,1,1,0,0,1,1,0,0,0,2,1,2,0,0,3,1,0,2,0,0,0,0,0,0,1,0,0,1,0,0,0,0,0,0,0,1,0,0,1,1,1,1,0,0,1,0,0,1,2,1,0,0,1,3,0,1,2,0,2,2,4,2,1,2,2,2,1,0,0,0,1,1,1,1,1,3,3,0,5,3,0,1,4,2,0,4,1,4,3,4,1,2,3,5,4,2,3,4,2,4,7,7,5,2,4,4,5,7,7,6,7,6,10,10,11,12,10,5,10,11,9,9,17,7,15,12,18,12,14,11,17,12,13,9,15,13,12,13,9,10,13,16,8,12,8,12,7,13,20,11,7,12,4,9,11,8,10,8,3,8,7,6,7,5,10,4,8,2,4,7,12,7,8,13,10,7,3,8,11,5,3,8,6,8,3,4,5,9,6,6,9,6,8,11,11,6,12,13,11,14,7,12,5,7,12,12,14,9,9,13,8,13,7,13,13,12,4,10,7,8,9,9,16,15,E
[12:01:46.000] 5106000,31.833,20,3179,0,0,0,1,2,2,2,0,1,2,1,2,1,0,0,1,3,0,2,2,1,1,0,1,1,1,3,3,0,0,1,2,1,0,2,3,1,0,0,2,1,2,1,0,2,0,1,4,1,1,0,1,2,2,3,2,1,5,1,1,4,1,1,4,3,7,2,3,5,6,3,2,4,3,4,3,5,7,6,2,7,5,9,9,5,12,9,5,8,17,12,19,24,15,23,14,12,20,24,34,28,23,33,43,38,50,39,51,48,45,54,53,32,40,44,59,40,51,54,51,36,40,42,47,39,51,41,23,36,28,22,39,30,27,35,21,20,21,18,19,20,14,22,18,14,20,25,12,15,15,18,10,19,16,12,14,18,18,13,12,13,20,17,14,18,17,14,16,17,14,18,14,11,21,20,19,29,22,16,24,34,27,19,28,32,28,27,22,24,21,20,32,31,30,19,37,29,25,28,27,38,29,40,35,32,37,34,29,40,41,46,39,31,42,27,51,53,50,41,39,46,46,56,55,51,61,47,55,52,62,53,67,66,59,45,51,79,72,74,74,67,61,80,80,66,67,67,73,75,86,96,73,83,90,81,95,0,0,0,0,0,0,0,0,0,0,0,0,1,0,0,0,0,0,0,0,1,0,0,0,0,1,1,0,0,2,0,1,1,2,0,0,1,0,1,1,2,0,0,0,2,1,1,0,3,1,1,0,1,0,0,1,1,2,0,0,1,0,0,0,1,1,0,1,4,0,1,2,1,2,0,3,1,0,1,0,1,2,0,1,2,0,1,1,4,1,0,0,1,2,2,3,2,1,1,1,2,4,1,0,2,0,2,1,0,1,1,1,3,2,0,2,1,4,1,5,1,5,6,3,4,4,4,7,2,2,7,5,3,7,4,0,10,7,4,3,9,11,6,13,6,6,7,11,7,14,11,8,10,16,8,9,19,8,12,4,17,17,12,17,10,10,19,10,9,13,10,10,11,9,5,5,14,10,5,5,15,11,8,6,16,4,3,5,10,11,6,11,8,2,5,8,4,4,9,3,7,5,6,8,7,14,7,5,11,10,7,4,8,3,5,11,9,6,8,6,9,5,10,6,5,11,7,4,9,12,6,11,11,11,11,15,13,8,17,8,14,9,14,18,13,8,15,14,11,4,11,3,14,17,9,16,E
[12:01:48.000] 5108000,31.810,20,3227,1,0,3,0,3,1,1,3,1,2,4,0,1,0,0,1,1,2,2,1,0,0,2,1,2,1,2,1,1,4,2,4,0,2,3,1,1,1,3,0,2,5,4,2,3,1,1,3,5,2,4,2,1,1,3,1,3,0,0,3,1,1,1,3,5,1,6,1,2,1,3,5,3,3,2,7,4,5,6,6,5,5,10,10,5,14,10,5,10,19,14,19,24,17,25,20,29,23,29,28,34,30,40,40,37,32,58,42,38,39,52,62,53,50,59,45,57,49,51,52,49,45,41,47,48,33,47,42,43,27,34,27,34,28,23,22,36,23,25,16,21,13,26,20,14,15,15,12,20,15,15,17,19,14,12,17,13,22,15,9,12,16,12,18,19,22,10,21,17,19,22,25,16,20,27,22,27,25,32,19,23,23,19,18,22,29,22,23,27,28,28,29,30,35,28,25,23,35,25,36,36,32,34,30,42,41,37,52,42,28,35,48,50,40,47,35,49,33,52,42,46,41,43,53,53,46,33,46,58,58,53,64,57,50,68,54,65,60,46,82,80,72,68,82,69,74,73,69,73,68,87,90,67,87,88,96,2,0,0,0,0,1,0,0,1,1,0,0,1,1,1,0,0,0,2,0,0,0,1,1,0,2,0,0,1,0,0,1,2,0,0,0,2,0,1,0,0,0,0,0,0,0,1,1,1,0,0,0,0,0,0,0,2,1,1,1,0,2,0,0,1,3,2,1,0,2,2,4,1,0,1,2,0,2,1,2,1,2,1,1,3,3,1,1,0,0,3,1,1,1,1,1,0,0,1,1,3,0,0,1,2,2,3,0,4,2,1,2,1,2,0,2,1,1,2,6,1,5,2,3,2,2,1,4,5,5,5,9,4,4,1,8,6,3,6,6,11,7,14,7,8,10,9,15,11,12,7,8,17,13,11,9,11,16,10,13,12,13,12,13,10,11,18,6,10,7,8,14,9,10,14,13,10,8,10,8,7,8,7,11,6,6,11,8,14,6,4,14,6,3,6,6,2,6,6,5,5,5,10,6,7,3,7,9,7,5,2,6,8,13,9,3,7,7,4,7,7,9,9,8,6,8,14,8,11,7,9,10,7,10,8,4,8,19,9,12,6,15,15,13,8,18,18,13,13,15,8,11,17,12,9,11,E
[12:01:50.000] 5110000,31.964,20,3229,2,1,0,0,1,1,2,2,0,1,0,3,1,0,0,0,0,0,1,2,0,0,0,2,2,1,1,0,0,3,1,2,2,0,1,0,2,0,1,1,1,1,1,0,2,1,3,1,1,1,3,1,3,4,2,3,2,5,2,4,2,3,3,2,2,3,1,6,2,3,1,4,4,2,5,4,4,5,2,6,6,6,7,8,2,10,10,14,7,7,12,10,17,16,19,32,29,21,25,38,36,33,26,42,36,40,35,52,40,44,48,51,71,55,51,48,48,51,47,39,47,45,54,32,39,41,40,34,39,30,39,33,28,28,23,21,24,15,21,24,22,20,27,16,14,14,20,20,17,15,20,23,9,19,15,12,19,14,25,14,15,14,19,18,13,19,18,21,12,14,22,19,27,16,24,25,28,24,12,28,28,25,29,21,28,31,27,28,29,32,33,21,27,38,32,28,22,35,40,22,36,29,22,36,33,27,35,39,41,47,47,36,41,51,40,41,54,40,45,43,39,45,54,41,58,50,53,53,46,48,61,56,58,61,51,64,56,66,70,60,69,81,75,64,73,76,70,70,82,83,79,102,79,87,102,86,0,0,1,0,0,0,1,0,1,0,1,1,0,0,0,0,0,0,3,1,0,0,0,2,1,0,0,0,0,0,0,0,1,1,2,0,1,0,1,1,0,1,0,1,0,0,0,1,0,2,3,0,1,1,0,2,0,1,0,1,2,0,1,0,1,1,0,0,2,0,1,1,2,1,3,1,0,0,0,1,0,0,0,1,0,0,1,1,1,1,2,1,1,0,1,1,4,3,1,0,1,3,0,1,1,1,5,0,3,1,1,4,1,2,1,1,1,2,1,2,4,2,2,4,5,4,1,3,3,7,5,5,5,5,8,4,6,5,8,8,13,7,8,6,4,9,14,6,18,14,7,9,9,16,19,12,8,16,12,4,8,12,10,8,10,8,14,16,10,12,14,11,12,14,9,12,11,14,11,14,13,10,9,4,12,11,4,7,10,8,13,8,10,6,6,4,3,3,7,5,6,5,6,8,11,3,9,8,4,8,7,2,11,12,6,8,10,7,13,12,10,8,19,6,5,8,16,13,5,7,7,13,8,15,11,8,14,17,7,12,12,18,12,17,15,10,10,12,21,18,10,18,21,10,15,10,E
[12:01:52.000] 5112000,31.934,20,3344,0,0,0,0,1,1,1,0,0,3,1,0,2,1,0,2,3,0,0,3,2,1,2,1,4,2,3,1,3,0,3,2,2,3,1,4,1,3,3,1,3,1,1,4,6,2,5,4,1,1,2,1,3,4,6,2,1,3,3,0,3,4,4,6,1,1,4,4,3,8,2,6,4,6,2,5,4,3,6,5,6,3,5,13,5,9,8,7,9,12,11,17,14,20,22,28,21,29,34,32,23,30,24,34,45,39,51,40,50,38,46,39,44,44,58,52,47,65,47,42,50,51,58,43,55,46,38,37,28,42,36,28,28,30,29,33,21,23,32,15,21,18,24,15,15,20,16,10,21,17,12,14,13,19,12,13,14,13,12,19,22,17,15,17,17,17,21,22,20,20,26,18,18,21,25,25,31,18,30,24,16,26,15,20,27,24,32,24,29,30,25,30,34,26,30,29,46,31,37,32,38,28,37,24,28,32,31,39,34,38,31,46,40,45,41,51,46,47,37,52,46,52,47,55,39,59,44,63,65,62,66,51,63,59,69,71,65,76,66,75,66,81,81,73,72,81,83,79,81,86,87,104,92,88,97,104,1,1,0,0,1,0,1,0,0,0,1,0,0,1,1,0,0,0,1,0,0,1,0,0,0,2,0,1,0,0,0,1,1,1,0,3,0,0,0,3,0,1,1,0,0,1,2,1,0,1,0,0,0,3,1,0,0,1,1,2,1,0,1,1,0,1,0,0,0,1,1,2,1,0,1,2,0,2,0,1,0,1,0,2,3,1,2,1,0,0,5,1,3,3,0,1,3,2,0,3,0,1,0,2,1,0,1,1,0,3,2,0,1,1,2,3,2,1,5,3,7,1,2,5,5,5,4,3,4,5,1,3,2,3,6,5,7,6,8,6,10,4,4,9,12,8,13,10,15,11,11,7,10,12,10,6,13,9,14,8,15,14,11,9,15,16,16,12,13,8,8,13,14,7,12,9,8,11,9,8,8,10,8,6,12,10,10,7,5,6,8,10,2,8,5,6,7,7,9,11,8,8,2,7,11,9,7,13,9,8,6,9,3,11,3,2,9,9,11,10,8,17,7,3,4,10,13,11,10,7,11,11,6,7,10,14,14,15,9,11,18,17,9,13,14,11,10,11,10,17,10,13,16,10,14,13,E
[12:01:54.000] 5114000,31.843,20,3381,0,2,0,2,0,2,0,1,0,0,0,1,2,1,1,2,0,0,1,1,1,1,3,0,3,3,1,5,3,1,2,1,1,4,2,1,0,2,6,2,2,8,2,3,2,2,2,2,1,2,4,2,2,3,1,3,1,3,2,3,2,2,4,4,5,5,4,4,5,2,3,2,2,2,6,7,4,7,9,5,9,7,5,7,15,10,6,15,7,6,16,17,20,17,23,19,22,36,27,24,26,25,24,35,35,49,52,42,47,42,51,62,54,43,55,75,59,58,52,37,53,59,44,41,53,38,33,37,30,38,43,31,34,26,32,25,26,17,23,14,21,20,26,16,13,13,22,16,15,19,14,19,17,16,12,22,17,14,26,17,20,27,19,14,18,16,19,15,19,16,19,19,22,21,30,16,17,16,28,21,22,17,24,25,24,29,28,30,35,33,27,29,28,41,31,33,29,31,35,34,42,25,37,33,50,34,38,34,39,33,38,50,29,37,55,37,52,47,37,53,48,50,51,64,48,49,62,60,53,52,50,55,63,65,80,80,55,73,62,64,69,62,84,68,81,90,70,82,79,76,75,76,90,110,93,100,0,2,0,0,1,1,1,2,1,0,0,1,3,0,1,1,0,2,1,1,3,0,0,2,0,0,0,1,0,1,1,1,0,0,1,0,0,0,0,0,0,1,0,1,1,2,1,0,0,1,1,3,1,0,1,0,1,1,0,2,1,0,2,1,1,1,0,0,2,2,3,1,1,2,2,3,2,1,2,2,2,0,3,1,0,3,0,3,3,2,0,0,0,0,1,1,1,0,2,3,0,2,3,2,2,4,1,1,4,1,0,4,4,2,4,6,1,4,2,1,1,3,2,4,5,0,3,4,2,7,6,3,3,7,2,10,8,4,4,8,11,5,8,15,3,12,10,12,11,6,10,7,13,9,11,14,11,11,21,10,9,11,11,10,10,13,8,10,7,14,6,13,11,7,13,15,7,9,7,12,11,11,10,11,4,8,4,10,5,6,11,11,7,6,8,9,6,3,9,8,10,10,6,8,4,14,2,8,15,6,8,10,4,1,6,8,9,16,7,10,7,3,5,7,5,4,11,14,8,8,13,13,5,8,6,7,16,11,13,10,8,6,10,9,15,12,19,10,18,15,10,14,12,11,19,13,E
[12:01:56.000] 5116000,31.877,20,3420,0,0,3,2,1,1,0,1,1,0,3,1,0,4,0,2,1,3,2,2,1,2,0,1,1,3,1,0,1,1,1,2,5,1,0,4,3,1,2,1,0,6,1,3,4,1,4,1,0,3,2,1,0,1,4,3,4,1,2,3,3,4,2,4,0,0,2,2,2,4,3,3,4,2,7,3,3,2,4,5,7,6,4,4,9,12,11,15,10,17,10,16,18,14,18,19,21,23,30,36,28,34,25,42,47,39,44,48,44,53,44,59,38,58,47,51,63,53,48,50,46,61,50,56,41,37,36,34,38,36,25,41,37,28,23,23,27,29,28,25,29,19,15,17,18,16,18,11,14,18,19,18,14,16,17,16,18,20,28,10,20,15,17,24,12,20,14,19,25,19,15,20,25,24,18,28,24,20,33,23,24,20,26,36,25,35,25,30,27,25,32,37,27,32,42,23,32,28,29,43,42,27,35,43,45,40,42,40,46,46,51,47,56,41,33,57,44,47,45,48,57,56,52,53,55,66,41,48,67,66,51,53,56,59,60,53,63,49,86,69,80,71,72,79,77,68,88,86,85,83,77,81,96,98,94,95,0,1,0,1,0,0,0,1,0,0,0,0,0,0,1,1,3,0,0,0,0,0,1,2,1,0,0,0,2,1,1,0,1,0,0,1,0,2,1,1,1,1,1,0,0,1,0,0,0,1,1,0,0,1,0,0,2,2,3,1,3,0,0,2,3,2,0,0,1,0,2,2,4,2,1,2,1,1,1,1,0,1,0,4,2,3,1,0,1,0,0,0,2,3,4,2,3,0,2,0,3,0,2,3,1,1,2,2,1,2,3,1,5,3,0,3,2,4,3,2,5,6,5,2,4,3,4,2,5,3,3,6,5,8,8,3,8,7,7,6,11,9,6,13,8,6,10,13,13,10,7,10,12,13,13,14,21,16,8,17,11,12,17,8,14,16,12,14,15,17,13,16,12,13,15,11,8,7,4,8,14,7,6,9,7,7,10,6,7,8,4,7,6,4,3,8,5,11,6,8,7,6,8,8,5,5,6,4,11,8,8,11,10,7,7,7,11,8,4,9,17,11,8,7,10,12,14,10,8,5,12,10,10,8,8,9,5,8,14,11,10,11,12,11,7,15,17,14,10,13,9,17,10,12,19,18,E
[12:01:58.000] 5118000,31.888,20,3401,0,1,1,0,3,1,0,0,1,2,0,0,1,2,1,1,2,2,3,2,2,3,1,1,1,2,1,3,3,1,1,4,4,2,0,1,1,2,0,2,2,1,5,3,0,2,2,0,2,2,1,0,0,1,3,4,3,2,1,2,4,3,3,5,3,6,4,4,4,3,5,5,4,8,5,6,8,3,4,4,3,2,7,9,6,11,14,12,14,17,18,19,17,20,15,18,22,23,28,31,39,35,35,36,49,46,38,37,41,56,46,41,53,47,49,45,47,53,43,44,44,55,53,43,50,46,47,38,40,35,30,30,37,31,26,20,22,26,16,19,18,33,16,19,17,21,13,23,14,16,13,23,13,12,13,18,14,17,11,15,12,14,21,24,20,16,23,14,19,18,17,19,20,24,20,19,25,20,20,28,23,30,25,26,25,25,36,34,32,26,38,25,23,32,31,40,40,41,35,33,32,32,50,33,32,46,34,38,47,40,47,38,35,48,55,39,52,40,43,44,39,52,57,50,51,41,62,47,64,61,60,74,61,66,57,64,76,64,76,74,76,86,72,92,82,70,86,86,91,73,74,99,90,80,106,97,1,0,0,1,0,1,0,1,1,1,0,1,0,0,0,2,0,0,0,0,0,1,1,1,0,0,0,0,1,1,1,1,1,0,1,1,0,1,0,0,1,0,1,0,1,3,1,0,1,0,2,1,0,0,1,0,0,1,1,0,3,0,1,2,0,1,1,0,2,1,1,0,2,2,1,1,0,1,1,3,0,2,3,1,1,0,0,1,2,2,1,2,0,1,2,0,1,1,0,2,2,2,3,2,2,3,2,5,0,3,1,1,3,1,2,0,5,3,3,6,4,2,2,4,4,6,2,3,7,7,5,3,7,3,13,9,9,9,12,9,7,6,4,8,8,6,13,8,8,14,12,12,7,14,15,7,9,12,14,8,17,12,14,14,16,15,9,25,7,7,10,9,7,9,11,9,10,12,11,10,6,9,11,9,7,11,3,9,10,10,8,9,7,7,5,5,7,12,8,9,9,6,6,10,8,4,7,7,1,7,7,13,10,4,9,7,11,6,12,11,10,9,18,14,4,9,10,9,7,10,10,7,5,11,10,13,13,14,8,12,14,9,21,11,19,10,11,16,16,5,10,10,6,16,16,18,E
[12:02:00.000] 5120000,31.808,20,3417,0,1,2,1,0,1,0,3,1,1,0,1,1,1,1,1,1,0,2,1,1,1,3,1,3,0,3,0,0,2,1,3,0,1,1,2,0,2,1,1,2,1,1,2,3,0,2,4,3,1,1,5,4,9,2,4,3,1,3,2,1,6,0,3,2,5,3,4,4,1,2,2,6,8,2,9,7,5,5,2,5,4,4,8,11,9,14,14,13,10,10,11,14,19,21,16,19,26,26,21,46,41,28,27,36,44,45,48,49,47,50,41,50,54,53,57,60,53,51,47,51,58,66,43,44,62,39,44,37,41,32,36,35,31,22,29,24,22,26,18,24,25,14,22,24,13,14,25,14,15,15,21,14,15,15,14,21,20,11,12,18,19,12,25,19,12,18,21,20,23,21,28,24,18,32,20,22,25,30,20,28,23,18,19,27,25,17,39,24,22,35,29,23,32,27,34,29,31,28,45,37,32,34,37,32,36,37,37,38,42,30,40,45,38,45,54,54,45,37,45,68,54,49,57,48,42,48,54,71,56,71,63,73,72,87,65,65,68,73,59,71,94,71,86,81,78,72,84,81,71,111,73,83,82,98,103,0,1,0,0,1,0,2,1,0,0,0,0,0,1,0,1,0,0,0,1,0,0,0,0,0,0,2,2,1,0,2,2,0,1,1,2,0,2,0,0,0,0,0,0,0,1,0,2,3,2,2,0,1,0,0,0,1,0,0,1,1,1,1,1,0,0,0,3,0,0,0,0,1,2,0,0,1,0,1,0,0,2,0,0,3,2,3,1,0,1,1,1,3,1,1,0,0,1,2,0,3,2,1,1,1,0,1,3,0,1,3,3,1,3,4,4,2,3,3,1,5,1,3,4,2,4,8,6,3,5,6,3,3,1,6,8,7,4,6,9,5,8,11,7,11,11,5,10,15,13,7,6,10,20,9,13,10,12,13,13,12,14,13,14,8,11,17,7,12,14,15,13,15,11,13,4,14,6,6,10,6,5,9,6,11,12,10,8,7,8,10,8,5,8,12,8,1,9,8,2,7,11,8,7,10,7,4,5,5,10,6,7,9,10,9,10,9,7,8,8,14,6,8,15,7,8,9,8,11,7,7,14,9,5,8,11,7,10,10,9,13,8,12,9,6,13,16,10,8,15,16,23,17,11,19,8,E
[12:02:02.000] 5122000,31.882,20,3527,0,0,0,2,0,1,3,1,1,1,0,0,1,2,1,1,0,0,1,4,0,0,0,1,2,2,1,1,2,1,0,4,4,1,3,2,0,3,4,2,1,4,5,1,1,3,2,3,2,2,2,3,3,3,3,2,1,5,2,7,6,3,1,2,5,1,3,1,2,6,4,8,6,1,4,9,0,8,6,6,6,5,8,10,13,12,10,8,11,14,10,20,13,23,18,20,17,25,30,24,35,31,39,47,51,49,57,47,47,49,42,49,54,53,69,57,62,68,54,54,54,52,49,42,43,47,41,42,37,34,33,30,28,39,18,19,27,32,21,23,16,23,15,19,18,15,14,14,18,13,18,16,13,11,18,13,13,19,23,16,22,12,21,20,15,21,23,31,31,25,24,16,20,18,23,25,27,16,23,16,18,38,25,37,23,21,25,30,34,32,29,33,27,24,18,30,28,31,29,31,31,29,40,35,30,37,30,46,38,51,42,32,42,53,60,46,52,65,58,48,55,44,61,56,55,62,46,73,53,50,66,66,54,56,72,65,76,75,73,81,83,102,84,82,97,67,69,91,93,92,94,81,85,95,92,103,0,1,0,0,1,0,2,0,1,1,0,0,0,0,1,1,0,0,1,2,1,0,1,0,0,0,0,1,0,0,1,0,1,1,0,0,0,1,0,0,1,2,0,0,0,0,3,1,0,1,2,0,0,1,0,1,1,0,1,1,0,1,2,4,1,0,1,0,1,1,0,0,1,0,0,2,0,0,0,0,2,0,0,1,2,0,0,1,1,0,3,0,3,2,1,4,2,0,1,0,2,4,0,1,0,0,1,3,2,2,2,1,2,4,1,6,0,2,5,7,3,2,5,4,8,2,5,3,4,6,5,6,9,10,4,7,2,5,8,6,11,9,11,5,13,11,10,15,15,11,12,19,11,9,11,12,13,14,15,20,14,14,11,10,9,15,14,12,13,9,12,10,8,12,12,14,10,13,12,11,11,10,7,9,10,5,10,11,7,7,7,8,4,7,8,8,10,4,5,9,8,9,11,6,2,2,6,4,13,6,8,6,10,11,11,12,11,8,9,11,3,10,9,7,11,9,8,7,15,13,9,15,13,16,12,9,8,12,17,14,9,15,14,12,12,11,13,6,16,16,15,11,15,8,13,10,E
[12:02:04.000] 5124000,31.739,20,3650,1,3,0,1,2,1,0,1,3,4,1,1,0,0,0,0,3,1,4,0,2,2,3,2,0,2,4,1,2,2,0,2,3,0,1,1,1,2,2,2,3,2,0,0,1,1,3,3,3,0,3,3,1,0,2,3,2,2,2,2,0,2,5,3,4,0,2,2,4,1,3,5,3,7,2,7,5,7,2,8,6,9,2,10,6,10,13,8,11,14,14,9,19,26,19,21,31,21,29,39,37,40,28,34,49,41,44,46,51,49,50,64,60,57,50,50,66,69,57,63,50,56,47,51,50,47,43,47,46,42,33,34,35,33,31,29,31,19,35,14,17,15,16,14,21,17,17,22,17,19,17,15,16,22,14,24,18,15,13,15,20,12,21,17,17,19,16,23,13,19,19,22,22,24,26,22,19,29,33,19,24,34,25,29,27,35,29,24,28,36,25,34,42,32,42,29,43,36,44,34,37,46,31,39,30,42,29,28,47,49,41,59,50,45,47,58,58,51,62,46,56,51,44,61,55,61,61,60,70,59,64,70,66,64,65,82,60,75,69,74,80,74,72,75,86,88,81,84,86,95,110,97,111,93,111,116,0,0,0,0,2,0,2,2,0,0,1,1,0,2,2,0,1,0,0,0,0,0,0,0,0,0,1,0,1,1,1,0,0,1,1,0,0,1,0,2,0,2,1,2,1,1,0,0,1,2,0,0,0,0,0,1,0,1,0,0,1,0,0,0,0,3,1,2,0,1,3,1,1,0,2,0,1,1,0,1,1,6,0,1,1,0,2,1,1,3,0,1,5,1,0,3,2,2,2,2,1,1,3,1,0,3,1,3,2,1,3,2,0,5,4,6,2,1,5,3,3,4,2,3,4,3,6,4,3,6,8,6,7,4,3,10,9,6,5,7,9,8,18,16,9,11,8,6,10,14,9,9,10,18,10,10,16,19,15,16,13,15,14,9,20,13,13,14,16,20,17,16,9,12,10,15,10,5,11,11,5,7,6,9,5,6,10,12,8,14,12,12,8,13,6,8,10,8,14,11,5,7,9,10,10,10,4,9,4,13,11,12,9,7,8,14,8,10,8,13,9,9,10,5,9,8,7,10,15,8,13,4,10,12,11,12,18,12,13,9,11,6,28,12,11,11,17,15,13,18,16,10,8,14,15,17,E
[12:02:06.000] 5126000,31.719,20,3867,3,0,2,0,1,2,1,2,3,1,0,0,2,1,4,0,1,1,1,4,0,0,1,1,2,3,1,3,0,0,5,0,3,1,3,2,1,3,4,3,2,3,2,4,1,3,2,3,2,3,1,4,4,3,4,0,5,4,6,2,6,4,3,2,5,3,4,4,3,2,1,7,2,4,6,4,7,4,5,6,4,13,7,8,8,12,16,16,12,4,15,17,20,7,28,19,29,26,23,25,29,44,39,41,57,42,52,49,43,59,60,56,49,60,66,62,64,66,35,47,56,63,61,45,59,47,39,38,49,32,32,45,32,36,31,37,28,33,31,19,38,22,25,28,19,21,25,26,14,20,19,18,10,12,15,25,18,13,26,24,23,20,24,18,33,23,27,20,25,19,32,17,24,17,20,24,27,32,21,23,32,24,28,27,37,33,31,28,31,26,34,39,36,38,27,39,23,39,42,54,44,38,41,38,41,49,49,39,54,31,45,44,59,49,43,50,54,39,47,59,56,56,57,62,78,66,61,63,58,72,82,76,73,86,60,71,74,78,98,74,108,100,78,81,88,105,103,103,102,97,92,97,86,112,95,96,2,1,1,0,0,0,0,0,0,0,1,0,0,0,0,1,1,0,1,0,0,1,0,1,1,1,3,0,0,1,0,2,1,0,1,1,1,0,2,2,0,0,3,1,0,0,1,1,2,0,0,2,1,0,0,0,1,2,1,4,1,0,0,1,3,2,0,2,1,1,0,1,3,3,0,5,1,0,2,2,2,1,1,1,1,2,5,3,1,1,0,2,0,4,1,1,1,1,3,1,4,0,2,0,3,0,5,0,6,4,1,2,1,3,1,3,1,6,6,5,1,1,4,3,1,3,3,3,9,4,8,8,4,9,6,6,9,11,13,10,7,5,11,12,12,14,12,9,9,14,16,14,15,9,17,12,10,15,18,16,15,12,18,10,13,15,12,17,11,10,11,8,18,12,9,13,14,10,12,10,6,9,12,12,15,10,11,4,5,9,12,8,10,10,7,5,9,10,8,7,6,7,4,7,6,3,8,4,8,14,7,10,8,9,11,12,11,9,12,9,11,13,7,9,17,13,8,14,7,13,7,14,10,13,12,8,9,7,12,9,19,14,15,5,12,5,10,9,14,23,18,5,14,21,18,22,E
[12:02:08.000] 5128000,31.615,20,4051,1,1,2,2,1,0,1,1,1,1,1,0,1,2,1,0,0,0,3,1,2,1,0,1,1,1,3,1,4,2,4,2,2,1,0,4,0,2,5,1,0,2,3,1,1,4,1,2,3,1,6,3,1,4,2,3,2,2,5,4,2,3,3,1,1,8,3,2,3,5,6,3,1,1,8,4,5,5,3,11,10,10,8,11,7,9,17,10,18,18,9,16,22,19,26,31,26,27,32,36,29,33,31,47,45,48,59,48,55,54,57,49,57,60,67,56,80,48,62,58,52,60,62,66,57,44,55,38,58,48,31,50,41,48,28,25,25,27,25,25,26,25,29,19,26,21,20,18,23,15,20,16,12,14,24,13,22,21,16,22,20,25,25,30,20,25,20,19,27,19,27,26,23,35,29,21,26,36,22,28,24,40,33,30,25,35,30,27,42,31,27,31,30,38,40,34,41,29,37,50,38,41,46,41,50,29,51,39,58,48,62,46,50,59,53,71,63,66,72,51,68,64,72,64,65,89,60,66,61,79,77,64,65,73,92,71,81,80,86,85,98,89,91,93,104,95,82,97,117,83,107,90,108,118,104,111,0,0,1,0,0,0,0,0,1,0,1,0,0,0,0,0,0,0,0,0,2,0,1,0,1,1,0,1,0,2,1,1,0,0,1,1,1,2,0,1,1,2,1,1,1,1,2,2,2,2,3,0,1,0,1,0,1,1,1,1,1,0,0,1,0,2,0,0,2,0,3,1,1,1,0,1,1,1,1,2,1,0,2,0,0,3,0,0,1,3,3,1,2,1,3,5,4,2,1,1,3,1,2,5,1,5,3,6,5,1,4,1,6,3,2,3,2,3,2,1,3,1,4,1,2,4,3,3,4,5,3,1,4,7,9,4,10,2,7,7,7,9,7,10,9,11,7,4,10,14,9,12,15,12,23,15,16,13,12,15,13,15,19,12,12,12,13,15,14,13,9,10,21,10,14,10,11,15,8,11,10,8,18,12,13,11,12,11,7,18,12,9,5,8,5,14,7,11,12,12,10,10,7,5,8,10,11,9,9,8,7,10,7,13,11,13,10,9,13,9,9,7,12,11,9,14,16,11,10,11,13,16,9,15,17,16,9,13,11,16,15,18,14,25,8,12,15,10,9,18,20,21,18,21,18,20,E
[12:02:10.000] 5130000,31.667,20,4268,0,2,4,0,1,0,2,3,2,0,2,0,2,2,2,0,2,1,5,1,1,2,2,2,0,4,0,1,1,1,2,1,1,5,2,5,2,0,3,4,2,3,3,4,2,2,1,1,4,6,0,6,3,4,0,3,3,4,1,1,5,5,3,4,4,2,2,3,5,6,3,5,2,7,6,6,7,3,4,4,14,10,4,6,9,5,12,16,13,14,17,15,16,28,33,28,35,29,31,40,36,49,44,49,52,50,50,51,59,59,63,72,64,63,65,61,77,72,60,61,74,63,59,52,53,65,43,55,39,34,37,42,38,36,45,37,37,37,26,20,27,26,21,26,21,22,22,19,30,18,22,22,20,18,21,23,17,16,18,20,18,11,21,30,27,23,11,20,22,26,26,28,21,26,27,30,38,29,24,27,29,29,34,33,32,28,27,34,44,31,39,30,35,36,31,45,31,42,47,51,53,53,49,58,44,43,50,49,54,63,56,60,41,52,63,57,53,63,56,57,68,55,63,63,65,72,59,74,75,91,93,84,72,72,89,75,88,90,84,86,98,96,91,82,102,104,78,101,113,106,107,125,135,103,115,121,1,0,0,0,0,1,0,1,2,0,0,1,0,0,1,0,1,1,0,0,0,0,1,1,0,0,0,0,0,0,3,1,0,1,1,1,1,0,1,0,0,1,0,0,0,2,2,1,2,0,0,1,2,3,0,2,0,0,3,1,1,1,1,4,1,0,2,1,1,0,1,2,1,1,1,3,0,2,0,1,1,2,0,0,0,1,2,3,5,1,1,1,1,2,4,0,0,3,1,2,0,2,1,3,5,2,2,1,1,6,3,3,1,4,3,4,1,3,3,4,3,7,5,2,7,6,6,5,8,5,5,5,7,5,3,5,10,10,10,12,4,9,15,15,14,7,10,18,8,13,14,14,12,13,11,17,11,15,17,22,17,14,13,12,14,15,16,9,18,21,15,13,17,8,13,15,17,13,18,18,7,23,14,9,8,16,11,10,5,6,6,6,9,12,7,14,12,10,5,8,9,10,11,9,11,11,8,12,10,8,4,5,12,13,13,9,11,7,10,14,12,15,7,10,12,14,11,12,13,11,13,19,14,19,18,6,13,10,11,16,17,22,15,13,12,12,22,20,21,20,14,18,13,11,16,20,E
[12:02:12.000] 5132000,31.561,20,4688,1,0,0,3,0,1,0,0,3,0,1,0,2,0,2,1,0,2,1,3,2,0,1,3,1,3,1,4,0,3,0,2,1,2,3,0,1,2,2,3,4,1,1,1,1,2,3,4,4,5,3,3,1,9,3,1,2,5,6,4,2,7,4,4,4,4,4,4,5,3,7,4,7,7,7,6,6,7,11,6,9,9,7,9,7,14,13,17,20,20,17,29,20,29,21,34,42,33,37,46,39,53,48,53,62,54,60,69,71,65,72,83,66,63,54,69,78,74,81,70,78,71,61,72,60,63,45,66,53,53,41,48,45,39,47,38,26,25,34,29,23,41,24,32,13,24,27,28,24,22,19,16,15,25,20,35,20,22,22,23,21,29,20,27,32,31,26,30,25,27,40,30,32,28,39,25,34,25,34,35,29,43,39,36,44,32,30,28,37,45,45,44,42,53,45,45,45,58,49,41,46,44,51,46,54,58,56,57,60,44,62,61,53,64,59,51,78,61,80,74,69,77,61,86,85,67,70,76,61,72,53,87,93,96,62,74,75,97,93,83,96,106,85,97,111,132,114,96,135,137,127,143,102,126,126,129,0,0,0,0,1,1,3,2,1,1,1,1,1,1,2,0,1,2,0,1,0,0,1,0,0,0,1,1,1,0,0,3,0,1,0,0,1,3,1,1,1,2,0,1,1,0,1,1,3,0,1,3,0,1,2,0,3,0,0,3,0,1,1,1,0,2,1,2,0,0,2,0,2,2,1,0,2,1,2,2,2,2,3,0,1,1,2,4,4,2,1,1,2,4,2,5,4,2,1,7,1,4,2,0,3,3,2,2,4,3,2,1,1,4,3,3,3,3,8,7,4,6,5,5,5,4,2,11,8,12,8,8,11,8,13,9,8,8,11,11,7,13,10,20,17,15,15,15,11,15,10,15,15,14,14,10,18,13,22,22,17,20,27,14,19,11,21,16,14,10,12,19,8,21,16,12,20,14,11,16,16,11,13,16,7,8,9,7,13,14,9,7,12,12,12,9,10,11,11,9,5,9,10,9,9,11,13,9,5,9,9,20,9,10,19,8,12,17,17,19,8,14,3,13,10,7,13,11,16,16,16,15,21,9,22,10,15,13,14,14,16,14,13,14,14,14,15,16,21,20,20,22,21,16,22,23,E
[12:02:14.000] 5134000,31.466,20,5160,0,2,2,1,0,2,0,3,3,2,3,0,0,2,1,3,0,3,1,3,4,3,4,5,3,1,3,2,6,5,1,1,1,5,0,1,2,2,5,2,4,0,4,4,6,4,3,3,4,3,7,4,6,3,5,6,5,2,4,3,6,5,4,3,4,4,7,3,3,2,5,9,6,7,5,3,15,5,8,8,12,13,7,10,10,8,10,11,14,18,13,24,16,29,28,30,25,48,46,42,55,51,57,66,40,53,63,80,61,79,86,68,70,75,84,72,60,76,76,77,76,84,88,68,81,51,71,63,60,65,38,57,52,40,45,35,32,44,34,41,20,27,38,26,27,36,26,35,30,29,25,29,28,13,25,27,33,19,23,15,25,20,21,24,32,28,24,30,32,28,25,31,33,28,30,27,35,31,39,37,49,36,41,36,38,34,32,51,48,39,46,36,52,41,39,49,55,37,55,66,53,53,55,60,52,78,68,71,69,62,65,67,65,67,66,68,78,72,59,70,74,88,87,75,90,90,74,90,94,92,82,79,107,115,97,87,98,105,89,130,108,124,112,115,114,124,124,125,132,120,144,129,139,144,145,139,0,0,1,1,2,0,1,0,0,1,0,0,1,0,0,1,0,1,0,1,2,0,2,2,0,0,0,1,3,0,3,1,1,2,0,1,1,1,2,0,1,1,1,1,0,1,2,2,0,1,1,0,1,1,1,1,1,0,1,3,1,0,1,0,1,2,0,3,2,2,3,5,0,0,0,2,1,2,2,2,3,3,3,1,2,3,4,1,1,3,4,0,0,2,5,2,0,3,1,3,0,3,4,0,3,2,4,4,5,2,2,2,2,1,1,3,4,3,9,3,7,3,4,8,4,6,7,4,3,3,4,9,8,6,5,10,10,9,10,13,16,10,18,14,16,13,17,18,19,18,14,13,22,15,15,14,20,21,11,19,18,14,12,21,11,20,16,15,19,25,17,15,16,18,21,20,10,14,14,13,18,15,13,10,15,15,16,11,7,12,15,8,8,14,18,11,6,14,16,13,16,9,12,11,4,11,11,5,15,10,6,8,6,13,12,11,12,14,15,18,7,15,9,14,14,24,9,15,13,18,14,21,18,8,13,12,18,16,16,7,13,20,22,18,24,21,19,20,18,19,19,19,24,14,25,15,E
[12:02:16.000] 5136000,31.544,20,5620,0,1,3,2,1,2,0,0,1,1,1,2,3,1,3,4,1,4,1,2,0,3,2,2,1,1,1,4,3,5,2,1,2,3,4,4,4,2,2,6,3,0,1,3,2,4,4,3,4,1,5,4,4,4,4,5,4,4,7,5,7,3,4,6,4,3,3,7,5,6,10,12,6,10,7,11,10,4,9,10,15,9,9,14,13,11,16,19,16,31,26,21,32,28,28,52,41,49,40,42,46,45,58,58,64,68,60,80,60,75,82,81,82,76,79,86,89,83,105,93,91,91,71,76,79,77,74,65,69,66,65,51,43,41,47,43,52,44,37,28,34,39,35,30,31,32,27,33,20,34,22,21,18,16,28,22,20,33,30,23,24,26,27,28,34,26,28,29,30,23,31,40,49,39,36,39,48,33,36,48,29,40,30,45,37,35,44,42,44,50,64,55,39,44,51,50,59,41,67,52,68,53,60,48,53,73,56,58,79,59,59,61,81,87,76,73,80,81,84,72,86,70,76,98,84,91,79,98,106,104,106,91,100,100,113,111,121,130,100,124,113,148,139,132,140,116,116,130,167,141,146,167,158,145,174,155,2,0,0,2,0,1,0,2,0,2,0,2,2,1,1,0,1,1,3,2,1,0,1,1,1,0,0,1,0,0,0,0,1,0,1,1,2,1,1,2,2,0,3,0,0,1,2,1,2,4,0,0,2,4,2,2,1,1,1,0,2,0,4,0,3,1,1,1,2,2,1,0,1,1,2,0,2,1,0,1,3,1,3,0,2,2,1,2,3,2,5,1,1,1,0,2,0,3,0,2,3,2,2,4,2,3,2,0,1,1,3,6,0,2,3,2,5,6,7,2,6,10,5,7,9,8,7,10,5,4,10,14,7,11,10,11,11,6,12,8,4,13,16,13,20,12,21,9,14,18,23,14,17,22,24,27,13,19,28,26,26,17,21,29,18,26,26,16,18,23,19,17,25,26,19,20,16,20,16,16,19,20,15,8,13,16,14,15,11,15,19,9,12,13,13,10,12,15,10,14,16,9,12,13,5,7,13,14,10,9,12,13,8,13,14,14,12,13,20,10,12,16,21,15,14,11,15,17,14,10,25,19,13,16,17,15,22,18,17,13,9,16,16,15,16,24,19,19,19,13,19,13,19,19,26,26,E
[12:02:18.000] 5138000,31.415,20,6232,1,1,1,1,4,1,0,1,2,3,1,2,2,0,1,1,1,1,1,3,3,4,2,4,1,2,2,1,2,4,3,1,2,1,5,4,2,4,4,2,1,5,7,3,5,5,6,3,3,4,4,2,6,5,3,5,2,6,4,8,7,6,5,8,3,9,7,3,7,5,3,12,9,4,10,5,12,9,9,12,10,14,9,7,14,19,21,12,16,18,16,18,30,40,27,32,34,40,38,65,59,67,57,76,85,84,70,61,105,91,92,76,98,101,79,101,111,102,77,94,73,99,90,78,85,68,83,74,82,76,54,62,47,64,40,40,49,44,38,42,35,28,31,34,24,36,32,30,37,26,30,19,31,32,33,25,35,26,28,38,34,29,37,46,33,41,24,48,44,38,41,25,34,39,33,47,37,54,49,59,54,51,50,50,42,50,52,57,43,49,58,49,59,60,75,58,66,59,61,61,71,68,81,72,63,60,69,63,70,76,68,77,86,87,83,71,92,99,91,100,98,96,107,97,94,86,113,100,89,85,121,115,113,120,103,127,123,123,110,148,145,133,157,149,143,170,140,130,160,151,159,151,170,169,172,176,0,0,1,0,2,2,1,1,0,0,4,0,0,1,0,1,0,2,0,1,0,0,2,1,2,1,1,0,2,1,1,0,1,2,2,1,0,1,2,2,0,2,1,1,1,2,2,3,2,1,1,1,1,1,4,2,1,0,2,2,4,2,3,1,2,2,3,0,1,0,0,1,4,4,1,1,0,0,2,2,3,2,3,4,2,4,1,0,3,4,6,1,1,2,1,3,3,1,3,2,2,7,4,3,3,4,2,4,2,3,4,1,2,5,2,6,7,7,3,5,3,7,2,6,4,5,8,8,12,8,7,8,10,12,5,9,13,12,15,11,11,23,22,18,16,19,19,11,12,23,25,21,20,21,19,18,21,30,24,24,24,23,23,22,26,21,29,22,25,21,18,23,21,21,12,20,27,14,23,24,19,17,9,18,21,27,15,13,22,21,15,14,17,12,14,21,17,13,11,14,9,15,11,14,16,10,14,13,16,6,14,18,12,11,18,16,19,14,19,17,9,18,15,17,14,22,15,8,19,15,18,20,22,8,20,18,24,17,17,23,21,23,15,17,22,22,25,27,24,20,35,29,26,28,12,25,E
[12:02:20.000] 5140000,31.280,20,6949,1,1,4,2,2,3,4,2,3,1,2,3,2,3,3,5,1,2,1,3,4,0,5,2,5,2,2,3,4,2,0,6,6,3,6,1,6,4,4,2,2,1,2,3,3,3,3,7,3,3,5,4,5,5,7,6,4,5,4,10,7,5,2,4,7,3,6,6,7,7,8,9,9,13,7,15,12,10,7,10,11,16,16,17,22,13,28,26,28,23,29,25,28,31,26,57,46,50,62,75,57,67,73,97,81,94,75,89,95,109,100,93,104,105,130,89,105,94,114,115,98,92,87,85,94,103,81,105,72,74,68,64,54,56,50,50,45,55,57,48,40,48,46,32,40,30,30,45,32,37,30,39,29,27,29,36,31,37,33,42,39,43,35,38,24,33,37,38,32,40,48,47,49,48,44,55,32,53,46,54,56,36,64,56,44,34,41,59,66,64,54,62,50,58,71,71,71,77,59,80,76,79,77,81,91,86,59,71,85,72,79,89,74,92,99,101,96,111,102,92,103,96,108,112,111,113,118,122,118,97,119,134,134,142,128,142,131,131,141,130,153,132,151,142,156,162,181,156,173,185,179,177,181,195,195,189,3,0,0,1,0,0,0,0,0,4,1,0,2,0,0,1,1,1,2,1,1,0,0,0,2,1,1,0,1,0,0,2,3,2,3,1,1,1,2,1,2,2,0,2,2,1,0,1,1,2,1,3,3,0,4,2,0,4,5,1,1,4,0,2,3,1,2,1,3,0,5,2,4,3,1,3,2,2,1,1,6,3,3,1,4,1,3,3,0,2,0,5,4,2,5,4,4,1,2,6,6,2,3,7,2,4,2,3,4,2,5,6,6,4,3,5,4,5,2,2,8,2,3,3,9,10,5,11,10,5,10,9,9,14,10,15,13,16,13,14,15,16,20,20,19,21,23,20,17,20,20,32,31,23,24,24,33,25,25,30,21,32,33,22,33,22,18,28,36,15,28,24,14,18,17,22,32,22,17,23,13,18,24,21,14,16,20,12,23,21,22,21,18,16,17,12,15,13,14,13,18,9,17,11,14,18,14,13,12,10,17,13,10,12,23,16,13,22,17,16,14,16,13,21,15,24,23,12,23,17,21,22,20,21,23,25,20,23,20,27,18,18,21,31,17,21,26,20,27,19,20,29,34,33,27,39,E
[12:02:22.000] 5142000,31.342,20,7748,1,4,1,1,3,1,5,2,3,2,4,5,2,6,1,1,3,2,2,8,4,3,2,3,6,3,1,4,8,1,5,5,4,2,3,3,5,3,5,4,5,4,6,7,4,6,10,12,8,8,3,4,5,3,8,6,6,3,7,10,6,3,9,5,9,6,6,5,9,11,10,11,7,9,7,7,11,15,13,13,7,14,12,15,19,15,29,22,23,26,26,27,43,48,41,46,68,61,58,67,73,81,69,94,90,86,97,106,106,98,112,121,125,115,110,120,115,121,123,103,108,119,104,114,111,121,84,92,88,83,97,67,67,51,73,65,61,54,47,60,33,38,41,34,34,39,44,29,38,39,46,36,40,43,45,31,37,33,33,34,41,47,38,44,51,34,48,39,46,38,55,49,47,51,45,63,62,50,46,64,44,60,57,52,65,59,63,52,63,76,59,73,73,80,73,68,66,81,55,80,83,75,83,86,90,87,103,76,79,106,100,101,99,82,106,105,124,105,106,104,111,112,102,119,127,118,115,139,117,123,135,147,173,158,128,152,142,170,159,163,159,205,165,166,199,178,178,201,199,196,194,198,207,203,197,223,1,0,0,2,1,1,1,1,0,4,1,0,1,2,0,0,0,0,0,2,4,0,1,0,1,2,1,0,1,2,1,4,1,2,2,2,3,1,3,2,2,1,7,2,1,0,2,0,2,2,0,3,2,0,1,2,1,3,6,2,4,0,3,2,5,1,3,2,3,1,4,1,2,1,2,3,2,3,2,1,6,0,3,3,4,2,4,2,2,4,5,3,7,5,3,1,6,2,3,4,3,2,4,4,2,3,6,4,6,4,11,7,7,6,2,7,3,2,5,1,9,8,5,10,7,11,14,2,10,8,13,11,12,15,14,12,15,16,7,18,24,26,12,20,22,15,21,27,24,14,14,20,29,32,34,25,23,29,35,24,28,24,40,28,23,33,34,28,23,30,25,29,27,28,34,23,21,23,27,27,11,15,19,21,17,22,15,12,15,21,21,18,18,16,18,12,20,14,12,12,18,12,14,18,22,11,15,12,11,13,24,19,20,16,19,16,18,21,18,19,18,27,23,23,19,21,18,20,27,28,22,18,20,25,23,24,24,29,29,34,24,24,15,24,19,27,25,26,26,35,26,33,41,33,41,31,E
[12:02:24.000] 5144000,31.177,20,8509,2,3,3,3,4,2,6,0,2,1,3,7,1,1,3,3,6,3,7,6,7,1,3,0,3,3,4,3,1,5,2,4,1,5,1,3,5,4,3,4,7,12,3,5,7,4,6,6,3,4,11,6,3,8,4,6,5,5,3,7,6,12,11,7,10,6,11,11,6,12,6,8,9,10,10,10,18,15,16,14,15,15,11,18,29,27,20,27,36,26,42,35,45,48,47,51,58,64,65,81,71,78,77,94,96,94,111,104,109,120,137,130,123,127,117,147,119,133,121,128,120,151,115,109,110,106,105,94,122,103,84,76,67,71,67,68,72,68,56,56,50,50,46,39,49,44,50,48,39,40,37,44,43,51,34,44,53,37,35,43,42,33,54,40,35,47,44,50,51,54,48,56,49,64,62,54,55,61,50,55,50,57,58,61,67,51,67,61,73,68,70,75,69,89,74,75,89,92,86,102,101,91,90,110,106,84,94,127,90,89,106,101,118,106,100,122,115,114,126,126,117,125,114,120,132,123,146,118,135,138,158,158,142,158,153,175,161,164,235,162,181,173,177,196,187,190,188,212,216,239,240,220,239,242,261,247,1,0,0,1,1,0,0,1,0,0,0,1,0,0,1,0,0,0,2,3,1,1,0,0,2,0,2,3,0,3,0,1,2,1,2,4,1,4,1,0,0,0,1,2,1,3,3,4,3,1,1,0,3,3,2,1,2,1,2,3,2,2,5,3,4,4,1,4,3,2,1,0,0,1,2,3,2,1,2,4,2,2,2,0,3,4,2,0,0,6,4,2,4,4,4,1,3,2,4,2,5,3,5,5,4,7,3,4,4,4,1,3,5,3,8,5,4,5,9,6,6,8,5,8,8,10,10,8,13,14,9,8,11,10,9,18,22,16,13,20,14,15,24,23,15,15,21,17,31,32,33,24,28,34,29,26,23,23,35,29,25,32,37,33,34,37,24,31,35,26,34,33,39,23,30,33,25,30,27,22,23,19,20,21,24,25,17,24,18,18,28,18,25,16,17,13,19,22,10,15,23,19,17,23,18,21,28,16,22,20,20,17,25,17,14,23,18,20,20,22,22,21,33,21,21,23,27,23,22,28,24,18,21,23,24,21,22,24,26,31,22,34,43,32,21,31,23,40,27,32,29,32,25,29,36,46,E
[12:02:26.000] 5146000,31.206,20,9118,2,4,5,5,3,3,2,2,6,2,5,6,5,7,6,3,3,3,4,3,4,6,4,5,4,4,3,3,4,2,5,6,6,4,5,1,3,5,4,9,4,10,5,3,6,6,3,5,8,7,4,6,5,8,6,9,6,6,13,10,6,5,8,7,12,11,8,9,8,14,11,9,10,13,12,8,13,12,17,16,17,13,16,16,26,31,18,26,27,48,44,48,40,51,48,56,64,81,73,73,84,81,89,103,100,97,121,141,125,132,121,143,137,138,162,134,135,149,125,138,120,150,130,139,128,129,95,119,89,99,97,86,79,85,65,66,68,59,55,68,61,42,69,49,44,47,48,43,45,49,48,38,49,38,42,50,37,49,62,43,47,34,47,55,54,41,54,43,65,50,52,47,65,55,57,55,55,62,77,63,53,65,69,73,71,54,83,65,75,68,85,70,71,76,76,75,76,111,119,100,97,83,88,87,79,92,107,118,103,136,98,115,125,125,118,122,115,122,140,120,151,139,151,134,126,155,150,174,161,153,160,135,175,178,174,177,169,176,170,190,181,191,191,204,189,233,221,222,217,220,235,251,226,263,267,264,2,1,2,0,3,2,0,2,2,0,0,1,2,1,0,3,0,1,1,0,3,3,4,2,2,1,1,0,2,1,1,1,2,2,0,4,5,0,1,1,4,3,1,2,4,0,1,4,3,0,2,3,2,4,5,1,3,4,4,0,1,6,1,1,3,2,3,1,3,1,2,3,3,1,5,4,3,1,4,2,5,3,3,2,3,1,1,3,3,7,3,3,2,4,3,3,6,5,3,3,7,3,6,6,2,3,5,3,5,4,3,6,3,4,8,9,4,3,6,8,8,6,2,7,12,8,13,8,17,9,15,12,13,10,15,13,19,16,18,12,17,18,17,25,29,24,26,32,37,32,22,30,30,30,30,28,28,32,36,38,32,25,32,39,30,41,37,33,34,35,36,31,37,23,23,39,24,21,38,34,14,26,16,30,22,24,23,22,20,13,18,22,24,16,19,22,23,16,20,15,17,23,17,18,19,17,22,24,13,23,22,11,23,13,30,28,19,22,21,19,22,26,26,20,19,33,25,21,30,30,22,22,32,21,35,32,26,22,26,30,21,27,42,35,36,24,36,22,36,40,34,39,38,26,34,33,E
[12:02:28.000] 5148000,31.219,20,9874,3,1,2,3,4,4,2,2,1,3,3,4,8,6,3,5,2,6,3,5,3,4,5,1,5,2,3,2,6,7,4,5,7,4,6,3,7,6,3,4,7,3,5,2,9,5,2,10,3,6,7,5,9,11,2,5,6,8,6,6,14,3,14,9,10,8,9,6,12,11,14,10,16,11,8,17,18,18,20,18,16,13,27,32,22,19,20,31,29,38,41,40,49,55,42,57,70,58,84,78,95,83,92,119,114,109,97,122,142,164,123,168,158,149,161,156,151,161,141,139,136,116,133,132,156,135,129,105,89,128,96,87,100,97,85,75,60,74,63,63,53,55,57,46,54,55,55,41,47,55,52,35,43,48,47,44,52,46,46,49,46,52,59,51,57,54,60,49,54,58,56,70,58,67,84,62,49,57,66,63,73,77,75,70,77,66,88,73,88,72,71,82,90,98,92,99,108,94,103,122,106,95,101,107,109,92,122,100,130,107,131,133,133,154,126,141,170,151,140,132,138,147,150,135,161,171,189,149,169,189,183,174,174,170,193,159,201,176,212,190,210,196,224,209,242,231,267,229,264,271,244,271,274,246,270,285,0,1,1,1,2,0,0,1,0,3,1,0,1,2,2,1,1,2,0,2,0,2,1,2,2,1,1,1,2,1,5,1,1,0,2,2,3,1,2,1,0,4,1,6,6,2,1,2,4,0,0,2,2,3,2,4,3,0,1,1,1,1,3,3,2,5,1,3,3,1,2,5,2,3,2,6,2,4,3,8,4,3,1,3,0,3,4,4,1,6,3,3,3,5,4,8,6,7,7,7,3,5,7,3,6,2,6,5,2,7,2,9,5,7,5,7,8,9,7,8,6,6,11,5,8,10,8,11,8,11,11,11,11,16,14,13,29,20,18,23,20,32,28,19,25,23,33,39,23,25,27,34,33,31,29,32,34,38,37,42,44,38,37,49,34,50,38,29,33,29,23,32,36,36,31,30,28,25,29,29,24,21,38,25,23,24,23,28,21,22,30,28,17,34,19,33,22,20,23,19,19,26,16,31,16,19,27,23,18,23,20,14,23,23,19,32,27,14,30,26,28,18,17,21,30,26,31,28,31,28,35,30,28,31,35,34,40,32,39,29,37,33,37,44,37,32,39,38,39,37,39,36,40,50,41,46,E
[12:02:30.000] 5150000,31.125,20,10322,4,2,6,1,5,2,5,3,2,2,2,2,5,5,3,5,2,1,1,5,2,5,6,2,1,8,3,2,4,6,6,4,5,4,6,4,5,5,3,2,10,8,9,6,5,10,9,7,10,10,8,13,2,10,9,12,9,5,9,5,10,9,7,6,5,10,12,14,9,6,10,10,9,16,13,18,17,16,10,12,12,21,18,21,16,27,24,30,31,31,54,46,58,51,55,68,73,74,84,85,82,101,92,116,123,149,144,135,147,149,121,153,154,171,162,156,170,165,170,143,151,165,158,127,141,133,147,120,107,113,117,98,85,75,90,78,80,66,61,83,62,57,66,61,65,45,45,42,45,46,50,50,54,56,44,45,60,43,58,50,39,55,48,53,64,50,62,61,56,71,71,65,70,54,73,58,73,74,73,71,68,70,94,66,77,82,83,82,93,78,101,90,93,79,100,89,96,109,89,106,88,101,108,113,113,109,126,95,144,143,139,125,133,117,138,133,134,135,175,137,159,137,157,174,179,159,187,184,177,175,184,193,188,218,200,180,186,206,205,225,211,224,232,238,238,246,244,239,267,244,264,262,295,290,291,265,0,2,2,0,0,1,1,2,2,0,3,1,3,1,2,0,2,1,4,2,3,3,1,2,1,2,0,3,3,0,0,2,3,1,1,2,5,3,3,4,1,1,1,3,2,4,2,3,3,3,3,0,2,2,6,1,2,2,3,2,0,0,2,0,7,4,4,2,1,4,1,3,2,4,4,2,6,3,3,1,3,1,1,3,3,3,4,6,5,3,6,7,5,4,1,4,5,7,6,3,2,2,5,3,7,5,4,7,4,9,11,10,6,5,3,9,10,9,10,9,6,9,6,3,13,18,18,11,11,14,13,19,14,22,22,25,19,19,21,15,29,25,24,21,36,32,34,35,46,27,27,33,36,33,42,30,29,32,25,40,39,41,46,49,41,46,39,39,42,39,33,38,31,35,23,39,25,35,33,39,39,29,38,30,23,19,27,24,23,26,27,16,23,16,27,15,22,22,17,18,25,26,18,25,28,22,28,15,16,17,28,23,22,25,25,21,22,28,24,26,31,21,25,36,25,36,30,25,35,35,30,39,25,20,32,32,34,27,36,37,31,32,29,28,32,40,31,38,34,48,39,41,38,50,57,37,E
[12:02:32.000] 5152000,31.102,20,10693,2,2,4,3,2,5,5,6,2,2,5,7,4,7,3,4,4,3,5,3,7,6,2,4,4,2,3,4,5,4,7,3,7,6,1,4,7,4,3,3,9,6,6,7,11,2,3,7,5,4,5,5,6,2,8,7,15,6,6,6,7,13,10,8,3,10,7,12,9,10,13,18,8,13,11,13,10,13,24,16,27,28,21,17,23,25,16,44,38,38,30,58,48,55,63,62,73,77,106,93,100,126,119,118,113,119,136,133,151,154,132,141,163,166,170,188,187,165,162,145,158,164,169,129,153,148,149,130,110,107,100,103,112,94,93,89,67,68,74,83,67,55,63,51,58,59,48,44,53,40,49,46,48,53,50,54,46,54,51,67,72,47,79,48,46,48,58,64,56,74,66,68,72,59,57,73,56,77,76,68,71,88,68,81,81,89,99,96,82,91,104,123,100,103,96,80,91,99,97,114,121,103,124,107,108,116,115,112,130,137,135,132,136,125,161,150,138,141,159,175,157,166,169,163,192,181,174,182,177,205,201,198,190,231,229,207,214,223,214,226,201,225,218,208,245,240,254,251,296,274,257,270,266,289,252,293,1,1,2,2,4,1,0,3,2,1,1,0,2,2,4,1,2,0,1,2,4,0,4,1,1,3,3,4,2,3,2,2,1,2,1,3,3,3,2,1,4,2,1,3,0,4,2,4,0,4,1,0,4,2,0,3,3,1,2,2,4,2,5,2,3,3,1,3,4,4,5,3,2,1,8,3,5,4,6,2,4,2,4,4,0,2,8,4,4,4,2,3,7,3,2,2,9,4,4,4,3,4,5,5,9,3,6,4,4,4,9,5,7,9,1,7,10,7,8,10,7,10,11,12,9,11,9,8,9,16,12,16,8,18,17,12,30,20,27,14,30,27,26,25,30,24,23,28,31,36,31,40,35,32,35,43,44,35,46,21,35,32,38,36,41,37,44,34,36,42,34,43,38,29,28,32,32,35,42,28,30,22,29,26,26,25,37,23,31,23,30,30,23,25,17,29,24,22,18,14,24,28,24,20,25,23,25,24,26,16,28,27,22,21,28,32,33,22,32,26,23,27,25,30,27,33,33,28,32,26,37,36,28,29,31,21,29,36,31,41,36,37,30,40,31,34,40,28,31,51,40,47,42,45,40,47,E
[12:02:34.000] 5154000,31.110,20,10961,1,6,3,5,8,7,5,4,3,2,6,6,3,1,0,3,4,4,2,6,5,5,1,5,10,6,4,7,5,3,3,4,9,7,5,12,4,3,5,5,7,6,4,2,11,6,4,12,6,7,4,4,14,7,6,11,4,7,9,13,6,9,6,12,7,13,6,13,13,9,18,15,13,14,11,10,16,11,13,27,16,27,19,18,37,31,35,31,26,37,54,48,55,44,58,60,66,103,89,92,113,104,112,112,130,131,120,136,164,192,185,152,155,162,166,174,150,175,174,160,152,155,171,139,151,127,133,104,122,110,99,92,95,86,87,81,81,81,73,63,70,63,72,65,51,46,57,47,62,50,44,51,45,38,46,52,56,55,55,36,48,66,56,55,51,56,53,62,62,76,61,69,79,67,68,72,82,68,95,78,76,79,85,84,99,77,89,93,91,97,100,99,87,103,113,109,104,101,121,108,126,117,114,101,113,118,139,123,123,137,125,141,149,158,130,157,148,156,159,174,149,198,169,192,175,187,192,177,188,194,185,199,203,204,196,225,206,211,230,241,232,250,266,228,241,260,290,273,283,271,272,280,304,282,299,294,1,0,2,3,1,4,1,2,0,2,0,1,0,1,2,1,1,1,0,1,0,2,4,4,0,2,1,1,0,1,3,0,1,2,0,3,4,3,1,0,2,0,0,4,1,0,4,3,2,3,0,3,1,2,3,4,4,6,3,2,2,5,2,2,1,1,2,4,2,0,3,1,3,4,1,3,3,3,3,6,2,1,2,12,5,7,4,6,6,3,6,8,1,8,2,4,7,3,2,3,6,2,3,8,5,3,2,3,3,6,1,8,10,9,6,5,6,5,9,3,8,7,11,7,12,13,10,11,13,14,11,18,14,15,18,11,19,21,28,24,28,23,28,33,23,33,34,33,33,40,31,34,48,51,35,39,42,46,35,49,47,50,34,52,41,33,47,31,37,36,38,35,30,36,36,38,43,36,35,32,26,37,33,27,31,31,32,23,29,23,22,23,23,20,19,26,31,21,26,21,22,25,23,19,27,19,27,19,28,26,19,26,28,26,32,28,30,23,29,24,33,38,25,34,32,24,26,19,35,37,27,39,38,32,35,29,29,34,35,34,31,31,44,29,35,41,34,36,40,42,37,43,47,37,39,43,E
[12:02:36.000] 5156000,31.177,20,10835,4,2,4,2,2,3,3,4,2,7,6,6,2,4,1,8,5,9,3,3,4,9,5,3,2,6,3,3,5,6,3,1,5,6,9,5,6,3,4,6,8,7,4,3,11,6,14,15,8,14,7,7,10,14,5,8,7,2,9,11,14,10,4,18,9,6,10,12,14,19,16,10,7,8,17,16,12,11,17,11,22,29,15,22,24,43,38,28,30,44,44,52,58,70,70,77,59,68,86,77,101,136,110,121,138,131,123,131,154,139,166,168,151,177,161,190,193,173,179,141,183,147,127,138,136,137,131,129,124,109,98,96,107,101,99,74,70,89,76,78,74,67,63,68,46,80,51,44,56,49,54,42,50,49,53,48,54,60,56,62,46,59,62,59,58,56,58,57,70,58,58,71,67,74,63,69,60,58,76,77,81,93,78,85,69,88,94,91,101,92,95,92,111,95,91,87,92,105,119,110,108,107,110,128,108,125,127,129,119,138,128,128,158,142,131,131,157,146,137,150,144,161,161,161,167,191,193,171,192,177,223,167,177,209,194,202,232,238,215,208,253,214,233,238,266,253,269,270,307,264,281,281,309,283,270,288,2,2,0,0,1,0,2,0,3,1,1,0,2,1,2,1,1,1,1,3,3,2,3,0,3,0,0,3,0,3,0,2,3,1,0,2,3,1,2,3,1,3,2,5,0,3,2,1,3,1,4,3,3,1,5,2,1,2,4,0,2,4,5,3,4,3,3,6,3,1,6,3,4,5,4,5,7,6,4,1,8,5,5,2,2,5,2,3,3,4,1,3,4,5,6,5,4,5,3,3,7,5,6,5,5,4,6,5,4,3,4,7,7,10,7,8,6,11,10,9,6,11,13,17,12,8,13,8,16,13,9,10,22,20,16,18,14,11,18,22,16,24,26,33,25,31,23,40,32,34,34,33,39,34,27,33,33,42,33,37,43,24,48,20,49,47,41,46,47,37,33,54,35,40,31,29,20,33,28,23,22,27,23,28,37,30,29,31,32,21,34,29,17,30,16,26,26,22,32,18,23,20,24,22,30,22,22,22,15,21,19,27,25,25,18,19,26,33,28,26,20,28,28,36,26,31,31,33,39,35,27,40,30,29,35,31,45,28,38,33,42,30,50,42,25,43,40,38,33,43,38,37,38,42,34,45,E
[12:02:38.000] 5158000,31.129,20,10734,3,8,3,3,3,4,12,2,3,4,4,4,2,4,4,6,6,4,7,6,6,2,5,6,6,5,5,3,6,4,2,2,4,5,9,2,2,1,3,11,4,8,2,7,4,7,7,4,7,5,9,8,2,7,6,7,8,8,8,12,15,10,15,12,7,10,7,13,5,18,11,8,14,14,13,19,19,18,20,21,28,22,25,26,34,29,23,34,24,32,40,47,45,54,61,60,68,77,93,91,84,106,116,107,122,118,169,135,118,125,135,187,163,142,185,174,151,173,155,149,176,141,143,160,153,142,127,130,93,105,109,105,103,91,104,83,70,72,75,86,76,69,73,64,49,56,62,51,61,47,49,56,32,53,56,44,49,49,59,55,60,42,50,66,53,56,65,61,56,58,60,71,73,60,71,55,82,64,79,80,85,77,97,60,77,81,86,92,78,100,92,102,88,88,115,116,92,109,108,118,113,116,104,109,113,136,122,131,138,138,133,134,145,138,164,153,157,161,166,139,156,168,161,183,176,196,201,191,180,175,212,198,176,236,231,205,221,193,209,200,207,234,236,236,250,238,260,271,247,258,275,264,268,267,267,308,0,1,3,2,1,1,0,1,4,1,0,2,0,4,2,2,1,2,0,0,2,1,0,1,1,1,3,1,2,1,1,0,0,1,0,2,0,1,2,0,2,0,1,6,4,1,3,3,1,3,4,3,1,4,3,3,2,2,2,4,4,3,4,2,0,2,3,4,2,5,2,3,1,4,3,3,8,5,2,4,3,4,4,6,1,6,9,1,6,4,1,6,5,2,4,2,6,6,5,5,5,4,6,7,3,8,7,5,7,5,6,7,8,3,8,8,6,6,7,11,6,8,8,10,13,10,6,9,14,10,13,18,20,21,24,24,28,18,20,21,18,21,20,31,16,30,23,31,23,25,39,33,44,31,37,30,48,55,44,34,34,32,42,42,40,31,39,41,39,39,43,32,48,42,30,38,29,38,31,40,26,38,27,38,19,21,29,31,23,21,26,19,27,15,22,19,21,33,28,32,28,19,29,15,25,19,18,20,30,27,27,26,31,31,24,24,25,24,29,34,21,34,20,30,33,27,19,27,35,29,33,22,24,28,35,33,40,28,41,27,37,39,29,38,49,45,42,41,35,37,38,48,43,33,58,56,E
[12:02:40.000] 5160000,31.088,20,10218,1,1,4,5,3,1,1,3,4,2,3,4,4,3,6,6,5,3,7,3,2,3,7,2,3,2,4,4,7,3,3,4,4,5,4,6,4,8,8,4,4,10,5,3,5,8,5,3,8,9,4,4,6,5,5,5,7,10,8,6,4,8,10,9,10,6,9,6,12,4,7,9,12,15,12,15,5,14,21,20,19,19,20,29,8,34,34,25,41,41,50,42,52,71,54,75,75,75,94,87,93,106,97,104,114,129,127,141,144,125,166,155,154,151,137,155,131,170,146,162,156,153,160,121,127,123,111,117,128,112,123,101,82,83,107,101,89,76,58,64,69,73,60,49,62,49,46,51,45,51,57,57,48,45,42,54,47,54,43,50,49,44,47,69,57,53,43,53,74,55,60,62,61,59,63,71,64,73,69,76,69,78,64,81,88,96,112,80,79,98,78,100,102,89,89,102,98,102,98,91,109,90,116,100,97,110,108,118,104,143,142,128,130,131,126,159,124,177,165,134,160,156,166,136,153,178,179,178,188,174,173,221,184,203,203,185,187,196,205,216,221,200,210,241,216,231,205,240,226,266,251,288,248,272,282,290,1,1,1,0,3,0,0,1,2,2,2,2,2,3,3,0,1,1,1,0,3,3,4,1,0,1,4,0,0,3,1,1,2,1,2,3,1,1,3,4,2,4,3,2,4,3,2,2,2,1,4,3,2,3,1,3,1,4,1,5,1,4,2,3,1,0,3,4,1,2,3,1,2,2,6,4,3,2,4,4,3,2,2,6,4,2,3,2,3,5,8,6,6,9,4,3,5,6,2,8,7,10,5,4,6,4,4,5,4,7,2,6,7,9,4,5,10,3,11,7,7,7,12,15,12,8,7,17,6,12,17,18,25,17,19,17,23,20,22,14,22,31,20,34,22,22,28,28,23,27,29,46,24,32,43,41,38,46,29,34,32,29,36,45,44,37,24,44,31,37,46,33,38,31,31,35,35,30,24,29,20,20,37,30,38,25,24,23,12,29,30,22,19,18,20,29,18,19,17,23,16,22,21,21,26,27,20,18,24,19,27,17,19,17,28,22,32,28,21,25,24,25,32,28,29,24,24,27,32,23,37,34,39,38,39,39,34,43,41,28,35,32,35,33,44,36,34,45,40,51,27,37,33,41,50,39,E
[12:02:42.000] 5162000,31.164,20,9786,3,4,1,1,2,4,3,4,4,2,3,3,5,5,2,6,3,6,3,5,2,4,1,3,4,2,5,7,3,3,4,8,3,3,4,3,4,6,5,4,4,0,6,7,2,4,3,7,7,5,8,6,8,8,8,10,11,7,6,17,8,10,8,10,3,12,7,13,13,13,8,12,14,7,12,16,15,12,8,16,23,23,11,19,32,24,26,26,34,44,41,54,42,58,39,59,66,82,65,89,93,95,89,108,121,130,111,128,118,148,157,141,156,146,165,176,161,160,130,160,132,146,158,135,123,110,118,133,133,85,114,91,75,72,68,67,64,68,59,76,60,52,59,53,43,47,50,40,45,44,48,53,32,41,49,57,39,59,48,48,41,37,68,69,41,53,62,55,64,58,48,70,74,67,63,80,61,65,59,62,71,73,75,74,75,71,80,96,73,88,87,92,73,100,89,100,85,90,85,98,90,105,106,88,111,108,113,143,114,101,124,128,107,117,143,136,169,132,149,155,157,137,127,158,147,178,157,164,158,169,163,209,185,182,213,179,221,185,187,168,195,206,219,214,201,245,255,227,213,249,234,235,265,265,253,275,2,0,1,2,1,2,1,1,1,1,0,0,0,0,1,0,1,2,1,1,2,1,3,1,0,0,3,2,3,1,2,4,0,2,2,0,2,1,1,1,3,3,2,1,2,1,2,3,3,2,2,0,4,4,4,1,2,1,3,2,2,3,2,2,1,5,3,1,2,2,3,4,5,0,4,6,5,3,0,2,7,2,4,1,2,2,3,5,4,5,4,2,6,3,4,4,5,4,3,6,2,3,4,5,2,3,4,5,2,8,4,8,3,5,6,5,10,11,9,5,15,6,8,10,14,10,17,16,9,8,10,14,14,15,14,12,18,23,27,17,28,21,17,27,33,30,23,34,32,31,28,33,31,36,27,44,29,39,31,36,56,32,27,38,35,32,36,41,41,34,30,37,44,34,26,28,23,27,23,30,35,26,23,33,19,28,25,19,29,18,21,17,24,20,17,24,28,13,29,9,22,14,15,25,14,24,22,19,26,31,20,23,22,19,16,24,21,30,29,21,23,28,21,30,27,26,40,29,37,36,23,25,33,29,30,33,26,28,34,30,37,29,34,43,44,41,41,38,33,34,34,34,47,43,39,26,E
[12:02:44.000] 5164000,31.027,20,9002,1,1,1,3,1,4,2,3,2,4,1,3,4,1,4,2,7,4,1,7,5,6,1,3,9,3,7,6,5,3,6,3,4,5,2,1,4,4,4,4,6,7,9,3,2,5,7,2,8,8,6,7,6,1,6,6,9,5,6,6,3,9,5,9,10,8,11,9,12,17,7,13,12,8,13,11,10,11,17,16,15,21,14,25,28,24,37,29,19,41,38,51,42,52,57,53,42,68,63,66,85,85,92,102,93,105,109,115,139,142,139,138,150,146,126,126,142,137,147,136,128,116,140,110,121,110,122,92,79,111,95,90,89,85,75,73,52,49,62,60,61,60,59,36,51,46,48,39,44,40,48,31,42,51,30,54,47,45,39,46,41,39,44,56,44,36,45,43,60,70,60,58,53,51,55,55,70,54,70,64,73,66,56,62,67,63,73,75,65,62,75,80,101,87,100,82,90,91,84,111,103,99,85,104,123,84,96,96,113,93,113,118,108,117,125,131,105,145,126,134,152,127,132,153,145,137,161,139,182,166,168,143,167,168,163,148,159,202,214,190,181,196,200,218,209,183,189,208,218,203,231,249,242,239,234,256,0,3,3,3,0,1,0,2,0,0,3,1,0,1,3,3,1,0,0,1,2,3,1,1,3,0,1,2,2,2,1,2,0,5,2,6,0,5,0,1,1,1,2,1,1,2,1,2,3,3,2,1,2,3,1,4,7,3,2,2,4,5,0,1,6,3,3,2,3,4,1,5,3,5,3,2,4,3,2,3,3,1,3,3,2,3,3,4,2,2,3,5,5,7,4,4,3,2,3,7,2,6,2,4,6,3,3,5,5,4,6,6,3,3,3,5,12,6,6,11,10,5,13,7,8,11,13,12,9,10,7,11,12,10,12,14,14,17,15,21,16,19,18,29,22,30,12,28,31,26,29,24,30,38,39,29,28,29,22,35,32,41,36,37,25,19,27,29,42,37,17,29,27,33,23,29,33,22,33,24,35,24,23,27,32,22,30,27,16,26,13,25,20,17,23,14,27,20,18,17,24,13,18,24,17,26,17,11,20,14,8,22,22,19,17,17,17,16,25,17,19,31,24,21,23,29,26,18,21,23,18,23,31,21,25,40,25,29,32,35,27,36,29,34,32,37,24,37,29,40,36,36,44,47,49,29,E
[12:02:46.000] 5166000,31.221,20,8279,4,1,2,2,3,2,0,3,3,3,0,3,0,4,2,6,4,4,3,0,5,2,3,3,2,7,2,4,2,3,2,4,0,3,5,4,2,3,5,3,3,5,6,3,4,3,3,7,4,6,3,6,5,6,5,2,8,4,6,8,4,10,8,11,10,6,7,2,2,8,6,9,6,10,9,11,8,11,15,19,7,22,15,17,19,33,27,21,20,27,41,33,37,49,55,61,62,75,78,60,81,76,90,88,82,109,107,122,101,128,114,118,126,106,115,127,134,142,120,130,122,124,118,108,104,127,84,111,99,89,77,84,79,76,68,56,68,69,43,52,52,50,50,42,49,37,45,47,28,33,43,47,42,30,37,40,37,32,42,29,36,39,38,59,48,44,46,55,41,36,51,55,55,54,54,51,58,52,49,61,68,43,51,73,47,51,66,74,71,63,83,85,67,64,66,66,80,79,85,79,91,84,90,82,89,82,103,91,105,105,98,87,102,104,110,132,125,108,117,135,142,100,117,127,128,122,136,148,144,144,138,132,167,174,150,161,165,160,170,160,182,184,190,190,179,190,220,213,201,207,216,225,237,252,250,203,2,1,3,0,2,1,1,0,0,2,0,3,3,1,3,0,2,3,0,1,1,3,0,1,1,1,1,0,1,1,2,2,4,2,3,2,0,4,2,3,1,1,0,1,0,3,1,4,0,2,2,0,2,0,2,1,1,2,0,3,2,3,3,2,4,4,1,1,2,1,1,4,7,2,6,1,4,1,1,1,5,2,6,4,1,3,3,2,3,3,0,1,4,5,2,4,6,3,6,5,2,2,3,4,1,7,6,4,2,6,4,2,6,6,7,6,8,9,2,7,6,13,8,9,1,7,11,8,7,11,8,8,10,23,12,14,14,18,22,15,21,24,23,18,18,23,24,20,25,24,31,33,33,23,19,26,22,21,31,29,34,25,26,27,38,23,25,36,31,30,24,15,38,31,26,18,19,22,28,17,23,27,24,18,24,26,21,19,16,17,19,14,25,20,14,13,15,13,20,17,25,26,17,23,16,26,19,19,16,14,23,23,16,25,23,20,22,19,27,12,22,16,28,30,21,26,21,21,24,21,16,32,22,27,27,18,27,27,23,33,30,24,34,23,24,41,23,39,20,30,31,34,35,33,38,38,E
[12:02:48.000] 5168000,31.180,20,7446,1,1,1,1,1,4,0,1,2,1,5,1,3,3,0,3,4,1,5,2,4,2,3,1,8,3,0,5,4,5,4,2,2,6,1,2,4,3,2,4,2,9,6,2,3,12,3,9,1,4,3,4,9,2,4,6,3,2,5,2,10,7,9,6,11,11,6,9,5,8,11,6,12,7,8,11,15,9,13,6,11,18,21,13,14,15,19,18,25,29,29,31,37,38,40,46,49,57,66,73,60,86,64,87,81,103,81,104,99,99,109,120,120,107,116,97,134,125,114,112,109,108,104,100,92,105,83,89,74,84,77,74,66,74,68,59,62,50,65,51,50,47,45,35,45,36,37,36,32,39,39,35,33,30,31,30,30,38,39,43,25,37,27,44,33,52,47,44,37,40,37,50,42,42,61,50,46,49,67,44,65,50,54,54,49,59,62,71,70,66,60,54,66,57,72,68,61,70,71,68,82,94,105,75,86,82,97,85,96,87,92,89,97,102,96,102,121,97,90,118,101,113,111,113,113,115,114,116,121,116,123,134,147,135,148,137,151,136,167,158,161,153,138,157,163,188,156,202,205,180,200,180,193,209,201,208,1,0,1,1,2,0,0,0,1,1,1,2,0,3,0,1,3,2,0,0,1,1,1,1,0,3,0,0,1,0,3,1,2,0,1,1,4,0,2,0,4,1,1,1,1,0,1,0,1,3,2,5,2,1,0,1,1,1,1,3,0,1,1,5,2,1,3,1,6,1,1,0,5,2,0,3,0,2,3,2,3,1,3,4,5,2,1,3,1,4,3,4,1,3,4,2,4,9,2,5,4,2,3,2,6,3,0,3,1,4,5,7,1,5,3,7,3,8,6,8,4,6,6,6,12,10,9,9,2,8,13,7,14,10,9,9,11,14,15,23,16,20,18,14,20,27,12,21,16,30,27,22,34,32,23,42,21,34,26,30,17,30,28,28,35,32,27,32,33,19,28,26,34,34,42,24,27,25,28,28,13,17,17,14,21,16,23,19,20,18,9,9,16,21,14,25,15,17,13,20,20,14,11,11,15,21,10,17,22,19,12,14,23,16,15,12,11,23,13,20,19,21,19,19,17,21,24,21,24,18,25,24,28,23,22,21,19,30,29,21,22,22,23,23,27,19,34,18,32,28,25,29,32,28,29,30,E
[12:02:50.000] 5170000,31.214,20,6822,3,2,1,0,0,3,4,0,3,0,3,0,4,2,5,8,1,4,4,3,1,5,6,3,3,3,2,1,2,3,3,2,3,1,7,2,3,5,2,4,6,8,4,5,3,1,1,3,2,3,6,2,3,4,7,6,7,2,6,3,4,5,9,3,5,6,10,8,10,6,8,8,6,8,5,9,7,10,13,10,10,6,7,13,13,19,24,26,21,28,23,36,32,45,39,53,57,49,54,58,58,72,51,70,74,84,93,87,97,85,88,105,113,107,110,101,113,121,99,102,97,81,73,96,95,97,84,81,74,84,62,72,63,76,52,39,51,57,48,37,38,46,36,33,32,41,36,20,40,40,42,38,31,37,32,27,22,38,23,31,35,35,29,33,57,47,29,33,42,48,39,38,45,46,46,45,41,44,48,53,54,48,40,48,53,66,47,57,52,54,64,60,59,61,74,72,70,66,72,72,71,52,79,69,61,80,91,81,71,75,92,96,74,86,97,91,101,95,94,83,113,94,82,117,107,105,110,115,128,125,121,138,129,117,134,124,121,146,129,126,145,175,153,174,151,158,166,173,186,169,159,192,172,168,195,191,0,0,1,1,1,1,0,1,0,0,1,0,1,1,1,1,2,1,1,1,0,2,0,4,0,1,4,0,0,0,2,0,2,0,2,0,0,0,0,1,1,2,2,0,1,1,1,2,0,2,0,0,1,2,2,2,1,1,1,3,1,2,2,2,4,3,4,1,6,2,3,4,3,4,1,1,1,3,2,0,2,4,4,2,3,3,4,2,4,4,1,4,1,2,3,3,2,5,4,2,1,3,4,5,2,5,4,5,2,2,2,4,4,7,5,4,10,2,4,7,7,8,7,1,5,11,8,10,9,9,8,9,17,7,9,12,11,12,19,11,13,23,16,20,9,17,19,18,16,23,18,23,16,14,21,24,16,26,20,22,26,32,27,19,25,29,26,26,19,27,19,20,26,24,23,19,16,29,19,14,22,19,21,22,19,28,18,23,20,22,12,16,20,19,17,20,11,16,13,17,20,14,10,17,18,15,10,15,19,15,17,12,14,8,14,15,12,15,16,13,9,13,19,15,21,14,21,17,15,18,20,19,11,13,19,22,26,12,25,19,15,28,38,25,17,24,17,30,28,28,25,36,36,27,29,41,E
[12:02:52.000] 5172000,31.299,20,6065,2,3,3,1,4,2,2,1,1,1,0,1,5,2,1,2,2,2,0,3,2,1,0,1,5,1,2,1,3,3,2,5,3,2,3,4,1,4,3,2,1,3,3,2,2,4,1,2,10,6,1,7,1,5,3,1,2,1,0,4,6,2,8,8,7,1,7,6,3,2,7,11,9,4,7,5,8,10,9,9,14,11,9,11,14,22,11,20,20,24,25,20,25,32,35,34,39,43,44,44,42,58,73,64,63,83,95,77,78,89,73,105,81,93,70,92,110,84,89,104,83,108,80,90,75,77,83,75,84,57,58,62,55,54,46,56,41,43,52,43,30,33,37,32,37,32,38,27,29,27,32,29,29,30,32,26,30,26,33,28,29,36,45,31,26,30,29,30,33,34,34,36,27,46,28,45,47,40,30,42,61,42,66,44,47,44,48,44,62,55,61,66,44,52,51,54,71,56,55,46,55,71,51,74,73,69,72,75,78,83,76,77,78,72,94,81,73,73,81,74,89,91,94,97,81,120,103,105,97,97,122,104,114,122,106,121,119,116,124,106,138,125,149,150,138,135,151,156,127,161,151,168,174,137,184,172,1,0,1,0,0,0,0,0,1,0,1,1,0,1,1,1,0,0,0,2,2,3,1,0,1,1,1,1,1,0,1,0,0,1,1,2,3,0,3,2,0,0,0,0,2,2,2,1,2,0,2,0,3,1,2,0,2,2,1,3,1,6,1,2,1,5,1,1,1,0,1,2,1,5,1,1,1,0,1,3,1,2,2,0,4,2,2,2,4,0,3,2,2,3,3,2,4,2,3,3,2,3,2,3,2,3,1,5,0,2,2,3,1,7,4,6,1,3,4,0,3,3,6,5,9,6,7,10,7,15,9,9,6,7,9,9,9,12,9,16,14,12,8,15,14,20,18,14,18,17,16,16,23,30,16,21,22,27,23,24,15,24,18,24,15,15,24,23,21,22,19,19,15,25,19,33,20,18,14,25,24,28,15,16,14,16,11,11,17,17,14,13,12,23,15,18,11,20,15,16,10,14,15,14,11,15,11,10,17,15,18,16,16,8,10,12,17,14,11,16,9,14,17,20,20,11,21,19,30,18,16,19,12,9,18,25,14,19,15,17,14,22,31,19,26,16,15,27,18,21,13,28,13,18,25,25,E
[12:02:54.000] 5174000,31.321,20,5469,2,2,2,3,0,3,1,2,2,1,0,2,2,3,2,2,1,2,3,2,3,1,2,2,1,4,1,3,0,4,1,2,1,4,2,3,2,4,2,1,6,3,1,4,3,3,1,1,4,5,2,3,2,3,3,9,6,9,3,2,6,4,8,4,6,7,7,6,9,8,12,10,6,6,2,8,4,4,7,8,8,9,14,14,14,16,14,17,18,22,25,23,25,34,34,37,32,47,45,43,51,69,39,74,60,70,56,82,72,65,62,83,79,95,103,74,95,88,76,89,82,85,78,70,62,75,64,43,64,68,63,60,47,45,41,41,44,32,41,42,27,24,37,22,25,34,36,21,27,23,24,23,22,22,24,30,20,30,25,28,26,31,26,38,24,31,29,29,34,22,31,34,34,33,31,27,35,45,39,40,33,41,44,42,42,45,25,43,53,45,43,53,42,49,44,46,38,48,54,52,49,61,50,52,60,55,68,79,70,64,71,79,63,56,73,79,64,73,68,95,68,91,84,100,89,87,87,103,95,100,109,107,91,112,121,116,112,105,129,111,112,116,122,119,119,118,135,145,119,138,151,161,138,135,151,167,1,0,0,0,1,1,1,1,0,1,0,0,0,1,1,3,2,2,0,1,1,1,1,1,2,1,0,1,0,3,2,0,2,0,1,1,1,1,2,1,1,1,1,1,0,0,3,1,2,1,1,2,0,1,0,2,4,0,1,2,0,1,0,4,1,1,0,6,2,3,3,0,2,2,5,3,6,3,2,1,1,2,1,3,1,1,1,2,1,0,2,2,1,0,2,1,3,2,1,4,4,1,4,4,1,3,0,4,1,3,3,4,7,1,7,2,4,7,11,3,6,4,7,7,6,7,5,8,5,3,10,10,8,10,9,10,11,10,12,11,9,13,9,16,17,15,14,15,19,16,16,21,20,15,19,9,22,21,24,24,22,16,20,17,16,19,18,18,13,12,18,18,18,23,13,14,16,15,24,13,9,11,13,14,13,11,14,12,9,22,15,10,13,17,13,16,19,13,13,13,10,13,11,5,17,16,9,9,11,12,6,15,13,11,10,8,6,16,14,15,19,16,15,21,17,14,20,21,14,8,15,13,13,17,24,20,12,15,18,11,20,19,14,12,19,20,19,20,25,25,32,21,26,26,22,23,E
[12:02:56.000] 5176000,31.408,20,5007,2,1,1,2,2,2,0,4,0,1,0,2,2,1,2,2,1,5,0,0,4,4,4,1,0,1,2,1,2,2,2,4,1,4,1,2,2,5,3,1,4,2,4,3,4,3,8,7,5,3,2,1,10,6,3,5,5,3,3,2,6,5,4,4,3,3,5,5,9,5,5,5,5,5,4,6,5,9,4,4,7,13,10,9,13,18,8,11,17,23,15,33,23,29,36,31,34,48,37,46,45,36,65,54,65,59,52,69,65,57,70,92,79,60,65,91,82,90,75,65,71,64,81,80,65,75,63,61,61,44,54,47,46,50,39,33,27,38,31,41,28,27,28,25,23,28,21,19,22,19,31,25,27,27,30,24,19,21,13,15,27,30,16,34,23,30,29,20,26,35,29,33,28,26,40,35,39,33,24,42,29,32,31,37,40,31,37,36,39,24,43,42,44,48,53,56,49,40,61,49,44,52,53,45,52,57,66,63,72,55,59,66,76,70,71,64,65,62,63,64,73,83,77,97,77,75,71,86,77,94,84,103,92,97,108,93,102,91,96,97,90,128,134,123,121,102,129,111,124,116,120,122,150,143,141,146,1,0,0,1,1,0,0,1,2,3,2,0,1,1,0,0,1,0,2,0,3,0,1,1,1,1,0,0,1,0,0,0,0,0,1,0,0,0,2,0,1,1,1,0,0,1,1,0,3,1,0,1,0,0,1,0,2,3,2,1,1,3,2,2,1,2,5,2,3,1,2,1,2,2,0,2,3,3,2,4,4,4,2,3,2,1,1,4,1,1,3,4,0,2,0,0,1,2,2,2,3,0,0,3,7,3,3,1,3,3,4,3,0,4,7,6,4,4,3,5,2,4,8,6,8,6,6,10,7,2,7,12,8,9,6,9,5,11,13,12,9,9,11,8,4,16,16,13,16,14,18,19,16,16,15,17,15,27,12,14,15,13,18,20,13,14,12,11,21,15,26,11,23,12,23,10,13,17,14,16,21,13,12,13,8,12,13,18,11,8,11,9,13,7,16,10,13,8,15,12,2,16,9,10,7,12,8,13,12,5,13,12,12,13,9,18,10,10,13,14,12,17,18,8,16,14,11,10,15,11,20,8,13,20,15,17,13,16,16,10,22,18,15,16,16,13,17,15,17,23,20,14,21,19,24,17,E
[12:02:58.000] 5178000,31.497,20,4527,0,1,1,1,1,2,0,0,1,0,1,0,2,1,1,3,2,4,6,1,4,1,4,2,1,2,2,2,2,0,2,2,2,3,2,2,5,5,5,1,2,1,0,0,4,5,3,0,1,1,5,4,2,5,2,2,3,9,4,6,1,1,2,7,3,3,2,9,6,6,9,6,3,4,3,10,6,8,8,7,7,10,7,5,10,8,11,12,19,29,9,14,30,21,21,29,23,38,42,39,41,38,46,42,49,62,52,75,53,49,67,66,64,62,58,48,82,65,54,73,80,71,58,64,81,59,55,53,60,49,43,62,34,43,36,33,21,42,31,27,39,26,25,32,20,17,12,19,22,23,26,15,22,25,23,24,20,17,20,28,32,22,19,21,23,27,26,20,28,28,21,22,30,26,24,28,26,17,18,25,30,26,29,32,31,34,32,37,38,47,41,35,34,37,48,34,46,43,41,50,48,36,44,61,52,39,54,60,54,58,65,49,50,56,48,66,58,63,66,60,76,69,63,69,63,93,76,61,79,96,87,82,84,98,94,95,89,80,101,110,94,97,131,109,91,114,125,113,91,118,129,129,116,119,137,120,1,0,1,1,0,1,1,0,1,1,0,0,1,0,0,0,0,0,0,1,0,0,0,0,0,1,1,0,1,0,0,1,0,0,1,1,1,0,0,0,0,1,1,0,0,1,2,0,2,2,1,1,0,2,0,0,0,2,2,1,0,0,0,3,1,2,0,2,3,1,1,2,1,4,1,1,0,1,0,1,3,0,3,0,1,2,2,2,2,1,2,1,1,0,1,3,2,1,3,7,2,3,0,3,0,2,3,1,1,5,5,3,5,2,4,3,2,1,3,5,1,7,3,5,1,5,5,6,7,5,4,9,10,8,10,5,6,12,6,12,8,13,12,7,10,10,15,18,10,17,14,16,15,21,13,21,16,17,18,14,22,22,15,25,17,22,12,16,14,19,18,20,17,15,22,17,11,18,15,14,13,10,15,19,6,11,10,8,13,10,10,3,11,11,8,8,11,5,9,11,19,7,4,5,14,9,9,13,7,8,8,7,11,11,14,13,14,11,9,13,16,12,11,12,12,9,7,8,15,7,17,13,22,14,14,10,9,18,14,12,17,16,18,19,14,11,27,11,14,17,22,20,24,20,16,20,E
[12:03:00.000] 5180000,31.502,20,4187,2,0,1,0,3,3,0,3,0,2,2,0,2,2,4,2,3,3,1,3,0,6,2,5,7,0,1,1,2,5,3,1,4,3,4,3,2,4,4,4,1,2,5,4,1,2,2,0,4,4,3,4,6,3,1,4,3,1,1,2,2,1,2,3,1,2,1,2,5,7,2,7,3,5,4,6,4,10,8,7,14,10,11,14,14,11,6,15,10,12,10,17,22,23,24,28,27,30,24,40,51,35,38,47,59,63,54,50,52,57,72,56,58,63,55,66,62,59,62,52,60,65,64,69,57,62,56,63,48,49,40,43,34,36,40,30,27,29,29,22,25,20,16,16,20,14,19,19,13,17,11,20,23,19,24,24,13,26,23,20,25,26,23,25,16,15,25,22,24,25,31,18,23,30,33,29,37,22,16,37,30,39,25,35,27,28,32,33,41,30,40,36,42,38,40,45,41,34,35,43,44,40,53,47,58,47,51,58,47,58,43,47,66,53,76,51,49,60,59,65,61,64,70,61,64,56,77,75,92,69,82,90,76,77,60,87,74,85,78,74,91,92,80,95,83,101,102,105,102,103,110,115,121,106,110,109,1,1,0,0,2,1,1,0,0,0,1,0,1,1,0,0,1,1,1,0,3,1,0,0,1,0,3,0,3,0,0,1,0,2,0,0,2,0,2,3,0,1,1,1,0,1,1,0,0,0,3,2,1,0,2,0,2,0,0,0,0,2,4,0,1,0,4,0,1,0,1,0,4,2,0,2,2,0,2,0,0,1,1,2,1,1,1,3,4,5,1,1,3,0,0,0,1,3,1,0,4,2,0,1,1,3,0,2,4,0,3,1,3,0,3,3,6,4,4,4,5,6,6,1,2,6,3,5,7,6,4,5,2,9,6,7,8,6,11,10,6,13,7,12,8,13,14,12,11,15,15,19,22,10,11,20,18,12,13,11,17,15,15,14,10,12,11,15,17,8,18,15,16,24,11,14,15,9,15,11,16,10,10,13,11,12,8,6,5,14,14,8,14,9,9,11,6,6,13,12,11,14,7,9,8,9,14,7,8,9,11,14,9,8,17,11,7,9,12,5,11,12,11,7,16,8,8,9,12,7,18,12,8,12,12,11,15,5,12,15,11,16,8,12,11,28,19,13,16,17,10,18,12,17,9,19,E
[12:03:02.000] 5182000,31.517,20,3928,1,3,2,1,0,1,2,0,4,0,0,2,3,1,1,2,0,1,0,1,1,2,1,2,0,0,4,0,0,4,0,3,2,5,1,5,2,4,1,1,3,3,2,4,2,3,1,2,4,2,1,1,4,2,0,2,2,5,1,6,6,0,6,2,5,2,3,5,4,1,5,5,1,5,1,5,4,5,7,6,7,7,10,4,13,10,13,13,15,14,21,18,21,19,25,34,25,17,28,41,48,38,42,29,34,47,37,57,50,69,57,57,37,64,63,65,63,58,58,63,63,66,55,42,53,53,51,39,45,50,31,33,41,33,43,28,23,36,28,35,29,25,22,13,23,21,17,19,15,17,19,26,16,23,12,20,21,16,16,19,21,15,21,27,17,25,27,14,17,18,28,20,18,28,34,23,27,25,37,21,32,24,31,20,29,33,35,42,37,27,30,33,28,40,40,37,33,31,38,48,39,48,37,42,57,49,62,45,38,44,47,40,60,44,56,48,54,56,68,56,51,54,54,59,53,53,71,67,66,80,68,78,73,61,67,81,62,71,92,83,73,84,92,106,83,81,95,102,93,100,108,114,104,114,99,119,0,1,1,1,1,0,0,1,1,1,1,2,0,0,1,0,0,0,0,1,0,1,1,2,3,0,1,0,1,1,2,1,0,2,1,2,0,1,0,1,0,0,1,1,0,1,0,0,2,0,1,2,1,1,0,0,1,3,0,2,0,1,1,2,0,2,3,3,1,0,1,1,0,1,2,0,3,1,1,0,1,0,0,0,2,0,4,1,1,3,2,1,3,2,3,2,1,2,1,3,1,3,3,4,5,1,2,2,4,4,2,1,3,1,3,2,2,3,1,1,1,4,3,4,2,6,4,6,6,9,4,2,7,4,6,9,8,9,4,12,6,9,12,9,8,10,8,14,8,10,13,18,10,15,15,17,9,13,15,13,24,19,15,10,20,16,18,17,16,19,19,10,17,6,11,6,8,16,18,6,7,11,8,9,12,9,7,6,11,8,13,8,8,6,7,9,14,6,11,5,7,9,3,6,12,7,5,6,6,11,4,10,11,10,16,7,9,14,11,8,16,8,13,13,15,8,8,12,11,11,5,11,12,14,7,14,9,12,10,18,14,9,16,10,12,14,18,15,15,8,8,14,16,14,18,17,E
[12:03:04.000] 5184000,31.613,20,3677,2,1,0,0,0,0,3,1,1,1,1,1,1,2,0,1,2,1,2,2,1,2,1,2,1,4,2,3,1,1,3,2,3,2,3,2,1,1,1,1,2,3,2,3,1,2,2,2,1,2,1,5,5,2,1,4,3,2,4,5,6,4,1,3,5,1,4,3,4,2,3,1,6,6,3,6,3,2,9,6,12,9,6,2,8,13,13,14,15,19,18,13,20,18,17,33,19,27,30,27,26,32,36,38,44,45,57,51,57,66,47,63,54,44,46,55,61,56,64,55,35,48,55,57,55,46,54,40,46,51,40,42,38,36,23,28,32,33,20,29,22,18,21,24,23,21,21,21,19,17,27,18,12,12,13,18,15,20,13,18,16,20,16,20,20,20,12,15,23,25,23,35,21,20,17,25,31,30,30,33,15,39,29,25,22,35,42,36,28,27,35,32,37,33,24,30,39,38,30,45,42,47,35,28,45,41,38,50,40,41,51,37,48,45,43,42,53,60,41,52,49,46,49,55,69,57,59,57,56,53,60,68,77,78,58,66,68,76,69,71,98,79,77,86,82,64,84,79,81,76,107,96,92,101,116,101,0,2,0,1,0,0,1,1,0,1,0,1,0,0,0,1,1,0,0,1,0,0,2,0,2,0,0,1,0,0,3,0,1,1,1,1,1,0,0,2,2,0,0,2,2,2,1,2,2,0,1,0,0,1,0,1,0,0,0,0,0,0,0,2,2,1,1,0,0,2,2,1,2,0,3,1,1,1,0,3,0,1,0,0,3,0,1,3,0,1,1,1,0,1,1,0,0,0,4,1,1,0,4,3,3,1,2,2,4,2,2,1,3,2,2,4,5,4,1,4,1,4,1,7,1,4,2,1,3,1,4,2,7,6,8,8,5,7,8,10,13,7,5,10,12,10,12,8,12,17,19,26,13,18,10,9,12,13,11,12,9,8,15,17,15,15,9,10,11,15,12,14,14,16,16,9,11,11,14,7,10,15,8,8,12,12,7,19,9,17,8,10,14,7,7,6,5,7,5,7,8,6,10,10,5,9,8,7,8,9,7,10,7,4,5,10,5,8,10,7,9,13,11,4,9,18,5,5,13,13,7,10,16,15,14,9,15,11,15,12,13,18,12,15,17,7,19,15,14,17,10,11,15,18,19,14,E
[12:03:06.000] 5186000,31.626,20,3573,1,0,1,1,0,0,0,0,2,1,0,2,0,0,1,2,0,0,0,2,3,2,2,0,1,2,1,1,0,0,0,2,1,2,1,2,0,3,2,1,1,0,3,0,2,2,3,7,4,4,3,3,0,0,2,3,2,3,3,4,1,2,2,4,4,3,6,1,7,1,4,6,2,1,3,4,3,5,5,3,4,8,6,9,8,8,8,9,8,8,14,19,26,20,24,11,22,24,37,27,27,37,44,38,41,34,45,43,39,44,57,52,49,50,45,46,53,49,57,62,69,46,62,52,48,54,50,33,52,42,35,42,34,41,22,22,20,25,18,20,23,13,18,14,20,16,14,21,15,9,11,19,23,15,14,14,24,16,23,17,24,18,11,19,19,18,27,28,24,29,27,21,20,21,19,26,38,29,23,19,28,28,36,35,25,29,36,35,32,35,33,39,27,26,36,32,40,36,43,37,40,33,42,37,36,27,42,49,45,56,45,46,41,56,59,43,44,51,50,41,66,57,55,51,46,55,56,67,65,41,45,63,73,80,69,80,72,78,73,73,73,66,84,86,81,67,86,84,77,93,105,105,90,83,94,88,0,2,1,0,1,0,1,0,0,0,1,0,0,0,0,0,0,0,0,0,0,1,1,2,0,0,1,2,0,1,0,1,0,1,1,0,0,2,0,0,0,2,2,1,0,1,0,0,1,1,0,6,1,0,1,0,1,0,1,1,1,0,1,0,0,1,0,1,2,2,0,0,3,1,1,0,2,1,1,0,1,0,5,2,2,1,2,2,2,2,1,3,1,1,0,1,0,1,2,1,4,3,0,1,4,2,1,3,3,1,0,2,3,3,2,4,1,3,4,1,3,5,3,1,3,4,6,8,3,6,4,4,5,7,4,4,3,4,6,10,12,8,7,11,10,10,8,7,6,11,10,12,6,7,16,10,17,11,17,20,15,19,21,7,11,7,20,14,15,18,9,8,15,12,19,15,12,12,12,7,4,12,9,12,10,4,13,10,3,6,5,11,7,5,7,6,8,11,9,11,9,4,6,9,6,7,12,7,8,7,9,9,8,6,11,12,6,13,12,9,7,16,9,15,14,6,6,12,10,18,11,6,11,16,12,10,14,9,9,19,11,16,13,14,9,10,12,14,18,13,21,13,15,8,16,15,E
[12:03:08.000] 5188000,31.815,20,3477,0,1,0,0,2,0,0,1,0,1,0,1,0,4,3,2,1,1,2,2,1,0,0,1,1,2,1,1,0,0,1,0,4,1,3,0,0,2,0,3,3,2,5,1,2,2,4,1,4,4,0,3,0,2,1,3,4,5,3,2,3,1,1,3,2,3,3,2,5,3,4,6,3,3,2,3,5,2,8,7,12,6,7,6,6,12,14,12,10,11,21,17,18,24,18,18,25,27,22,25,36,35,35,41,40,47,37,59,52,45,49,64,46,52,56,46,60,69,67,64,52,47,53,43,40,34,44,34,33,40,30,38,43,34,44,18,29,14,26,15,32,22,13,25,15,11,12,18,10,13,14,17,17,13,16,16,12,17,11,11,20,15,23,26,17,16,22,17,21,14,11,28,26,28,18,30,25,18,25,27,33,20,34,22,19,24,22,20,20,35,29,41,33,29,30,33,36,40,47,30,43,36,38,34,36,38,41,36,19,44,45,55,54,39,55,39,39,50,44,49,53,54,58,43,57,67,55,64,60,59,71,65,70,60,62,69,79,74,72,75,70,73,77,65,68,75,81,80,80,83,83,105,89,89,98,109,0,0,0,2,1,0,0,0,0,0,1,0,0,1,0,0,1,0,1,0,0,0,0,1,1,0,1,0,0,0,1,1,0,0,0,0,1,0,0,3,2,1,0,0,0,1,0,0,0,1,2,1,2,1,0,0,1,0,0,0,1,0,2,1,0,2,0,1,2,0,0,1,2,1,2,3,3,1,2,1,1,2,0,0,0,1,1,4,2,3,1,3,1,2,1,2,1,3,1,6,1,0,1,2,2,1,1,2,2,3,0,2,0,2,3,3,2,4,1,4,1,2,4,3,1,4,5,5,7,4,2,4,6,3,5,2,2,8,9,8,8,13,11,13,6,11,8,12,13,14,10,10,7,17,7,16,8,13,11,14,14,11,12,12,16,14,19,20,20,15,10,6,20,13,10,10,15,15,8,7,12,10,6,9,7,10,9,10,8,6,11,7,10,13,6,9,5,4,8,9,14,8,7,8,8,11,4,12,8,6,7,6,9,9,11,5,11,9,15,6,9,9,10,17,5,15,15,15,4,6,10,6,5,7,20,9,4,7,13,11,16,14,12,12,14,5,14,10,16,19,8,11,17,18,7,12,E
[12:03:10.000] 5190000,31.868,20,3401,1,0,0,1,0,1,3,2,0,1,5,1,2,1,0,3,2,0,3,1,1,1,1,1,4,1,1,6,2,1,1,2,1,2,1,1,2,3,0,1,0,4,0,2,1,2,2,1,0,2,2,1,3,3,3,1,4,4,3,0,3,0,2,7,4,3,1,3,0,7,3,3,3,2,3,4,2,4,6,4,7,13,5,9,10,11,9,11,10,12,10,15,19,13,18,25,24,28,26,25,25,38,38,35,35,28,43,39,56,40,39,48,44,45,57,46,51,51,69,49,62,51,45,50,47,41,36,37,41,35,42,29,29,29,21,23,23,25,23,19,21,21,14,13,17,21,16,25,17,12,16,18,13,17,19,18,14,26,10,21,14,11,20,16,15,21,11,17,16,24,14,16,28,15,29,21,24,16,25,24,20,18,27,26,31,29,25,21,29,25,30,36,39,26,32,19,28,28,30,37,34,43,35,40,30,44,45,39,33,50,46,34,45,38,51,35,36,46,58,51,54,50,42,67,54,66,58,60,57,53,62,74,67,75,63,72,68,59,78,67,70,71,95,78,72,72,84,84,81,91,74,88,101,88,113,112,0,0,1,0,1,2,0,0,2,0,0,3,0,0,0,0,0,1,0,1,3,0,0,1,2,0,1,0,1,0,1,0,0,1,1,0,1,0,0,0,1,0,0,1,1,0,1,1,0,1,2,0,0,1,0,0,5,0,0,0,0,2,1,1,3,0,0,0,1,0,3,2,1,0,1,2,2,0,1,1,1,1,4,2,2,1,0,1,1,1,2,3,1,1,3,1,3,3,1,0,0,0,2,3,0,3,0,3,0,1,2,1,1,2,1,3,1,4,5,3,3,1,3,3,3,5,2,2,3,5,4,1,2,5,8,8,4,7,6,9,7,5,11,10,7,13,5,7,8,16,14,9,8,8,14,5,11,10,12,14,14,11,15,16,11,14,6,13,12,9,12,7,16,12,11,7,13,5,14,13,13,9,11,7,8,12,10,5,8,8,9,8,5,7,2,6,8,8,7,6,8,7,5,8,4,3,5,8,4,14,8,8,11,2,7,6,7,9,3,3,5,7,3,3,12,4,7,8,10,8,7,11,16,9,11,13,9,12,13,11,11,12,14,13,11,11,13,15,8,5,7,12,13,10,16,16,E
[12:03:12.000] 5192000,31.779,20,3327,0,0,0,2,3,2,2,1,1,3,0,0,2,2,4,0,1,4,1,0,0,2,1,1,1,4,1,1,0,2,2,2,2,0,2,3,1,2,0,2,4,1,5,3,5,4,5,1,4,0,1,1,5,2,0,2,5,1,1,3,1,2,2,3,2,3,4,5,2,1,1,2,3,4,6,6,5,7,7,7,5,10,6,9,8,9,5,11,13,16,12,16,14,12,22,23,32,31,18,24,26,37,16,34,47,41,40,49,54,50,43,55,45,37,50,50,42,68,60,49,50,39,56,53,47,39,42,57,24,35,29,36,23,28,35,25,26,29,29,24,13,16,18,13,14,14,15,15,15,11,21,16,20,19,11,13,12,19,15,21,18,16,21,10,17,22,24,19,15,14,17,28,19,26,20,13,20,28,21,21,27,27,20,23,32,30,27,25,31,40,27,23,22,31,27,25,34,39,30,42,31,34,30,33,41,38,32,36,27,33,51,34,46,44,39,49,46,49,54,41,55,68,56,35,60,54,66,57,67,45,67,60,59,57,58,67,63,64,83,76,73,77,83,71,60,82,94,87,60,72,70,80,105,83,89,99,0,0,0,0,1,0,0,0,0,1,0,1,0,0,0,0,1,1,0,1,1,0,1,0,1,0,0,3,1,1,1,1,0,0,0,2,1,1,0,0,0,0,0,0,0,1,1,1,2,1,0,1,0,0,0,0,1,0,2,2,1,1,4,0,1,2,1,1,0,2,0,3,1,1,0,1,2,0,1,2,0,3,1,0,1,1,1,1,0,3,1,0,0,0,2,1,5,2,2,0,1,2,1,0,3,1,1,2,1,0,0,4,3,3,2,3,5,4,0,0,2,2,3,2,2,4,4,2,4,2,2,4,4,5,8,6,3,7,5,12,7,3,5,11,6,9,6,5,7,10,12,2,9,17,9,8,8,10,14,12,11,15,15,12,13,10,17,12,15,12,13,11,14,10,10,9,13,8,13,9,6,8,7,9,9,9,6,7,8,7,9,8,5,8,7,6,6,10,9,6,8,6,7,3,9,9,7,8,1,3,9,10,5,6,12,12,13,4,6,13,8,10,10,7,8,10,3,11,13,9,16,11,5,8,7,15,14,11,15,3,11,14,12,4,13,14,10,7,17,26,10,6,6,9,15,10,E
[12:03:14.000] 5194000,31.824,20,3198,0,0,3,2,0,1,1,1,0,0,0,1,1,1,0,2,1,1,2,2,1,2,0,2,2,1,2,1,0,1,2,1,1,0,1,1,0,1,1,2,3,0,2,0,2,1,1,3,2,1,0,5,0,6,5,2,2,5,1,1,3,2,4,1,5,4,6,0,2,6,2,4,5,2,3,4,4,2,11,4,4,3,6,6,4,7,7,6,11,19,10,13,18,18,17,21,25,23,24,30,22,28,37,37,33,51,40,28,40,42,57,59,51,50,42,41,43,48,48,51,62,55,42,54,48,34,38,44,25,34,29,24,38,30,23,22,24,27,22,28,14,24,20,15,12,16,21,22,21,9,12,18,16,15,17,12,18,17,26,16,15,11,19,15,20,18,19,17,28,13,20,12,24,23,24,20,17,25,18,14,33,18,18,31,19,23,22,26,35,21,28,35,23,32,33,28,20,29,26,33,43,44,36,29,36,28,43,41,40,30,39,46,40,38,29,34,40,51,55,47,56,45,42,55,43,47,45,50,50,50,49,54,55,57,66,67,67,69,63,53,78,82,71,83,72,81,78,71,88,82,86,81,91,101,85,86,0,0,0,0,0,0,0,1,0,1,1,0,0,1,0,3,0,2,1,0,1,0,2,0,1,2,1,0,0,0,0,1,0,0,0,1,0,0,1,1,0,2,3,1,0,0,0,0,1,2,2,0,0,0,0,0,1,2,0,0,0,0,0,0,1,3,0,0,0,1,1,0,0,0,2,0,3,1,1,4,1,1,1,1,0,0,0,2,2,1,0,1,2,0,3,0,2,3,1,1,2,1,4,4,0,0,0,2,1,1,4,3,2,3,1,2,4,2,1,2,3,1,7,3,4,5,5,2,5,2,2,4,3,7,9,5,6,7,11,5,9,5,4,11,10,13,13,14,16,8,7,7,10,10,6,8,14,10,18,16,11,12,12,14,12,9,16,11,14,13,13,11,12,9,11,11,9,6,6,6,11,11,5,10,7,10,8,10,10,8,5,8,5,9,8,7,9,8,8,6,6,8,7,9,14,9,3,8,5,5,14,4,10,4,7,6,6,7,9,7,10,9,5,9,9,13,10,13,11,9,7,12,9,9,10,8,11,9,11,10,10,10,15,7,14,20,11,18,6,9,11,15,14,12,15,13,E
[12:03:16.000] 5196000,31.889,20,3236,1,2,0,3,1,1,0,1,0,0,1,2,0,2,1,1,0,0,0,1,1,1,2,1,1,1,2,1,3,1,3,1,0,0,0,3,1,3,1,1,1,4,1,1,2,1,1,4,1,2,0,5,0,3,3,1,2,3,4,2,3,2,2,2,2,2,0,3,5,4,5,2,2,4,3,3,2,7,5,7,4,9,4,7,8,6,11,10,10,5,10,18,12,14,21,22,26,26,25,24,39,38,29,35,37,42,32,45,45,47,34,49,54,60,38,53,46,46,46,47,50,39,58,41,43,41,47,30,41,40,35,25,26,36,33,25,20,19,33,18,15,18,16,22,18,11,21,9,24,15,11,16,13,12,18,19,20,19,25,17,12,12,7,17,19,17,27,20,17,12,27,19,15,14,21,27,25,21,21,22,22,15,20,20,26,21,27,24,31,19,31,28,29,28,17,32,30,35,31,35,38,36,40,48,36,42,23,33,34,49,36,35,41,37,47,45,61,44,40,50,40,44,51,53,55,38,53,49,51,51,66,65,71,68,53,67,71,66,62,75,86,76,64,64,85,79,76,86,83,67,68,83,89,96,95,89,0,0,1,0,0,1,1,2,0,2,1,1,0,0,0,0,0,0,0,0,0,0,1,0,0,1,0,0,1,0,2,0,3,0,1,0,0,1,0,0,0,1,0,2,0,0,0,0,0,0,0,0,2,0,1,1,1,1,0,1,0,1,0,3,3,2,0,0,1,0,2,1,1,2,2,0,2,3,1,1,0,1,0,1,0,0,1,0,1,1,0,1,3,1,2,0,0,2,1,1,2,4,1,2,2,2,1,4,1,2,1,3,1,2,3,4,4,6,4,2,4,6,2,4,6,6,4,1,3,3,6,4,3,7,6,6,7,4,10,9,7,8,4,11,8,9,3,15,10,11,8,7,8,13,8,14,17,15,8,11,13,9,11,18,9,10,9,8,13,13,9,11,19,7,13,11,10,3,16,6,7,9,12,8,17,13,12,9,7,6,10,8,7,10,6,13,6,7,10,7,7,4,13,2,7,8,6,5,5,11,9,5,5,9,9,7,3,2,5,9,9,3,8,11,12,7,11,7,8,13,9,6,6,8,9,7,11,9,10,13,17,8,10,12,9,7,10,12,7,12,16,16,10,10,13,9,E
[12:03:18.000] 5198000,31.949,20,3200,1,1,0,1,1,2,0,1,1,1,0,2,1,0,1,3,1,1,2,3,0,1,2,1,3,3,2,1,1,1,1,2,2,1,5,4,1,1,1,1,2,0,2,3,4,2,1,4,1,1,1,3,4,4,3,1,0,1,1,3,1,4,2,5,2,1,2,3,1,1,5,6,3,2,6,4,2,1,6,6,6,5,7,6,8,4,7,12,15,10,12,16,9,17,13,16,20,21,33,29,24,33,39,30,32,29,39,47,60,39,30,49,53,42,42,42,55,46,55,52,53,54,45,37,40,45,37,39,23,32,37,30,38,31,34,23,21,25,20,29,22,15,19,21,16,10,10,15,13,18,17,18,19,14,15,17,17,22,20,20,23,15,12,22,16,15,14,14,25,14,19,17,26,21,20,18,23,28,19,21,20,24,25,26,22,11,29,29,21,20,26,29,29,28,41,23,36,29,24,31,36,33,34,39,17,28,37,34,60,42,39,43,31,43,40,52,56,36,46,45,37,54,42,57,46,43,49,63,57,55,61,55,53,56,73,63,57,56,73,77,77,65,74,75,77,69,75,66,82,89,84,90,88,79,75,107,0,0,1,0,0,1,2,1,0,0,1,2,0,0,0,0,0,0,1,1,1,0,0,0,0,1,0,0,0,1,2,0,1,0,1,0,0,1,2,0,0,2,0,0,0,1,0,0,0,0,0,0,2,0,0,0,2,1,0,2,0,0,1,1,1,0,0,1,1,2,0,1,0,2,2,2,2,1,5,3,2,0,0,0,2,1,0,1,1,0,2,0,2,1,0,2,1,0,0,0,1,2,2,2,3,0,5,3,0,2,0,2,2,3,1,2,1,5,5,0,2,6,0,0,3,6,2,4,3,2,7,3,3,7,11,6,10,5,6,7,9,7,7,7,12,10,12,7,8,7,8,7,10,12,7,7,9,8,17,8,13,9,17,8,15,13,16,17,9,12,14,10,13,20,5,12,9,13,17,10,9,13,7,12,8,6,6,8,9,6,4,5,7,7,7,5,1,11,7,9,6,8,6,8,12,14,7,4,8,8,7,6,9,6,8,7,6,6,10,7,9,6,12,12,9,11,10,9,10,6,12,5,6,5,9,9,6,7,12,13,11,9,11,8,13,5,17,6,6,11,13,11,17,11,8,11,E
[12:03:20.000] 5200000,31.970,20,3153,0,0,1,0,1,2,1,0,1,0,1,3,0,0,2,1,2,2,4,1,0,3,2,2,1,2,0,2,1,1,2,2,1,2,4,3,1,1,2,2,1,2,3,1,4,2,3,1,2,3,0,1,1,2,3,2,2,1,3,1,3,4,3,4,3,3,7,2,4,5,4,1,3,3,5,2,4,3,7,3,4,5,3,4,8,4,6,8,9,9,21,13,13,13,13,17,35,26,20,31,26,29,29,27,28,38,49,49,35,48,47,50,56,53,40,49,51,46,44,53,57,37,43,37,44,30,45,27,51,32,37,26,35,28,30,26,23,27,26,22,21,36,23,8,13,12,10,11,17,14,18,12,11,11,16,17,10,9,7,14,17,19,7,16,20,19,26,26,20,13,17,17,22,18,21,20,27,28,23,18,28,29,21,17,25,21,28,29,19,18,33,29,27,31,25,18,36,27,35,26,36,24,34,31,30,27,29,34,53,43,32,46,43,44,42,40,42,47,41,45,38,47,51,55,45,39,64,54,57,55,53,45,57,58,63,59,56,75,81,55,63,68,73,78,67,68,66,96,87,67,84,75,85,89,92,91,0,0,0,0,1,1,1,1,0,0,0,0,0,1,0,1,2,0,0,0,0,0,1,0,0,0,1,0,1,0,0,0,1,0,0,1,1,2,1,0,2,0,1,1,1,2,1,2,1,0,1,2,4,0,0,0,1,0,1,0,0,0,0,1,1,2,1,1,2,2,0,1,2,1,1,4,0,0,0,1,1,0,1,2,0,2,0,2,1,1,0,1,0,2,3,1,3,5,0,2,2,3,1,2,1,1,2,1,3,1,1,2,3,5,1,2,3,0,2,4,1,2,6,1,8,3,2,4,3,1,3,7,6,3,9,7,9,6,8,12,6,5,9,9,5,7,13,13,10,19,17,12,13,11,22,12,16,13,14,15,16,14,12,13,12,15,10,14,15,7,6,16,10,10,7,9,12,4,8,5,10,7,8,14,6,6,7,12,6,5,7,4,4,8,7,2,3,10,2,7,8,8,6,3,7,5,5,12,5,8,7,8,9,11,4,5,6,8,13,4,3,3,3,3,3,8,4,13,5,13,9,10,7,11,9,13,8,10,14,9,11,16,8,8,15,9,15,15,8,10,11,9,14,5,16,14,E
[12:03:22.000] 5202000,31.885,20,3068,0,0,1,0,2,0,2,1,3,3,0,1,1,1,0,1,0,1,1,1,0,1,0,1,0,1,0,1,1,4,3,1,2,0,1,0,2,1,1,5,1,3,0,1,3,3,2,5,0,5,1,0,2,2,0,2,2,1,1,3,0,3,3,2,4,4,3,7,3,2,2,6,4,3,3,2,6,6,2,6,2,9,11,7,11,8,10,10,8,13,12,11,14,16,14,22,18,23,16,19,21,35,33,45,26,29,40,34,39,37,33,60,48,47,40,44,54,43,40,35,40,44,46,46,40,36,50,45,38,29,31,26,30,28,27,27,33,21,11,28,23,17,15,12,8,26,18,15,13,15,9,18,17,16,17,8,20,20,16,11,21,16,8,14,17,22,16,16,20,20,10,16,19,19,19,20,28,21,23,27,14,15,24,22,17,22,21,22,31,29,20,27,23,24,28,29,27,34,32,29,32,36,33,36,31,36,33,37,54,23,35,41,44,42,46,43,35,61,53,38,44,39,40,40,54,49,53,50,60,58,59,68,53,75,57,57,73,64,60,66,63,60,71,68,60,64,73,70,90,81,71,89,73,77,88,70,0,0,0,0,0,0,0,0,1,0,1,0,0,0,0,1,2,0,0,0,0,1,2,0,0,0,1,0,0,0,0,2,0,0,0,0,1,0,0,1,0,2,2,2,1,1,0,1,0,0,0,1,0,0,0,0,2,0,0,0,1,0,0,0,1,4,3,2,1,1,0,1,1,0,0,1,2,2,0,1,2,2,1,1,1,1,2,1,1,1,3,1,1,0,1,3,3,0,0,0,1,0,1,0,0,0,3,1,4,3,0,2,2,0,4,2,5,2,2,1,2,7,5,2,4,5,3,5,1,5,9,4,4,1,7,5,5,6,4,7,13,5,6,7,6,9,12,11,7,7,6,12,9,11,10,10,12,10,7,10,16,13,16,11,15,7,9,12,15,15,6,13,6,18,7,8,12,3,9,11,10,10,7,8,6,5,10,7,12,9,6,10,6,10,11,3,3,5,6,4,12,13,5,6,5,6,9,7,9,5,5,5,8,4,2,9,5,9,9,10,5,7,8,5,3,12,7,13,11,10,6,7,14,11,10,6,9,3,11,14,7,11,15,13,14,11,11,12,10,13,16,8,14,16,13,13,E
[12:03:24.000] 5204000,31.858,20,3107,0,0,0,1,0,0,0,0,1,3,0,1,1,1,2,0,1,0,1,3,0,0,0,3,2,1,1,0,0,1,1,1,0,1,2,1,1,4,1,3,3,2,5,1,3,1,4,0,2,1,4,0,3,3,0,2,2,1,3,5,4,3,1,0,2,4,6,5,4,2,3,3,2,7,2,3,5,4,3,6,7,3,4,7,9,10,7,8,14,11,22,12,13,10,25,15,22,25,33,19,35,21,28,39,43,36,45,50,45,48,31,46,39,47,56,58,46,54,56,44,36,58,37,47,38,51,39,36,35,35,25,20,25,36,31,32,23,10,22,27,17,17,20,18,22,12,16,19,18,16,15,13,11,18,18,13,19,23,11,15,12,21,15,16,11,15,11,26,14,13,25,11,15,26,18,19,26,25,24,19,24,22,20,17,29,20,22,20,22,27,24,29,33,28,26,28,35,30,37,29,41,29,27,31,38,41,36,32,32,27,47,46,43,38,47,44,45,63,54,44,57,51,47,48,51,50,44,63,49,44,61,58,60,56,55,74,50,56,59,70,73,72,65,67,88,58,61,85,72,62,91,67,83,64,71,79,0,0,0,1,0,0,0,0,0,1,0,0,0,1,0,0,0,0,1,1,0,1,1,0,0,2,1,0,1,2,1,0,0,2,0,0,1,1,3,1,0,0,2,2,2,0,0,2,0,0,0,0,0,1,2,3,0,2,2,0,2,1,2,1,1,1,0,1,3,4,3,0,1,2,2,3,1,1,1,0,1,1,2,1,0,1,0,0,1,0,0,1,1,2,1,1,1,0,1,2,2,2,1,3,3,1,1,2,1,1,1,3,0,0,1,0,3,1,4,0,4,2,3,1,2,0,3,2,3,5,2,5,9,6,4,3,2,3,9,10,11,9,5,7,8,11,9,12,10,15,8,8,3,10,10,11,10,10,9,13,14,10,9,16,17,8,10,16,11,12,17,15,8,8,7,3,6,10,8,8,3,6,11,8,13,10,4,5,4,7,4,11,4,6,10,7,3,5,4,8,6,6,6,5,8,4,3,6,13,3,4,6,6,7,7,5,8,5,5,8,10,4,11,8,7,10,9,4,5,8,8,13,4,7,9,11,7,10,11,14,11,7,6,12,16,2,9,11,9,8,7,10,14,12,19,14,E
[12:03:26.000] 5206000,31.909,20,3133,1,1,2,0,0,2,1,0,0,1,1,1,3,2,2,2,1,1,3,1,1,0,2,0,1,3,0,1,7,0,1,3,1,5,2,0,3,2,0,1,2,1,1,0,1,0,2,3,0,1,4,2,0,1,3,1,3,3,3,4,4,2,3,2,1,4,3,2,6,3,3,3,5,4,1,3,2,3,3,5,4,4,3,9,3,7,7,6,11,16,13,26,9,16,17,24,13,26,23,27,24,23,36,29,35,50,33,47,51,44,61,51,46,46,51,43,46,42,41,44,56,49,42,37,37,35,37,38,32,36,34,43,29,23,28,25,18,19,26,22,18,15,11,16,24,15,12,17,15,10,11,15,14,17,13,15,23,12,22,10,15,21,11,12,17,20,12,16,15,15,17,23,24,23,21,23,19,24,18,20,22,19,32,35,22,29,27,26,31,27,33,31,38,25,29,22,32,32,38,35,41,33,39,21,30,34,33,30,38,26,53,45,29,37,40,43,46,45,32,50,60,67,43,53,47,34,53,63,53,56,58,65,56,60,62,64,52,55,76,72,73,67,67,72,84,56,75,73,71,77,89,71,95,76,85,67,1,1,2,0,0,1,1,0,0,1,0,2,2,0,0,0,1,0,0,0,0,2,0,0,4,1,1,0,0,0,1,2,3,2,0,1,1,0,0,2,1,0,1,1,0,1,1,1,1,0,2,0,1,2,0,0,0,1,1,0,1,1,0,0,0,0,0,0,1,1,2,1,0,1,3,1,0,0,0,0,1,0,0,1,0,2,0,0,3,1,2,2,2,2,2,2,0,1,1,2,2,2,1,2,3,3,1,1,1,3,3,2,2,1,3,2,2,0,2,1,2,2,7,1,4,6,3,4,4,9,6,5,4,2,4,8,3,3,7,5,3,5,10,3,15,13,8,3,9,10,19,16,9,10,14,8,14,9,11,17,8,5,9,20,9,8,9,9,6,15,10,14,9,13,5,9,15,8,3,8,8,6,5,4,11,7,8,7,1,8,3,6,2,8,4,9,5,5,9,7,10,4,8,9,6,2,4,4,8,10,15,9,9,12,10,10,6,5,6,9,11,8,5,7,9,16,3,8,6,7,11,13,13,11,6,11,10,13,9,11,14,17,16,10,15,10,15,20,2,7,12,11,15,7,14,7,E
[12:03:28.000] 5208000,31.889,20,3119,0,2,1,1,0,0,0,0,2,2,2,1,3,2,0,1,2,0,3,1,0,0,4,0,0,0,3,3,2,2,2,0,2,1,1,2,0,1,2,2,2,0,2,2,1,0,2,5,2,2,5,4,1,2,1,1,1,0,5,3,3,5,3,1,2,1,0,2,1,0,4,2,4,2,6,3,6,9,5,1,7,3,4,10,6,7,11,13,9,9,14,11,18,14,23,26,17,24,26,22,18,30,34,45,30,36,45,37,44,58,49,46,46,35,43,41,47,50,52,37,52,34,44,35,47,31,32,34,47,32,35,34,27,27,25,22,20,25,20,21,18,16,23,13,15,21,16,14,16,17,12,13,20,21,12,10,17,14,18,14,17,11,15,17,17,10,25,18,10,15,16,19,19,15,21,11,20,34,19,15,19,20,19,18,24,20,28,19,24,18,23,23,19,35,31,33,38,23,33,33,26,31,28,37,38,33,22,41,42,45,42,35,36,44,34,38,49,48,50,27,58,49,57,48,53,52,49,56,71,44,68,57,62,59,59,67,63,61,62,86,75,59,63,78,84,66,71,90,82,78,84,74,90,83,81,89,0,0,0,0,2,2,0,1,0,0,0,1,0,0,0,0,0,0,0,1,0,0,0,0,1,0,0,0,0,0,1,0,1,1,1,0,1,0,1,0,0,0,0,1,0,3,1,0,2,2,1,0,1,0,1,1,0,1,1,1,2,1,1,1,6,0,3,1,0,0,1,0,1,2,3,1,0,0,1,0,0,3,4,0,1,2,3,2,0,1,0,0,2,0,1,2,1,4,2,2,1,3,0,1,1,2,2,0,3,0,0,1,4,0,4,2,2,2,0,1,2,2,2,1,4,3,1,6,5,2,3,3,3,6,1,7,5,3,8,7,8,9,9,8,7,9,9,5,15,11,12,10,5,13,18,10,10,13,13,12,9,17,10,11,9,10,16,15,19,14,9,9,8,12,10,13,8,8,8,5,9,8,9,8,9,7,7,9,12,4,7,5,12,11,10,11,6,9,7,9,5,7,6,6,6,7,6,8,7,5,6,4,4,6,7,6,6,5,6,5,5,12,5,9,8,13,5,6,8,4,23,8,5,18,8,7,8,12,5,6,9,6,9,18,8,7,11,14,16,14,8,13,7,9,13,14,E
[12:03:30.000] 5210000,31.849,20,3175,2,2,2,2,0,2,1,0,0,2,1,1,1,1,0,1,3,2,3,2,0,1,3,0,1,1,0,0,0,2,1,1,0,1,2,2,3,0,1,1,1,1,0,1,2,1,1,3,2,1,1,4,3,0,6,0,3,1,3,3,1,4,2,1,2,3,3,4,1,4,3,4,2,4,4,3,9,2,6,4,4,9,6,5,9,11,9,11,11,15,12,13,11,23,19,19,15,11,32,33,30,36,30,27,37,39,33,33,33,53,48,44,46,40,57,45,51,52,52,37,45,46,45,46,44,45,37,39,44,40,33,33,31,27,28,23,25,24,22,23,19,14,25,16,12,21,17,19,14,15,11,17,15,12,16,13,14,16,15,14,14,19,12,18,23,12,17,14,19,14,18,15,22,21,15,20,11,23,13,30,18,19,32,27,21,25,26,26,28,29,43,24,34,28,40,33,30,31,35,23,34,43,34,50,31,30,40,33,47,46,31,43,45,45,35,52,41,40,47,45,45,37,55,47,48,50,46,59,60,63,51,63,54,55,56,59,72,55,71,71,65,64,77,79,61,68,72,86,67,81,70,86,109,77,84,81,0,0,0,0,1,0,0,0,0,0,1,0,1,0,1,0,1,1,1,1,0,0,0,0,0,0,1,0,1,0,0,2,0,0,1,0,1,1,2,0,0,3,1,0,0,0,1,0,1,0,1,2,0,2,0,1,0,2,2,1,1,1,2,0,1,0,0,0,0,0,2,3,1,0,2,2,0,0,2,0,2,4,0,1,2,0,1,1,1,0,1,1,1,1,2,4,3,1,0,2,4,0,1,4,2,2,1,0,1,4,0,2,1,1,0,0,3,1,1,6,1,2,3,1,1,8,2,5,2,7,2,5,5,8,6,5,4,11,6,7,12,6,5,9,3,7,10,12,9,7,12,9,15,12,9,9,13,14,11,11,8,8,10,9,14,11,13,19,6,14,8,10,7,6,8,3,13,11,8,8,5,9,14,6,8,11,6,10,7,11,7,4,4,8,7,5,9,6,4,5,9,4,12,8,10,9,8,9,6,10,7,5,4,5,6,8,10,7,6,9,11,6,2,9,10,13,6,7,11,6,12,10,10,8,12,12,5,13,13,13,10,10,6,13,11,11,16,13,11,16,15,7,8,13,22,13,E
[12:03:32.000] 5212000,31.826,20,3071,0,1,0,0,1,3,1,1,0,0,0,0,0,0,1,2,1,3,3,1,0,0,3,0,3,0,1,1,3,1,0,1,1,1,1,2,5,4,4,0,1,4,1,5,1,2,0,1,2,1,0,5,1,2,1,3,5,0,3,1,4,1,2,4,4,2,3,5,5,2,3,1,5,4,4,7,7,8,6,6,7,4,9,6,6,5,12,8,12,8,18,19,13,21,16,17,14,32,28,23,24,30,27,38,36,34,40,48,43,29,41,40,51,51,51,38,66,33,37,59,35,39,44,44,43,39,36,28,35,35,22,21,31,26,19,25,21,21,18,21,23,17,17,14,10,16,11,11,21,17,11,11,13,9,14,18,14,22,17,10,8,21,15,12,19,10,9,22,19,21,18,18,21,20,18,18,28,26,30,30,23,20,24,29,23,23,26,24,25,31,25,25,26,28,22,41,34,31,26,35,34,31,37,35,37,30,35,24,43,35,32,34,42,45,53,42,34,52,31,50,49,38,35,40,48,42,61,35,59,53,45,58,57,58,64,64,61,62,58,57,69,71,71,67,79,83,72,67,78,76,73,89,93,82,92,97,0,0,1,0,0,0,0,0,0,0,2,2,1,1,1,0,0,0,1,0,0,1,1,0,0,1,0,0,0,0,0,0,0,1,0,1,0,1,0,1,1,1,0,2,1,1,0,0,1,2,2,0,0,0,1,0,2,0,2,1,1,1,0,0,0,4,0,1,2,1,0,0,0,1,3,1,1,0,1,0,3,2,3,1,0,2,1,0,1,0,0,2,1,0,0,3,2,3,1,0,1,0,2,0,2,2,3,3,0,3,2,0,2,0,1,2,1,2,1,1,2,8,4,3,6,8,6,1,3,3,3,7,7,4,5,6,5,6,6,4,5,5,14,11,8,14,7,7,8,11,15,11,9,10,6,9,7,12,9,23,17,17,8,12,7,9,11,7,13,10,10,10,9,12,12,12,14,14,14,8,9,13,6,10,8,10,18,4,14,11,7,9,12,3,11,10,8,6,9,5,7,4,6,7,7,9,6,4,7,3,7,10,4,4,6,7,6,7,6,6,11,8,7,14,7,6,7,14,10,6,6,9,12,13,16,13,8,8,20,11,7,7,7,10,11,7,7,13,10,6,17,11,18,18,15,15,E
[12:03:34.000] 5214000,31.798,20,3147,0,1,1,2,1,1,0,0,0,0,1,1,1,1,2,1,0,2,1,1,0,0,3,0,3,0,1,1,2,1,3,2,0,1,1,3,1,0,2,3,3,1,1,3,4,0,4,3,1,2,5,1,1,0,1,1,0,4,5,1,2,6,3,3,6,1,0,3,6,2,2,4,3,0,3,4,8,6,5,7,4,5,4,7,6,9,4,9,9,9,16,12,17,22,18,14,28,19,23,27,36,43,37,32,34,35,42,37,41,43,49,44,50,47,39,45,43,44,52,44,38,42,49,46,44,52,36,35,26,42,24,36,26,28,27,23,32,18,27,10,25,14,16,16,20,11,17,26,9,13,15,14,25,10,13,15,10,17,11,12,10,26,15,20,13,13,23,23,19,19,23,21,27,14,22,16,10,21,14,22,21,21,20,18,21,13,28,20,17,22,19,25,34,34,39,25,31,35,32,32,31,49,34,28,35,43,38,38,33,42,40,34,42,47,46,50,46,55,60,45,51,48,44,48,46,46,54,70,55,51,56,60,63,56,56,59,71,59,72,56,64,72,58,74,73,80,70,78,79,67,87,68,87,75,101,89,1,0,0,0,0,0,0,0,0,1,0,1,0,0,0,0,0,0,0,1,0,0,0,0,1,0,0,0,0,0,1,2,0,0,1,0,1,1,0,1,1,0,1,0,0,0,0,1,0,1,1,0,1,1,1,2,0,2,1,1,0,0,0,0,0,1,2,1,3,2,1,0,0,3,1,1,1,0,1,0,1,1,1,0,1,1,2,1,2,1,1,0,1,3,2,1,0,1,0,1,1,1,1,1,2,1,2,1,1,1,3,2,2,2,3,0,1,3,3,3,3,2,3,6,5,1,1,2,4,2,0,3,4,5,5,3,7,2,7,13,6,8,9,6,8,6,9,10,7,10,5,14,9,19,9,14,9,15,9,10,17,14,7,12,14,12,9,10,8,8,6,16,7,11,8,9,12,15,7,4,15,6,11,10,7,8,7,11,5,6,8,7,8,8,6,6,9,6,6,8,6,5,4,12,5,6,7,6,7,7,10,6,5,4,13,10,12,10,7,7,4,9,2,6,3,11,11,7,11,9,5,9,6,8,8,11,11,6,10,8,10,5,7,12,11,13,17,9,14,18,14,5,13,10,8,9,E
[12:03:36.000] 5216000,31.724,20,3036,1,1,4,0,0,1,0,1,0,2,1,1,0,0,0,0,0,1,2,1,1,3,1,1,0,1,0,2,1,0,1,2,1,1,2,1,2,4,4,3,1,3,2,1,3,2,2,2,3,2,5,3,2,5,2,2,2,3,1,4,1,2,6,2,3,5,6,1,2,4,1,2,6,3,6,6,6,6,3,6,11,11,10,5,9,7,6,7,10,8,13,10,18,15,20,25,22,19,25,25,37,45,29,41,36,38,43,34,37,42,46,42,44,44,42,45,58,51,41,44,45,47,40,45,41,40,38,51,49,21,29,34,36,26,27,19,22,26,17,21,17,19,10,15,9,26,16,15,20,9,16,9,16,15,17,24,14,10,8,14,19,20,11,15,18,17,15,10,12,25,14,22,16,21,20,27,24,22,22,21,23,20,16,33,21,28,28,21,25,28,22,19,30,35,25,26,27,33,31,28,27,32,38,47,33,32,29,34,29,29,30,50,38,33,47,36,42,41,55,46,48,31,41,44,48,46,50,56,47,61,38,51,53,53,54,62,50,55,77,66,66,59,72,59,63,70,75,69,70,70,74,90,69,78,76,85,0,0,0,2,0,0,0,0,1,0,1,0,0,1,0,0,0,0,1,1,0,0,2,1,1,1,0,0,1,1,0,0,0,1,1,2,0,1,0,3,0,1,1,0,0,2,0,0,1,1,2,1,2,0,1,0,2,1,1,2,1,1,1,2,0,0,0,1,1,1,0,3,0,1,1,0,0,2,0,1,0,0,1,1,0,1,1,2,3,3,2,1,0,2,1,2,3,3,1,6,1,3,2,0,2,1,2,2,1,1,0,3,3,1,1,4,2,3,2,4,1,4,5,4,4,7,5,4,7,2,3,5,3,2,7,4,5,5,12,8,13,7,12,5,6,9,9,11,10,7,16,12,12,10,10,10,10,7,12,9,12,11,10,15,12,10,16,8,9,8,11,8,8,10,7,20,7,12,7,13,7,7,6,11,6,8,6,5,5,8,8,10,4,9,6,8,5,3,3,3,4,5,4,9,10,7,8,8,6,6,8,9,4,9,6,10,5,3,5,8,12,8,8,9,11,9,5,13,11,5,9,11,11,11,10,10,8,14,7,14,8,9,14,14,10,10,10,13,16,15,13,11,11,10,13,11,E
[12:03:38.000] 5218000,31.569,20,3102,1,1,1,0,1,1,1,1,0,1,0,2,0,0,1,1,2,0,2,0,0,3,0,1,0,2,2,2,0,2,2,2,2,4,0,2,1,0,2,4,2,2,3,2,2,1,2,3,4,2,5,2,0,0,4,1,1,1,2,2,1,1,0,1,1,1,0,2,5,3,2,1,5,2,4,2,5,4,3,3,6,4,7,8,8,3,5,9,6,10,12,11,16,10,19,18,20,25,27,27,30,24,28,41,48,35,35,36,33,57,47,55,51,54,46,49,52,52,48,42,46,53,47,43,42,41,44,39,30,39,35,29,24,26,28,26,16,25,6,23,27,14,22,24,10,16,15,19,14,26,13,13,17,13,15,14,23,13,13,14,14,17,20,22,18,24,10,20,18,17,21,15,18,16,22,22,19,17,21,15,18,23,23,29,24,31,18,22,25,28,24,26,32,20,28,27,23,28,28,30,45,33,39,29,39,34,32,40,31,28,40,42,37,32,40,44,40,40,44,53,43,31,42,68,55,42,49,53,55,66,59,49,58,63,60,78,73,54,74,68,69,72,59,70,74,76,72,75,78,65,73,80,65,89,85,78,0,1,0,0,0,0,0,0,0,1,0,0,0,0,0,0,1,0,0,0,0,1,0,0,1,1,2,0,0,0,0,1,0,1,1,1,1,0,0,3,1,1,0,0,0,0,1,1,1,0,0,1,0,2,1,0,0,0,3,0,0,0,2,0,2,0,0,0,0,0,1,0,1,0,1,0,2,1,2,2,0,1,0,4,1,1,0,1,2,1,1,2,1,1,4,0,0,0,2,1,1,1,1,1,2,2,0,0,1,1,1,0,4,1,1,2,0,3,2,3,2,1,5,4,1,2,4,4,6,5,6,5,8,3,4,4,3,2,8,9,5,6,6,8,13,8,14,9,7,11,6,7,10,12,10,11,10,18,19,13,14,14,10,9,9,11,11,11,14,9,12,4,11,6,8,8,13,14,9,12,5,5,10,12,8,12,7,10,5,13,2,6,7,13,5,10,9,4,8,4,5,11,5,5,14,5,7,6,3,2,5,9,8,13,10,4,6,12,9,4,6,13,14,8,6,5,7,4,5,5,5,6,9,9,11,7,8,13,14,7,12,6,15,6,13,10,8,10,16,10,15,14,7,11,18,8,E
[12:03:40.000] 5220000,31.695,20,3148,2,0,1,0,1,0,1,1,0,0,3,2,6,1,1,0,0,1,0,0,2,0,1,0,0,0,1,2,2,0,4,3,1,2,1,2,0,1,1,0,2,0,2,2,3,3,0,2,4,2,6,3,2,1,3,5,0,1,3,2,0,5,2,3,4,1,0,6,5,3,1,4,3,2,1,3,6,6,6,4,5,5,11,9,8,7,9,7,5,18,10,10,13,19,18,26,24,18,24,33,29,26,27,34,32,49,34,40,49,35,38,36,52,43,45,54,52,49,40,58,46,67,33,47,48,38,36,38,42,22,30,37,29,30,25,20,28,18,20,21,16,11,13,20,14,20,17,12,16,20,12,13,10,13,20,17,19,10,12,15,19,18,23,14,17,18,21,20,20,16,18,13,20,20,24,21,27,15,16,24,25,23,22,19,30,23,20,16,19,25,28,29,42,33,37,31,29,27,37,38,20,31,30,29,29,51,42,44,41,48,40,31,38,34,45,46,48,42,60,51,43,45,54,74,49,47,56,51,49,49,60,55,56,61,55,64,63,73,62,80,57,53,67,60,67,79,61,68,72,82,86,70,82,94,81,92,0,1,0,0,0,0,0,1,0,0,0,2,0,0,0,1,2,0,0,0,0,0,0,0,1,1,0,1,1,0,2,1,1,0,0,0,1,0,1,0,0,1,0,0,1,1,0,0,0,1,1,1,1,1,0,0,1,1,2,3,3,1,1,2,3,2,0,0,0,0,1,0,1,0,0,1,0,1,1,0,0,1,2,0,2,2,2,1,1,2,0,1,0,1,3,1,0,1,4,0,5,1,3,2,1,5,1,1,1,3,5,2,1,3,1,3,3,1,0,1,2,2,1,1,6,6,5,2,5,4,3,4,1,5,7,5,5,5,7,9,9,6,7,7,4,12,6,13,9,9,15,7,12,11,7,6,12,11,13,16,18,12,6,15,13,15,5,10,8,14,12,9,12,16,10,13,11,11,7,13,13,11,7,4,8,11,8,11,8,2,6,10,6,8,5,4,10,5,5,4,7,5,10,7,4,5,10,11,6,11,2,4,5,7,6,8,7,12,9,4,7,8,5,3,11,4,7,12,12,7,11,6,14,9,8,11,10,17,6,8,10,11,14,11,13,13,9,14,6,15,15,8,9,12,11,13,E
[12:03:42.000] 5222000,31.584,20,3210,1,3,1,0,1,1,2,1,2,1,0,1,3,0,0,1,1,1,2,1,1,1,1,1,1,2,2,3,0,1,3,1,0,4,0,0,0,1,1,1,3,1,0,2,1,1,1,0,3,2,2,0,5,3,1,4,1,0,3,5,1,1,4,0,0,7,2,6,4,6,3,2,4,3,4,2,4,2,3,4,5,9,5,2,13,8,4,7,16,10,14,14,15,18,26,21,20,22,14,27,24,23,32,33,39,50,30,36,39,47,46,51,55,48,43,64,60,60,49,49,47,48,47,54,43,30,40,37,35,30,31,28,37,27,31,17,21,37,18,29,30,20,15,15,12,15,19,21,16,13,13,19,14,14,13,7,14,21,17,19,22,17,8,14,23,14,22,16,12,24,21,14,18,24,17,23,23,23,24,14,11,32,23,17,15,22,19,31,26,21,32,32,28,31,31,26,38,32,21,49,35,27,39,32,30,37,51,32,40,36,40,41,36,36,40,41,49,48,59,37,40,49,49,54,54,55,62,54,58,49,57,53,69,60,63,58,57,46,66,77,81,62,76,55,69,72,98,79,76,90,98,73,100,81,97,97,0,1,1,0,3,1,0,0,0,0,0,0,2,0,0,1,2,1,2,1,0,1,0,2,1,1,1,0,0,0,0,0,0,1,2,0,0,1,1,1,0,2,2,0,1,0,1,0,1,2,1,0,0,0,1,2,1,0,2,3,1,1,0,1,1,0,1,2,1,0,0,0,1,1,0,0,2,2,3,2,1,1,1,1,1,1,0,2,4,1,1,2,2,0,1,0,2,1,2,1,3,0,2,1,0,2,1,3,1,2,0,1,1,1,1,4,2,1,4,2,4,7,3,1,4,3,6,0,4,3,7,7,7,8,8,5,6,5,7,13,4,8,10,5,12,11,13,10,9,9,11,14,12,6,15,11,14,17,12,8,9,11,9,11,16,10,13,14,16,12,13,16,11,11,5,6,8,13,10,8,8,6,8,6,10,7,4,11,8,7,7,13,6,5,5,5,9,3,5,3,10,4,7,8,7,15,10,7,6,7,13,6,7,11,9,5,9,3,6,11,5,15,8,7,9,9,8,13,10,2,14,10,8,6,9,9,9,4,12,4,8,12,12,15,10,9,11,11,11,10,13,11,15,10,16,18,E
[12:03:44.000] 5224000,31.475,20,3184,0,1,1,0,2,1,0,1,0,3,0,3,0,0,2,1,2,1,1,1,2,1,3,1,5,3,2,0,0,2,2,2,1,0,1,3,2,2,3,2,1,0,1,0,1,1,2,0,2,1,2,2,2,2,3,1,1,1,5,4,3,2,3,6,2,3,3,4,7,5,3,7,2,6,3,7,3,5,4,6,7,7,5,5,9,13,6,17,9,18,8,14,18,15,16,14,16,27,18,28,27,30,26,30,36,27,36,37,29,44,47,46,49,59,60,50,48,49,46,58,48,40,35,43,46,40,33,34,44,32,38,30,26,25,31,23,21,21,23,16,23,17,19,20,16,15,18,10,14,12,13,14,13,10,14,14,21,20,28,22,11,19,19,14,13,21,17,22,24,16,23,22,15,18,22,17,26,12,21,17,27,30,26,27,28,32,24,26,27,23,33,30,31,30,23,30,27,29,25,40,32,30,28,42,33,44,38,41,33,38,38,50,49,41,33,52,38,34,45,35,35,42,61,44,56,52,59,56,48,62,51,59,64,57,67,68,62,61,63,78,70,81,74,84,77,76,70,86,71,94,93,76,88,73,84,85,0,0,1,0,1,1,0,0,1,1,4,0,0,1,0,0,0,0,0,0,0,0,1,0,0,1,0,1,1,2,1,0,0,1,1,2,1,0,0,0,1,2,0,1,1,2,0,1,1,1,0,1,1,1,1,1,1,1,0,0,1,1,0,1,1,6,0,1,1,3,2,4,0,1,0,1,1,1,1,1,3,1,2,0,2,0,1,0,2,2,1,1,0,2,2,1,3,3,5,1,1,2,1,0,2,0,5,4,4,3,1,2,2,2,2,3,1,0,0,5,4,1,0,2,4,2,6,0,3,3,4,5,7,9,5,8,8,5,6,6,6,5,8,5,9,10,11,10,9,8,11,6,8,11,6,7,17,12,11,6,21,13,11,12,18,9,14,11,15,15,8,12,12,8,10,8,12,9,8,6,6,20,9,8,14,7,8,10,4,7,11,5,10,8,1,6,3,4,12,7,5,9,5,5,10,7,14,6,9,6,9,8,4,9,8,3,3,11,7,10,8,4,7,6,11,1,12,12,7,8,6,8,9,11,8,7,12,16,10,8,9,10,13,11,13,13,15,8,13,17,13,10,11,11,15,15,E
[12:03:46.000] 5226000,31.456,20,3220,0,2,0,4,0,3,0,2,1,0,1,1,0,0,1,2,2,1,2,1,0,0,1,0,4,1,0,4,1,2,2,3,0,3,2,2,2,2,2,3,1,2,4,1,3,2,2,0,4,2,3,2,2,1,1,5,0,1,6,5,3,3,1,5,1,3,6,3,3,4,4,1,4,6,3,5,3,1,5,5,3,6,4,9,10,5,8,15,9,13,13,13,13,23,17,23,24,17,28,28,32,30,33,32,37,40,43,51,44,63,54,64,51,45,46,47,55,58,72,56,48,42,45,38,51,39,34,38,34,32,32,26,36,30,26,28,18,19,24,30,26,16,12,20,20,24,15,17,10,13,11,14,16,9,10,14,15,13,20,10,16,17,13,13,18,19,22,22,18,23,23,20,13,28,26,19,21,21,24,24,21,25,18,26,20,27,23,22,35,24,24,20,23,32,27,24,33,31,34,34,37,36,38,38,37,34,32,30,30,36,44,39,34,36,37,45,36,41,59,58,47,46,59,51,41,51,48,54,50,58,56,46,51,51,71,60,70,56,72,68,62,75,82,63,72,69,76,73,72,76,80,79,81,95,87,89,0,0,1,0,2,1,0,0,0,0,2,1,0,0,0,0,3,0,0,0,1,0,0,0,0,1,0,0,0,0,0,1,0,0,0,0,0,1,1,0,0,0,0,0,1,0,1,1,1,0,1,0,0,0,0,1,0,1,1,1,0,1,1,0,1,6,1,1,0,2,1,0,1,0,0,1,1,1,0,2,0,1,3,2,1,2,0,1,1,0,1,1,3,1,2,0,2,2,2,2,4,2,1,1,2,0,1,1,0,5,1,2,0,1,2,3,1,2,1,1,0,2,1,3,5,3,2,5,3,5,6,5,7,9,7,6,6,5,4,9,5,7,11,7,11,10,4,7,10,7,10,12,6,9,10,8,10,12,10,15,13,11,15,9,17,18,14,14,14,11,6,5,11,10,12,13,6,10,11,12,11,4,11,4,7,7,17,2,8,6,6,3,7,3,7,5,6,11,8,6,4,4,6,6,4,5,5,4,7,7,3,5,5,8,9,8,16,6,6,11,6,9,10,7,13,8,13,9,6,10,3,12,5,8,15,3,10,10,9,11,6,12,8,13,11,16,17,7,15,10,16,10,16,19,14,17,E
[12:03:48.000] 5228000,31.409,20,3251,0,1,3,1,0,0,1,2,0,1,2,0,1,0,1,2,2,1,2,0,4,2,1,1,2,1,2,2,3,1,0,1,2,2,4,1,0,3,1,2,2,1,5,1,3,2,4,4,3,2,2,1,3,1,1,0,4,4,0,1,1,2,3,1,2,0,3,3,6,3,4,7,1,6,4,6,1,6,2,5,3,8,8,10,8,6,14,9,8,7,15,17,17,20,20,23,23,19,32,24,34,24,28,33,35,37,40,50,54,40,43,51,41,49,56,49,48,49,43,45,47,45,58,34,40,39,52,22,45,42,34,33,35,28,26,32,24,19,18,22,24,18,20,20,17,13,12,16,13,16,22,18,9,19,8,15,18,15,18,12,17,19,15,19,14,20,18,18,20,18,20,9,22,23,17,26,24,21,21,26,22,26,28,19,20,28,21,29,30,26,23,36,29,29,39,22,40,31,30,33,28,32,30,26,26,49,37,26,43,41,41,42,43,43,39,43,40,53,41,60,54,40,53,36,48,63,58,53,60,56,58,55,54,79,52,75,63,69,74,65,60,61,79,76,73,73,100,74,69,74,87,76,78,92,104,94,0,2,0,0,2,1,1,0,0,0,0,0,0,0,0,0,0,1,0,1,1,1,1,0,0,1,2,0,0,0,0,1,0,1,0,0,0,2,0,0,0,2,1,0,0,0,0,1,0,1,2,1,0,1,2,0,0,1,1,1,0,0,2,0,1,0,0,1,1,0,1,0,1,1,0,0,0,0,2,0,2,3,4,1,0,3,2,3,1,1,1,2,2,3,3,1,2,0,2,4,2,2,1,2,2,3,3,1,2,2,4,2,3,1,2,0,4,2,0,1,6,6,7,8,8,4,6,1,2,6,5,0,1,5,9,9,5,1,5,11,6,10,9,6,9,7,19,9,11,15,6,14,12,8,11,9,10,9,9,10,13,7,7,8,15,19,10,13,13,13,17,7,15,12,6,13,10,10,8,7,11,7,8,8,10,6,9,5,7,3,7,11,8,2,2,10,7,7,12,6,7,5,5,10,7,4,6,9,6,5,7,4,7,6,6,4,10,9,3,5,8,7,4,9,7,6,7,9,6,14,10,4,15,12,7,10,10,9,10,13,7,8,7,18,7,9,13,10,8,14,7,12,11,17,17,17,E
[12:03:50.000] 5230000,31.354,20,3226,0,1,1,0,1,2,4,0,0,1,0,1,2,0,0,1,1,1,6,1,1,1,1,2,0,4,2,1,3,2,0,2,2,2,2,4,1,2,1,3,3,0,3,0,1,0,1,2,3,3,1,2,1,2,7,0,1,4,5,5,6,0,1,6,3,5,3,1,3,3,6,4,3,2,3,2,2,4,7,5,5,9,6,8,5,7,11,11,8,15,10,17,15,23,28,18,18,17,17,32,21,29,39,35,38,45,44,44,42,50,46,46,44,48,35,43,55,45,50,48,50,59,51,39,51,50,34,48,36,42,26,35,26,25,33,31,19,16,15,20,18,11,22,16,16,14,14,18,22,20,15,11,16,9,7,22,24,8,12,11,19,21,18,12,14,17,12,23,16,20,26,24,15,28,18,24,23,26,20,30,20,24,20,33,21,31,20,34,26,19,18,22,29,28,28,26,31,29,41,31,36,39,31,29,37,27,28,35,35,36,38,42,42,36,52,50,46,46,44,42,58,45,53,53,56,52,51,63,55,59,49,71,58,76,56,60,61,56,60,65,83,61,55,93,64,89,87,86,92,76,72,77,76,91,94,100,0,1,0,1,0,0,1,0,0,0,1,0,0,1,0,0,0,1,0,1,2,0,1,0,0,0,0,0,0,1,1,0,0,1,1,1,0,0,0,0,0,2,1,1,0,1,1,0,0,1,0,1,0,2,2,1,1,0,0,0,1,0,3,0,1,1,2,1,1,1,0,0,1,2,0,0,1,1,1,1,0,1,0,1,2,1,2,0,1,2,0,1,0,2,1,2,1,0,1,1,1,1,1,2,1,3,4,0,0,1,1,5,2,2,3,3,2,3,2,0,3,1,3,5,4,4,6,2,2,3,3,8,5,4,6,3,3,6,6,13,12,6,8,7,12,7,11,10,13,5,11,14,9,16,15,7,16,8,11,15,11,14,18,12,15,15,12,9,16,11,15,7,11,10,10,13,8,15,14,8,8,10,15,10,7,14,11,8,9,8,4,12,8,14,5,8,6,8,5,7,6,5,5,7,5,6,8,6,6,7,8,11,7,10,9,7,3,10,12,8,11,8,10,13,7,14,11,6,8,9,9,9,17,6,9,9,9,13,10,13,8,11,17,14,13,12,12,7,10,15,11,9,24,13,17,13,E
[12:03:52.000] 5232000,31.348,20,3277,0,0,1,1,0,2,2,1,0,0,2,0,1,1,1,1,0,0,4,1,4,1,1,1,0,0,3,1,2,2,2,1,5,3,0,3,1,0,3,0,2,1,1,0,6,2,3,6,1,3,1,1,5,2,1,1,4,3,1,4,0,2,6,3,5,3,5,4,1,4,3,3,2,5,3,2,4,6,12,4,6,5,8,9,10,7,11,9,9,5,17,14,12,22,16,20,24,24,28,25,26,35,34,31,26,48,46,48,47,51,48,49,55,57,40,55,56,35,55,53,56,49,46,38,56,35,47,41,33,30,41,31,36,31,28,28,30,38,24,26,16,12,15,21,18,20,15,12,18,14,15,12,17,20,12,8,12,12,10,21,17,20,16,16,20,12,11,33,15,21,15,20,22,19,25,24,20,26,21,17,34,26,28,25,17,22,27,23,27,24,25,44,29,28,32,38,30,32,42,35,37,31,33,33,31,29,34,43,46,36,37,33,46,40,38,41,47,38,45,54,49,50,45,59,38,50,64,43,59,63,53,39,46,73,74,70,73,61,56,71,73,68,74,66,57,73,66,76,87,83,71,86,95,102,82,88,0,0,0,0,0,0,0,0,0,0,0,0,0,1,0,0,0,0,0,0,0,0,3,2,1,1,1,0,0,1,2,0,1,0,0,0,1,1,0,1,0,0,2,3,0,0,0,0,0,2,2,0,0,0,2,1,0,1,1,0,0,0,2,0,2,0,0,0,0,0,2,0,1,3,0,1,1,2,2,1,2,0,1,4,0,0,1,2,0,0,3,0,3,3,0,3,0,0,1,2,0,0,0,1,3,1,4,0,0,0,0,2,2,1,1,2,0,2,2,1,4,1,4,1,6,5,3,4,3,5,6,3,8,3,6,5,6,4,14,7,4,6,8,5,9,12,6,5,7,10,10,6,16,13,7,10,11,9,11,14,12,10,14,5,16,13,10,12,12,9,10,11,11,6,6,15,12,7,13,9,11,9,10,8,14,10,7,8,5,6,8,5,4,6,1,5,9,6,7,6,6,5,7,9,4,10,8,6,4,9,5,5,7,7,10,8,7,11,8,10,7,10,8,10,13,9,15,7,13,12,6,7,4,7,16,11,15,7,11,12,15,4,14,15,9,11,8,15,19,16,12,16,12,14,11,13,E
[12:03:54.000] 5234000,31.223,20,3400,0,0,0,3,1,0,1,1,1,1,1,0,3,1,0,0,2,3,2,2,0,2,1,0,1,0,1,1,0,1,2,0,2,2,0,2,4,2,2,2,1,3,2,1,2,3,4,1,3,1,5,2,1,3,1,5,5,2,3,2,3,1,0,1,1,4,3,2,3,4,3,6,2,1,2,4,5,2,3,7,9,7,7,10,4,15,8,14,10,11,13,12,18,20,19,16,18,29,30,37,27,29,24,44,38,52,34,45,39,42,56,42,46,46,50,55,59,49,53,51,50,62,54,39,44,44,47,44,36,33,30,34,27,19,25,23,30,27,28,19,21,17,20,16,18,11,10,10,19,12,16,18,17,17,17,14,18,13,22,23,18,13,18,16,15,21,23,15,19,18,19,15,19,29,30,26,17,20,21,20,31,29,31,20,22,32,29,24,26,20,32,36,35,32,34,32,35,36,39,42,38,32,34,38,45,33,46,40,49,38,45,50,46,42,43,41,48,43,55,42,42,51,46,48,49,61,55,51,65,61,53,62,67,61,60,56,66,66,64,62,57,91,72,68,65,81,80,87,109,83,96,104,103,106,109,109,0,2,2,0,1,0,1,0,0,0,0,1,0,0,1,0,0,0,0,0,1,2,0,1,0,0,2,1,1,0,1,0,0,1,0,1,1,0,2,0,2,0,0,0,0,0,0,1,2,1,0,0,1,0,0,0,1,0,1,1,1,0,1,2,0,0,1,0,1,2,0,2,0,2,1,2,2,2,2,0,0,1,0,0,0,1,2,2,1,0,1,3,2,0,3,0,2,1,1,4,2,0,3,0,0,2,1,2,2,0,2,1,1,6,3,2,3,3,2,4,2,3,4,3,4,5,2,2,4,1,3,5,5,11,6,7,9,5,3,5,4,7,5,10,7,9,7,7,6,12,9,12,14,13,16,11,15,11,11,10,11,8,10,9,8,12,8,13,18,9,12,5,6,7,10,8,12,9,14,11,6,10,11,7,14,7,13,11,8,14,4,11,8,6,12,8,5,3,7,6,7,13,7,3,6,4,8,6,6,7,5,8,10,9,6,11,5,9,8,11,6,11,7,10,11,10,6,8,6,11,7,8,9,8,8,9,14,12,10,12,11,9,11,12,14,12,12,14,10,16,15,9,10,13,12,11,E
[12:03:56.000] 5236000,31.214,20,3352,3,1,3,0,1,4,2,0,2,2,0,1,2,1,1,1,1,0,2,0,2,1,3,2,1,0,1,2,1,2,1,1,2,0,4,2,1,2,3,5,4,1,3,2,1,3,1,4,4,2,3,3,1,2,1,3,1,3,3,0,4,3,4,3,4,4,5,1,3,6,6,2,2,4,9,6,0,5,4,10,11,7,5,4,10,10,15,7,6,9,17,12,17,18,21,25,22,24,25,25,31,45,34,43,44,32,46,45,47,47,44,51,63,52,50,52,48,54,55,56,38,44,47,45,43,35,40,38,44,28,33,27,33,24,25,26,17,25,25,29,16,21,24,17,8,23,24,16,17,19,28,14,8,18,15,18,22,17,13,20,16,19,27,8,27,19,9,11,22,17,14,21,17,19,21,23,23,24,22,24,23,25,20,33,28,29,23,24,26,28,28,31,44,30,31,38,41,26,19,30,31,31,32,42,28,30,33,25,38,28,44,47,41,46,37,31,60,54,38,52,44,57,49,57,52,58,56,55,56,54,67,76,61,63,70,78,55,62,64,79,75,87,88,74,79,73,99,85,85,85,94,86,75,81,78,98,0,0,0,0,0,0,0,2,0,0,1,0,0,0,0,0,0,0,1,0,0,1,0,2,1,1,1,1,1,0,0,1,1,0,1,1,1,0,1,0,2,0,0,0,1,2,0,0,2,0,0,0,0,1,0,0,1,1,0,0,0,1,0,1,1,0,0,1,0,1,1,2,0,2,1,2,2,2,1,0,1,1,3,2,0,2,0,1,0,2,1,1,1,1,4,2,2,2,0,1,0,1,1,1,3,0,3,1,0,2,1,3,1,4,5,1,3,3,2,3,6,2,1,6,3,3,12,3,2,10,4,2,4,3,4,7,3,8,5,8,6,13,9,12,12,8,9,12,5,13,8,15,11,9,5,11,17,13,16,12,10,9,16,13,11,14,11,4,13,11,10,7,11,12,10,9,14,13,12,8,11,11,6,7,11,6,5,6,8,6,11,11,4,5,4,13,8,10,5,8,4,6,2,16,6,6,3,8,7,11,6,10,10,7,8,9,13,6,7,4,10,13,8,5,14,11,9,10,9,7,9,6,8,8,7,11,8,15,10,10,12,5,7,15,15,12,12,14,11,16,10,10,14,12,10,12,E
[12:03:58.000] 5238000,31.185,20,3353,2,0,1,3,2,3,2,1,0,3,2,2,1,2,1,1,1,1,2,3,2,1,4,1,1,1,3,1,2,1,0,0,3,1,2,0,3,3,0,1,3,1,2,3,1,2,2,2,2,6,2,3,2,0,3,3,2,2,0,0,6,0,5,1,1,4,6,4,2,3,2,2,3,3,5,4,5,6,5,3,9,4,9,5,13,10,11,11,14,15,8,14,16,23,23,16,20,27,26,33,25,29,36,35,43,52,44,44,45,50,54,49,59,52,43,55,61,56,41,52,41,55,32,48,46,45,41,47,31,31,39,39,36,24,30,27,25,20,25,18,16,26,13,22,20,17,16,14,23,19,8,10,9,18,17,13,20,12,24,18,18,14,22,6,24,22,17,16,22,16,17,21,15,17,21,15,19,26,17,18,25,28,22,34,21,19,28,30,23,30,36,17,31,24,27,29,36,32,31,33,40,38,35,40,41,34,29,44,32,41,54,45,41,37,44,47,30,44,51,51,52,45,66,36,80,47,50,72,56,52,65,59,75,68,67,70,70,74,78,84,71,63,61,79,83,82,69,84,66,76,87,84,84,88,90,86,2,1,1,1,0,0,2,0,1,1,1,0,0,1,0,0,1,1,3,2,0,1,0,1,1,0,0,1,1,0,3,0,1,0,1,1,0,2,1,2,1,1,1,0,0,1,0,0,2,0,0,1,1,0,1,1,1,3,1,3,1,0,0,1,0,1,1,2,1,1,1,0,3,3,1,1,3,0,0,1,0,0,1,1,1,2,0,0,1,1,3,1,2,1,0,1,0,3,0,0,1,2,2,2,2,2,0,0,2,1,1,0,3,0,2,1,3,1,7,4,1,1,4,4,4,1,5,7,2,7,7,3,9,7,5,7,5,4,5,5,9,6,12,8,10,6,9,7,7,11,15,13,10,13,18,14,16,21,15,11,14,11,10,14,14,11,12,8,14,5,7,12,16,11,10,9,12,11,13,9,11,11,4,9,7,5,10,12,2,5,8,12,7,9,5,5,6,8,2,7,4,7,11,8,5,3,8,5,3,5,8,12,4,9,14,9,5,7,7,9,8,10,4,11,10,7,0,5,8,11,8,15,10,10,9,10,10,8,14,9,14,13,9,15,15,16,12,8,16,17,17,15,16,15,24,9,E
[12:04:00.000] 5240000,31.149,20,3426,0,0,2,1,2,2,3,0,2,1,1,0,2,3,0,2,2,0,2,0,0,2,4,0,4,0,1,1,0,4,3,1,0,1,1,1,5,2,5,2,3,4,1,2,0,0,1,2,2,3,3,2,2,1,2,5,2,5,2,2,1,4,3,1,2,5,2,6,6,3,7,4,3,5,4,3,3,6,8,5,9,8,10,7,11,7,6,13,8,14,21,11,22,13,21,24,29,33,18,30,38,35,36,37,40,36,45,40,50,50,51,45,66,53,57,50,59,46,43,60,45,63,46,44,46,40,27,43,35,25,34,31,27,37,20,31,26,18,10,27,26,20,9,18,18,21,23,24,17,21,21,19,18,15,11,18,12,23,14,14,16,16,16,19,25,13,12,20,22,19,17,30,33,17,16,18,24,32,21,27,27,31,19,29,22,28,21,24,36,25,46,34,39,39,39,35,28,31,34,38,36,43,32,28,34,36,35,35,28,31,48,36,20,41,49,44,48,51,48,39,44,40,42,59,49,44,65,56,67,64,58,70,50,67,76,62,74,68,79,55,60,82,68,77,91,78,90,81,71,104,112,70,91,96,89,115,0,1,2,1,0,1,0,1,2,0,2,0,0,0,1,0,1,0,0,1,1,0,0,0,2,0,0,2,0,1,1,1,0,0,1,0,0,0,1,0,0,0,1,0,2,0,0,1,1,1,1,0,2,1,0,0,0,0,1,1,1,1,0,4,2,3,1,1,2,1,1,0,2,1,0,0,1,2,1,2,3,0,3,1,3,3,2,0,2,0,1,1,2,0,1,1,2,0,2,0,0,2,5,0,2,4,0,3,1,0,3,2,3,2,4,4,1,2,2,3,3,5,4,4,2,5,1,4,4,7,7,5,5,9,7,9,7,6,6,11,6,7,8,6,11,16,15,8,13,9,11,17,5,9,14,15,16,15,11,9,17,17,14,14,16,18,13,19,6,18,14,17,7,7,10,12,7,10,16,14,7,12,13,10,6,9,8,8,11,10,9,9,9,9,11,10,6,4,9,7,3,6,8,7,10,1,7,9,12,8,8,4,6,5,10,8,6,8,6,9,3,11,10,9,7,5,19,11,6,9,7,10,6,11,15,7,13,11,15,12,8,18,14,12,12,9,11,12,12,14,9,14,12,7,8,17,E
[12:04:02.000] 5242000,31.169,20,3441,1,1,1,1,1,1,3,1,0,2,0,1,2,1,0,1,1,3,0,0,1,0,1,0,2,0,1,0,3,3,0,1,5,1,2,3,1,2,4,2,2,1,3,0,3,1,0,1,1,2,2,4,3,4,2,2,1,2,4,1,4,4,5,3,2,2,4,1,5,5,3,5,3,3,8,3,5,5,4,3,8,7,3,5,8,12,14,10,14,14,16,15,15,14,20,26,28,21,29,31,27,40,41,30,33,26,33,56,43,59,52,57,46,54,56,46,51,60,50,50,48,48,44,52,47,50,45,31,31,39,35,35,33,33,37,26,23,30,25,18,34,24,22,19,33,18,15,22,13,15,17,14,14,9,13,14,19,16,25,14,17,24,18,18,15,26,12,18,20,25,24,22,19,17,21,27,28,24,26,27,26,27,31,24,19,22,36,20,27,24,20,35,28,35,32,26,43,44,25,39,39,38,45,40,37,30,47,39,44,40,54,36,46,42,34,54,53,48,56,49,39,57,58,60,49,50,52,61,42,55,58,63,61,81,66,67,53,80,69,87,79,79,75,56,68,78,80,93,81,85,96,90,76,75,110,102,0,0,0,1,1,0,1,1,1,0,0,0,0,1,0,1,2,0,0,2,0,1,0,0,0,0,0,1,1,1,0,1,1,0,0,0,3,1,1,0,0,0,0,0,0,0,1,1,0,0,0,0,2,1,2,1,0,0,0,1,1,2,0,1,1,2,3,1,1,0,1,1,1,1,1,0,1,3,1,0,1,4,1,4,1,1,0,0,3,1,2,2,2,1,1,1,2,3,0,0,0,0,1,1,1,2,1,1,1,3,2,0,2,1,4,1,1,5,5,2,2,8,2,3,9,4,4,2,2,7,9,6,6,11,6,4,3,5,6,9,5,10,9,13,10,8,8,8,9,10,12,15,10,11,8,14,20,9,13,18,12,19,9,11,12,14,9,6,7,10,7,11,16,8,12,8,15,9,9,9,8,9,12,11,7,9,8,10,11,10,6,11,8,7,7,5,5,3,4,5,4,7,5,6,10,9,6,5,5,8,7,7,10,10,4,7,7,10,5,13,13,15,5,7,5,8,8,9,14,11,13,6,8,12,8,7,6,12,9,11,8,10,7,10,16,20,15,17,12,5,17,10,12,15,16,22,E
[12:04:04.000] 5244000,31.062,20,3489,0,0,1,1,1,0,0,2,2,2,0,1,2,1,0,2,1,2,2,4,1,0,1,0,0,3,2,1,1,4,1,1,1,0,2,1,1,2,2,0,1,2,2,1,1,1,5,2,4,3,5,0,1,1,3,1,1,1,6,2,3,2,4,0,3,3,2,2,4,3,1,5,3,6,4,6,1,1,5,8,8,9,7,2,3,13,18,14,12,8,19,14,12,15,18,28,15,25,27,40,25,29,41,49,38,35,59,38,54,50,33,61,51,58,60,53,51,56,51,50,63,54,40,51,34,49,40,55,37,35,46,27,29,38,33,25,19,24,20,25,20,28,22,14,20,14,13,15,12,17,16,19,22,22,11,21,20,16,14,28,20,17,10,14,25,17,23,23,19,25,20,21,22,19,19,21,27,25,21,21,24,25,30,25,26,39,24,36,33,29,40,31,26,36,28,30,38,30,32,29,32,43,46,34,39,34,41,43,44,42,42,46,53,43,49,52,51,60,46,46,47,43,54,49,59,41,54,58,69,73,60,73,54,79,73,65,66,83,74,85,71,70,84,67,68,66,77,84,88,86,98,79,98,86,80,104,0,0,1,0,0,0,0,0,0,2,0,1,0,2,1,0,0,1,0,0,0,1,0,0,0,0,1,0,1,1,0,0,0,0,3,2,1,0,1,0,0,0,0,1,1,2,2,0,0,2,0,0,0,3,1,0,1,1,2,0,1,2,0,1,1,1,3,2,0,0,1,0,2,3,1,0,1,1,0,3,0,0,3,1,1,0,1,2,0,0,4,0,2,1,2,0,0,1,0,1,2,1,0,2,1,1,2,1,3,1,3,1,3,2,1,5,3,1,3,4,5,7,4,5,3,9,2,2,1,1,4,4,5,1,4,5,10,3,6,9,12,5,6,11,8,10,7,8,9,6,9,12,15,13,9,10,9,12,11,10,15,8,16,9,16,8,10,17,13,14,16,12,10,6,10,10,15,7,12,15,13,7,6,10,4,7,4,8,9,8,6,9,7,8,6,6,4,9,5,4,7,9,10,7,10,7,7,10,8,5,5,8,6,11,10,9,8,10,10,6,14,11,13,10,13,12,9,13,11,9,12,8,11,11,13,5,15,10,14,9,10,11,12,17,7,18,13,19,9,14,3,16,14,11,6,15,E
[12:04:06.000] 5246000,31.138,20,3506,2,1,2,1,3,0,1,3,0,0,0,3,2,1,4,1,0,3,1,0,1,4,1,0,3,1,0,4,1,3,0,4,5,3,1,3,1,4,3,2,1,3,2,2,3,3,0,0,1,5,0,1,3,2,4,2,4,4,5,3,1,1,4,2,5,1,3,5,3,1,2,2,3,4,3,5,4,6,5,4,4,16,8,8,9,5,12,7,12,12,11,15,10,11,16,27,23,22,24,32,42,21,41,35,46,34,36,30,55,46,51,54,44,57,48,61,70,63,57,39,54,60,44,54,53,35,51,39,33,44,25,41,25,28,25,28,30,19,32,21,16,25,21,14,18,16,17,20,20,18,13,19,19,15,31,16,16,24,12,21,15,19,11,14,13,24,31,23,16,15,21,24,15,18,18,20,27,23,26,31,22,34,24,28,25,31,32,27,37,35,33,30,29,35,28,38,43,27,41,33,26,35,30,36,37,47,43,36,39,37,43,44,43,45,51,49,52,50,57,45,62,58,74,66,46,41,57,62,60,65,53,53,64,62,74,66,94,61,77,78,71,70,70,75,73,102,78,80,77,73,98,102,97,103,102,106,1,1,0,0,0,0,1,0,0,0,0,0,1,0,0,0,0,1,0,1,0,0,0,0,0,1,0,0,0,0,1,0,2,1,0,0,0,0,0,2,0,2,1,0,0,1,0,1,0,0,0,1,2,1,1,0,0,1,2,0,3,0,2,1,0,2,1,1,1,0,2,1,1,1,0,1,2,1,2,0,4,1,0,3,1,0,1,2,2,0,2,1,1,1,3,2,0,0,1,2,1,1,1,3,2,2,2,2,2,2,2,0,2,4,2,1,1,2,7,8,5,1,3,4,5,1,4,1,4,6,5,4,7,4,2,4,4,10,4,2,7,12,8,9,8,11,8,10,13,16,20,9,12,9,10,10,10,10,9,8,11,16,15,18,14,15,17,11,17,15,14,13,13,9,8,15,6,11,10,15,15,5,11,6,10,9,12,8,11,6,11,6,7,5,9,8,5,7,6,6,8,9,6,6,8,9,10,12,14,10,8,12,7,5,9,6,14,9,6,13,9,6,6,11,5,16,6,8,12,6,8,13,20,3,8,7,9,14,11,12,13,10,11,8,14,14,13,10,12,20,18,11,10,14,15,14,E
[12:04:08.000] 5248000,31.226,20,3466,0,2,0,0,3,0,1,0,0,1,0,3,2,2,2,1,1,1,3,0,4,4,3,2,1,1,2,2,1,1,3,2,0,4,2,0,4,2,0,2,2,1,4,2,2,1,6,4,1,4,2,2,3,3,0,1,4,3,1,0,1,2,5,5,4,1,2,1,2,4,3,4,6,6,0,5,6,3,9,4,7,5,2,5,11,9,21,7,15,17,9,23,21,25,19,16,25,26,26,26,38,43,38,32,40,39,49,43,38,59,49,56,49,45,61,63,44,59,58,47,49,52,44,48,44,43,43,52,38,32,39,46,28,33,35,37,33,28,27,20,22,17,18,24,16,10,14,24,13,27,19,15,13,13,19,24,23,21,15,20,19,13,13,22,15,27,19,28,20,25,17,19,24,18,22,34,32,20,28,21,29,25,16,20,36,24,30,24,30,37,28,19,29,33,42,33,25,31,43,38,41,30,27,41,47,29,27,36,30,51,38,40,37,43,47,44,51,50,31,54,54,49,70,48,63,50,69,53,52,58,58,68,58,63,57,58,68,66,65,68,66,72,74,80,95,90,75,72,84,89,83,102,82,93,94,96,0,0,0,0,0,0,1,0,0,1,0,0,0,1,2,1,0,0,1,1,0,0,0,1,0,0,0,1,0,0,0,0,0,1,0,4,2,2,2,0,3,0,0,1,0,0,2,2,1,0,1,0,0,2,0,0,0,2,0,0,0,0,0,0,0,0,0,2,2,1,1,1,2,1,1,2,0,0,1,1,3,3,0,2,0,3,1,1,1,3,2,2,0,1,1,3,0,0,1,1,0,2,1,1,5,3,2,3,3,3,2,3,3,2,3,2,1,0,1,5,1,1,2,5,5,3,1,6,5,4,3,8,2,4,9,4,6,4,10,11,9,11,9,12,6,8,3,19,16,14,9,11,11,14,7,17,6,19,12,10,16,11,11,10,9,16,19,12,19,14,11,16,11,12,9,15,11,8,12,10,10,8,14,12,6,10,6,18,11,7,6,8,9,7,6,10,8,10,9,8,6,13,5,10,11,6,14,9,12,6,5,13,7,7,9,6,14,8,6,7,7,7,12,5,9,8,9,8,8,6,7,7,11,11,9,8,14,13,16,16,14,15,10,20,12,11,13,17,14,17,8,16,16,11,12,13,E
[12:04:10.000] 5250000,31.093,20,3529,3,0,1,1,1,2,2,1,2,1,0,0,0,1,0,2,1,1,1,3,1,2,0,1,1,0,2,2,4,3,0,2,2,4,0,1,1,3,6,4,0,3,2,2,1,1,3,2,0,1,5,3,1,1,3,2,3,3,3,3,5,4,2,4,2,6,8,5,4,3,0,3,3,8,4,3,6,4,4,7,3,7,8,11,12,8,12,19,7,12,17,18,23,14,19,22,27,16,25,23,38,29,31,30,48,60,34,52,50,44,48,49,54,45,50,44,44,59,54,53,40,47,57,43,52,47,57,39,41,38,33,32,30,30,35,34,26,23,27,20,16,16,24,29,20,14,16,21,13,29,15,13,15,11,17,18,18,31,21,22,12,21,15,21,22,22,19,13,16,14,24,22,17,20,28,21,18,18,19,26,21,32,22,27,27,42,18,25,31,22,27,46,23,31,33,22,31,30,41,39,46,49,41,38,37,44,40,34,45,39,42,41,45,45,39,38,52,46,51,49,53,51,56,41,46,59,57,50,48,76,71,67,69,62,56,79,57,77,74,98,68,76,70,71,79,92,94,92,97,74,100,100,99,105,99,104,0,0,0,1,0,1,0,1,0,3,2,0,0,0,1,0,0,0,0,1,1,0,0,0,0,0,0,0,1,2,1,0,2,1,1,0,0,2,0,2,0,1,0,1,2,1,0,0,0,2,0,1,0,1,0,3,3,0,1,0,0,2,0,1,0,1,1,1,0,2,1,1,1,2,0,0,3,0,1,1,1,0,1,0,2,0,2,2,3,1,0,2,2,2,2,4,1,5,1,4,2,1,0,2,3,1,0,0,2,3,0,2,3,2,2,3,2,1,4,1,4,2,3,3,1,4,7,6,5,4,6,5,5,7,4,6,10,6,7,11,12,11,11,8,7,10,10,11,10,11,9,11,9,20,15,12,10,8,19,16,7,15,15,11,12,18,13,13,8,11,16,7,10,8,9,13,8,12,12,10,13,15,6,10,14,11,8,12,6,17,14,7,10,5,2,10,3,9,10,9,9,7,7,9,9,9,2,5,8,6,7,10,10,9,7,8,4,8,8,9,11,8,11,6,10,12,6,11,7,9,12,9,18,11,12,9,14,7,17,14,10,13,14,14,16,11,16,14,14,19,13,14,13,13,14,9,E
[12:04:12.000] 5252000,31.167,20,3546,2,1,1,0,0,1,1,0,2,1,2,1,1,1,2,1,1,2,2,1,2,0,3,2,1,3,0,3,4,3,1,0,2,0,2,2,2,1,1,1,1,1,3,1,3,2,1,5,3,2,3,4,4,2,3,1,2,1,5,1,1,4,4,3,2,1,2,3,3,3,6,1,1,3,8,7,3,2,5,9,6,7,4,11,14,10,11,12,17,15,17,15,14,22,12,25,26,26,31,28,33,28,33,46,27,43,44,42,41,39,41,56,58,44,67,57,56,51,42,55,60,53,55,57,50,42,43,43,41,40,42,38,27,26,30,26,20,33,28,29,24,22,19,15,28,18,15,14,16,18,23,17,26,15,15,25,17,14,16,16,14,19,13,16,19,14,21,21,21,20,18,21,28,24,22,24,24,29,25,25,29,36,30,27,31,26,28,34,19,31,21,38,36,37,39,39,33,35,40,37,32,44,34,38,44,42,51,44,36,36,46,32,41,48,48,63,44,49,52,51,50,52,50,62,49,77,48,60,52,59,63,82,71,59,70,85,65,64,64,86,75,100,77,83,73,76,85,72,72,86,81,91,100,79,78,92,0,0,0,1,0,0,0,0,0,1,0,0,0,0,0,3,1,0,1,1,1,0,0,2,0,1,0,0,0,1,2,0,1,3,1,1,1,1,1,1,1,0,0,2,1,1,0,0,0,1,1,3,0,1,0,1,3,0,0,0,1,1,0,2,0,0,1,1,1,1,2,1,0,0,1,3,1,1,0,2,0,0,1,3,0,2,2,1,1,0,2,3,1,0,1,1,2,2,2,4,3,1,1,3,2,3,2,2,1,1,4,2,5,3,2,2,1,2,3,1,1,3,3,6,6,4,4,4,4,2,6,2,7,7,6,6,10,9,9,8,7,12,4,15,16,7,14,15,12,12,11,11,9,7,11,20,15,21,17,13,20,10,16,9,15,21,11,13,17,14,10,16,11,7,12,11,16,13,10,14,10,7,7,5,12,10,12,6,10,10,5,8,5,6,10,12,1,6,7,9,14,13,8,9,11,7,2,10,4,9,8,6,8,8,8,8,12,11,7,10,6,8,10,2,16,12,10,10,6,10,10,13,14,12,13,13,13,8,15,14,13,11,12,6,15,17,14,14,13,13,8,9,19,20,10,11,E
[12:04:14.000] 5254000,31.219,20,3544,1,0,0,1,1,2,1,0,1,3,2,0,3,1,1,0,0,3,1,1,1,1,0,4,2,2,1,1,1,1,0,2,5,2,1,2,1,1,1,0,1,1,1,2,2,3,1,2,2,3,1,2,3,4,0,4,1,5,5,7,4,3,1,5,0,3,2,4,2,2,1,5,10,3,5,2,2,8,8,8,3,8,8,7,10,7,13,13,10,11,13,11,20,18,17,18,30,32,30,31,36,26,42,32,38,44,37,56,62,52,49,53,53,60,59,56,53,47,59,58,66,49,55,35,54,35,31,41,40,48,47,34,35,38,23,29,32,26,27,16,21,28,19,17,22,12,18,18,15,17,17,20,19,15,14,16,19,24,20,16,25,22,17,24,19,17,19,24,16,20,18,26,22,31,21,18,19,23,24,29,22,24,26,15,22,26,31,19,29,25,28,27,25,31,25,24,29,43,39,32,43,37,29,40,39,45,30,42,45,48,39,45,50,48,45,35,55,62,50,67,56,61,58,58,47,60,31,61,51,42,60,63,81,71,84,62,57,72,73,83,73,75,73,81,101,79,75,95,87,106,100,100,91,92,105,96,0,0,0,0,0,0,0,0,0,0,1,0,0,0,1,0,2,0,1,0,1,0,0,2,0,0,0,0,0,0,1,0,0,0,0,0,0,1,0,1,0,1,1,0,2,1,0,1,2,2,0,1,1,1,0,3,1,2,1,0,1,0,0,1,2,0,2,3,3,0,0,2,0,1,0,0,1,4,2,1,0,0,1,0,1,5,3,0,3,0,0,2,4,3,2,1,1,0,4,1,0,3,3,1,0,1,3,2,2,0,1,3,4,2,3,4,2,2,2,2,4,3,3,0,2,5,4,4,6,5,4,5,4,6,11,4,4,7,9,9,7,5,4,6,6,10,14,9,11,12,8,9,8,13,12,16,12,9,12,13,9,17,9,5,9,17,10,19,14,13,15,8,14,16,20,14,11,10,17,6,13,9,8,11,4,9,12,3,7,8,6,9,10,12,10,9,7,11,9,8,7,9,6,7,7,11,9,13,13,10,12,9,8,6,7,6,16,11,15,18,10,7,10,8,9,8,11,13,5,8,11,7,6,13,16,10,11,7,12,8,17,10,13,14,13,7,10,9,16,18,16,10,14,15,16,9,E
[12:04:16.000] 5256000,31.107,20,3645,0,2,1,3,0,1,0,1,1,0,0,1,0,2,1,1,2,1,1,2,4,1,2,2,0,3,4,2,1,4,1,5,2,1,2,1,1,1,1,3,2,4,4,1,3,2,1,2,0,5,1,0,4,1,3,2,3,2,6,3,2,2,4,1,3,3,0,1,2,1,4,3,3,3,5,3,5,4,4,4,3,7,8,8,5,16,9,13,9,16,21,18,16,22,30,19,30,26,31,27,36,39,36,35,42,55,45,54,48,53,62,62,58,44,56,67,59,56,54,52,50,59,57,49,53,47,39,34,41,38,45,44,38,22,38,24,33,27,24,21,22,27,22,8,20,14,12,14,15,20,18,16,15,9,12,12,12,21,14,18,14,25,24,17,19,22,20,29,17,22,15,24,25,21,15,22,23,24,29,34,27,30,22,28,29,40,31,36,25,26,31,31,28,34,27,41,33,32,36,39,37,43,42,45,42,51,45,36,37,43,43,34,45,55,46,55,47,67,51,59,57,65,58,50,62,57,51,54,54,70,60,70,85,74,77,66,53,87,77,59,85,75,85,88,72,82,101,67,102,81,103,93,93,99,102,95,0,0,1,0,1,0,1,0,0,0,0,0,1,1,0,0,0,0,0,1,2,3,0,0,0,1,0,1,0,0,1,0,1,2,3,1,1,0,0,2,0,0,0,0,1,1,1,0,0,1,0,1,1,0,1,0,0,2,0,1,1,0,1,2,3,1,0,0,3,1,1,1,5,1,1,0,1,1,2,0,3,0,1,2,1,0,0,1,1,0,2,3,2,0,1,2,1,2,0,2,3,3,0,3,0,0,2,2,3,3,2,1,4,2,0,0,2,5,2,2,2,1,3,0,4,3,4,3,5,1,3,7,5,8,5,3,9,4,7,13,4,7,11,9,16,8,23,9,16,11,14,12,16,9,8,9,14,12,8,7,11,9,12,12,16,12,13,10,19,15,10,8,4,15,6,11,8,6,12,10,10,13,18,11,12,13,7,5,10,11,9,8,6,5,9,6,3,8,5,10,10,6,12,6,8,10,8,5,5,8,12,5,5,6,9,10,9,11,11,12,8,8,6,8,9,16,7,5,12,9,8,11,15,10,10,11,13,14,14,17,9,6,12,15,14,9,14,10,14,14,10,9,10,9,14,15,E
[12:04:18.000] 5258000,31.141,20,3664,0,2,0,1,1,3,1,1,1,1,4,1,3,2,2,1,1,1,0,0,0,2,0,0,5,0,0,1,2,1,3,1,2,3,2,2,2,2,1,0,2,4,2,2,0,1,2,0,8,2,2,5,0,2,3,3,5,2,4,3,2,3,5,2,1,1,7,3,2,5,6,2,1,5,7,10,3,2,8,10,7,9,8,9,10,5,8,8,14,12,8,24,14,19,30,25,24,34,27,42,33,33,38,36,49,43,43,48,51,42,51,53,53,42,64,61,45,67,60,71,58,45,44,59,39,46,48,47,42,32,30,26,24,32,32,33,26,23,21,31,26,19,23,12,26,14,14,27,20,12,22,16,15,13,19,20,14,24,9,18,10,16,26,13,23,15,18,28,19,21,24,24,22,27,22,20,18,18,29,21,33,33,33,25,30,22,32,25,38,26,33,26,25,28,28,31,43,30,42,37,45,40,38,39,47,41,48,51,42,54,44,37,49,30,50,33,50,43,45,48,59,58,58,55,68,74,61,74,63,52,74,67,71,65,63,74,79,74,75,83,78,78,80,87,93,74,94,80,84,96,105,83,114,100,103,90,0,0,0,0,1,0,0,0,0,0,1,1,0,0,0,0,1,0,0,0,0,2,1,0,0,0,0,1,0,1,1,2,1,1,2,1,0,0,0,3,0,0,1,0,3,1,1,1,1,2,1,0,2,0,0,2,1,1,0,0,0,1,1,2,0,1,1,1,1,2,0,1,2,0,2,3,0,2,0,3,3,0,4,4,1,2,1,2,1,1,1,1,1,4,3,5,5,1,2,2,1,1,1,0,0,1,0,0,1,3,5,6,1,0,3,3,1,0,2,4,1,7,3,7,6,4,3,5,9,6,5,2,3,3,8,7,5,11,6,2,8,13,16,6,9,8,16,9,9,6,13,10,12,13,12,15,9,8,6,9,18,18,12,18,14,15,9,14,19,15,9,16,9,11,15,20,10,10,10,12,15,10,9,9,6,18,7,5,7,13,7,5,8,8,8,5,14,6,6,8,7,9,10,9,6,7,7,7,7,11,15,14,10,5,15,9,7,6,15,5,4,10,4,8,9,11,10,13,8,10,19,11,9,14,12,14,9,10,11,13,9,8,13,13,11,12,14,18,16,20,15,14,12,9,19,13,E
[12:04:20.000] 5260000,31.232,20,3577,1,1,0,0,1,0,0,1,1,1,0,3,0,1,0,1,2,1,4,3,3,2,1,0,1,2,0,2,2,2,1,0,0,0,7,2,3,1,4,5,2,0,2,5,1,3,3,1,4,0,6,1,3,1,3,3,4,3,1,2,2,1,2,4,2,1,4,2,5,3,4,1,4,2,1,3,4,2,10,5,3,7,7,13,8,2,10,14,11,15,15,12,8,13,21,28,26,19,24,33,34,40,42,27,45,41,53,51,54,53,51,62,50,48,47,49,63,69,55,73,53,51,65,53,61,31,43,43,33,48,39,26,28,28,22,37,37,27,27,18,24,22,20,20,15,19,19,18,22,28,15,23,20,17,17,14,15,16,15,20,26,23,10,24,20,20,19,20,18,15,26,23,19,17,14,28,22,16,24,25,26,14,23,31,34,26,24,37,19,35,26,34,34,37,31,29,35,31,36,35,34,39,29,37,56,46,39,39,40,44,49,49,29,50,67,43,47,56,54,53,50,50,58,55,54,65,46,55,49,71,66,70,65,67,63,63,78,67,81,66,83,66,79,85,78,81,72,110,92,95,93,92,88,93,116,103,0,0,0,0,0,0,1,0,1,1,1,1,0,2,1,0,0,1,1,0,0,0,0,0,2,1,1,1,3,0,1,0,0,1,0,1,1,0,1,0,1,0,0,1,2,0,1,1,0,1,1,0,1,0,1,1,3,2,3,0,1,1,1,5,0,3,1,1,3,2,2,0,1,1,3,1,0,0,0,2,2,3,1,1,2,1,3,2,1,0,4,2,1,2,2,2,0,1,0,3,2,0,3,1,1,2,0,0,2,1,4,0,5,4,2,3,3,4,6,2,4,0,1,2,6,0,4,4,4,4,2,4,4,7,6,6,11,10,10,7,10,8,10,14,8,7,7,8,12,7,19,12,7,11,12,18,11,14,12,12,14,13,13,17,15,8,22,10,21,13,11,12,10,13,18,15,9,15,13,8,13,14,7,3,7,7,1,5,7,11,6,11,2,5,5,10,8,9,6,8,10,9,8,7,8,6,15,6,7,7,6,12,9,11,10,6,4,6,8,9,9,5,11,8,6,9,10,11,11,10,9,12,14,17,11,11,12,10,11,19,13,9,10,17,13,9,13,14,12,12,8,13,12,21,22,11,E
[12:04:22.000] 5262000,31.241,20,3596,3,2,1,0,4,1,4,0,0,3,0,0,3,1,1,2,1,0,3,0,1,0,2,0,3,0,2,3,0,0,3,0,2,3,2,6,2,2,2,3,3,1,5,4,2,4,4,4,1,1,2,3,1,3,1,3,2,1,0,4,4,4,5,3,4,3,5,6,2,2,2,5,6,4,2,4,7,5,10,4,8,6,7,4,7,8,6,12,9,10,19,16,15,18,20,26,27,26,21,33,26,35,30,44,49,34,40,52,50,41,43,50,63,48,50,71,55,55,60,59,57,50,48,45,50,49,42,56,34,46,42,45,27,34,22,25,23,22,33,27,16,24,21,16,24,18,16,15,25,24,14,22,20,20,15,18,17,16,19,12,13,24,31,19,24,17,23,21,16,16,24,19,24,21,24,21,28,23,18,21,32,32,29,35,30,19,26,23,27,20,31,39,38,21,27,40,32,29,40,45,30,27,42,46,43,36,35,35,47,41,61,55,45,53,48,50,43,52,53,60,51,44,57,56,53,60,77,57,70,57,65,59,57,64,71,77,70,59,70,92,83,80,80,77,64,77,80,71,96,94,97,97,110,96,117,88,1,0,0,1,0,0,0,0,1,1,0,0,0,0,0,0,1,0,2,1,0,1,0,0,0,0,0,0,0,1,1,1,1,0,0,1,0,0,0,1,0,0,1,0,1,3,0,0,0,3,1,1,0,1,0,0,1,1,0,0,0,1,1,0,1,1,0,1,3,3,1,1,2,5,1,1,0,2,3,2,1,1,2,1,0,1,3,0,0,1,0,1,1,6,3,0,1,2,3,1,0,2,1,2,2,0,1,2,0,1,5,3,2,5,1,1,3,1,6,3,8,5,7,3,1,4,4,4,2,11,3,8,6,6,9,4,7,8,5,10,9,12,14,7,11,19,5,17,8,9,13,10,6,11,20,11,12,17,11,18,13,14,10,10,17,18,12,16,20,12,14,13,9,14,12,14,15,12,13,10,12,13,16,8,8,7,13,11,8,18,7,13,11,4,9,6,8,5,7,10,10,5,4,4,6,6,9,5,7,9,5,10,11,3,12,11,7,6,9,6,9,4,6,11,8,10,10,9,11,9,11,11,11,18,10,11,13,11,12,15,17,12,6,14,8,8,13,21,14,20,10,13,20,9,20,10,E
[12:04:24.000] 5264000,31.373,20,3738,0,2,1,0,0,0,0,3,1,1,0,1,0,0,3,0,1,1,3,1,0,1,4,6,1,2,2,0,1,0,1,2,2,2,1,1,1,1,2,1,2,2,2,1,2,0,1,2,0,2,0,2,2,1,3,1,3,1,1,2,4,2,3,0,3,7,3,3,3,4,3,5,5,5,7,9,6,3,8,5,9,3,11,5,11,7,9,17,13,16,12,12,17,22,24,26,23,18,28,39,37,37,38,43,43,37,58,39,50,39,54,61,46,66,62,68,57,66,56,47,45,53,56,50,37,40,29,51,50,45,39,33,41,40,28,22,17,33,28,22,18,21,15,16,12,22,17,13,15,10,19,16,21,14,16,20,22,18,20,25,18,17,14,23,15,22,28,22,19,21,16,27,27,22,22,21,20,23,20,31,31,24,27,35,35,29,33,22,23,36,37,36,36,37,43,38,32,35,44,36,30,37,46,41,30,43,39,47,54,52,52,41,52,61,51,55,57,60,50,51,63,35,58,58,64,53,59,74,61,62,65,53,60,79,68,70,67,63,79,62,79,90,84,86,98,92,100,86,81,94,105,102,127,102,104,123,0,0,0,1,1,0,0,1,1,0,2,0,0,0,0,0,0,0,1,1,1,0,0,0,0,1,0,0,1,0,0,0,0,0,1,0,0,0,1,0,0,1,0,2,0,0,3,0,0,0,3,3,0,1,3,1,1,2,1,0,0,2,2,0,1,0,1,2,0,0,2,0,3,1,4,0,1,2,2,2,2,2,4,1,3,0,1,3,0,0,0,0,1,2,1,2,4,2,0,0,1,1,5,1,1,3,3,3,0,2,2,1,0,2,1,3,2,3,1,3,0,7,6,6,6,3,3,4,5,6,5,2,7,2,8,7,5,4,6,10,8,4,8,4,5,8,10,9,10,10,9,15,7,14,17,19,9,13,14,13,14,16,19,17,10,9,4,14,13,16,13,17,14,17,14,10,11,6,9,9,8,9,9,10,11,7,9,12,10,5,11,10,2,8,4,7,9,6,10,5,6,7,8,6,4,8,5,9,14,7,11,4,8,8,11,9,11,10,7,9,7,7,9,10,9,7,8,17,6,15,13,8,10,13,14,11,6,12,19,15,10,15,10,17,16,12,8,13,10,18,20,13,17,17,17,11,E
[12:04:26.000] 5266000,31.418,20,3635,2,1,1,0,1,1,0,4,0,3,2,3,1,0,3,2,0,0,1,0,0,2,5,2,1,3,1,2,5,5,1,1,4,2,4,1,1,0,1,1,4,1,3,0,4,4,0,1,2,3,4,2,2,3,3,3,1,7,3,4,0,4,0,5,6,4,1,2,0,1,3,0,7,2,2,5,2,4,5,4,3,8,15,15,8,8,9,23,13,19,17,19,21,18,23,20,27,36,30,27,30,35,41,37,42,46,46,48,52,48,46,50,48,64,65,57,40,53,46,48,42,53,47,54,42,34,48,37,39,44,40,26,31,28,33,28,29,30,33,17,17,24,17,26,11,18,21,23,22,17,21,22,16,14,19,24,21,20,18,16,21,19,22,22,27,23,31,22,29,19,25,29,12,21,27,30,19,16,37,29,25,25,31,24,27,40,36,27,33,34,31,33,28,38,28,35,44,23,35,46,40,48,49,41,41,46,41,48,40,44,50,45,32,56,50,59,66,49,61,67,54,54,48,55,62,70,56,58,59,49,73,58,67,53,69,67,75,68,80,73,62,82,78,77,89,67,69,83,99,109,80,77,97,87,97,95,0,1,0,0,0,1,1,0,0,0,0,0,1,1,0,3,2,1,1,1,0,0,0,0,3,1,1,0,1,0,1,0,0,0,0,1,2,0,0,0,0,3,0,0,0,1,0,2,1,0,0,0,0,0,1,0,1,2,0,1,2,1,1,3,1,1,1,0,2,0,0,0,0,1,1,1,2,1,3,1,1,1,2,1,1,3,1,0,3,1,2,2,1,0,3,1,4,4,3,2,1,1,2,0,2,4,1,4,0,5,3,4,2,4,1,3,2,6,6,5,4,0,3,2,2,3,5,9,2,2,4,4,8,6,5,5,4,8,9,10,5,4,8,7,11,10,13,12,11,11,13,11,14,14,11,16,13,11,22,16,16,11,18,12,12,14,15,19,14,7,13,12,10,12,10,15,10,9,8,7,6,6,10,10,12,10,16,10,8,7,10,6,8,9,7,8,8,8,5,8,8,10,5,7,8,8,11,12,6,8,5,6,9,6,6,8,10,6,13,10,11,13,13,5,6,6,15,5,12,8,11,8,8,14,12,16,11,8,16,15,19,18,13,17,14,11,18,20,14,10,10,14,17,12,16,19,E
[12:04:28.000] 5268000,31.502,20,3642,3,1,4,0,0,1,1,2,0,1,0,0,1,1,2,3,0,0,1,0,0,0,1,3,3,6,1,0,0,3,4,1,1,2,1,0,2,1,5,5,2,1,1,1,2,0,2,0,2,1,4,1,3,3,4,2,2,1,2,3,3,0,2,4,3,3,2,2,7,6,6,2,8,9,6,4,3,7,6,7,10,6,6,4,15,9,14,7,14,16,23,17,14,25,27,22,26,23,31,39,40,33,27,54,43,58,43,49,46,46,66,53,60,59,48,56,42,62,54,55,55,51,55,51,61,48,46,45,46,42,42,33,40,36,29,22,27,27,24,20,22,20,19,21,17,8,12,26,21,14,14,19,17,13,18,13,13,17,15,13,23,26,26,21,15,18,23,18,26,18,24,22,20,24,24,27,26,26,32,22,24,15,25,28,39,26,39,25,33,23,22,38,37,29,40,24,38,40,32,26,50,37,34,35,42,39,40,41,38,33,38,50,40,48,34,67,52,60,37,38,65,52,65,51,44,63,62,63,52,54,67,64,68,67,70,76,77,63,77,68,76,79,74,90,80,80,98,97,92,94,85,108,96,92,104,99,0,1,0,0,1,2,0,1,0,1,1,0,0,0,0,1,0,0,0,0,0,0,0,0,2,0,2,2,2,0,2,0,0,0,0,1,2,1,0,2,0,2,1,1,1,1,1,2,1,0,1,1,2,0,0,0,0,1,0,3,1,2,1,2,1,0,2,4,1,0,0,0,1,3,4,4,1,2,1,2,0,1,2,1,3,0,2,0,1,1,1,4,1,2,1,1,2,2,0,3,3,3,4,3,6,2,5,4,4,1,3,1,0,4,0,5,4,4,5,3,2,2,3,3,3,5,6,3,4,3,6,8,2,4,6,5,8,6,14,9,9,5,5,6,14,8,18,10,13,15,18,8,16,13,15,14,16,12,7,16,18,17,16,10,15,14,17,9,9,9,12,13,5,13,13,16,9,13,11,10,14,10,13,7,9,13,12,13,7,7,9,6,5,9,9,9,6,8,12,6,11,4,8,12,3,4,4,5,6,4,15,8,12,6,16,12,12,10,8,10,12,12,17,14,7,18,10,10,10,11,7,5,12,7,7,9,11,10,9,12,15,15,6,14,12,16,13,12,8,17,15,18,16,17,15,18,E
[12:04:30.000] 5270000,31.457,20,3665,0,1,0,1,2,1,1,2,0,0,0,1,0,0,1,2,0,0,0,0,2,3,2,4,0,2,0,2,2,3,2,2,2,3,2,0,2,2,0,4,4,4,4,4,3,0,4,1,0,4,1,3,4,0,3,4,1,7,4,4,3,6,4,3,5,3,1,1,1,1,2,7,1,6,0,4,3,3,3,3,3,5,9,12,12,12,10,3,15,11,18,17,15,31,16,25,25,28,26,25,37,34,30,33,60,45,38,50,51,52,52,45,50,56,53,51,53,51,56,82,59,57,48,46,44,45,42,38,39,32,34,49,42,35,35,24,29,27,22,26,32,23,23,23,21,13,24,18,12,28,21,19,15,13,19,15,20,13,14,15,16,10,13,18,24,18,7,18,25,24,24,23,23,17,22,24,21,32,24,17,38,30,32,35,26,38,25,30,29,26,22,32,36,34,29,31,33,37,44,33,26,37,30,37,44,35,42,43,42,49,49,49,47,62,50,43,54,40,76,52,74,57,57,54,58,60,61,68,62,50,60,59,67,68,80,73,78,71,69,61,83,94,81,80,82,87,88,81,86,96,98,87,109,108,106,111,0,0,1,0,0,0,0,0,0,0,0,1,0,0,0,1,0,1,0,1,1,1,1,0,0,0,0,0,1,1,0,1,1,0,2,1,0,1,0,1,2,1,0,0,0,1,1,1,1,1,0,1,1,0,0,0,0,0,0,2,2,0,1,0,0,1,0,1,0,0,0,1,1,1,1,0,1,0,0,1,0,0,3,1,0,0,3,1,1,3,0,2,1,2,0,1,1,0,0,2,1,3,2,2,0,1,3,1,0,3,1,3,2,3,1,3,3,1,3,4,4,2,6,4,2,2,4,8,5,5,5,6,4,6,3,5,8,8,9,12,10,8,8,11,12,8,14,12,13,8,8,16,7,16,8,18,14,9,19,15,7,17,13,9,18,9,9,16,15,11,14,15,14,9,15,12,12,12,14,15,10,5,8,12,11,15,8,5,13,7,6,7,8,3,7,6,12,5,4,5,3,12,10,6,7,8,12,6,8,11,6,10,9,6,9,5,10,9,9,9,2,6,20,11,7,7,10,11,8,9,6,5,13,8,12,7,7,13,15,16,12,14,16,17,18,10,11,11,10,12,10,19,19,17,12,8,E
[12:04:32.000] 5272000,31.624,20,3682,0,1,4,0,0,2,0,0,0,1,2,1,1,0,3,1,1,1,3,2,2,2,3,3,1,1,1,6,4,2,0,2,3,2,1,6,3,1,2,4,1,2,5,2,2,3,3,3,4,4,2,2,2,5,2,3,2,1,2,0,4,3,4,6,2,4,3,4,4,2,2,4,3,3,3,3,7,6,3,8,9,7,6,11,4,15,9,11,13,10,10,18,22,15,12,19,22,31,24,28,32,40,40,36,33,56,59,42,54,55,43,52,57,49,47,74,52,56,66,51,51,47,46,60,45,46,48,48,35,53,39,31,27,28,29,33,29,23,23,15,20,21,24,12,24,13,16,23,15,13,11,18,22,20,16,26,19,12,12,19,19,19,22,26,14,15,18,21,19,21,20,33,20,21,26,26,26,28,28,31,30,22,35,22,27,29,38,36,37,26,32,40,35,39,38,27,42,24,44,33,46,50,41,43,31,42,33,49,39,47,37,27,37,45,33,55,42,44,58,60,47,47,66,50,56,68,59,62,67,71,66,63,80,76,70,90,92,65,67,69,79,76,83,87,82,75,99,106,102,91,91,89,107,94,95,119,0,2,1,0,0,1,0,0,0,0,0,0,0,0,0,3,0,1,0,0,0,0,2,0,0,1,0,1,2,2,0,1,1,3,2,0,0,0,1,0,2,0,2,1,0,0,0,2,2,2,0,0,1,0,1,0,0,0,0,0,3,0,0,1,0,1,1,1,0,1,1,2,3,1,0,0,1,0,0,1,1,2,0,3,1,2,3,1,2,2,1,0,2,0,1,1,2,3,2,0,5,4,1,2,2,5,3,0,2,2,2,2,3,1,2,4,1,3,1,1,3,5,1,6,5,3,3,6,3,7,3,11,2,8,7,9,9,7,8,11,2,11,13,11,16,9,15,11,15,9,15,16,14,13,13,11,20,10,10,14,14,10,15,16,12,11,9,15,6,9,9,15,13,13,14,12,10,15,7,7,16,7,12,6,2,11,10,10,6,6,7,6,7,11,8,7,4,11,6,3,11,9,9,10,7,6,9,4,7,9,11,7,8,11,10,11,9,13,7,6,8,8,13,7,9,7,12,13,11,10,11,12,14,9,10,10,10,7,14,15,11,10,12,9,20,11,12,14,16,14,18,19,12,9,9,11,E
[12:04:34.000] 5274000,31.673,20,3665,1,2,0,1,2,1,2,1,1,2,0,2,1,1,0,2,1,3,1,2,1,3,1,3,2,2,1,3,2,0,1,1,2,1,3,3,1,4,2,1,3,0,0,1,3,0,3,1,1,2,2,1,1,2,5,4,3,3,2,1,3,4,2,3,0,5,3,4,7,7,1,5,3,4,3,9,6,7,6,6,10,8,6,9,10,7,12,11,10,17,15,15,18,22,24,28,35,27,25,20,36,40,38,30,41,43,43,51,43,48,53,37,66,68,51,74,49,56,53,56,65,56,53,55,51,43,38,34,45,41,28,30,43,32,40,21,20,28,34,14,23,23,17,12,16,25,29,17,16,28,15,15,16,17,11,17,20,17,21,8,19,17,15,18,19,15,23,23,12,25,22,27,21,25,27,28,27,23,27,41,26,29,25,27,26,41,29,32,33,27,29,46,34,40,29,34,33,30,36,42,42,46,37,32,40,50,40,50,38,48,47,54,40,36,47,50,46,46,47,56,52,53,64,60,52,59,55,53,57,78,65,71,58,60,72,64,73,63,81,79,73,65,63,88,84,91,87,90,95,91,75,97,106,118,95,96,0,0,0,1,0,0,0,0,0,1,0,0,0,0,1,1,1,1,1,0,0,0,0,0,0,1,0,0,1,1,0,1,2,1,0,2,0,0,2,0,0,0,1,1,0,1,0,1,0,1,0,0,0,0,0,0,0,0,0,4,2,0,0,3,0,0,2,0,0,2,1,2,0,2,2,2,2,0,2,2,1,0,0,1,1,0,1,1,2,2,0,0,5,1,3,2,3,0,0,1,3,1,0,2,3,1,3,1,2,2,2,1,3,1,2,2,3,3,3,3,5,5,5,4,1,4,1,1,3,13,2,6,5,4,8,12,11,19,3,6,7,6,6,8,8,9,16,9,12,10,13,11,10,14,12,13,12,16,9,15,11,18,14,19,16,21,17,9,19,12,19,14,17,10,15,7,12,8,15,12,14,9,11,8,15,9,7,9,7,8,6,7,11,7,14,7,10,6,12,6,9,6,12,12,8,6,4,10,7,9,11,10,12,9,9,3,19,10,6,13,12,8,12,9,10,10,9,10,10,8,8,10,12,11,17,10,13,18,11,15,18,10,16,10,9,14,17,10,6,17,15,18,21,18,18,12,E
[12:04:36.000] 5276000,31.651,20,3731,1,1,3,0,0,1,0,1,1,2,0,4,0,1,0,0,1,2,6,4,1,2,4,4,0,1,3,1,1,1,1,0,0,2,2,0,1,3,0,4,1,1,4,2,3,0,3,5,3,4,2,2,1,2,1,3,2,2,2,7,2,6,3,7,4,0,7,2,7,4,4,4,1,5,2,7,6,3,7,10,7,4,5,2,15,9,9,12,13,16,10,17,25,26,23,21,21,18,33,32,32,32,35,48,48,42,50,52,45,49,45,50,57,44,63,53,44,69,45,64,55,57,65,60,35,48,40,35,39,37,43,27,32,39,28,26,23,29,26,21,19,26,18,22,24,24,24,15,16,17,12,18,19,25,11,16,19,24,14,19,24,21,16,20,11,25,12,21,17,17,21,26,18,31,23,30,30,29,27,31,29,28,25,31,27,25,30,27,31,42,37,38,30,35,26,36,37,44,42,43,35,34,56,39,36,42,38,43,37,52,56,46,53,61,35,39,64,41,52,69,62,60,54,47,47,63,69,55,69,65,61,54,71,71,85,55,62,72,68,75,93,72,72,94,95,71,98,81,98,97,104,107,99,101,105,109,0,0,0,1,0,0,0,1,1,0,0,0,2,0,1,0,0,0,0,1,1,1,0,0,0,2,2,1,0,1,0,3,1,1,0,2,0,1,0,1,1,1,2,2,1,1,0,1,1,0,0,0,1,0,0,1,0,1,1,0,2,0,0,0,0,1,1,3,2,1,1,0,0,1,1,0,3,0,0,0,1,0,3,2,1,2,1,2,1,1,1,0,0,3,1,1,0,3,1,2,2,1,1,0,3,4,1,3,4,4,3,1,3,1,2,4,4,3,4,0,2,5,6,2,4,6,3,7,5,7,2,3,4,4,3,3,3,12,12,6,13,13,8,11,7,7,11,7,10,12,11,6,10,9,15,22,14,7,14,8,11,12,17,12,16,14,17,14,11,12,13,10,12,12,14,5,7,14,12,6,15,13,10,9,8,9,9,4,10,7,12,6,10,7,8,8,8,8,6,4,7,7,7,6,6,13,4,6,10,8,7,8,9,8,12,3,11,7,11,7,10,14,9,6,11,13,8,9,16,6,10,4,8,11,13,12,17,7,9,12,13,16,14,17,11,13,9,12,14,20,13,14,12,17,9,12,E
[12:04:38.000] 5278000,31.708,20,3600,0,2,2,1,3,2,1,2,1,1,1,1,1,0,2,3,1,1,0,3,2,0,1,0,0,4,0,2,2,2,0,1,2,5,0,3,1,1,4,4,3,6,2,3,4,1,2,1,3,3,5,2,0,4,2,2,4,4,3,4,3,8,2,1,1,4,5,0,3,2,4,2,3,8,2,3,7,8,6,8,5,6,5,10,4,15,12,5,17,12,20,17,24,17,21,22,31,30,26,39,33,32,35,39,44,50,46,43,41,47,43,50,69,68,69,58,60,39,57,59,57,64,53,36,38,48,48,43,38,39,33,38,35,30,36,33,27,22,24,31,23,23,20,26,14,24,15,16,12,16,18,15,18,16,16,11,19,14,14,21,14,19,17,27,18,30,21,17,17,20,22,21,17,22,20,18,31,22,21,24,24,24,34,36,26,26,34,25,37,40,31,31,38,38,32,26,37,28,28,36,25,35,38,38,34,40,44,54,48,34,45,42,39,50,59,38,53,46,58,49,60,52,52,55,49,70,63,53,61,49,63,60,79,74,63,57,88,71,82,65,84,76,80,77,89,75,88,78,88,86,80,96,90,94,106,113,0,0,0,1,0,0,0,0,2,0,1,0,0,2,0,1,1,1,1,1,0,0,0,0,1,0,0,0,2,0,0,1,1,0,0,1,2,0,0,0,2,0,1,5,2,0,0,0,0,0,2,1,1,0,1,3,1,2,0,2,1,1,1,0,2,2,2,2,0,1,1,0,0,0,0,1,3,3,1,1,0,2,3,1,1,0,0,0,1,1,2,2,5,1,1,1,0,0,1,1,2,1,0,0,2,1,4,3,2,1,1,1,3,2,3,2,5,2,2,2,4,2,3,2,5,1,9,4,3,2,8,5,5,11,9,4,2,6,5,5,8,4,10,6,8,5,15,16,7,14,7,14,12,9,10,16,15,14,13,23,13,17,16,6,11,14,13,11,12,11,11,14,15,9,9,13,11,8,11,15,12,12,5,9,12,3,12,5,8,5,13,4,12,7,9,7,10,8,6,17,10,9,9,10,8,10,8,9,7,11,11,7,7,8,9,8,14,9,6,8,11,11,10,13,13,13,7,10,8,6,17,13,8,13,9,12,15,22,14,10,14,10,17,12,15,22,16,15,21,15,14,16,12,20,10,18,E
[12:04:40.000] 5280000,31.658,20,3693,1,0,0,3,2,2,1,0,3,0,0,3,1,2,0,0,1,1,1,0,1,1,2,1,5,0,1,5,1,2,0,0,2,2,0,1,1,0,0,3,3,2,4,2,3,2,1,4,2,6,2,3,3,1,2,2,2,3,1,3,6,4,2,2,1,0,1,5,1,6,3,5,1,4,5,3,6,7,10,5,6,7,9,8,7,10,14,5,14,13,10,20,14,24,20,23,29,26,36,29,26,32,34,34,56,45,48,49,50,49,50,60,57,53,45,52,48,62,66,51,54,47,71,54,50,49,40,49,47,30,40,58,43,30,22,25,31,17,28,19,19,22,16,18,19,20,21,17,18,14,8,17,18,18,20,18,18,20,21,21,23,15,19,24,15,19,17,14,12,22,16,20,16,34,24,25,31,25,24,28,26,21,28,30,24,46,35,30,34,26,38,37,31,34,43,41,40,31,37,25,35,41,42,33,51,47,48,39,40,49,36,49,48,49,54,50,62,54,53,52,39,64,49,47,52,60,65,56,62,68,77,70,75,79,81,68,88,69,91,67,79,75,73,72,74,95,83,93,95,97,110,85,104,104,86,101,0,0,1,0,0,0,1,0,0,0,1,1,0,0,0,0,1,0,0,0,0,1,1,3,2,0,1,2,1,0,0,0,0,1,1,1,1,0,5,0,1,0,2,0,1,0,0,2,0,0,0,0,0,2,0,0,0,0,0,3,1,0,0,0,2,0,0,1,0,1,2,1,0,0,2,0,0,1,1,1,0,1,0,1,1,0,1,1,0,1,0,0,3,2,2,2,2,0,2,3,2,1,2,2,1,2,0,1,1,2,2,3,2,4,2,3,4,2,2,3,3,1,4,3,4,3,3,0,4,4,5,4,5,6,7,4,5,3,5,7,9,6,8,8,14,9,12,8,14,14,8,8,6,17,14,13,16,13,12,11,18,14,13,14,13,10,16,10,9,13,13,16,10,5,14,11,11,7,4,16,10,11,10,7,5,11,10,5,7,7,7,8,10,7,9,10,7,3,6,8,11,5,7,3,8,12,4,7,9,8,7,10,6,11,10,16,7,5,8,11,8,8,6,4,7,8,8,13,8,13,11,11,16,16,10,9,13,18,11,14,13,13,9,7,8,12,20,19,19,12,19,15,22,17,21,10,E
[12:04:42.000] 5282000,31.736,20,3618,1,1,0,4,0,3,2,1,2,0,0,2,3,2,2,0,2,1,1,5,0,1,4,3,2,3,2,0,1,3,1,5,1,2,1,2,3,1,1,1,0,2,7,2,3,5,3,5,1,3,3,5,3,3,1,0,5,2,3,2,1,3,3,2,3,3,1,2,5,2,4,6,6,2,2,3,5,5,4,12,7,7,9,8,3,6,19,9,17,17,17,23,17,16,18,22,25,25,25,33,37,33,35,44,52,40,46,45,51,54,61,49,51,74,55,52,50,59,40,52,51,47,46,50,53,52,34,42,42,37,32,24,26,26,35,35,27,23,25,29,13,19,20,21,23,13,12,21,17,18,16,14,16,27,26,17,19,16,15,24,15,20,13,22,19,23,25,27,21,23,24,18,23,22,19,22,23,24,24,25,26,27,24,29,24,27,30,31,25,36,45,27,44,33,25,33,30,28,45,38,38,35,37,29,34,44,39,42,34,55,40,43,39,52,35,45,56,54,60,55,57,59,50,56,64,60,57,59,66,73,73,81,68,66,69,66,77,71,75,66,80,78,70,84,68,76,87,79,89,81,107,99,98,103,99,109,1,0,0,0,0,1,1,1,1,1,0,0,1,1,0,1,0,1,0,0,1,0,1,1,1,3,2,1,1,0,2,0,0,0,0,0,1,1,0,0,0,1,0,0,0,0,1,0,0,0,0,1,0,2,0,0,0,1,0,0,1,3,2,2,4,2,1,0,0,0,2,1,2,1,1,1,3,2,2,0,0,1,3,1,1,2,0,0,0,2,0,1,3,2,3,0,4,1,2,1,1,1,3,5,1,2,4,2,1,2,1,2,3,2,2,4,4,2,1,1,7,2,2,1,0,5,4,6,3,5,3,2,5,6,6,8,13,7,12,10,10,11,12,7,6,7,7,12,11,13,15,12,19,19,16,14,10,11,18,6,12,18,13,14,6,11,9,12,10,7,13,15,13,16,11,11,8,13,9,14,6,8,10,16,8,8,9,8,10,7,10,10,8,4,7,5,3,8,8,1,10,4,6,8,6,8,10,5,7,4,9,11,10,5,12,9,6,4,7,11,6,13,11,8,14,11,8,11,9,9,11,7,16,15,8,15,11,13,9,13,15,9,14,15,11,14,5,19,19,12,15,10,10,17,23,20,E
[12:04:44.000] 5284000,31.862,20,3531,0,0,0,0,2,1,2,1,1,1,0,3,3,2,0,0,1,2,1,0,0,2,2,1,1,0,1,2,3,2,0,1,2,3,1,3,0,1,1,0,1,1,2,0,3,2,2,2,2,2,4,4,0,1,2,4,2,2,1,4,2,2,1,1,2,3,2,3,3,1,2,2,8,8,9,4,3,1,3,5,14,5,9,10,11,8,9,11,6,14,20,16,12,31,20,30,24,18,26,33,45,31,42,37,34,41,43,49,54,45,47,51,47,61,50,39,63,61,65,55,65,61,51,40,57,43,41,41,45,38,39,28,37,26,28,34,22,26,20,29,12,25,17,21,12,15,12,23,17,12,19,17,13,15,19,23,20,8,10,20,19,16,20,14,23,13,28,13,25,17,20,28,23,18,31,28,18,24,25,22,33,25,24,26,30,31,29,22,27,33,31,35,33,22,39,37,29,33,38,33,37,40,44,34,48,38,37,41,56,40,34,32,31,44,60,44,46,66,45,43,59,39,60,39,45,55,43,80,71,61,76,75,46,46,92,54,69,68,66,82,70,73,89,89,79,70,95,99,86,71,94,104,95,97,94,126,1,0,1,0,0,2,0,0,1,1,0,1,0,0,0,2,1,0,0,0,1,0,0,0,0,1,0,1,0,1,0,2,0,0,1,0,0,0,0,0,1,1,1,0,0,0,1,2,1,0,1,0,1,2,0,2,2,1,0,1,0,2,1,1,0,1,0,0,0,0,1,0,1,0,1,1,1,2,3,1,3,1,2,2,0,0,1,2,0,0,1,1,2,1,5,3,2,2,2,3,1,0,0,3,2,0,2,4,2,3,4,1,1,0,1,5,2,4,3,4,1,2,5,3,3,6,4,2,10,5,3,2,5,7,5,6,11,3,5,6,10,7,14,12,14,22,9,9,17,12,9,10,11,17,8,14,18,17,14,18,20,15,11,8,13,13,13,16,15,17,11,11,11,16,17,13,11,12,12,7,19,8,10,7,8,11,11,5,12,7,11,5,11,3,9,5,6,9,10,5,7,6,8,5,9,3,9,3,1,4,8,6,9,12,2,10,7,7,6,17,12,9,13,10,5,5,9,9,14,5,11,11,13,10,8,10,17,8,4,11,11,10,7,7,10,10,10,19,8,10,12,19,8,12,12,13,E
[12:04:46.000] 5286000,31.865,20,3604,1,1,0,0,1,3,1,0,0,1,0,2,0,1,2,0,1,2,2,1,2,1,0,2,0,1,0,2,2,2,1,1,1,2,1,4,3,5,1,0,2,2,1,2,1,2,3,3,2,1,3,5,1,0,1,2,2,3,1,1,5,3,4,2,6,3,2,1,4,4,4,5,8,6,1,5,3,4,12,7,4,11,7,8,4,12,15,10,9,15,16,19,13,26,26,20,23,26,28,39,33,30,23,38,44,44,50,57,53,60,49,48,50,48,68,55,50,39,63,62,46,45,61,64,48,48,59,46,37,42,36,31,45,35,34,24,31,29,25,25,18,23,20,22,28,17,17,18,15,23,18,15,15,14,20,23,14,17,18,22,17,13,13,16,21,20,22,29,12,20,17,18,27,15,20,17,19,19,33,27,19,30,22,27,23,36,28,24,40,32,34,26,37,28,35,27,42,33,38,40,33,23,37,29,38,39,36,42,40,39,37,51,47,53,32,44,57,59,48,46,56,52,59,69,59,49,47,64,72,64,77,63,77,68,63,84,64,77,67,72,72,75,77,87,83,100,89,99,98,67,93,96,90,104,97,100,0,1,1,0,0,0,2,0,1,1,0,0,2,0,0,0,0,1,0,0,0,0,1,0,3,0,0,0,0,0,1,0,1,1,1,0,2,0,1,2,0,1,0,0,0,1,2,4,0,1,0,2,1,1,2,1,0,0,1,1,2,0,0,0,2,1,2,0,1,4,0,0,0,0,1,0,0,2,1,1,2,1,1,0,0,2,1,1,1,1,0,1,2,1,0,2,1,1,1,1,3,2,1,0,2,3,3,2,8,0,2,2,1,0,4,6,3,2,2,1,1,3,6,6,5,4,3,5,6,4,3,6,3,5,2,4,6,7,12,3,6,12,8,8,5,7,7,6,9,9,6,11,10,11,13,16,20,9,10,15,8,9,14,13,18,14,14,12,15,13,8,9,10,11,8,15,7,9,13,10,10,5,9,13,12,10,6,7,5,7,12,4,11,8,5,7,9,8,10,3,5,8,6,5,6,10,7,8,13,7,7,11,10,6,10,8,14,11,8,7,7,8,4,12,10,11,15,15,8,7,10,5,18,6,14,11,11,10,10,17,11,11,15,13,11,6,13,13,18,14,11,10,14,15,15,10,E
[12:04:48.000] 5288000,31.891,20,3553,3,0,1,0,1,0,1,1,1,0,0,0,3,0,0,0,0,2,3,0,3,1,5,1,1,0,1,1,1,1,1,3,3,1,0,1,1,2,4,1,6,3,4,4,5,2,4,3,1,0,2,5,3,4,1,2,0,0,2,4,5,3,1,3,4,6,0,1,5,8,7,2,1,5,6,2,5,9,8,7,6,13,5,7,5,9,7,13,14,17,11,14,12,18,20,20,18,17,30,44,41,31,40,40,41,51,52,53,59,45,57,45,46,55,65,62,60,62,47,68,57,63,57,47,40,52,35,43,36,37,36,44,44,30,31,23,35,24,31,23,22,24,27,24,14,25,18,20,20,18,19,13,12,27,17,19,9,17,19,16,18,16,20,13,16,19,26,25,22,14,11,20,27,20,21,24,26,16,26,29,20,21,28,21,16,32,28,30,38,27,32,30,28,35,26,34,44,32,34,36,41,40,31,34,33,42,34,48,39,40,53,42,61,48,50,48,55,41,43,47,49,58,38,45,58,60,59,76,51,69,69,68,59,64,71,74,69,66,61,66,68,70,75,81,69,69,74,99,84,87,94,74,106,92,90,107,0,1,1,0,0,0,0,0,0,0,0,1,0,1,0,1,0,1,0,0,1,0,0,0,0,1,1,0,1,1,0,1,0,1,1,0,0,0,1,0,2,0,0,0,0,1,2,0,0,0,2,3,1,0,1,0,0,0,0,1,1,2,1,0,1,1,0,3,0,1,2,1,2,3,1,0,1,0,0,4,1,3,2,0,2,1,2,2,0,1,1,1,1,2,1,1,0,0,1,0,2,2,4,4,2,1,2,3,3,4,3,3,4,2,3,2,1,3,2,3,3,2,1,2,1,6,5,2,5,4,6,5,6,7,5,7,11,8,11,4,7,7,3,9,12,10,9,7,8,8,12,9,6,15,10,14,12,18,12,9,9,14,8,13,8,12,12,7,13,13,6,17,8,7,12,9,16,6,12,9,8,8,13,14,7,9,5,9,9,4,11,7,5,9,6,10,7,8,6,7,5,9,9,5,11,11,5,7,3,12,11,3,9,7,7,7,7,11,4,8,12,4,11,11,9,8,5,6,10,11,9,9,12,13,10,12,17,14,12,12,15,16,13,7,10,11,12,8,10,11,16,15,17,15,18,20,E
[12:04:50.000] 5290000,31.827,20,3547,2,0,1,2,1,1,2,2,4,1,2,2,2,0,2,1,2,1,2,1,1,0,1,2,2,4,1,2,1,1,4,3,2,3,2,5,1,2,2,3,4,1,5,0,2,2,1,3,2,1,0,1,2,3,4,0,2,6,5,5,1,2,4,3,2,1,3,3,4,3,6,4,1,8,1,2,0,4,7,5,4,7,6,8,4,10,13,15,14,15,15,10,12,11,22,24,28,28,40,37,26,40,29,35,43,42,47,48,54,58,71,49,68,43,61,56,70,71,51,59,48,41,47,59,53,49,39,35,40,39,43,32,31,34,33,31,26,25,29,24,28,16,20,22,15,19,22,14,14,19,19,19,24,16,9,11,23,15,22,14,16,18,23,14,24,21,25,14,25,22,24,22,22,20,21,29,26,15,24,25,24,32,27,20,38,23,23,24,24,22,29,31,27,32,31,33,33,34,29,40,32,37,37,39,54,40,46,45,39,37,54,44,41,47,40,41,58,38,51,45,49,50,52,51,54,54,56,61,63,69,71,54,75,62,63,65,78,71,81,78,83,79,63,74,78,83,76,77,92,61,89,82,102,115,97,89,0,1,0,0,0,2,0,0,0,1,0,1,0,1,0,0,1,0,0,0,1,0,1,1,1,0,0,0,0,2,2,0,1,0,1,0,2,3,1,0,0,0,1,0,1,0,0,2,0,0,1,0,1,1,1,0,0,0,0,3,2,0,0,1,3,1,0,1,0,2,1,1,0,1,2,0,1,0,2,2,1,0,1,0,0,1,1,0,0,2,0,2,0,0,2,1,1,1,2,1,0,0,0,1,1,3,3,3,3,3,2,1,4,2,0,2,1,3,2,2,3,3,6,5,5,1,0,5,4,3,8,7,5,6,7,6,6,8,9,10,11,7,10,13,6,8,14,13,13,15,11,5,8,11,17,10,12,8,18,10,13,5,17,19,8,10,11,6,12,14,10,9,14,15,9,14,17,6,10,7,15,13,7,12,6,7,14,10,14,5,5,8,8,7,12,7,8,4,9,7,12,6,9,8,8,5,6,8,6,9,9,4,8,9,5,8,3,12,11,6,10,15,14,7,6,17,10,10,11,11,7,10,13,12,12,11,20,10,6,11,11,17,13,14,12,10,21,14,15,17,11,17,16,12,17,14,E
[12:04:52.000] 5292000,31.916,20,3506,1,1,2,0,1,1,2,0,0,1,1,4,2,3,1,1,3,2,2,1,0,1,1,1,2,1,0,1,0,1,2,1,0,2,3,2,1,0,6,1,4,3,1,3,1,2,0,3,2,1,1,3,2,1,1,6,5,4,3,5,1,4,1,3,5,1,5,3,2,7,4,2,2,1,4,3,1,4,4,1,8,7,8,5,8,13,10,16,7,18,9,13,19,17,24,21,34,21,37,39,34,38,31,32,55,44,50,47,36,48,44,56,47,63,66,55,48,55,58,59,43,55,48,48,44,50,42,46,46,28,41,37,48,26,18,28,25,24,28,22,22,23,29,20,21,17,18,15,17,19,19,15,12,24,12,15,11,16,13,18,25,12,26,17,20,22,23,19,26,20,24,26,19,14,16,18,16,20,23,25,23,24,30,20,30,32,28,28,26,23,28,32,28,34,33,31,27,34,30,39,41,40,28,35,34,39,39,46,40,47,35,28,46,42,53,52,43,53,41,53,52,52,45,58,60,53,58,65,54,73,75,60,58,56,62,66,69,75,75,74,69,74,79,80,66,94,83,104,67,89,98,87,84,99,110,122,1,0,2,0,0,0,1,0,0,0,1,1,0,0,0,0,0,0,0,0,0,0,3,0,2,1,0,0,2,0,0,1,0,0,2,0,1,2,1,1,0,0,1,1,0,1,2,0,1,1,0,1,0,1,1,1,0,1,1,0,1,2,0,1,0,0,2,2,1,2,0,0,1,3,2,0,3,1,1,0,0,1,0,2,2,1,3,2,1,1,2,1,0,1,1,1,1,1,2,0,1,1,0,0,1,0,2,2,1,3,3,4,3,3,3,3,2,2,1,4,3,2,3,6,2,5,5,10,5,6,5,7,5,8,1,4,10,6,3,4,11,8,5,5,9,12,9,8,11,16,12,11,8,13,14,10,16,13,11,12,16,9,10,14,13,9,15,20,10,10,18,13,8,7,17,18,17,7,9,13,5,11,13,11,9,14,10,9,8,9,5,5,7,9,13,12,10,6,9,7,12,11,6,7,7,4,5,9,4,8,11,8,14,7,7,7,5,11,6,10,12,6,8,10,10,6,4,8,16,10,9,10,6,8,15,6,9,11,18,10,19,12,12,18,9,15,21,10,14,7,21,10,18,15,13,6,E
[12:04:54.000] 5294000,31.902,20,3520,3,1,0,1,0,0,0,1,1,2,3,2,1,0,0,0,2,1,0,1,2,2,2,0,1,4,3,1,0,1,0,0,3,2,1,1,3,2,2,3,3,1,1,3,0,0,0,0,3,1,3,1,2,1,1,4,0,1,4,2,1,2,3,2,2,4,1,4,3,2,3,8,2,5,7,8,6,3,7,7,6,9,6,5,5,9,11,10,10,10,7,14,16,15,19,38,24,28,27,19,32,32,44,36,44,45,50,45,54,54,50,49,56,79,47,59,38,56,47,50,45,64,63,47,56,47,37,61,45,24,31,40,23,34,29,36,21,26,20,25,29,16,13,16,17,15,16,14,17,21,23,15,15,18,19,16,19,16,20,15,21,16,15,20,18,16,18,20,16,21,15,24,19,25,33,18,16,28,22,19,24,23,26,30,32,23,19,23,35,29,32,34,26,35,30,35,30,31,37,52,46,37,33,44,37,36,37,47,38,49,46,52,32,50,51,36,43,62,52,56,57,58,55,68,49,64,59,57,40,68,59,68,68,55,68,72,67,79,64,70,74,83,70,88,81,84,89,94,85,77,86,86,89,78,97,90,0,0,0,0,2,0,0,0,0,0,0,0,0,0,0,0,0,0,0,2,0,0,0,2,0,0,2,0,0,1,2,1,0,0,0,1,0,0,0,1,0,0,0,1,2,0,1,0,0,1,0,0,1,0,0,2,0,2,1,0,1,0,0,1,1,2,2,1,1,0,0,1,2,0,2,2,1,1,0,1,3,2,1,1,0,1,2,1,0,2,1,1,0,3,3,0,2,1,2,3,3,2,2,2,2,3,1,0,2,2,3,3,5,2,1,3,6,6,3,1,3,5,3,4,3,3,2,8,8,3,7,4,5,3,4,5,8,8,10,9,16,5,5,9,5,9,10,8,5,14,7,9,10,20,16,13,16,10,16,15,10,11,10,15,14,8,18,16,17,6,14,14,16,12,12,10,9,9,6,10,7,7,12,8,14,9,10,5,5,7,15,12,2,7,9,5,3,8,7,9,11,6,5,7,8,8,8,8,5,5,9,6,5,9,8,6,11,7,9,8,4,5,4,7,10,10,8,9,10,11,16,9,13,9,11,11,14,10,11,17,6,11,11,12,11,3,13,21,12,13,10,12,13,15,16,16,E
[12:04:56.000] 5296000,31.916,20,3388,2,4,1,1,4,0,0,1,0,1,1,2,2,3,2,1,1,0,1,2,1,0,2,2,1,3,2,2,3,4,0,2,2,2,3,5,3,1,0,2,3,6,2,4,5,0,1,0,0,3,2,4,3,2,2,1,2,1,1,2,3,5,3,6,2,4,1,3,5,4,5,5,4,4,3,13,3,1,9,5,7,5,12,9,10,7,15,11,13,10,13,18,23,18,17,24,17,26,29,31,18,33,28,28,23,46,45,31,36,44,52,53,51,63,54,51,50,53,40,60,62,48,40,51,37,45,45,54,42,31,27,24,36,29,21,20,33,24,30,15,20,24,22,19,18,20,13,22,22,15,15,8,14,11,10,16,12,20,24,19,11,18,15,28,16,23,19,24,24,15,16,22,24,24,22,20,18,23,27,21,27,27,23,38,25,29,31,25,27,36,32,33,26,26,34,27,27,36,38,36,37,34,31,33,27,36,36,53,31,35,37,45,47,56,43,50,45,47,47,46,47,63,45,49,45,58,54,61,59,71,75,59,68,52,61,50,59,63,91,74,56,72,85,51,78,89,68,100,82,91,77,84,96,102,105,96,0,0,0,0,1,3,0,0,0,0,2,0,0,0,0,0,0,0,0,0,0,1,0,0,0,2,0,0,0,2,1,0,1,0,2,0,1,0,0,1,1,0,0,1,0,0,0,0,0,0,1,0,1,0,0,0,2,3,0,0,1,0,0,1,0,2,1,0,1,1,0,1,0,2,0,2,1,2,1,1,1,1,1,2,2,2,1,0,1,2,1,1,1,1,2,1,0,2,0,0,0,1,0,2,2,1,2,1,2,0,3,2,4,4,1,3,6,5,5,2,3,6,1,6,0,6,6,5,2,5,7,3,3,6,4,4,8,7,5,6,10,9,9,7,11,8,11,12,10,4,18,15,7,12,7,20,14,13,10,14,9,13,15,12,10,12,14,12,6,15,8,16,13,8,12,14,10,5,16,13,10,6,9,8,7,8,15,8,6,9,11,8,4,5,7,8,3,10,9,7,11,4,9,13,7,7,13,7,10,10,7,4,16,5,9,10,8,10,8,7,6,9,5,14,14,9,6,9,11,6,10,9,8,13,17,12,17,12,9,12,15,13,12,15,20,10,13,17,15,13,19,12,13,12,16,15,E
[12:04:58.000] 5298000,31.865,20,3412,2,4,0,1,0,1,0,0,3,3,2,1,2,0,1,2,0,3,2,1,2,3,0,1,4,2,1,1,0,0,1,1,0,1,2,1,0,2,3,2,0,1,5,3,1,1,4,3,5,2,0,2,2,1,2,1,3,0,2,2,2,5,2,7,8,1,1,2,3,4,5,3,7,4,3,4,6,4,11,4,6,9,10,9,13,11,3,15,13,18,11,11,15,18,21,25,26,30,34,24,34,33,34,43,44,41,39,56,39,56,66,62,48,44,53,50,62,47,68,57,46,42,46,52,41,37,36,38,38,39,43,29,22,31,20,33,28,19,38,25,29,18,18,24,17,15,17,13,18,23,13,16,10,19,10,16,15,11,22,11,24,12,20,20,16,15,19,23,21,20,23,16,22,13,19,10,21,25,28,25,25,29,33,24,36,25,25,30,25,31,29,37,26,37,26,35,25,44,42,30,30,31,45,38,54,37,39,50,50,45,52,41,48,37,48,40,40,47,38,45,39,38,45,54,67,47,52,72,69,48,57,63,67,60,77,63,58,59,67,73,74,77,68,61,74,87,74,86,83,77,89,89,83,85,78,95,0,0,1,2,0,2,0,0,0,1,0,0,0,1,0,1,0,0,0,1,0,0,0,2,0,0,0,0,0,0,1,0,0,1,1,0,0,0,0,1,1,2,0,2,1,1,0,1,1,1,1,2,0,0,0,0,0,0,0,0,0,2,0,2,1,3,0,0,2,2,3,2,1,3,1,1,0,2,1,1,0,0,3,2,2,1,0,0,2,1,1,2,0,0,0,1,3,3,2,2,4,2,0,3,1,3,1,1,1,5,1,3,1,3,1,0,3,2,1,3,1,3,1,2,5,3,4,3,1,5,4,7,3,2,5,10,7,4,5,7,6,11,5,7,8,7,5,8,8,7,9,8,10,9,8,10,11,16,9,16,17,12,16,9,13,8,8,15,12,9,7,11,11,12,16,11,13,10,7,14,13,8,10,15,9,5,9,10,10,9,5,3,7,7,11,7,9,10,6,4,7,10,7,7,5,10,11,7,8,10,13,10,13,6,9,8,8,9,11,4,7,6,7,8,5,6,13,12,14,10,16,11,11,4,11,6,4,8,12,9,15,16,8,10,22,11,13,5,18,15,9,19,15,15,15,10,E
