:0200000460009A
:100000004643464200000156000000000103030081
:1000100000000000000000000000000000000000E0
:1000200000000000000000000000000000000000D0
:1000300000000000000000000000000000000000C0
:1000400000000000010408000000000000000000A3
:100050000000800000000000000000000000000020
:100060000000000000000000000000000000000090
:100070000000000000000000000000000000000080
:10008000EB04180A063204260000000000000000FD
:10009000050404240000000000000000000000002F
:1000A0000000000000000000000000000000000050
:1000B0000604000000000000000000000000000036
:1000C0000000000000000000000000000000000030
:1000D00020041808000000000000000000000000DC
:1000E0000000000000000000000000000000000010
:1000F0000000000000000000000000000000000000
:10010000D8041808000000000000000000000000F3
:100110000204180804200000000000000000000095
:1001200000000000000000000000000000000000CF
:10013000600400000000000000000000000000005B
:1001400000000000000000000000000000000000AF
:10015000000000000000000000000000000000009F
:10016000000000000000000000000000000000008F
:10017000000000000000000000000000000000007F
:10018000000000000000000000000000000000006F
:10019000000000000000000000000000000000005F
:1001A000000000000000000000000000000000004F
:1001B000000000000000000000000000000000003F
:1001C000000100000010000001000000000000001D
:1001D000000001000000000000000000000000001E
:1001E000000000000000000000000000000000000F
:1001F00000000000000000000000000000000000FF
:10020000FFFFFFFFFFFFFFFFFFFFFFFFFFFFFFFFFE
:10021000FFFFFFFFFFFFFFFFFFFFFFFFFFFFFFFFEE
:10022000FFFFFFFFFFFFFFFFFFFFFFFFFFFFFFFFDE
:10023000FFFFFFFFFFFFFFFFFFFFFFFFFFFFFFFFCE
:10024000FFFFFFFFFFFFFFFFFFFFFFFFFFFFFFFFBE
:10025000FFFFFFFFFFFFFFFFFFFFFFFFFFFFFFFFAE
:10026000FFFFFFFFFFFFFFFFFFFFFFFFFFFFFFFF9E
:10027000FFFFFFFFFFFFFFFFFFFFFFFFFFFFFFFF8E
:10028000FFFFFFFFFFFFFFFFFFFFFFFFFFFFFFFF7E
:10029000FFFFFFFFFFFFFFFFFFFFFFFFFFFFFFFF6E
:1002A000FFFFFFFFFFFFFFFFFFFFFFFFFFFFFFFF5E
:1002B000FFFFFFFFFFFFFFFFFFFFFFFFFFFFFFFF4E
:1002C000FFFFFFFFFFFFFFFFFFFFFFFFFFFFFFFF3E
:1002D000FFFFFFFFFFFFFFFFFFFFFFFFFFFFFFFF2E
:1002E000FFFFFFFFFFFFFFFFFFFFFFFFFFFFFFFF1E
:1002F000FFFFFFFFFFFFFFFFFFFFFFFFFFFFFFFF0E
:10030000FFFFFFFFFFFFFFFFFFFFFFFFFFFFFFFFFD
:10031000FFFFFFFFFFFFFFFFFFFFFFFFFFFFFFFFED
:10032000FFFFFFFFFFFFFFFFFFFFFFFFFFFFFFFFDD
:10033000FFFFFFFFFFFFFFFFFFFFFFFFFFFFFFFFCD
:10034000FFFFFFFFFFFFFFFFFFFFFFFFFFFFFFFFBD
:10035000FFFFFFFFFFFFFFFFFFFFFFFFFFFFFFFFAD
:10036000FFFFFFFFFFFFFFFFFFFFFFFFFFFFFFFF9D
:10037000FFFFFFFFFFFFFFFFFFFFFFFFFFFFFFFF8D
:10038000FFFFFFFFFFFFFFFFFFFFFFFFFFFFFFFF7D
:10039000FFFFFFFFFFFFFFFFFFFFFFFFFFFFFFFF6D
:1003A000FFFFFFFFFFFFFFFFFFFFFFFFFFFFFFFF5D
:1003B000FFFFFFFFFFFFFFFFFFFFFFFFFFFFFFFF4D
:1003C000FFFFFFFFFFFFFFFFFFFFFFFFFFFFFFFF3D
:1003D000FFFFFFFFFFFFFFFFFFFFFFFFFFFFFFFF2D
:1003E000FFFFFFFFFFFFFFFFFFFFFFFFFFFFFFFF1D
:1003F000FFFFFFFFFFFFFFFFFFFFFFFFFFFFFFFF0D
:10040000FFFFFFFFFFFFFFFFFFFFFFFFFFFFFFFFFC
:10041000FFFFFFFFFFFFFFFFFFFFFFFFFFFFFFFFEC
:10042000FFFFFFFFFFFFFFFFFFFFFFFFFFFFFFFFDC
:10043000FFFFFFFFFFFFFFFFFFFFFFFFFFFFFFFFCC
:10044000FFFFFFFFFFFFFFFFFFFFFFFFFFFFFFFFBC
:10045000FFFFFFFFFFFFFFFFFFFFFFFFFFFFFFFFAC
:10046000FFFFFFFFFFFFFFFFFFFFFFFFFFFFFFFF9C
:10047000FFFFFFFFFFFFFFFFFFFFFFFFFFFFFFFF8C
:10048000FFFFFFFFFFFFFFFFFFFFFFFFFFFFFFFF7C
:10049000FFFFFFFFFFFFFFFFFFFFFFFFFFFFFFFF6C
:1004A000FFFFFFFFFFFFFFFFFFFFFFFFFFFFFFFF5C
:1004B000FFFFFFFFFFFFFFFFFFFFFFFFFFFFFFFF4C
:1004C000FFFFFFFFFFFFFFFFFFFFFFFFFFFFFFFF3C
:1004D000FFFFFFFFFFFFFFFFFFFFFFFFFFFFFFFF2C
:1004E000FFFFFFFFFFFFFFFFFFFFFFFFFFFFFFFF1C
:1004F000FFFFFFFFFFFFFFFFFFFFFFFFFFFFFFFF0C
:10050000FFFFFFFFFFFFFFFFFFFFFFFFFFFFFFFFFB
:10051000FFFFFFFFFFFFFFFFFFFFFFFFFFFFFFFFEB
:10052000FFFFFFFFFFFFFFFFFFFFFFFFFFFFFFFFDB
:10053000FFFFFFFFFFFFFFFFFFFFFFFFFFFFFFFFCB
:10054000FFFFFFFFFFFFFFFFFFFFFFFFFFFFFFFFBB
:10055000FFFFFFFFFFFFFFFFFFFFFFFFFFFFFFFFAB
:10056000FFFFFFFFFFFFFFFFFFFFFFFFFFFFFFFF9B
:10057000FFFFFFFFFFFFFFFFFFFFFFFFFFFFFFFF8B
:10058000FFFFFFFFFFFFFFFFFFFFFFFFFFFFFFFF7B
:10059000FFFFFFFFFFFFFFFFFFFFFFFFFFFFFFFF6B
:1005A000FFFFFFFFFFFFFFFFFFFFFFFFFFFFFFFF5B
:1005B000FFFFFFFFFFFFFFFFFFFFFFFFFFFFFFFF4B
:1005C000FFFFFFFFFFFFFFFFFFFFFFFFFFFFFFFF3B
:1005D000FFFFFFFFFFFFFFFFFFFFFFFFFFFFFFFF2B
:1005E000FFFFFFFFFFFFFFFFFFFFFFFFFFFFFFFF1B
:1005F000FFFFFFFFFFFFFFFFFFFFFFFFFFFFFFFF0B
:10060000FFFFFFFFFFFFFFFFFFFFFFFFFFFFFFFFFA
:10061000FFFFFFFFFFFFFFFFFFFFFFFFFFFFFFFFEA
:10062000FFFFFFFFFFFFFFFFFFFFFFFFFFFFFFFFDA
:10063000FFFFFFFFFFFFFFFFFFFFFFFFFFFFFFFFCA
:10064000FFFFFFFFFFFFFFFFFFFFFFFFFFFFFFFFBA
:10065000FFFFFFFFFFFFFFFFFFFFFFFFFFFFFFFFAA
:10066000FFFFFFFFFFFFFFFFFFFFFFFFFFFFFFFF9A
:10067000FFFFFFFFFFFFFFFFFFFFFFFFFFFFFFFF8A
:10068000FFFFFFFFFFFFFFFFFFFFFFFFFFFFFFFF7A
:10069000FFFFFFFFFFFFFFFFFFFFFFFFFFFFFFFF6A
:1006A000FFFFFFFFFFFFFFFFFFFFFFFFFFFFFFFF5A
:1006B000FFFFFFFFFFFFFFFFFFFFFFFFFFFFFFFF4A
:1006C000FFFFFFFFFFFFFFFFFFFFFFFFFFFFFFFF3A
:1006D000FFFFFFFFFFFFFFFFFFFFFFFFFFFFFFFF2A
:1006E000FFFFFFFFFFFFFFFFFFFFFFFFFFFFFFFF1A
:1006F000FFFFFFFFFFFFFFFFFFFFFFFFFFFFFFFF0A
:10070000FFFFFFFFFFFFFFFFFFFFFFFFFFFFFFFFF9
:10071000FFFFFFFFFFFFFFFFFFFFFFFFFFFFFFFFE9
:10072000FFFFFFFFFFFFFFFFFFFFFFFFFFFFFFFFD9
:10073000FFFFFFFFFFFFFFFFFFFFFFFFFFFFFFFFC9
:10074000FFFFFFFFFFFFFFFFFFFFFFFFFFFFFFFFB9
:10075000FFFFFFFFFFFFFFFFFFFFFFFFFFFFFFFFA9
:10076000FFFFFFFFFFFFFFFFFFFFFFFFFFFFFFFF99
:10077000FFFFFFFFFFFFFFFFFFFFFFFFFFFFFFFF89
:10078000FFFFFFFFFFFFFFFFFFFFFFFFFFFFFFFF79
:10079000FFFFFFFFFFFFFFFFFFFFFFFFFFFFFFFF69
:1007A000FFFFFFFFFFFFFFFFFFFFFFFFFFFFFFFF59
:1007B000FFFFFFFFFFFFFFFFFFFFFFFFFFFFFFFF49
:1007C000FFFFFFFFFFFFFFFFFFFFFFFFFFFFFFFF39
:1007D000FFFFFFFFFFFFFFFFFFFFFFFFFFFFFFFF29
:1007E000FFFFFFFFFFFFFFFFFFFFFFFFFFFFFFFF19
:1007F000FFFFFFFFFFFFFFFFFFFFFFFFFFFFFFFF09
:10080000FFFFFFFFFFFFFFFFFFFFFFFFFFFFFFFFF8
:10081000FFFFFFFFFFFFFFFFFFFFFFFFFFFFFFFFE8
:10082000FFFFFFFFFFFFFFFFFFFFFFFFFFFFFFFFD8
:10083000FFFFFFFFFFFFFFFFFFFFFFFFFFFFFFFFC8
:10084000FFFFFFFFFFFFFFFFFFFFFFFFFFFFFFFFB8
:10085000FFFFFFFFFFFFFFFFFFFFFFFFFFFFFFFFA8
:10086000FFFFFFFFFFFFFFFFFFFFFFFFFFFFFFFF98
:10087000FFFFFFFFFFFFFFFFFFFFFFFFFFFFFFFF88
:10088000FFFFFFFFFFFFFFFFFFFFFFFFFFFFFFFF78
:10089000FFFFFFFFFFFFFFFFFFFFFFFFFFFFFFFF68
:1008A000FFFFFFFFFFFFFFFFFFFFFFFFFFFFFFFF58
:1008B000FFFFFFFFFFFFFFFFFFFFFFFFFFFFFFFF48
:1008C000FFFFFFFFFFFFFFFFFFFFFFFFFFFFFFFF38
:1008D000FFFFFFFFFFFFFFFFFFFFFFFFFFFFFFFF28
:1008E000FFFFFFFFFFFFFFFFFFFFFFFFFFFFFFFF18
:1008F000FFFFFFFFFFFFFFFFFFFFFFFFFFFFFFFF08
:10090000FFFFFFFFFFFFFFFFFFFFFFFFFFFFFFFFF7
:10091000FFFFFFFFFFFFFFFFFFFFFFFFFFFFFFFFE7
:10092000FFFFFFFFFFFFFFFFFFFFFFFFFFFFFFFFD7
:10093000FFFFFFFFFFFFFFFFFFFFFFFFFFFFFFFFC7
:10094000FFFFFFFFFFFFFFFFFFFFFFFFFFFFFFFFB7
:10095000FFFFFFFFFFFFFFFFFFFFFFFFFFFFFFFFA7
:10096000FFFFFFFFFFFFFFFFFFFFFFFFFFFFFFFF97
:10097000FFFFFFFFFFFFFFFFFFFFFFFFFFFFFFFF87
:10098000FFFFFFFFFFFFFFFFFFFFFFFFFFFFFFFF77
:10099000FFFFFFFFFFFFFFFFFFFFFFFFFFFFFFFF67
:1009A000FFFFFFFFFFFFFFFFFFFFFFFFFFFFFFFF57
:1009B000FFFFFFFFFFFFFFFFFFFFFFFFFFFFFFFF47
:1009C000FFFFFFFFFFFFFFFFFFFFFFFFFFFFFFFF37
:1009D000FFFFFFFFFFFFFFFFFFFFFFFFFFFFFFFF27
:1009E000FFFFFFFFFFFFFFFFFFFFFFFFFFFFFFFF17
:1009F000FFFFFFFFFFFFFFFFFFFFFFFFFFFFFFFF07
:100A0000FFFFFFFFFFFFFFFFFFFFFFFFFFFFFFFFF6
:100A1000FFFFFFFFFFFFFFFFFFFFFFFFFFFFFFFFE6
:100A2000FFFFFFFFFFFFFFFFFFFFFFFFFFFFFFFFD6
:100A3000FFFFFFFFFFFFFFFFFFFFFFFFFFFFFFFFC6
:100A4000FFFFFFFFFFFFFFFFFFFFFFFFFFFFFFFFB6
:100A5000FFFFFFFFFFFFFFFFFFFFFFFFFFFFFFFFA6
:100A6000FFFFFFFFFFFFFFFFFFFFFFFFFFFFFFFF96
:100A7000FFFFFFFFFFFFFFFFFFFFFFFFFFFFFFFF86
:100A8000FFFFFFFFFFFFFFFFFFFFFFFFFFFFFFFF76
:100A9000FFFFFFFFFFFFFFFFFFFFFFFFFFFFFFFF66
:100AA000FFFFFFFFFFFFFFFFFFFFFFFFFFFFFFFF56
:100AB000FFFFFFFFFFFFFFFFFFFFFFFFFFFFFFFF46
:100AC000FFFFFFFFFFFFFFFFFFFFFFFFFFFFFFFF36
:100AD000FFFFFFFFFFFFFFFFFFFFFFFFFFFFFFFF26
:100AE000FFFFFFFFFFFFFFFFFFFFFFFFFFFFFFFF16
:100AF000FFFFFFFFFFFFFFFFFFFFFFFFFFFFFFFF06
:100B0000FFFFFFFFFFFFFFFFFFFFFFFFFFFFFFFFF5
:100B1000FFFFFFFFFFFFFFFFFFFFFFFFFFFFFFFFE5
:100B2000FFFFFFFFFFFFFFFFFFFFFFFFFFFFFFFFD5
:100B3000FFFFFFFFFFFFFFFFFFFFFFFFFFFFFFFFC5
:100B4000FFFFFFFFFFFFFFFFFFFFFFFFFFFFFFFFB5
:100B5000FFFFFFFFFFFFFFFFFFFFFFFFFFFFFFFFA5
:100B6000FFFFFFFFFFFFFFFFFFFFFFFFFFFFFFFF95
:100B7000FFFFFFFFFFFFFFFFFFFFFFFFFFFFFFFF85
:100B8000FFFFFFFFFFFFFFFFFFFFFFFFFFFFFFFF75
:100B9000FFFFFFFFFFFFFFFFFFFFFFFFFFFFFFFF65
:100BA000FFFFFFFFFFFFFFFFFFFFFFFFFFFFFFFF55
:100BB000FFFFFFFFFFFFFFFFFFFFFFFFFFFFFFFF45
:100BC000FFFFFFFFFFFFFFFFFFFFFFFFFFFFFFFF35
:100BD000FFFFFFFFFFFFFFFFFFFFFFFFFFFFFFFF25
:100BE000FFFFFFFFFFFFFFFFFFFFFFFFFFFFFFFF15
:100BF000FFFFFFFFFFFFFFFFFFFFFFFFFFFFFFFF05
:100C0000FFFFFFFFFFFFFFFFFFFFFFFFFFFFFFFFF4
:100C1000FFFFFFFFFFFFFFFFFFFFFFFFFFFFFFFFE4
:100C2000FFFFFFFFFFFFFFFFFFFFFFFFFFFFFFFFD4
:100C3000FFFFFFFFFFFFFFFFFFFFFFFFFFFFFFFFC4
:100C4000FFFFFFFFFFFFFFFFFFFFFFFFFFFFFFFFB4
:100C5000FFFFFFFFFFFFFFFFFFFFFFFFFFFFFFFFA4
:100C6000FFFFFFFFFFFFFFFFFFFFFFFFFFFFFFFF94
:100C7000FFFFFFFFFFFFFFFFFFFFFFFFFFFFFFFF84
:100C8000FFFFFFFFFFFFFFFFFFFFFFFFFFFFFFFF74
:100C9000FFFFFFFFFFFFFFFFFFFFFFFFFFFFFFFF64
:100CA000FFFFFFFFFFFFFFFFFFFFFFFFFFFFFFFF54
:100CB000FFFFFFFFFFFFFFFFFFFFFFFFFFFFFFFF44
:100CC000FFFFFFFFFFFFFFFFFFFFFFFFFFFFFFFF34
:100CD000FFFFFFFFFFFFFFFFFFFFFFFFFFFFFFFF24
:100CE000FFFFFFFFFFFFFFFFFFFFFFFFFFFFFFFF14
:100CF000FFFFFFFFFFFFFFFFFFFFFFFFFFFFFFFF04
:100D0000FFFFFFFFFFFFFFFFFFFFFFFFFFFFFFFFF3
:100D1000FFFFFFFFFFFFFFFFFFFFFFFFFFFFFFFFE3
:100D2000FFFFFFFFFFFFFFFFFFFFFFFFFFFFFFFFD3
:100D3000FFFFFFFFFFFFFFFFFFFFFFFFFFFFFFFFC3
:100D4000FFFFFFFFFFFFFFFFFFFFFFFFFFFFFFFFB3
:100D5000FFFFFFFFFFFFFFFFFFFFFFFFFFFFFFFFA3
:100D6000FFFFFFFFFFFFFFFFFFFFFFFFFFFFFFFF93
:100D7000FFFFFFFFFFFFFFFFFFFFFFFFFFFFFFFF83
:100D8000FFFFFFFFFFFFFFFFFFFFFFFFFFFFFFFF73
:100D9000FFFFFFFFFFFFFFFFFFFFFFFFFFFFFFFF63
:100DA000FFFFFFFFFFFFFFFFFFFFFFFFFFFFFFFF53
:100DB000FFFFFFFFFFFFFFFFFFFFFFFFFFFFFFFF43
:100DC000FFFFFFFFFFFFFFFFFFFFFFFFFFFFFFFF33
:100DD000FFFFFFFFFFFFFFFFFFFFFFFFFFFFFFFF23
:100DE000FFFFFFFFFFFFFFFFFFFFFFFFFFFFFFFF13
:100DF000FFFFFFFFFFFFFFFFFFFFFFFFFFFFFFFF03
:100E0000FFFFFFFFFFFFFFFFFFFFFFFFFFFFFFFFF2
:100E1000FFFFFFFFFFFFFFFFFFFFFFFFFFFFFFFFE2
:100E2000FFFFFFFFFFFFFFFFFFFFFFFFFFFFFFFFD2
:100E3000FFFFFFFFFFFFFFFFFFFFFFFFFFFFFFFFC2
:100E4000FFFFFFFFFFFFFFFFFFFFFFFFFFFFFFFFB2
:100E5000FFFFFFFFFFFFFFFFFFFFFFFFFFFFFFFFA2
:100E6000FFFFFFFFFFFFFFFFFFFFFFFFFFFFFFFF92
:100E7000FFFFFFFFFFFFFFFFFFFFFFFFFFFFFFFF82
:100E8000FFFFFFFFFFFFFFFFFFFFFFFFFFFFFFFF72
:100E9000FFFFFFFFFFFFFFFFFFFFFFFFFFFFFFFF62
:100EA000FFFFFFFFFFFFFFFFFFFFFFFFFFFFFFFF52
:100EB000FFFFFFFFFFFFFFFFFFFFFFFFFFFFFFFF42
:100EC000FFFFFFFFFFFFFFFFFFFFFFFFFFFFFFFF32
:100ED000FFFFFFFFFFFFFFFFFFFFFFFFFFFFFFFF22
:100EE000FFFFFFFFFFFFFFFFFFFFFFFFFFFFFFFF12
:100EF000FFFFFFFFFFFFFFFFFFFFFFFFFFFFFFFF02
:100F0000FFFFFFFFFFFFFFFFFFFFFFFFFFFFFFFFF1
:100F1000FFFFFFFFFFFFFFFFFFFFFFFFFFFFFFFFE1
:100F2000FFFFFFFFFFFFFFFFFFFFFFFFFFFFFFFFD1
:100F3000FFFFFFFFFFFFFFFFFFFFFFFFFFFFFFFFC1
:100F4000FFFFFFFFFFFFFFFFFFFFFFFFFFFFFFFFB1
:100F5000FFFFFFFFFFFFFFFFFFFFFFFFFFFFFFFFA1
:100F6000FFFFFFFFFFFFFFFFFFFFFFFFFFFFFFFF91
:100F7000FFFFFFFFFFFFFFFFFFFFFFFFFFFFFFFF81
:100F8000FFFFFFFFFFFFFFFFFFFFFFFFFFFFFFFF71
:100F9000FFFFFFFFFFFFFFFFFFFFFFFFFFFFFFFF61
:100FA000FFFFFFFFFFFFFFFFFFFFFFFFFFFFFFFF51
:100FB000FFFFFFFFFFFFFFFFFFFFFFFFFFFFFFFF41
:100FC000FFFFFFFFFFFFFFFFFFFFFFFFFFFFFFFF31
:100FD000FFFFFFFFFFFFFFFFFFFFFFFFFFFFFFFF21
:100FE000FFFFFFFFFFFFFFFFFFFFFFFFFFFFFFFF11
:100FF000FFFFFFFFFFFFFFFFFFFFFFFFFFFFFFFF01
:10100000D10020434D1600600000000000000000E9
:10101000201000600010006000100360000000005D
:1010200000000060001C030000000000FFFFFFFF45
:10103000FFFFFFFFFFFFFFFFFFFFFFFFFFFFFFFFC0
:10104000FFFFFFFFFFFFFFFFFFFFFFFFFFFFFFFFB0
:10105000FFFFFFFFFFFFFFFFFFFFFFFFFFFFFFFFA0
:10106000FFFFFFFFFFFFFFFFFFFFFFFFFFFFFFFF90
:10107000FFFFFFFFFFFFFFFFFFFFFFFFFFFFFFFF80
:10108000FFFFFFFFFFFFFFFFFFFFFFFFFFFFFFFF70
:10109000FFFFFFFFFFFFFFFFFFFFFFFFFFFFFFFF60
:1010A000FFFFFFFFFFFFFFFFFFFFFFFFFFFFFFFF50
:1010B000FFFFFFFFFFFFFFFFFFFFFFFFFFFFFFFF40
:1010C000FFFFFFFFFFFFFFFFFFFFFFFFFFFFFFFF30
:1010D000FFFFFFFFFFFFFFFFFFFFFFFFFFFFFFFF20
:1010E000FFFFFFFFFFFFFFFFFFFFFFFFFFFFFFFF10
:1010F000FFFFFFFFFFFFFFFFFFFFFFFFFFFFFFFF00
:10110000FFFFFFFFFFFFFFFFFFFFFFFFFFFFFFFFEF
:10111000FFFFFFFFFFFFFFFFFFFFFFFFFFFFFFFFDF
:10112000FFFFFFFFFFFFFFFFFFFFFFFFFFFFFFFFCF
:10113000FFFFFFFFFFFFFFFFFFFFFFFFFFFFFFFFBF
:10114000FFFFFFFFFFFFFFFFFFFFFFFFFFFFFFFFAF
:10115000FFFFFFFFFFFFFFFFFFFFFFFFFFFFFFFF9F
:10116000FFFFFFFFFFFFFFFFFFFFFFFFFFFFFFFF8F
:10117000FFFFFFFFFFFFFFFFFFFFFFFFFFFFFFFF7F
:10118000FFFFFFFFFFFFFFFFFFFFFFFFFFFFFFFF6F
:10119000FFFFFFFFFFFFFFFFFFFFFFFFFFFFFFFF5F
:1011A000FFFFFFFFFFFFFFFFFFFFFFFFFFFFFFFF4F
:1011B000FFFFFFFFFFFFFFFFFFFFFFFFFFFFFFFF3F
:1011C000FFFFFFFFFFFFFFFFFFFFFFFFFFFFFFFF2F
:1011D000FFFFFFFFFFFFFFFFFFFFFFFFFFFFFFFF1F
:1011E000FFFFFFFFFFFFFFFFFFFFFFFFFFFFFFFF0F
:1011F000FFFFFFFFFFFFFFFFFFFFFFFFFFFFFFFFFF
:10120000FFFFFFFFFFFFFFFFFFFFFFFFFFFFFFFFEE
:10121000FFFFFFFFFFFFFFFFFFFFFFFFFFFFFFFFDE
:10122000FFFFFFFFFFFFFFFFFFFFFFFFFFFFFFFFCE
:10123000FFFFFFFFFFFFFFFFFFFFFFFFFFFFFFFFBE
:10124000FFFFFFFFFFFFFFFFFFFFFFFFFFFFFFFFAE
:10125000FFFFFFFFFFFFFFFFFFFFFFFFFFFFFFFF9E
:10126000FFFFFFFFFFFFFFFFFFFFFFFFFFFFFFFF8E
:10127000FFFFFFFFFFFFFFFFFFFFFFFFFFFFFFFF7E
:10128000FFFFFFFFFFFFFFFFFFFFFFFFFFFFFFFF6E
:10129000FFFFFFFFFFFFFFFFFFFFFFFFFFFFFFFF5E
:1012A000FFFFFFFFFFFFFFFFFFFFFFFFFFFFFFFF4E
:1012B000FFFFFFFFFFFFFFFFFFFFFFFFFFFFFFFF3E
:1012C000FFFFFFFFFFFFFFFFFFFFFFFFFFFFFFFF2E
:1012D000FFFFFFFFFFFFFFFFFFFFFFFFFFFFFFFF1E
:1012E000FFFFFFFFFFFFFFFFFFFFFFFFFFFFFFFF0E
:1012F000FFFFFFFFFFFFFFFFFFFFFFFFFFFFFFFFFE
:10130000FFFFFFFFFFFFFFFFFFFFFFFFFFFFFFFFED
:10131000FFFFFFFFFFFFFFFFFFFFFFFFFFFFFFFFDD
:10132000FFFFFFFFFFFFFFFFFFFFFFFFFFFFFFFFCD
:10133000FFFFFFFFFFFFFFFFFFFFFFFFFFFFFFFFBD
:10134000FFFFFFFFFFFFFFFFFFFFFFFFFFFFFFFFAD
:10135000FFFFFFFFFFFFFFFFFFFFFFFFFFFFFFFF9D
:10136000FFFFFFFFFFFFFFFFFFFFFFFFFFFFFFFF8D
:10137000FFFFFFFFFFFFFFFFFFFFFFFFFFFFFFFF7D
:10138000FFFFFFFFFFFFFFFFFFFFFFFFFFFFFFFF6D
:10139000FFFFFFFFFFFFFFFFFFFFFFFFFFFFFFFF5D
:1013A000FFFFFFFFFFFFFFFFFFFFFFFFFFFFFFFF4D
:1013B000FFFFFFFFFFFFFFFFFFFFFFFFFFFFFFFF3D
:1013C000FFFFFFFFFFFFFFFFFFFFFFFFFFFFFFFF2D
:1013D000FFFFFFFFFFFFFFFFFFFFFFFFFFFFFFFF1D
:1013E000FFFFFFFFFFFFFFFFFFFFFFFFFFFFFFFF0D
:1013F000FFFFFFFFFFFFFFFFFFFFFFFFFFFFFFFFFD
:10140000814205D051F8043B40F8043B8242F9D8B0
:10141000704700BF044A05494FF0000342F8043BFF
:101420009142FBD8704700BFC0A6002080C30120B6
:101430002DE98848BFF34F8F00BF00BF00BF00BF3A
:1014400000F000FA684B0822C3F8542100BF00BF27
:1014500000BF00BF00BF00BF00BF00BF00BF00BF94
:1014600000BF00BF00BF00BF00BF00BF5F4A6049B0
:101470006048FFF7C5FF604A60496148FFF7C0FF59
:10148000604CFFF7C7FF4FF470004FF0E0210023DE
:101490005D4AC1F8880D44F823200133B02BFAD1FE
:1014A0005A4B80215A4A03F8011B9342FBD14FF05B
:1014B000E0254D4E4FF08039DFF884B1DFF884A18C
:1014C0004FF0FF31C5F8084D0027C6F80491C6F863
:1014D00000B1C6F8F490C6F8F0A0D5F8243DDFF8C6
:1014E000688143F4E0234B4AC5F8243DD8F81C300A
:1014F00023F07F0343F04003C8F81C30D8F82430B1
:1015000023F07F0343F04003C8F824309166D1668E
:101510001167516700F09EF93F4B4049A363404B70
:10152000E36363236B610323AF612B613D4BC5F81C
:10153000203DD5F8FC3D43F08073C5F8FC3D3A4BA7
:101540001A6842F001021A605B680B6000F0CCFB85
:10155000C6F804913548C6F800B1C6F8F490C6F84C
:10156000F0A000F02DFDD8F86C10314B314A41F459
:101570004051C8F86C101F60C3F80871C3F81871A7
:10158000C3F82871C3F83871936BDB0708D442F6AF
:101590001563294951651365936B43F00103936308
:1015A000244A264C936843F00113936000F0DAF963
:1015B00000F01EF900F020FD00F0C4FB00F044F93B
:1015C0002368132BFCD900F055FC2368B3F5967FF4
:1015D000FBD300F03DF900F039F900F0F5FC00F024
:1015E00007FD30BFFDE700BF00800D40384402001A
:1015F0002822006000000000C0A60020646602608F
:101600000000002000A40020FDF3000000E400E042
:10161000A0E400E000C00A4049D3000010C301204C
:101620004DD3000000002020001000E00046C3233E
:101630000040084000400D400000C05614C3012087
:101640001B1018200C0D111300C00F40054B4FF458
:101650002A01054A05485A641864054A9963954663
:10166000FFF7E6FE00C00A40FFABAAAA0700200071
:101670000080052043690A4A03EB011010B4037A85
:10168000084C02EB0313D3E901321460C2681A60FC
:1016900003690BB142691A605DF8044B704700BFE3
:1016A000BC8A002061F801004369027E03EB02124C
:1016B00092F808C08C451CD01A7AFF2A19D09142A2
:1016C00010B5044616D01A7EFF2A06D00121D3E9B0
:1016D000002312681A4201D1217610BD064B052263
:1016E000204603EB0C135B681A60FFF7C3FF2176FB
:1016F000F3E770470021EAE7BC8A002043690A4A01
:1017000003EB011010B490F82830084C02EB0313DF
:10171000D3E901321460C26A1A60036B0BB1426BE9
:101720001A605DF8044B7047BC8A002061F8010024
:101730004369427E03EB021292F828C08C451ED00A
:1017400093F82820FF2A1AD0914210B5044617D0EA
:1017500093F83820FF2A06D00121D3E9002312682C
:101760001A4201D1617610BD064B0522204603EBDB
:101770000C135B681A60FFF7C1FF6176F3E77047EF
:101780000021EAE7BC8A0020164942698B6B23F4EA
:101790007C0343F4802370B58B630446124DD2E979
:1017A00000130A681A4303690A60022200211A61C1
:1017B0000E4A19619A6401225A629D624FF43035D3
:1017C000DD624FF001159E6C1E6519629D651A6100
:1017D000017EFFF74FFF617E2046BDE87040FFF7B6
:1017E0008DBF00BF00C00F40B80B05053B3728195F
:1017F000104BA020104AD96E41F4403110B4D96684
:1018000040F23764D96E41F44071D96654649064F3
:10181000936C1B06FCD4094A40F23761A023516443
:101820009364936C13F08003FBD1054A13705DF849
:10183000044B704700C00F4000400C4000800C403B
:101840004EC30120704700BF704700BF704700BF04
:1018500000BF704710B44FF0E0230021102431483E
:10186000C3F8941DC3F89C4D1124C3F8A00D2E4855
:10187000C3F89C4D1224C3F8A00D2C48C3F89C4D0E
:101880002B4AC3F8A00D2B4C42F015022A48C3F88E
:101890009C4DC3F8A00D294C2948C3F89C4DC3F8B2
:1018A000A00D284CC3F89C2D2748284AC3F8A04D0A
:1018B000C3F89C0DC3F8A02D02F5A022244C0C32D5
:1018C0002448C3F89C4DC3F8A02D234AC3F89C0DAF
:1018D000224CC3F8A02D02F14062C3F89C4D204871
:1018E000C3F8A02D0C32C3F89C0DC3F8A02D00BF87
:1018F00000BF00BF00BF00BF0122C3F8942DBFF39B
:101900004F8FBFF36F8FC3F8501FBFF34F8FBFF3DD
:101910006F8FD3F8142D5DF8044B42F44032C3F8B6
:10192000142D70473F000010250008070900100023
:1019300080C30120130020002100020714000020B2
:1019400025000813090000101600202027000B13A3
:1019500017000040180000602F000B0719000070EE
:101960001A000080F0B5B84B1822B84E0120B84FCD
:1019700083B0C3F85C62B749C3F86072B64DC3F870
:101980006462A6F53046B54CC3F86862C3F86C5281
:10199000C3F87052C3F87452C3F8785248F20C7509
:1019A000DA661A675A679A67DA67C3F88020C3F85D
:1019B0008420C3F88820C1F82C03A94AC1F8300359
:1019C000C1F83403C1F83803C1F83C03C1F850032F
:1019D000A169A44B0A40A448A4491343A44AA361A3
:1019E000D4F8843043F00C03C4F884304FF0FF3453
:1019F000036843F00203036003682B404FF4005573
:101A00001A439C4B026044608A689B4C13409B4A7B
:101A100043F000538360C36823F07803C360036A14
:101A2000134023430362036A1340954A2343954CB2
:101A300043628262C2620022D1F8B83023F03F03D1
:101A400043F00103C0F8B830D1F8BC308E4923F020
:101A50003F0343F00103C0F8BC3040F2056302616C
:101A600005660467C0F88030456644670224C0F804
:101A70008430036823F0020303608161834B84494F
:101A8000C46143F8042B8B42FBD1774A136843F0BF
:101A900001031360136813F00103FBD17A4802219C
:101AA00040F2F564906140F29940D16140F26641A4
:101AB000C2F8004242F20144C2F810127549C2F85D
:101AC0002002C2F8301240F235417348C2F8344265
:101AD000C2F84012714CC2F8500242F20120704923
:101AE000C2F854120121C2F86042C2F864025E4892
:101AF000C2F8A030C2F8A430C2F8B0104369DA07C7
:101B0000FCD5012300244FF4803257494361C0F8CB
:101B1000A040C0F8A420C0F8B0304B69DB07FCD56A
:101B2000012300244FF400304F4A4B61C1F8A0401C
:101B3000C1F8A400C1F8B0305369DF07FCD5012318
:101B40000024584848495361C2F8A040C2F8A40094
:101B5000C2F8B0304B69DE07FCD5D1F8003145F64C
:101B60000D5221209BB24861934265D100244FF46D
:101B7000802201233C48C1F8A040C1F8A420C1F84C
:101B8000B0304369DD07FCD501234FF40004002188
:101B9000354A4361C0F8A040C0F8A410C0F8B03086
:101BA0005369DC07FCD501234FF400044FF4803067
:101BB0002D495361C2F8A040C2F8A400C2F8B03069
:101BC0004B69D807FCD501234FF400044FF40030D3
:101BD000254A4B61C1F8A040C1F8A400C1F8B0305B
:101BE0005369D907FCD501234FF400042D481E4941
:101BF0005361C2F8A040C2F8A400C2F8B0304B69EB
:101C0000DA07FCD5D1F8003145F60D5221209BB200
:101C10004861934250D008254FF400042249002027
:101C2000224B234A009015705A1A0123214822445E
:101C300000F0DAF903B0F0BD1E4B0022C3E9002228
:101C4000C3E9022203B0F0BD00801F40F9B00100DB
:101C5000F910010000841F40F970010000C00F401E
:101C6000FFFCFF1F000300A000402A4000802A4024
:101C70001200FFFFFF37F7004000008000FFF07CFC
:101C8000FF000F8363000200F05AF05A00422A401E
:101C900000432A409F041830EB06180A3806180A39
:101CA00006320126040003000000007000000070EE
:101CB0004FC3012028C101204FF400044FF48022BB
:101CC00001230848C1F8A040C1F8A420C1F8B030F1
:101CD0004369DB07FCD5012310254FF08074436175
:101CE0009CE700BF00402A40F0B4154A40274FF45B
:101CF00080314FF480564FF400554FF4404443F286
:101D00004200136913F0020F0ED113F4005F0FD0DD
:101D100013F4805F0ED0002BF3DA13F4803F0BD165
:101D20005B060BD5F0BC7047946151619061E8E7A8
:101D30005561E6E75661E4E79161E2E75761E0E764
:101D400000800D403F4A03203F49F3EE095AD2F884
:101D500080304FF0000C9FED3D6A23F001039FEDB2
:101D60003C5A30B4C2F88030C2F89000D1F8E0108C
:101D7000384DCBB2384C39482B6007EE903A0B0DFA
:101D8000C1F30B21F8EEE77A06EE903A07EE101A4F
:101D9000334BB8EEC77A2160F8EEE66A314937EE88
:101DA000C66A37EEC55A76EEC76A77EEE57A26EE52
:101DB000266AC3ED006A25EE265AD2F8803067EE17
:101DC000A64AC0ED007AC6EE275A274885EE276A54
:101DD000C4EEA76A75EE875AFCEEE55A36EE076A3E
:101DE00015EE904ABCEEC66A43EA045376EE877A53
:101DF000C2F8803016EE103AD2F89041FCEEE77A45
:101E000001EA0341214317EE903AC2F89011C3F35F
:101E10000B03D2F890110B431449C2F89031D2F859
:101E2000803043F00203C2F88030114B80F840C08C
:101E3000C1F840314FF0E023012230BCC3F8082143
:101E4000704700BF00810D4000441F400000AA42BF
:101E50000000B44280C201207CC2012084C2012063
:101E600088C201200000FF0F00E400E000A4002071
:101E7000E9F50000314B40F6617210B5C3F820213E
:101E800040F2044400F0ACF82D4A2E49D2F88030DC
:101E90002D4843F00303C2F880302C4BC1F8604159
:101EA00002681A4203D1D1F8A8319A071BD0254AFB
:101EB0004FF00041244B5963D2F8403143F0020304
:101EC000C2F84031D2F840319B07FBD44FF40030C8
:101ED0004FF0E0211C4B4FF00042C1F88C0219205A
:101EE0009A6300F075F8184A4FF08040154C0021B5
:101EF00090630A20164B11604FF42072C4F8A801B9
:101F0000184600F069F84FF4800203464FF4810050
:101F100040F243111860C4F858311A640D4B0E4A50
:101F2000C4F84811C3F804224FF0E0224FF4003106
:101F30000123C2F80C11C4F8403110BD00800D40DF
:101F400000C00F4000002E4000900D40001C1E00FD
:101F50000000002000A40020D1F7000008B50E4BBF
:101F60001B6E9B0700D4FBBE72B60C4B00200C4AC4
:101F7000C3F8400103F160430A49A3F55F231164EC
:101F80009D46BFF34F8F4FF400130748074ADB69A4
:101F900002609B68984700BF00441F4000002E402D
:101FA00000C00A400300200000802020000012EB47
:101FB000F8B500BFF8BC08BC9E46704700000000A2
:101FC0005FF800F0D1E600005FF800F0B99601007C
:101FD0005FF800F0C1E900005FF800F0C177010090
:101FE0005FF800F041FF00005FF800F025080100F5
:101FF0005FF800F0EDEB00005FF800F0E5F20000A4
:1020000045000000D1000000D5000000D5120000FE
:102010002515000019160000CD1600009D170000C0
:1020200071460000399D000071CB000019CC000002
:1020300080C00F40000000031900000010000000E5
:10204000E8841F4001000000FF000000FF000000C6
:102050000000000000000000180000001000000058
:10206000E4841F4001000000FF000000FF000000AA
:1020700000000000000000001F00000075D20000FA
:1020800070C00F40000C00001100000011000000A3
:10209000E0841F40020000002C000000120000003D
:1020A000E0841F400100000010000000110000004B
:1020B000DC841F40020000002D0000001200000020
:1020C000DC841F40010000001E00000069D20000F7
:1020D00070C00F40C000000012000000130000009C
:1020E000D0841F4001000000FF000000FF0000003E
:1020F00000000000000000001300000013000000BA
:10210000CC841F4001000000FF000000FF00000021
:1021100000000000000000001C0000005DD2000074
:102120001603550053004200200053006500720062
:10213000690061006C000000180354006500650030
:102140006E00730079006400750069006E006F0016
:102150000403090409026200030100C032080B00F5
:10216000020202010009040000010202010005242C
:1021700000100105240101010424020605240600C3
:10218000010705820310001009040100020A000083
:102190000007050302400000070584024000000913
:1021A00004020002FF6AFF000705810240000107E8
:1021B000050102400001000009026200030100C0A5
:1021C00032080B00020202010009040000010202B1
:1021D0000100052400100105240101010424020668
:1021E000052406000107058203100005090401000B
:1021F000020A00000007050302000200070584022E
:102200000002000904020002FF6AC70007058102FC
:102210000002010705010200020100000A06000297
:08222000EF0201400100000083
:1022280000000000000000000000000000000000A6
:102238000000000000000000000000000000000096
:102248000548064B1B1AD90F01EBA301491002D010
:10225800034B03B118477047C0A60020C0A6002052
:102268000000000008B5054B1BB105490548AFF350
:102278000080BDE80840FFF7E3BF00BF0000000092
:10228800DCC10120001C036010B500F5005494F86F
:10229800B03BFE2B09D0FF2B1AD093B1012B09D1EB
:1022A8000E48BDE810400CF07DBD0D48BDE810405B
:1022B8000CF07ABD0B480CF095FD002384F8B03B78
:1022C80010BD09480CF070FD012384F8B03B10BD27
:1022D8000648BDE810400CF067BD00BF4C13002055
:1022E8005413002080130020401300207413002092
:1022F8000EF068BD0EF066BD2DE9F04F00F50055F3
:102308008DB0044695F8B03B002B56D142F6644692
:10231800301805F011F9D24903A80DF0B7FF03A949
:1023280009A80DF0D1FF311906A804F005FD06A98A
:1023380009A80EF041F90068002800F08E810CF021
:1023480033FD06A80EF00EF809A80EF00BF803A846
:102358000EF008F8204602F039FD95F8B03B072B3F
:102368000CD8013B062B00F20D83DFE813F04B017C
:10237800DF00D600C900950029007101FE2B00F08E
:10238800CF81FF2B40F0D181204601F0D5FE42F6E7
:102398006440204404F0C4FC4EF67460B149204403
:1023A80004F560440EF080F80023AF48C4F8803E7E
:1023B8000DB0BDE8F04F0CF0F7BC04F00DF9CCE718
:1023C8001121AA4810F02EFA04F5304704F5804A86
:1023D800A7480DF023FD204601F0AEFE4BF6D0597C
:1023E800DAF8943C0026D7F8741E204604EB090856
:1023F80091FBF3F103F0AEFB1521C7F8746E09AF3A
:102408009C4810F00FFA9A48D8E900230DF088FD8F
:1024180097480DF003FDDAF8982C3C2354F809008E
:10242800D8F80410C2FB03013A4609F0D5FD42F67C
:10243800A8000221204497E80C000CF0EDFD2121B2
:102448008D4810F0EFF900230A229DF826108848DD
:102458000DF000FD0121894810F0E4F900230A225B
:102468009DF8251082480DF0F5FC0121834810F0F5
:10247800D9F900230A229DF824107D480DF0EAFCC2
:102488007B480DF0CBFC02237D4885F8B03B0CF06F
:102498008BFC0DB0BDE8F08F7A480DF089F8002864
:1024A80000F04A81DFF8FCA1002704F53046DFF888
:1024B800D481DAF800304BF6806B86F8787E03F525
:1024C8007A790DE0DAF800309945C0F0458196F840
:1024D800783E0A2B00F04381B7F5805F00F03F811A
:1024E80040460DF065F80028ECD040460DF0B2F8F3
:1024F800E319C0B2013786F8780E03F80B00E1E75C
:102508000421204601F002FE002840F078815E4850
:102518000DB0BDE8F04F0CF045BC0321204601F09A
:10252800F5FD002840F036815848F1E702212046A1
:1025380001F0ECFD002800F0F1804BF6D05609F0D0
:102548007BFE42F65C4804F580472644A04407F524
:102558004B69C6E900011D214D4810F063F9444854
:10256800D6E900230DF0DCFC41480DF057FC0121B1
:1025780004200EF0B3FB0421404600F0B5FFD9ED6E
:10258800007AB4EEE70AF1EE10FA0BD406214046C1
:1025980000F0AAFFD9ED007AB4EEE70AF1EE10FADE
:1025A80040F184803B4920460CF020FA11212F4845
:1025B8004BF6D05910F036F92D480DF02FFC204677
:1025C80001F0BAFD15212B480DF1240810F02AF965
:1025D8002748D6E900230DF0A3FC25480DF01EFC82
:1025E800D7F8982C3C2354F809007168C2FB030102
:1025F800424609F0F1FC42F6A8000221204498E87E
:102608000C001AE724480CF0CDFB95F8B13B002BE1
:102618003FF43FAF2146684601F0B2FD04F530466D
:1026280000980A220221C6F8C80D42F6A800BDF893
:1026380004302044A6F8CC3D9DF8063086F8CE3DFF
:1026480000230CF0C9FC02230D4885F8B03BAFE627
:10265800204601F071FD11485AE711486FE600BFA6
:10266800080D0020740A0020140F00207C0D0020A3
:1026780080950020900D0020A80D00203015002026
:10268800340D0020909500201C0E0020FC0D002029
:10269800480D0020680D00201C0D0020E00E0020D1
:1026A800A893002014C30120000048C34046082115
:1026B80000F01AFF5FED047A04F53046D7F8A03C25
:1026C800B4EEE70A06F6E85807EE903AF1EE10FA8B
:1026D80088ED000AF8EEE77A05DDB4EEE70AF1EED8
:1026E80010FA00F1428106F5676696ED007A77EEFA
:1026F800877AF4EEC07AF1EE10FA00F13181D7F85A
:102708009C2C42F6A8000321D31720440CF064FC4B
:102718000323A04885F8B03B0CF046FB9E48F7E63B
:10272800204601F009FD9D4842E69D480CF05AFB01
:10273800002385F8B03BACE604F5304604F5804745
:10274800D6F8743ED7F8902C9A4276DDD6F87C3EBF
:10275800642B67DC9348DBE693480CF043FB934813
:102768000CF020FB394692480DF04CFB90480DF0D8
:1027780055FB96F8783E0A2B69D0D6F87C3E04F5CE
:1027880080478C480133C6F87C3E0CF0ADFFD6F884
:10279800743ED7E704F5304700212420854E0EF01B
:1027A8009DFAD7F8481E05200EF008FEC8200EF046
:1027B80017FAD7F84C1E06200EF000FE00227E49BC
:1027C80030460CF0D3FF4FF4FA700EF009FA4FF4CC
:1027D800FA632046B36002F033F904F5804342F609
:1027E800A8000421D3F8A42C2044D3170CF0F4FB40
:1027F8000423724885F8B03B0CF0D6FA94E605221B
:10280800002304F530446B4885F8B02BC4F8743EB7
:102818000CF06AFF6A480CF0C7FA09F00DFDC4F81D
:10282800D80D74E6674920460CF0E4F80022072327
:10283800C6F87C2E85F8B03B8CE700220623624858
:10284800C6F87C2E85F8B03B0CF0AEFA7EE74BF666
:102858008163E2190020394604F58047D0542046A8
:1028680002F004F8D7F8942CD6F8741E204602F02B
:1028780069F80D2155480FF0D5FFD6F85C1E4C4875
:102888000DF0C0FA4A480DF0C9FA204601F0CCFC18
:10289800D6F8743ED7F8941C93FBF1F201FB123280
:1028A8001AB10133C6F8743E4CE7494806F6FC589D
:1028B8000CF078FA204601F07FFD062188ED000A29
:1028C80044480FF0AFFF98ED000A02213848B7EEF0
:1028D800C00A0DF041FB36480DF0A0FAD7F8943C39
:1028E800D6F8741E204691FBF3F101F0C5FD0921CD
:1028F80039480FF097FF06F6DC5302212C4893ED78
:10290800000AB7EEC00A0DF027FB29480DF086FA39
:10291800092132480FF086FF06F55E63022124483C
:1029280093ED000AB7EEC00A0DF016FB20480DF033
:1029380075FA09212A480FF075FF06F6E4530221BB
:102948001B4893ED000AB7EEC00A0DF005FB1848C6
:102958000DF064FA204601F03FFCD6F8743EA0E77B
:10296800002124200EF0BAF9C9E6012124200EF036
:10297800B5F9D7F8A03C98ED000A07EE903AF8EEC2
:10298800E77AB0E617480CF00FFA012385F8B03B58
:102998007FE500BFCC0D0020E00D0020F40E0020E4
:1029A800200F0020D40E0020280E00203C0E00200E
:1029B800809500209095002020A10700E80D0020B8
:1029C800080E0020BC0E0020A00E0020540E00208F
:1029D800640E0020740E00207C0E0020880E00205B
:1029E800940E0020100D002000207047704700BF93
:1029F800036D0BB101207047406D003818BF0120EE
:102A0800704700BF10B50446806D18B115F040F846
:102A18000023A365236D2BB104F11800BDE8104015
:102A280008F084BC636D002BF6D110BD10B50446C8
:102A3800806D00B110BD4FF4807015F021F8A065CD
:102A4800B0B10022236D02703BB101464FF4807291
:102A5800184608F0BBF8A06D10BD636D002BE9D0D7
:102A680001464FF48072184606F048F8A06D10BD74
:102A7800014B1846A36510BD4DC3012038B5056D3F
:102A88006DB10BB1002038BD1146284607F0C4F8D7
:102A98000028F7D02846BDE8384007F05FBA446DF3
:102AA800002CEFD0204604F0D7FF0028EAD02046BB
:102AB800BDE8384005F04ABE8A79A2F150031B06EA
:102AC80022D402F26C72F0B54B7985B0046D0133F3
:102AD8000D798E784F78DBB209784CB12046019693
:102AE8000095CDE90271022107F0CCF905B0F0BDDF
:102AF800406D0028FAD001960095CDE902710221B7
:102B080005F068FD05B0F0BD0020704710B504461B
:102B1800006D80B1037813F0700F00D110BD002153
:102B280007F07AF8606D0028F8D000220023BDE88D
:102B3800104004F091BF606D0028EFD090F831305C
:102B480013F0500FEAD000220023BDE8104004F033
:102B580083BF00BF036D10B50C4682B02BB30DF1D7
:102B6800060201A9184606F0FDFB38B3BDF804308B
:102B7800BDF8062053EA020120D0C2F3451C02F03A
:102B88001F00D20AC3F34311400084F801C0A270A9
:102B98005A0A013903F01F0302F5EA622070012086
:102BA80061712371A27102B010BD406D30B10DF199
:102BB800060201A904F0F6FD0028D7D1002002B0D2
:102BC80010BD00BF036D10B50C4682B02BB30DF1DC
:102BD800060201A9184606F0B5FB38B3BDF8043063
:102BE800BDF8062053EA020120D0C2F3451C02F0CA
:102BF8001F00D20AC3F34311400084F801C0A27039
:102C08005A0A013903F01F0302F5EA622070012015
:102C180061712371A27102B010BD406D30B10DF128
:102C2800060201A904F0ACFD0028D7D1002002B0AB
:102C380010BD00BF006990B10368154A1B69934233
:102C480025D1036D63B1187810F0080007D0D86952
:102C58005B69C01A48BF6FF000407047184670475C
:102C6800436D002BFAD093F8310010F00800F6D02D
:102C7800186919685A69401A5B6862EB0303B0F176
:102C8800004F73F10003EAD36FF000407047184714
:102C9800290E0000036973B11A68084952698A420B
:102CA80007D1186D08B106F043BE586D18B104F08D
:102CB800BDBE184610474FF0FF3070475D0C00004E
:102CC800036923B31968134A10B58C6882B094421B
:102CD80014D1186D48B101220DF1070106F054FD19
:102CE80090B19DF8070002B010BD586D0028F8D0CB
:102CF80001220DF1070104F0C9FDF1E701220DF1F0
:102D080007011846A047EBE74FF0FF30EBE74FF01D
:102D1800FF307047B50C0000036963B11A680749B2
:102D280092698A4208D1186D08B107F0A5B8586DA4
:102D380008B105F0D9BA704718461047050D0000CC
:102D480000B5006983B08DF8071060B10368104AB8
:102D5800DB68934215D1036D43B101220DF10701E0
:102D6800184607F035F903B05DF804FB406D0028FC
:102D7800F9D001220DF1070105F05AFD03B05DF805
:102D880004FB01220DF10701984703B05DF804FB2D
:102D98002D0D0000036D13B1586900217047436D74
:102DA80013B1D3E90001704718461946704700BFB0
:102DB800036D13B1D86900217047436D13B1D3E98E
:102DC8000401704718461946704700BFF0B595B022
:102DD80000224FF47A74244F1831054604A88DF860
:102DE8000C200097CDE90124CDE9122208F00AFB56
:102DF800129B002B2DD05C2000260EF0A9F8019B19
:102E080004464660C36004A9029B183040F8083C99
:102E18009DF80C3000F8043C144B40F8183C144B57
:102E280040F8103C08F040FA124B4FF47A72A76051
:102E38002B606368A66501336E602E73AA602C61EF
:102E480063600D4B04A8009308F070FA284615B08B
:102E5800F0BD139B002BCED1064A2B732A602B6141
:102E6800C5E90134EDE700BF3419002058190020E6
:102E7800B4190020081900201C180020036D13B194
:102E8800184606F055BD406D08B104F0CFBD4FF0AF
:102E9800FF307047836C13B1184606F049BDC06C0B
:102EA80008B104F0C3BD4FF0FF307047036D33B174
:102EB8001B7813F0700F14BF012000207047406D7D
:102EC80030B190F8313013F0500F14BF01200020BA
:102ED800704700BF036D13B1184606F055BC406D2E
:102EE80008B104F0D3BC4FF0FF307047836C00B5D5
:102EF80083B063B101220DF10701184606F044FCC6
:102F080001280CD19DF8070003B05DF804FBC06CE4
:102F180028B101220DF1070104F0B8FCF0E74FF0E9
:102F2800FF30F1E7036D13B1184606F0A5BF406DF9
:102F380008B105F0D9B97047836C13B1184606F08B
:102F48009BBFC06C08B105F0CFB97047036D13B1D2
:102F5800184607F03DB8406D08B105F069BC7047E8
:102F6800836C13B1184607F033B8C06C08B105F08C
:102F78005FBC704700B5836C83B08DF8071043B110
:102F880001220DF10701184607F022F803B05DF899
:102F980004FBC06C0028F9D001220DF1070105F0EF
:102FA80047FC03B05DF804FB8A79A2F150031B06C5
:102FB80022D402F26C72F0B54B7985B0046D0133FE
:102FC8000D798E784F78DBB209784CB1204601969E
:102FD8000095CDE90271042106F054FF05B0F0BD5B
:102FE800406D0028FAD001960095CDE902710421C0
:102FF80005F0F0FA05B0F0BD00207047836C53B1BE
:10300800187810F008000DD0D8695B69C01A48BF5D
:103018006FF000407047C36CA3B193F8310010F013
:10302800080000D17047186919685A69401A5B6826
:1030380062EB0303B0F1004F73F10003F2D36FF0BA
:10304800004070471846EDE7036D53B1187810F04B
:1030580008000DD0D8695B69C01A48BF6FF00040FE
:103068007047436DA3B193F8310010F0080000D108
:103078007047186919685A69401A5B6862EB03035C
:10308800B0F1004F73F10003F2D36FF000407047C6
:103098001846EDE70369D3B10E4810B41C68E4681C
:1030A80084420FD1186D18B15DF8044B06F090BF3B
:1030B800586D18B15DF8044B05F0BABB00205DF8F7
:1030C800044B7047184623465DF8044B1847002008
:1030D800704700BF2D0D000038B504460C4B806DBD
:1030E800236018B114F0D4FC0023A365236D04F108
:1030F80018054BB1284608F019F9064B2846A36075
:1031080008F014F9204638BD636D002BF2D1F4E7BE
:10311800581900201C18002038B504460E4B806D45
:10312800236018B114F0B4FC0023A365236D04F1E7
:1031380018056BB1284608F0F9F8084B2846A36033
:1031480008F0F4F820465C210DF004FF204638BD55
:10315800636D002BEED1F0E7581900201C180020F1
:1031680030B4029C11469C4634B1012C1CD0022C70
:103178000ED0002030BC7047056DF5B14FF0FF331D
:10318800934274EB0C04F4D3284630BC06F044BDDB
:10319800026D0AB3D36959184CF10003002BE8D12A
:1031A800104630BC06F038BD026D62B1536959183B
:1031B8004CF10003002BDCD1F2E7406D0028D8D099
:1031C80030BC04F049BC406D0028D2D0D0E90023BF
:1031D8008A184CEB0303F3E7406D0028C9D0D0E907
:1031E800042330BC8A184CEB030304F035BC00BF41
:1031F80070B5244B044605690360002D32D06E6813
:10320800013E6E6076BB2B681F4ADB6A93422FD162
:10321800A86D10B114F03CFCAE652B6D23B305F11D
:10322800180008F083F82569E5B12B68174A5B6830
:10323800934224D1164BA86D2B6018B114F028FCCA
:103248000023AB652B6D05F11806A3B1304608F0D5
:103258006DF8104B3046AB6008F068F85C212846E2
:103268000DF078FE204670BD6B6D002BD7D1DAE7E4
:1032780028469847D7E76B6D002BE7D1E9E7284642
:103288009847EFE708190020E5070000F90E00004D
:10329800581900201C18002070B5264B04460569F3
:1032A8000360002D32D06E68013E6E6076BB2B68DD
:1032B800214ADB6A934233D1A86D10B114F0E8FBC0
:1032C800AE652B6D43B305F1180008F02FF825699A
:1032D800E5B12B68194A5B68934228D1184BA86D51
:1032E8002B6018B114F0D4FB0023AB652B6D05F1EE
:1032F8001806C3B1304608F019F8124B3046AB60D7
:1033080008F014F85C2128460DF024FE204614210C
:103318000DF020FE204670BD6B6D002BD3D1D6E793
:1033280028469847D3E76B6D002BE3D1E5E728469D
:103338009847EBE708190020E5070000F90E0000A0
:10334800581900201C18002038B50D4604460121E4
:10335800E8B20DF0FFFC4FF47A7025600DF040FCE8
:10336800204638BD08B5012105200DF0F3FC0121E8
:1033780006200DF0EFFC012124200DF0EBFC0121CB
:1033880002200DF0E7FC012104200DF0E3FC0121EF
:1033980025200DF0DFFC012120200DF0DBFC0121B0
:1033A80021200DF0D7FC052119200DF0D3FC0521B3
:1033B8001A200DF0CFFC4FF47A700DF011FC0121AA
:1033C8000A200DF0C7FC012109200DF0C3FC0021E3
:1033D8001B200DF0BFFC012109200DF07FFC6420AB
:1033E8000DF0FEFB054803F0FFFA0C200DF00CFA77
:1033F8002020BDE808400DF037BA00BF3095002006
:1034080010B5124C8CB0A646EC46BEE80F00ACE8EE
:103418000F009EE803004FF441728CE803006946F0
:103428000A2000F069F804F1180C06ACBCE80F009B
:103438000FC49CE803004FF4327284E8030006A925
:103448000A2000F059F80CB010BD00BF4804002055
:1034580070B5214D0221214C0A202A4600F0E2F8DD
:10346800224604210A2000F0DDF8224606210A201F
:1034780000F0D8F8224608210A2000F0D3F80A21E3
:103488002246084600F0CEF80C210A20144A00F023
:10349800C9F822460E210A2000F0C4F8224610215D
:1034A8000A2000F0BFF82A4612210A2000F0BAF8D4
:1034B8000C4A14210A2000F0B5F80023F02202215A
:1034C8000A2000F0EDF80023FF2202210A20BDE8BF
:1034D800704000F0E5B800BF00A00FE8808789D0F1
:1034E80000008EB0808789D402220A20C9B200F079
:1034F800A3B800BF0DF066BC70B50E460021154696
:1035080004460DF0EBFB214B02221B685A66D86D6E
:1035180010F4F81FFBD02A0A596F5A66D86D10F4B8
:10352800F81FFBD0EDB25A6F5D66DA6D12F4F81F22
:10353800FBD05A6F301F06F1140C50F8041F0A0E06
:103548005A66DA6D12F4F81FFBD0C1F307425D6FBB
:103558005A66DA6D12F4F81FFBD0C1F307225D6FCB
:103568005A66DA6D12F4F81FFBD0C9B25A6F596661
:10357800DA6D12F4F81FFBD084455A6FDDD120466E
:103588000121BDE870400DF0A9BB00BF30950020B7
:1035980008B5030248BF40F07F4002292DED028B99
:1035A80008D001290FD09FED138AB0EE480ABDEC70
:1035B800028B08BD08EE100ABAEECB8AB0EE480AB4
:1035C800BDEC028B08BD08EE100A1C210A48BAEEB1
:1035D800E58A0FF027F902210848B7EEC80A0CF06F
:1035E800BBFC06480CF01AFCB0EE480ABDEC028B96
:1035F80008BD00BF000000002C06002080950020B8
:1036080010B584B094461C4607238DF8061002AA0C
:103618006946ADF804C0009403F028FB029804B092
:1036280010BD00BF8C46022113460CFA01FC0CF5B4
:10363800FE72FFF7E5BF00BFF0B5002383B00E466A
:1036480017468DF801304FF4007304464FF040756B
:10365800ADF8023061F07F0369468DF8003004232D
:103668000DEB030203F002FB042369462046009594
:103678000DEB030203F0FAFA9DF804305B06F3D56C
:10368800B60000230321204606F10C02FFF7B8FF1D
:10369800394620F07F4003B0BDE8F040FFF778BF1F
:1036A80000B5944683B09E4604238DF801C04FEAC6
:1036B8001C2C8DF8031001AA69468DF800E08DF8DE
:1036C80002C003F0D3FA9DF8040003B05DF804FBD0
:1036D80038B500F5005595F8B03BFE2B09D0FF2B07
:1036E80020D0A3B1012B0BD11148BDE838400BF015
:1036F80059BB00F021FD0F48BDE838400BF054BB22
:103708000D480BF06FFB002385F8B03B38BD04462D
:103718000A480BF049FB204600F00EFD012385F80E
:10372800B03B38BD0648BDE838400BF03DBB00BF94
:10373800941000209C100020C81000208810002041
:10374800BC1000200DF03EBB38B500F5005595F8CB
:10375800B03B032B07D8013B0446022B51D8DFE8C6
:1037680003F0330F2100FE2B33D0FF2B38D121205B
:1037780000210DF0B3FA2948BDE838400BF014BB1E
:1037880027480BF011FB201D09F074FF42F6A80032
:1037980000233C22052120440BF01EFC032385F85E
:1037A800B03B38BD1F480BF0FDFA95F8183C012BCB
:1037B80021D0E3B10521204600F0A8FC0028F0D074
:1037C800022385F8B03B38BD1748BDE838400BF0F8
:1037D800E9BA00F0B1FC1548BDE838400BF0E4BA8E
:1037E80013480BF0FFFA002385F8B03B38BD0223DD
:1037F80085F8183CDEE7022285F8B03B85F8182CDE
:10380800D8E700F099FC012121200DF067FA09485A
:103818000BF0CAFA022385F8B03B38BDA80F002088
:10382800500F0020680F0020800F0020880F002014
:10383800B40F0020380F00200DF0C4BA70B500F5A1
:103848000056054696F8B04BFE2C2BD0FF2C24D002
:103858008CB1012C08D11F480BF0A4FA2146284648
:1038680000F054FC30BB70BD1B480BF0BBFA0023C2
:1038780086F8B03B70BD19480BF096FA284600F060
:103888005BFC42F6A80000230022012128440BF02B
:10389800A3FB012386F8B03B70BD1148BDE870401A
:1038A8000BF082BA0F480BF07FFA2846BDE870404B
:1038B80000F042BC0C480BF077FA281D09F0D4FD43
:1038C80042F6A80021463C2228440023BDE8704067
:1038D8000BF082BB101000206010002004100020A4
:1038E8005410002034100020181000200DF06ABA7F
:1038F800064A13780133DBB2052B137004D100207C
:10390800034B012110701970704700BF56C3012086
:1039180051C3012010B5174B04464EF6746023605E
:1039280020440CF01FFD4BF6646020440CF01AFD97
:1039380042F66440204403F0DFF90F4B204640F87C
:10394800503B0CF00FFD04F144000CF00BFD04F1AA
:1039580038000CF007FD04F128000CF003FD04F119
:103968001C000CF0FFFC04F110000CF0FBFC2046DE
:1039780010BD00BFAC1A0020F017002010B50D488C
:103988000AF0C8FF0B480BF017F80A480BF0B6F915
:10399800094C08480AF0C8FF064800F0E3FA237803
:1039A8002BB901200DF01CF92378002BF9D0002346
:1039B800237010BD88A8002051C3012010B5064C03
:1039C8000DF000FA204600F0EDFA2046034A0449BB
:1039D800BDE810400FF078B888A80020449B00206C
:1039E800F51600002DE9F043734D87B0734C40F293
:1039F800EE28734FDFF81C922E680EF091FF2378A3
:103A0800002B00F0C2803B78DB0740F1BE802B68BA
:103A1800D9F800209B1A0E2B40F2B78069496846F6
:103A28000CF034FC694603A80CF04EFC664903A868
:103A38000CF0CAFD65490CF0C7FD65490CF0C4FDE2
:103A4800014664480CF0B8F962480CF0E7F903A89D
:103A58000CF088FC68460CF085FC00224FF4E1313C
:103A68005D480BF083FE4FF480525C495A480BF0D6
:103A7800EBFF4FF480525A4957480BF0FFFF594863
:103A88000BF092F9584BDFED596A0022D3ED007A1A
:103A98009FED577AF8EE677A67EEA67A67EE877A2F
:103AA800FCEEE77A17EE903AB3F5004F7BD301327C
:103AB8005B08082AF8D148F2010447F6FF734FF46F
:103AC80007624C49B1F88C016FEA40406FEA5040F8
:103AD80080B2A1F88C010820A1F88E01B1F8880104
:103AE80080B240F08000A1F888014FF40050A1F89E
:103AF80024010020A1F8262140F60802A1F822415D
:103B0800A1F82A01A1F82E31A1F83201A1F8360155
:103B1800A1F83A01A1F83E01B1F88801364C80B20B
:103B280002433648A1F88821354A23801060354B76
:103B3800354AC3F8E4214FF480534FF0E0224FF4A4
:103B48000070324CA1F84431A1F84631C2F80C019A
:103B580023782BB901200DF043F82378002BF9D0F6
:103B68000023237023782BB901200DF039F823782E
:103B7800002BF9D00023264823700AF0B1FE244810
:103B880007B0BDE8F04300F047B82B6822789B1BCC
:103B980032B1B3F5FA6F3FF641AF0EF0C1FE2CE734
:103BA8004345FAD93AE712019BB242F400625C42FB
:103BB80092B2A4B285E700BF14C301205BC3012001
:103BC8005AC30120FC8F00201490002034090020E3
:103BD800209000208095002050960020F49B012022
:103BE800F4AB01202C900020289500200050C347FA
:103BF800BD37063500C03D403CC30120D11600004A
:103C0800389B002000A4002041CE000051C30120B1
:103C180088A8002024C3012010B5044642F65C4061
:103C280082B020440190FFF79DFB0198FFF7E8FB65
:103C38000198FFF70DFC04F5804310204FF49642DD
:103C48000021C3F8400DC3F83C0D44F64850204409
:103C580015F0C6FE43F6904105484FF480522144C2
:103C68000BF0F2FE034802B0BDE8104022F0ECBCB5
:103C780090950020B0960020062906D800EB410157
:103C88004EF688630122CA52704701480BF0AAB861
:103C98003C1200202DE9F0439DB00C4605469F4993
:103CA80001A80CF0F3FAA4F16501122914D8DFE891
:103CB80011F01E002C003A00130048004C00500080
:103CC80013005800670013001300130013001300BB
:103CD8007500EC00F6002501914928460AF086FE99
:103CE80001A80CF03FFB01201DB0BDE8F0838D4A10
:103CF80005F580438C481288C3F8902C0BF054F8D3
:103D0800894928460AF06EFEEAE7864A05F58043A7
:103D180086489288C3F89C2C0BF046F883492846BD
:103D28000AF060FEDCE77F4A05F580438048927917
:103D3800C3F8982C0BF038F87D4928460AF052FE53
:103D4800CEE77C480BF04EF8CAE77B480BF04AF800
:103D5800C6E7744B05F5804593F83E30C5F8A03C9E
:103D6800BEE7704A05F58043744892F84020C3F8CE
:103D7800A42C0BF019F8714928460AF033FEAFE776
:103D8800684A05F580436E485288C3F8942C0BF0B6
:103D98000BF86B4928460AF025FEA1E7614B05F5AB
:103DA8008048684904A8B3F8422016AFA8F8A82CA0
:103DB800B3F84420B3F84630A8F8AA2C0122A8F892
:103DC800AC3C88F8AE2C0CF061FA04A90AA80CF0F7
:103DD8007BFA5D4907A80CF059FA07A90AA80CF064
:103DE800EBFB04460A22B8F8A81C0DA80CF0F6FA5A
:103DF8000DA9204613AC0CF0DFFB0646534910A86A
:103E08000CF044FA10A930460CF0D6FB06460A22FC
:103E1800B8F8AA1C20460CF0E1FA2146304619AE43
:103E28000CF0CAFB81464A4938460CF02FFA39464D
:103E380048460CF0C1FBB8F8AC1C80460A22304654
:103E48000CF0CCFA314640460CF0B6FB016800296C
:103E580061D028460AF0C6FD30460CF083FA384691
:103E68000CF080FA20460CF07DFA10A80CF07AFAD3
:103E78000DA80CF077FA07A80CF074FA0AA80CF051
:103E880071FA04A80CF06EFA2AE705F580430122BE
:103E98003049284683F8AF2C0AF0A4FD20E705F541
:103EA8003043204A13AC2C4903F63468926C03F66D
:103EB800386319AEC8F800201A6016AF20460CF017
:103EC800E5F9214630460CF0FFF998ED000A022189
:103ED80038460CF0AFFA394630460CF06DFB0168F5
:103EE800B9B128460AF07EFD38460CF03BFA304658
:103EF8000CF038FA20460CF035FAF1E644F6B048F2
:103F0800084B13AC19AEA844DB6C1449C8F8003050
:103F1800D3E71349E5E712499BE700BF740A00207D
:103F2800B415002040C10120881400205814002036
:103F380070140020D4140020EC1400203C1400203D
:103F4800B41400200415002020150020341500208A
:103F580044150020541500207015002094150020E9
:103F6800A89300204EF688634EF689624EF6966C4A
:103F780003440244844400B54FF0000E12F8011CBB
:103F880049B159780131C9B20129597003D902F8E8
:103F980001EC83F801E0023302326345EED15DF8AB
:103FA80004FB00BFF8B502224E4B4F4907460AF002
:103FB80001FC4E4B42F65C400D213B6007F5804604
:103FC80038440025FFF7C0F942F6644020224849EA
:103FD8003844484C02F078FE01200A234649C6F8C6
:103FE800940C0F20C6F89C3C3C22C6F8A43C06F56D
:103FF8004B63C6F8980C6FF01D00C6F8902C44224D
:10400800A6F8AE5CC6F8A00C06F6B44019602146C6
:104018000CF004FF442206F6F840A11807F53044D6
:104028000CF0FCFE1023354AC6F83C3DC6F8403D6E
:10403800C6F8443D04F6FC53314904F638661A6064
:10404800002304F62C62C4F8245EC4F8285E1360CA
:1040580004F563622B48136004F634621160402251
:10406800316004F63C610B6004F564610B6004F692
:10407800446108604BF66460C4F8482EC4F84C2EBE
:1040880004F65862C4F8505E3844C4F8545E1E49B9
:104098001360C4F85C5EC4F8605E0CF0F7F84FF08B
:1040A8007C5204F567634EF6746029461A6007F57A
:1040B8005043C4F8745E3844C4F87C5EC3F80057B3
:1040C8000CF0E4F807F560433846C3F8805EC3F89F
:1040D800845EC3F8885EC3F88C5EC3F8905EA3F86C
:1040E800945EF8BD8095002050960020AC1A002000
:1040F800F0950020780400200000A0C1ABAA264457
:104108009A99F9400000F041740A0020062908B580
:104118000AD800EB410101F5604393F8880E10B10D
:104128000022A3F8882E08BD02480AF05BFE002092
:1041380008BD00BF3C12002008B5002105200DF085
:104148003DF9002106200DF039F9002108460CF050
:1041580001FE002101200CF0FDFD002101200CF0E2
:10416800BDFD002104200CF0B9FD002124200CF035
:10417800B5FD00210220BDE808400CF0AFBD00BF2E
:1041880038B50D46044608F057F805F5804522462F
:10419800C11707F021FF6378D5F8981C5A183B2AF5
:1041A80009DC93FBF1F001FB103300212046D21A01
:1041B8002170627038BDA378162B05D80133002210
:1041C8002046A370627038BD23790022204601334F
:1041D800A2706270237138BD10B500F53044DFED70
:1041E800117A04F6DC5393ED007AB4EEE77AF1EE37
:1041F80010FA0BDC04F55E64DFED0A7A94ED007AC0
:10420800B4EEE77AF1EE10FA05DC10BD00210520C6
:104218000CF064FDEEE700210620BDE810400CF02C
:104228005DBD00BF0000964270B500210446052020
:104238005D4E0DF0C3F85D495D4B48683268A3FBDD
:1042480002324FF4FA73920C03FB02F24B681B1A0A
:104258009A42FBD8202504F5304429200CF07CFA3A
:10426800D4F8243E013D1844C4F8240EF5D107EED5
:10427800900A04F55F63B3EE025B04F62C6CB8EEAB
:10428800E77B04F6346104F63C6205209FED446B3D
:1042980087EE064B93ED007AD4F8483E06EE903A46
:1042A80004F64463B7EEC77AF8EEE66AA4EE457BF7
:1042B800B7EEC77B8CED007AD1ED007A37EE677ADE
:1042C800F0EE667A82ED007A93ED006AE7EE467AC0
:1042D800FDEEE77A17EE901AC4F8481E0DF06EF856
:1042E8000A200CF07DFC294606204FF4FA750DF0E3
:1042F80065F82E492E4B48683268A3FB0232920CAF
:1043080005FB02F24B681B1A9A42FBD8202517209E
:104318000CF022FAD4F8283E013D1844C4F8280EBF
:10432800F5D107EE900A04F55F63B3EE025B04F67D
:104338003861B8EEE77B04F5636604F5646206202D
:104348009FED176B87EE064B93ED007AD4F84C3E41
:1043580007EE903A04F64463F8EEE76AB7EEC77AD8
:10436800A4EE457BB7EEC77B86ED007AD1ED007AE7
:1043780037EE677AF0EE667A82ED007A93ED006A9E
:10438800E7EE467AFDEEE77A17EE901AC4F84C1E6F
:104398000DF014F8C4F8245EC4F8285E70BD00BFA0
:1043A8000000000000FEFF402C950020001000E0F7
:1043B80083DE1B430000000010B52D4C02220123B0
:1043C800492120460AF054FF94F8A22094F8A3004B
:1043D800824225D2531CA118DBB2897E984284F808
:1043E800A23020D92344B3EE044B02329B7E84F8DA
:1043F800A22003EB012307EE903A9FED172BB8EEAE
:10440800E76B9FED173B86EE027B9FED175B37EE60
:10441800437B27EE047B87EE050BB7EEC00B10BD80
:104428009FED140A10BD0902B3EE044BFF3107EEED
:10443800901A9FED092BB8EEE77B9FED093B87EEBD
:10444800026B9FED095B36EE437B27EE047B87EE1C
:10445800050BB7EEC00B10BD0000000080FFCF4079
:104468009A9999999999B93F9A9999999999E93FF6
:10447800B09600205802C3422DE9F04FF64FD7F806
:1044880000803B68A3EB0803092B2DED0C8B83B050
:1044980000F2EB814FF0000A81460E46D34654469F
:1044A800554619200AF1010A0CF056F903461A205C
:1044B8001D440CF051F9034626201C440CF04CF91D
:1044C8003B688344A3EB0803092BEAD909F53E436B
:1044D80009EB460695FBFAF594FBFAF407EE905AB9
:1044E800019306F5104806F52047B8EEE75B07EE9E
:1044F800904A09F5304442F65C45B8EEE76B06F59C
:1045080030469FEDC39B9BFBFAFB85EE094B07EEFC
:1045180090BA04F5616A04F6046B86EE095BB8EE9E
:10452800E77B9FEDBDDB9FEDBE2B9FEDBFCB87EEFD
:104538000D3B9FEDBFBB9FEDC0AB9FEDC18B24EE44
:10454800026B25EE027BB7EEC66BB7EEC77B83ED39
:10455800006AB7EEC33B8BED007A8AED003A07F0AC
:104568006BFED4F8D82D019B801AA8F848081820AB
:10457800D3ED007AFCEEE77A17EE903AA8F8A03A65
:10458800DBED007AFCEEE77A17EE903AA8F8F83CF3
:104598000CF0E2F807EE900A04F608632720B8EE5C
:1045A800E76B86EE0D7BB7EEC77B83ED007ADAED1D
:1045B800007AFCEEE77A17EE903AA8F8503F0CF034
:1045C800CBF807EE900A04F618631620B8EEE76BEE
:1045D8009FED9D5B26EE0C6B86EE097B27EE057B37
:1045E800B7EEC77B83ED007AB7EEC77A27EE0B7B71
:1045F800BCEEC77B17EE103AA7F8A8310CF0ACF860
:1046080007EE900A04F61C631520B8EEE76B26EE59
:104618000C6B86EE097B37EE077BB7EEC77B83ED25
:10462800007AB7EEC77A27EE0B7BBCEEC77B17EE96
:10463800103AA7F800340CF08FF807EE900A04F649
:10464800F4532820B8EEE76B26EE0C6B86EE097B58
:1046580037EE077BB7EEC77B83ED007AB7EEC77AF4
:1046680027EE0B7BBCEEC77B17EE103AA7F858363F
:104678000CF072F807EE900A04F55F634846B8EE4E
:10468800E76B9FED735B26EE0C6B86EE097B27EEDE
:10469800057BB7EEC77B83ED007AB7EEC77A27EEC6
:1046A8000B7BBCEEC77B17EE103AA7F8B038FFF7C4
:1046B80083FEDFED6A7A04F6FC5305EB090060EE31
:1046C800277A042183ED000AFCEEE77A17EE903A88
:1046D800A7F8083BD4F8483EA7F8603DD4F84C3E0C
:1046E800A7F8B83FFEF700FFB7EEC07A04F6DC5330
:1046F80005EB0900062137EE0A7B83ED000ABCEEC4
:10470800C77B17EE103A9BB207EE103AB8EEC77B9C
:1047180027EE087BBCEEC77B17EE103AA6F81032DE
:10472800FEF7E2FEB7EEC07A04F55E6305EB09001A
:10473800082137EE0A7B83ED000ABCEEC77B17EE33
:10474800103A9BB207EE103AB8EEC77B27EE087B0B
:10475800BCEEC77B17EE103AA6F86834FEF7C4FE25
:10476800B7EEC07A04F6E85305EB09000C2137EEE2
:104778000A7B83ED000ABCEEC77B17EE103A9BB2AA
:1047880007EE103AB8EEC77B27EE087BBCEEC77B76
:1047980017EE103AA6F8C036FEF7A6FEB7EEC07AB6
:1047A80004F6EC5305EB09000A2104F6E45437EE4D
:1047B8000A7B83ED000ABCEEC77B17EE103A9BB26A
:1047C80007EE103AB8EEC77B27EE087BBCEEC77B36
:1047D80017EE103AA6F81839FEF786FEB7EEC07A3B
:1047E80084ED000A37EE0A7BBCEEC77B17EE103A61
:1047F8009BB207EE103AB8EEC77B27EE087BBCEEFB
:10480800C77B17EE103AA6F8703B29E0AFF300809B
:104818000000000000FEAF4021B0726891EDF03F4B
:1048280000000000004CDD406666666666660A4069
:104838000000000000408F406666666666127140A0
:10484800000000000000594046B6F3FDD4F81740B8
:104858004A0C022B87161B4014C3012000007A441F
:1048680003B0BDEC0C8BBDE8F08FFFDE2DE9F04105
:1048780080464DF280274CF680604FF480624744B2
:104888002E49404408F5304515F0AAF84FF48062E7
:104898002A49384615F0A4F84BF6806028494DF2AD
:1048A80080644044264E15F0CBF9444413F0CAF80E
:1048B8002349C5F8500E002015F0C2F913F0BEF8D0
:1048C800B7EEC00B05F658631D49002083ED000ABA
:1048D80015F0B6F913F0B6F81949C5F8540E0020CA
:1048E80015F0AEF913F0B2F8C5F85C0E4DF2842558
:1048F800454405E013F0A6F844F8040DAC4209D08D
:104908003146002015F09CF90028F3D14FF0FF3014
:10491800BDE8F0814CF68465094E454405E013F086
:1049280091F847F8040DBD4206D03146002015F035
:1049380087F90028F3D1E9E70120E9E719FCFFFF2F
:10494800381400202DE9F04F00F5804B83B04DF26C
:104958007C6E9146DBF8407D86440191002F21DD75
:104968000EEB870744F6B4464DF27C28754606449C
:1049780000228044DFF8C0A0BC4645F8042F336805
:1049880056F8044FA3420BDA534408EB8404002181
:1049980000EB830353F8047FA3423944FAD129601A
:1049A8006545EAD1DBF83C5D002D23DD4DF2BC61A5
:1049B80044F6F8444CF67C664FF0000A014404447F
:1049C8000644DFF878C001EB850541F804AF236899
:1049D80054F8042F93420BDA634406EB8208002252
:1049E80000EB830353F8047F43453A44FAD10A6045
:1049F800A942EAD1019B44F6485547F2C82493FBE3
:104A0800F9F300EB43031D441C44002335F813203D
:104A18005EF8041F1144DEF8402025F8131034F81E
:104A280013100A4424F8132003F59673B3F5965F20
:104A3800ECD103B0BDE8F08F9F3400409F330040B5
:104A48002DE9F04700F580449CB094F8AE3C002B6B
:104A58007FD0B4F8A83C0021B3F5806F84F8AE1C71
:104A680009D2B4F8AA3CB3F5805F04D2B4F8AC3CE0
:104A7800B3F5805F70D3C74901A80BF007FC01A903
:104A880007A80DF134090BF01FFC002104A810AF92
:104A98000BF0FCFB04A907A80DF14C080BF08CFDEA
:104AA8000446BD490AA80BF0F1FB0AA9204616AE38
:104AB8000BF082FD0446002148460BF0E7FB49460F
:104AC800204619AD0BF078FD0446B34938460BF083
:104AD800DDFB394620460BF06FFD044600214046B9
:104AE8000BF0D4FB414620460BF066FD0446AB496B
:104AF80030460BF0CBFB314620460BF05DFD0446FB
:104B0800A74928460BF0C2FB294620460BF054FD66
:104B18000068002800F02D810AF064F928460BF09F
:104B280021FC30460BF01EFC40460BF01BFC3846BF
:104B38000BF018FC48460BF015FC0AA80BF012FC09
:104B480004A80BF00FFC07A80BF00CFC01A80BF055
:104B580009FC1CB0BDE8F0870DF1340910AF16AEA2
:104B68000DF14C08484619AD0BF090FB64200CF091
:104B780037F88C4938460BF089FB394630460BF03C
:104B8800A3FB0A22B4F8A81C40460BF027FC4146B8
:104B980030460BF011FD8246834928460BF076FB20
:104BA800294650460BF008FD014648460BF05EFCCE
:104BB80028460BF0D7FB40460BF0D4FB30460BF0F1
:104BC800D1FB38460BF0CEFBDDF834A0BAF1000F6C
:104BD80000F0D180504616F0C3FE51460246734895
:104BE8000BF0C2F8724930460BF050FB31462846AC
:104BF8000BF06AFB494628460BF0DEFC00680028EB
:104C080000F0C5800AF0D0F828460BF0ABFB304620
:104C18000BF0A8FB64200BF0E3FF664938460BF065
:104C280035FB394630460BF04FFB0A22B4F8AA1C74
:104C380040460BF0D3FB414630460BF0BDFC8246A4
:104C4800594928460BF022FB294650460BF0B4FC84
:104C5800014648460BF00AFC28460BF083FB404609
:104C68000BF080FB30460BF07DFB38460BF07AFBEF
:104C7800DDF834A0BAF1000F00F08680504616F037
:104C88006FFE5146024649480BF06EF84A493046D5
:104C98000BF0FCFA314628460BF016FB494628462D
:104CA8000BF08AFC006800286CD00AF07DF82846D2
:104CB8000BF058FB30460BF055FB64200BF090FFCF
:104CC8003E4938460BF0E2FA394630460BF0FCFA1A
:104CD8000A22B4F8AC1C40460BF080FB4146304633
:104CE8000BF06AFC0446304928460BF0CFFA2946F7
:104CF80020460BF061FC014648460BF0B7FB2846FE
:104D08000BF030FB40460BF02DFB30460BF02AFB36
:104D180038460BF027FB0D9C94B3204616F020FE76
:104D28002146024621480BF01FF8254930460BF072
:104D3800ADFA314628460BF0C7FA494628460BF02B
:104D48003BFC0068D0B10AF02FF828460BF00AFBAC
:104D580030460BF007FB64200BF042FF062219498E
:104D680012480BF001F848460BF0FCFA1CB0BDE8FD
:104D7800F0871548D0E6DFF850A02BE71248E2E7A5
:104D8800114CCAE7104890E7DFF83CA076E70E48D8
:104D980038E700BFC8150020E415002034090020BA
:104DA800E815002004160020101600209095002019
:104DB8007C16002014160020541600201C16002013
:104DC8002C16002024160020A8930020844642F6C2
:104DD800A800002301220621604410B50CF56044A8
:104DE8000AF0FAF8D4F8843E03B110BD07F024FAAB
:104DF800C4F8840E10BD00BF2DE9F04186B01F46EF
:104E08000646884668466F4914460BF03FFA6D49D6
:104E180068460BF049FB002F40F3CD8007EB870174
:104E28002246012304EB8101158A1432002D14BF98
:104E3800002303F001039142F6D1002B40F0BB8020
:104E4800351D01210222284608F090F95E4968467E
:104E58000BF080FB694603A80BF036FA03AA012180
:104E6800284608F093F903A80BF07CFA55496846E0
:104E780006F500560BF018FB01220221284608F01F
:104E880075F9524968460BF00FFB694603A80BF009
:104E98001BFA03AA0221284608F078F903A80BF0A8
:104EA80061FA484968460BF0FFFA012203212846B7
:104EB80008F05CF996ED1C0A68460BF069FB2C219A
:104EC80068460BF055FB96ED1B0A68460BF060FB35
:104ED8002C2168460BF04CFB96ED1D0A68460BF03A
:104EE80057FB694603A80BF0EFF903AA03212846EC
:104EF80008F04CF903A80BF035FA324968460BF074
:104F0800D3FA4146284609F04FFB2846B9B209F0C2
:104F18001FFB002F2FDD00262178284609F0F8FA1C
:104F280061682846143409F03FFB34F80C1C284605
:104F3800013609F00DFB34F80A1C284609F008FB75
:104F480034F8081C284609F003FB34F8061C2846E8
:104F580009F0FEFA34F8041C284609F0F9FA14F8A6
:104F6800021C284609F0D4FA14F8011C284609F056
:104F7800CFFAB742D0D1162115480DF053FC394667
:104F880014480AF03FFF13480AF048FF0F2112485F
:104F98000DF048FC0F4807EB07110AF033FF0D48E6
:104FA8000AF03CFF284609F0A9F968460BF0DAF93F
:104FB80006B0BDE8F081351D01222846114608F0EB
:104FC800D5F847E7740A0020F813002008140020D9
:104FD80010140020809500202814002070B5CAB055
:104FE8000546B349144601A80BF050F907F024F917
:104FF800CDE93A013AA815F071F8AE4A03463221D4
:105008003DA815F0BFFF3DA904A80BF03FF904A97E
:1050180007A80BF059F901A907A80BF0CDFA064625
:105028000A2221780AA80BF0D9F90AA930460BF010
:10503800C3FA01A90BF0C0FA06460A2261680DA856
:105048000BF0E2F90DA930460BF0B6FA01A90BF006
:10505800B3FA0646022110A894ED020BB7EEC00B76
:105068000BF0E8F910A930460BF0A6FA01A90BF0ED
:10507800A3FA0646022113A894ED040BB7EEC00B61
:105088000BF0D8F913A930460BF096FA01A90BF0EA
:1050980093FA0646022116A894ED060BB7EEC00B4C
:1050A8000BF0C8F916A930460BF086FA01A90BF0E7
:1050B80083FA0646022119A894ED080BB7EEC00B37
:1050C8000BF0B8F919A930460BF076FA01A90BF0E4
:1050D80073FA064602211CA894ED0A0BB7EEC00B22
:1050E8000BF0A8F91CA930460BF066FA01A90BF0E1
:1050F80063FA06460A22216B1FA80BF085F91FA93F
:1051080030460BF059FA01A90BF056FA06460A2266
:10511800616B22A80BF078F922A930460BF04CFA03
:1051280001A90BF049FA0646022125A894ED0E0BB9
:10513800B7EEC00B0BF07EF925A930460BF03CFA10
:1051480001A90BF039FA0646022128A894ED100BA4
:10515800B7EEC00B0BF06EF928A930460BF02CFA0D
:1051680001A90BF029FA06460A22A16C2BA80BF01C
:105178004BF92BA930460BF01FFA01A90BF01CFACA
:10518800064694ED130A02212EA80BF053F92EA916
:1051980030460BF011FA01A90BF00EFA064694ED11
:1051A800140A022131A80BF045F931A930460BF059
:1051B80003FA01A90BF000FA064694ED150A02213C
:1051C80034A80BF037F934A930460BF0F5F901A9EA
:1051D8000BF0F2F9064694ED160A022137A80BF0F7
:1051E80029F937A930460BF0E7F901A90BF0E4F9E2
:1051F800064694ED170A02213AA80BF01BF93AA9C2
:1052080030460BF0D9F901A90BF0D6F994ED180A3C
:10521800044602213DA80BF00DF93DA920460BF0EC
:10522800CBF9014628460BF04FF83DA80BF09AF849
:105238003AA80BF097F837A80BF094F834A80BF0BD
:1052480091F831A80BF08EF82EA80BF08BF82BA84C
:105258000BF088F828A80BF085F825A80BF082F841
:1052680022A80BF07FF81FA80BF07CF81CA80BF005
:1052780079F819A80BF076F816A80BF073F813A8AC
:105288000BF070F810A80BF06DF80DA80BF06AF889
:105298000AA80BF067F807A80BF064F804A80BF04D
:1052A80061F801A80BF05EF828464AB070BD00BF4F
:1052B800381400207810002030B597B01146044605
:1052C8001D4606A80BF000F86846DDE91A23CDE96B
:1052D800002314F003FF0F4A0346322109A815F0F2
:1052E80051FE09A903A80AF0D1FF03A906A80BF0EB
:1052F80063F929460BF060F9014620460AF0E4FFFD
:1053080003A80BF02FF806A80BF02CF8204617B0CE
:1053180030BD00BF781000202DE9F04FA7B005463A
:10532800CB490FA80AF0B2FFCA4912A80AF0AEFF8B
:1053380006F082FF0FAA12ABCDE90001294606A8A4
:10534800FFF7BAFF12A80BF00DF80FA80BF00AF838
:10535800069A002A00F0738344F20223BE4912A879
:1053680006F0FEF8249B002B00F0A6825C200024A7
:105378000BF0EEFD139AB94B00F11808C260824693
:10538800149A16A9036002619DF8542044600275BE
:10539800B34ADFF81C938260404605F085FFDAF8CF
:1053A800042016A8CAF858400132CDF84890CAF827
:1053B8000420AC4ACAF8082005F0B8FFDAF8002043
:1053C800A949126B8A4240F04783DAF85020002A34
:1053D80000F08882A5490FA80AF058FF0FA912A863
:1053E8000AF072FF06A912A80BF0E6F80068002878
:1053F80000F0388309F0D8FC12A80AF0B3FF05F5CD
:1054080030460FA80AF0AEFF09A9281D09F016F9C1
:1054180006F6DC529FED967A0746D2ED007AF4EE56
:10542800C77AF1EE10FA00F32682BBEE0E7AF4EE9C
:10543800C77AF1EE10FA54BF0122002206F55E6128
:105448009FED8B7AD1ED007AF4EEC77AF1EE10FA7F
:1054580000F31382BBEE0E7AF4EE477AF1EE10FAFF
:1054680048BF002206F6E8519FED827AD1ED007A16
:10547800F4EEC77AF1EE10FA07DCBBEE0E7AF4EE22
:10548800C77AF1EE10FA40F1CB8206F55F62B3EE0F
:10549800027AD2ED007AF4EEC77AF1EE10FA00F350
:1054A800F3810022B2EE0C7AF4EEC77AF1EE10FA2C
:1054B80054BF4FF0010B4FF0000B0CAC6E49039238
:1054C80020460AF0E3FE6D4920460BF043F86C498C
:1054D80020460BF03FF86B4920460BF03BF8039A47
:1054E800002A00F0E481684920460BF033F8674948
:1054F80020460BF02FF8664920460BF02BF806F6ED
:10550800DC52022112A892ED000A0AF093FF12A9B8
:1055180020460BF01BF812A80AF024FF2C2112A831
:105528000AF002FF12A920460BF010F812A80AF0A0
:1055380019FF06F55E62022112A892ED000A06F62E
:10554800E8560AF077FF12A920460AF0FFFF12A8D2
:105558000AF008FF2C2112A80AF0E6FE12A920463C
:105568000AF0F4FF12A80AF0FDFE96ED000A0221E7
:1055780012A80AF05FFF12A920460AF0E7FF12A856
:105588000AF0F0FE434920460AF0E4FF424920466B
:105598000AF0E0FFBBF1000F00F071813F4920469F
:1055A8000AF0D8FF05F500553D4920460AF0D2FF1C
:1055B8003C4920460AF0CEFF95ED1C0A022112A8AC
:1055C8000AF038FF12A920460AF0C0FF12A80AF014
:1055D800C9FE2C2112A80AF0A7FE12A920460AF03B
:1055E800B5FF12A80AF0BEFE95ED1B0A022112A80B
:1055F8000AF020FF12A920460AF0A8FF12A80AF014
:10560800B1FE2C2112A80AF08FFE12A920460AF03A
:105618009DFF12A80AF0A6FE95ED1D0A022112A808
:105628000AF008FF12A920460AF090FF12A80AF013
:1056380099FE1D4920460AF08DFF1C4920460AF0B4
:1056480089FF0A22394612A80AF0C8FE32E000BFD4
:10565800E0100020E81000202497012058190020AD
:10566800B419002034190020D107000024110020AB
:105678000000704200004842341100203C11002014
:105688004C110020601100207011002080110020B2
:1056980090110020A0110020B011002078110020E6
:1056A800C0110020D0110020E0110020F0110020CE
:1056B8001C18002012A920460AF048FF12A80AF078
:1056C80051FEC44920460AF045FFC34920460AF066
:1056D80041FFC24920460AF03DFF0C99002900F01D
:1056E800C581DAF800500846039116F039F9BC4E26
:1056F8000246EB680399B34240F0DB81DAF85000C8
:10570800002800F0E78004F063FCDAF80050EB684A
:10571800B34240F0C981DAF85000002800F0CC818B
:105728000522B04904F054FCDAF800500999EB68F6
:10573800B34240F0B381DAF85000002800F0C68187
:105748003A4604F045FCDAF80050EF680022B74208
:10575800ADF8162040F09C81DAF85000002800F0DF
:10576800708102220DF1160104F032FCDAF80050C3
:10577800EF68B74240F08581DAF85000002800F061
:10578800B0810322984904F023FCDAF80050EA6A51
:10579800964EB24240F07281DAF8580020B112F009
:1057A80077F90022CAF85820DAF85020002A00F0C9
:1057B8005F81404605F0BAFDDAF80450013DCAF8A9
:1057C8000450BDBBDAF80020D26AB24240F0A3818F
:1057D800DAF8580018B112F05BF9CAF85850DAF83C
:1057E8005020002A00F08B81404605F09FFDDAF832
:1057F80000207F4952688A4240F096817D4BDAF852
:105808005800CAF8003020B112F042F90022CAF854
:105818005820DAF85020002A00F08081404605F030
:1058280085FD4046CAF8089005F080FD50465C2189
:105838000BF090FB06A912A80AF046FD6E490FA8C6
:105848000AF024FD0FA912A80AF0B6FE0068002885
:1058580000F00A8109F0A8FA0FA80AF083FD12A83F
:105868000AF080FD20460AF07DFD06A80AF07AFDC0
:1058780027B0BDE8F08F0022E0E50022F2E55F499D
:1058880020460AF067FE8DE60CAC5D494FF0000B30
:1058980020460AF0FBFC5B4920460AF05BFE5A49A9
:1058A80020460AF057FE594920460AF053FE584947
:1058B80020460AF04FFE1AE6DDF894A0BAF1000F70
:1058C8007FF454ADDFF8549116A8CDF8489005F050
:1058D8002DFD0CE0DAF8540000283FF436AF02F052
:1058E800A7FF12E7DAF85420002A7FF473AD0CAC56
:1058F800484909A80AF0CAFC09A90FA80AF0E4FC5B
:1059080006A920460AF0E0FC21460FA80AF054FE3A
:105918000546414912A80AF0B9FC12A928460AF01E
:105928004BFE0068002800F0E88009F05BFA12A836
:105938000AF018FD20460AF015FD0FA80AF012FD1E
:1059480009A80AF00FFDBAF1000F8ED0DAF804406A
:10595800013CCAF80440002C87D1DAF8002023491A
:10596800D26A8A4240F0E980DAF8580018B112F099
:105978008FF8CAF85840DAF85020002A00F0D7808B
:105988000AF1180005F0D2FCDAF80020184952682C
:105998008A4240F0D580174ADAF85800CAF8002041
:1059A80020B112F075F80022CAF85820DAF8502011
:1059B8000AF11804002A00F0A880204605F0B6FC79
:1059C8002046CAF8089005F0B1FC5C2150460BF05F
:1059D800C1FA4AE7FC11002008120020101200202A
:1059E8002D0D0000241200202C120020E5070000D5
:1059F800F90E000058190020301200207011002004
:105A0800341100203C1100204C11002060110020AE
:105A180078110020F4100020041100201C18002028
:105A280006F55F61B3EE027AD1ED007AF4EEC77A3B
:105A3800F1EE10FA7FF736AD4FF0000B3DE5424A24
:105A48008AE4DAF8540000283FF4A1AE02220DF1EE
:105A5800160102F0EDFE89E65046904700283FF413
:105A680046AFB7E43848C5E43748F3E6364938E680
:105A7800DAF85420002A7FF49CAE9DE65046904701
:105A88009AE6032231495046B847DAF800507EE6D4
:105A980002220DF116015046B84767E63A465046CD
:105AA8009847DAF8005050E60522294950469847A9
:105AB8003AE65046984728E6DAF8540000283FF4BA
:105AC80044AE0522224902F0B3FE2DE6DAF854006E
:105AD80000283FF43AAE3A4602F0AAFEDAF800503F
:105AE80033E6DAF8540000283FF451AE0322174990
:105AF80002F09EFEDAF8005049E6134815E7DAF896
:105B08005420002A7FF470AE71E6DAF85420002A97
:105B18007FF453AF54E75046904768E6DAF85420CC
:105B2800002A7FF47BAE7CE65046904782E6DAF89E
:105B38005420002A7FF424AF26E75046904723E7F5
:105B48005046904791E600BFA89300202C120020F1
:105B5800241200202DE9F04F04468BB00B46C049B3
:105B680004F53044029004A803930AF08FFB04F66E
:105B7800DC539FEDBC7AD3ED007AF4EEC77AF1EEF0
:105B880010FA3DDCBBEE0E7AF4EEC77AF1EE10FAAD
:105B980054BF0123002304F55E629FEDB27AD2ED73
:105BA800007AF4EEC77AF1EE10FA27DCBBEE0E7A33
:105BB800F4EE477AF1EE10FA48BF002304F6E852F3
:105BC8009FEDA97AD2ED007AF4EEC77AF1EE10FAD9
:105BD80007DCBBEE0E7AF4EEC77AF1EE10FA40F16C
:105BE8000A8104F55F63B3EE027AD3ED007AF4EE2E
:105BF800C77AF1EE10FA05DD00250CE00023DDE799
:105C08000023C8E7B2EE0C7AF4EEC77AF1EE10FA88
:105C180054BF01250025029B022201211E1D30468A
:105C280007F0A4FA04F6DC5304A893ED000A0AF07E
:105C3800AFFC2C2104A80AF09BFC04F55E6304A8C1
:105C480093ED000A0AF0A4FC2C2104A80AF090FCA9
:105C580004F6E85304A893ED000A0AF099FC04A995
:105C680007A80AF031FB012107AA304607F08EFA8F
:105C780007A80AF077FB7A4904A80AF015FC002D5A
:105C880000F0D98001220221304607F06FFA029F06
:105C980004A807F5005507F5804A95ED1C0A0AF097
:105CA80077FC2C2104A80AF063FC95ED1B0A04A8D4
:105CB8000AF06EFC2C2104A80AF05AFC95ED1D0A86
:105CC80004A80AF065FC04A907A80AF0FDFA07AAC7
:105CD8000221304607F05AFA07A80AF043FB604948
:105CE80004A80AF0E1FBD4F8D81D304608F05CFCA3
:105CF800DAF8442D002A40F3B08049F648044FF002
:105D0800000B3C445D462188304608F021FC0BF12D
:105D1800010BDAF8441D258004F516745945F2DCA8
:105D2800039B002B40F39780029A44F648590027BA
:105D380002EB43034B4491440193DAF8401DDAF82F
:105D48003C0D0144002974DDC84600240BF1010B09
:105D5800B8F80010304608F0FBFBDAF83C1DDAF81A
:105D6800400D0BEB04020134A8F80070014408F55B
:105D78001678A142ECDCDAF8441D002952DD09F559
:105D88009645002402F101082988304608F0E0FB16
:105D980008EB040BDAF8441D01342F8005F516755D
:105DA800A142F1DC09F10209019B9945C5D1039C87
:105DB80011212E480CF036FD21462D480AF022F814
:105DC8002B480AF02BF80F212A480CF02BFD5946D6
:105DD80027480AF017F826480AF020F8304608F055
:105DE8008DFADDE90201FFF797FA04A80AF0BAFA7A
:105DF8000BB0BDE8F08F04F55F62B3EE027AD2ED26
:105E0800007AF4EEC77AF1EE10FA1ADD0025002BBD
:105E18003FF401AF029B01221E1D1146304607F0D8
:105E2800A5F9FFE609F10209019B9346994584D13A
:105E3800BDE75A469FE702223046114607F096F919
:105E480025E7B2EE0C7AF4EEC77AF1EE10FA54BFF9
:105E580001250025DBE70024AAE74FF0000B5FE7E8
:105E6800740A002000007042000048429813002085
:105E780080950020281400202DE9F04F00F560459A
:105E8800A1B006460F46D5F87C3E002B00F00081F5
:105E9800D5F8803EB3F5967F80F2FA800133D5F8C5
:105EA800742E4FF000090CACC5F8803E0DF1400887
:105EB8006D4B0393002A00F0B98144F202236B4929
:105EC800204605F04DFB1E9B002B00F0CD815C2089
:105ED80000250BF03DF80D9A83464560C2604146A7
:105EE8000E9A183040F8082C9DF83C2000F8042C35
:105EF8005F4A40F8182C5F4A40F8102C05F0D4F996
:105F0800DBF80420039B40460132CBF858500C9331
:105F1800CBF80420584ACBF8082005F007FAB9F165
:105F2800000F07D0D9F80420013AC9F80420002A44
:105F380000F0B181DBF800205049126B8A4240F032
:105F4800D982DBF85020002A00F0738231463A46A5
:105F58002046FFF743F80C9E002E00F05582DBF830
:105F68000050304615F0FCFCDFF82091EF6802463F
:105F78004F4540F0AF82DBF85000002800F0588110
:105F8800314604F025F8DBF80050EE684E4540F045
:105F98005D81DBF85000002800F0A082012238491A
:105FA80004F016F8DBF80050EA6A364EB24240F0C8
:105FB8005881DBF8580020B111F06AFD0022CBF8B7
:105FC8005820DBF85020002A00F02B820BF1180033
:105FD80005F0ACF9DBF80450013DCBF80450002D76
:105FE8003BD1DBF80020D26AB24240F0A282DBF853
:105FF800580018B111F04CFDCBF85850DBF8502080
:10600800002A00F008820BF1180005F08FF9DBF880
:1060180000201D4952688A4240F0A782144ADBF8E2
:106028005800CBF8002020B111F032FD0022CBF847
:106038005820DBF850200BF11805002A00F089825F
:10604800284605F073F9039B2846CBF8083005F07D
:106058006DF95C2158460AF07DFF20460AF082F966
:1060680021B0BDE8F08F00BF1C1800202497012044
:1060780058190020B419002034190020D107000055
:10608800840A0020E5070000F90E00002D0D00002D
:106098004EF674690CACA24906A80AF0F7F8B144A8
:1060A800A04909A80AF0F2F806F0C6F809AB06AA52
:1060B800CDE9000131462046FFF7FEF82146484663
:1060C8000AF0DCF920460AF04DF909A80AF04AF965
:1060D80006A80AF047F90023D5F8742EC5F8803EC3
:1060E800002A00F0A48144F202238F49204605F0DB
:1060F80037FA1E9B002B00F031815C204FF0000A1C
:106108000AF026FF0D9A0DF140088346C260183048
:106118000E9A414640F814AC40F8082C9DF83C20F3
:1061280000F8042C814A40F8182C814A40F8102CB9
:1061380005F0BAF8DBF804207E4B40460132CBF874
:1061480058A00393CBF804207B4A0C93CBF8082083
:1061580005F0ECF8DBF80020DFF8F8A1126B5245E7
:1061680040F05481DBF85020002A00F0AD817349DB
:1061780009A80AF08BF809A920460AF0A5F84946AB
:1061880020460AF019FA0068002800F0CC8108F0CF
:106198000BFE20460AF0E6F809A80AF0E3F8684979
:1061A80020460AF073F80C99002900F0BE81DBF84C
:1061B800002008460491D368DFF89C91059315F0F8
:1061C800CFFB059B024604994B4540F0B581DBF8AF
:1061D8005000002800F09F8103F0FAFE20460AF0E4
:1061E800C1F8DBF80020D3684B4540F0AB81DBF801
:1061F8005000002800F083810122524903F0E8FE94
:10620800DBF80020D5F8801E126B01315245C5F825
:10621800801E00F0E6805846904700287FF496AE2E
:10622800D5F8742ED946002A7FF447AE464A44E68C
:10623800DBF8540000283FF4B7AE314602F0F8FA14
:10624800DBF80050EE684E453FF4A3AE01223D490D
:106258005846B047DBF800503C4EEA6AB2423FF479
:10626800A8AE58469047B5E6DDF87CB0BBF1000F04
:106278007FF42DAE039B40460C9305F057F8B9F117
:10628800000F3FF4EDAED9F80420013AC9F8042014
:10629800002A7FF4E5AED9F800202C49D26A8A4258
:1062A80040F06681D9F8580020B111F0F1FB0022C6
:1062B800C9F85820D9F85020002A00F0508109F177
:1062C800180005F033F8D9F80020214952688A42AD
:1062D80040F05781154AD9F85800C9F8002020B174
:1062E80011F0D6FB0022C9F85820D9F8502009F13E
:1062F8001805002A00F03F81284605F017F8039B8F
:106308002846C9F8083005F011F848465C210AF01B
:1063180021FEBBF1000F7FF40DAE21B0BDE8F08F78
:10632800AC130020B4130020249701205819002032
:10633800B41900201C18002034190020DC13002098
:1063480060120020840A0020A8930020E5070000BE
:10635800F90E0000D10700002D0D0000DDF87CB01B
:10636800BBF1000F7FF4C9AE0DF14008904B4046D9
:1063780003930C9304F0DAFF8E4906A809F086FF10
:1063880006A909A809F0A0FF494609A80AF014F9C6
:1063980081468949204609F079FF214648460AF096
:1063A8000BF90068002800F0C28008F01BFD2046A9
:1063B80009F0D8FF09A809F0D5FF06A809F0D2FF0F
:1063C800D5F8802E0132C5F8802EBBF1000F3FF4BE
:1063D80027AFDBF80020DFF8F8A1126B52457FF4F5
:1063E8001AAFDBF85020002A7FF4B0ADDBF8542058
:1063F800002A3FF415AF31463A462046FEF7EEFD37
:106408000C9E002E7FF4ABAD6C4EA8E55846904725
:106418000028B1D0ABE6DBF85420002A7FF4F3ADB6
:10642800F5E5DBF85420002A7FF4D0ADD2E5634AC5
:1064380059E6DBF85420002A7FF488ADDBF80440E5
:10644800013CCBF80440002C7FF40AAEDBF80020B6
:106458005B49D26A8A4272D1DBF8580018B111F050
:1064680017FBCBF85840DBF85020002A00F090804A
:106478000BF1180004F05AFFDBF80020514952686C
:106488008A4240F09080504ADBF85800CBF8002050
:1064980020B111F0FDFA0022CBF85820DBF850208B
:1064A8000BF11804002A79D0204604F03FFF039B23
:1064B8002046CBF8083004F039FF5C21584621B05B
:1064C800BDE8F04F0AF046BDDBF85420002A7FF4FF
:1064D8004EAE51E731465846B84754E5DBF854000C
:1064E80000283FF461AD0122384902F0A1F9DBF838
:1064F800005059E55846904700289FD026E5DBF81C
:10650800540000283FF47EAE0122304902F090F991
:10651800DBF8002076E6DBF8540000283FF45EAE96
:1065280002F086F95AE6254831E624493FE6234831
:106538003BE7584690476AE5584698474EE658461E
:10654800904799E70122214958469847DBF80020EF
:1065580058E6DBF85420002A7FF472AD73E5D9F8C9
:106568005420002A7FF4ABAEADE65846904774E558
:1065780048469047A7E6D9F85420002A7FF4BCAED5
:10658800BDE648469047BBF1000F3FF4C6AED1E4E4
:10659800DBF85420002A7FF46BAF6DE7DBF854205A
:1065A800002A81D183E7584621B0BDE8F04F104753
:1065B8001C180020F4100020BC130020A893002011
:1065C800E5070000F90E000058190020840A002091
:1065D800D1070000000000002DE9F04100F56045FA
:1065E800B0B095F8943E002B00F0C680002300F56B
:1065F8008048044642F66446A5F8943E0CAF98F8E5
:10660800AF3C002B40F0C280064400223146384699
:1066180000F0B6FC05F010FED5F8843E002203F524
:106628009673834272EB0101C0F2D18004F55046A3
:10663800D6F8003703EB83034DF204729DF830104F
:1066480004EB8303995405F0F7FDD6F80027D5F835
:10665800843E4DF208719FED823B9DED0E6B9DEDE2
:10666800127B9DED104B36EE036BC01A37EE037BA1
:1066780002EB820324EE034B04EB830326EE036B49
:1066880058504DF20C7127EE037BBCEEC66BBCEE86
:10669800C44B9FED752B9DED145B16EE100ABCEEF6
:1066A800C77B25EE025B58524DF20E7114EE100AAC
:1066B80058524DF2107117EE100A9DED2A2BBCEEC0
:1066C800C55B58524DF21271B5EEC02B15EE100A8B
:1066D800F1EE10FA58524DF21471199858524FEAC7
:1066E800820108D49FED627BB4EEC72BF1EE10FA5D
:1066F80060DDFF2000E000209DF8B93011449DF8CE
:10670800BAC001325B0004EB8101B2F5967F43EA1F
:106718008C039DF8B8C043EA0C039DF8BBC043EA5C
:10672800CC039DF8BCC043EA0C139DF8BDC043EAF6
:106738004C139DF8BEC043EA8C139DF8BFC043EAD2
:10674800CC134DF2167C01F80C004DF217700B5467
:10675800C6F800274BD004F5005393F8B13B002B43
:1067680040D142F6A800002301220621204408F067
:1067780033FCD5F8843E13B130B0BDE8F08105F0A4
:106788005BFDC5F8840E30B0BDE8F08126443C4876
:1067980008F00AFB3846314600F09AFF0C980028AA
:1067A8005AD008F001FB384609F0DCFD002388F8D0
:1067B800AF3C2AE782EE076B9FED2F7B26EE077B27
:1067C800FCEEC77BCDED017A9DF8040094E704F553
:1067D800504605F031FDD6F80037C01A0138C5F823
:1067E800840E27E739462046FFF746FBB9E705F050
:1067F80023FD4DF20472D6F80037014622442046A4
:10680800FEF7FAFA1F4906A809F040FD0A22D6F851
:10681800001703A809F0E2FD03A906A809F0CCFEB9
:10682800194909F0D1FE014609A809F04DFD09985A
:10683800A0B108F0B9FA09A809F094FD03A809F075
:1068480091FD06A809F08EFD0023C6F8003705F073
:10685800F3FCC5F8840E7EE70C48A2E70B48E8E78E
:1068680000000000000059400000000000004940FE
:1068780000000000008076400000000000E06F404B
:10688800CC0F0020E80F0020F40F0020A893002070
:106898000AF098BA90F81CC04160BCF1020FC260BF
:1068A80001D18368184708F0FBBD00BFF0B4046845
:1068B80040F201251E462561A3B121B311F8015B01
:1068C800013B6566256FAF0707D41546013E676F24
:1068D8001AB105F8017B2A4604686569ED07F1D508
:1068E800002BEAD16EB10368196F8907FAD41146F3
:1068F800013E5B6F002AF5D001F8013B0A46002EE5
:10690800F1D1F0BC704790F83C50D9E7324B33498D
:1069180030B5D3E911542079C8771A6C95F804C0BA
:1069280081F81CC0087752B1B2F5004F23D32C4927
:1069380011442A4A1964D07682F81BC030BD196800
:106948000F24D86C8C6540F20134CA610C614FF495
:106958007C544C6103210468246883F83D10214B62
:106968009C4226D1037F4260022BC26026D18368F5
:10697800BDE8304018472D68E98B090422D492B24B
:10698800EA832168EC8BA4B2EC82CC8B240405D575
:10699800CC8BC2F3080204F47E442243CA83CA8B18
:1069A80092B2CA8200210D4A1964D07682F81BC0BF
:1069B80030BD23461146BDE830401847BDE8304099
:1069C80008F06EBDE98BC2F3080E92B201F47E4165
:1069D80041EA0E01E983D4E73095002000800E409B
:1069E8000180FFFF7546000043682DE9F04FD3E9A9
:1069F8000041814D4FF0B80A22684FF0020822EAA0
:106A080001027E492260AA6911407D4A0A43AA61AF
:106A180090F810E07B4A03EB0E0603EB8E0E317CF8
:106A280002EB01118968C1F800A090F811C003EBCE
:106A38000C050CF10A0C95F8241002EB0111896879
:106A4800C1F800A0817C03EB010903EB810199F8EF
:106A580038B002EB0B1BDBF808B0CBF800A0D4F879
:106A680000A05F684AEA070AC4F800A0347CDEF890
:106A780014E002EB04146468C4F800E095F82440BC
:106A880053F82CC002EB04146468C4F800C0C96B46
:106A980099F8384002EB0412526811609A6C99F820
:106AA800441011601A6A317F5B6B116095F83020D1
:106AB8001A600F220368C3F810809A65C27C002A06
:106AC80031D072B6C37CDC0708D54FF0E0214469A9
:106AD800D1F8802122408262C1F88021990708D527
:106AE8004FF0E0218469D1F884212240C262C1F8C4
:106AF80084215A0708D54FF0E021C469D1F88821CC
:106B080022400263C1F888211F0708D54FF0E02111
:106B1800046AD1F88C2122404263C1F88C21DE0638
:106B280055D462B60368384C8268A24259D0324ABA
:106B3800846092693549C2F30116C2F38262344D0A
:106B480051F826100132B1FBF2F2AA4231D80022E4
:106B5800C260002403211C610724596201211A64C0
:106B68001C661961C37C13B3DD0704D5816A4FF035
:106B7800E022C2F800119C0704D5C16A4FF0E02258
:106B8800C2F80411590704D5016B4FF0E022C2F88E
:106B980008111A0704D5416B4FF0E022C2F80C1116
:106BA800DB0604D5826B4FF0E023C3F81021BDE863
:106BB800F08F1849A1FB0251090DB2FBF1F2A24274
:106BC80088BF0131B1F5817F0DD3134AC0E74FF07B
:106BD800E022416AD2F890310B408363C2F89031C9
:106BE8009FE7C268B5E70229B1D902394C082202E9
:106BF80042EA04420A43ABE700C00F40CFFFFFE37D
:106C080010000008BC8A002000093D00D01A0020AE
:106C1800FF083D0083DE1B43FF7F7F000BB1FFF7BA
:106C280045BE70474368D3E900120968114200D194
:106C3800704710B502680446002005211061227CC7
:106C48001344187C0AF086F8627C636805211344B3
:106C580093F824000AF07EF86368A27C05211344A7
:106C6800BDE8104093F838000AF074B8F8B51C462F
:106C78000F4600210646013C15460AF02FF84FFA48
:106C880084FCBCF1000F16DB0CF101030D4CF81865
:106C9800E91810F8013D22685366D36D13F4F81F04
:106CA800FBD00CF1FF3C536F4FFA8CFC01F8013D0F
:106CB800BCF1FF3FEDD130460121BDE8F8400AF0B4
:106CC8000DB800BF3095002070B50E46094904463E
:106CD800154609F0DBFA41F2140000212044C4E90A
:106CE800036509F0D3FA002104F5815009F0CEFAC2
:106CF800204670BD780B002010B504460021007CAA
:106D080009F0ECFF04F5815009F02CFB41F2140066
:106D1800204409F027FB204609F024FB204610BD3B
:106D280010B504460121007C0AF014F8207C0021EB
:106D3800BDE8104009F0D2BF0B4641F2140110B56E
:106D48000446194409F0C0FA204610BD00000000AE
:106D580010B52DED108B91ED16BA86B091ED18AAED
:106D68000C46B1EE4BBA91ED13CAB7EECAAA91ED33
:106D7800148A91ED159AB7EECCCAB7EECBBA91ED5D
:106D880017EA2AEE0ADB2BEE0BFBB7EEC88AB7EE42
:106D9800C99AB7EECEEA3FEE0D0BB5EE400BF1EE19
:106DA80010FA00F19880B1EEC01BB0EE4E0B0FF058
:106DB8009BFBB0EE4A1BB0EE40ABB0EE4B0B0FF0B6
:106DC80093FBB0EE40BBB0EE4A0B0FF08DFD8DED9E
:106DD800040BB0EE4A0B0FF0D3FD8DED020BB0EEB5
:106DE8004B0B0FF081FD8DED000BB0EE4B0B0FF050
:106DF800C7FD28EE001B9DED006B9DED027B9DED10
:106E0800045B29EE064B21EE071B20EE499BACEEF6
:106E1800051BA8EE069BA4EE071BB1EE490B0FF06D
:106E280063FB9FED2F7B9FED306B20EE070B80EE11
:106E3800067BB5EEC07BF1EE10FA03D59FED2C6B07
:106E480037EE067BAEEE0EFB9FED255B9FED266BC6
:106E580084ED1E7B2AEE05AB2BEE05BB8AEE067B86
:106E68008BEE065B3DEE0FDBB5EE40DBF1EE10FA84
:106E780084ED1C7B84ED1A5B26D4B1EECD7BB7EE96
:106E8800005B9FED1D4B37EE447BB0EEC76B86EE83
:106E9800047B35EE477BB5EEC07BF1EE10FA0BD4E0
:106EA800B4EE457BF1EE10FA35FE077B84ED207BCE
:106EB80006B0BDEC108B10BD9FED117B84ED207BDF
:106EC80006B0BDEC108B10BDB0EE4D0B0FF0E0FB23
:106ED800B0EE407BD3E70FF0DBFBB0EE401B64E77E
:106EE8000000000000806640182D4454FB21094032
:106EF80000000000008076400000000000408F4045
:106F0800000000000000000030B5054685B00C46C2
:106F1800FAB9E16801A800230D2209F0CFF8E0686A
:106F28000322154903685B689847E0680122134902
:106F380003685B68984701A9284609F0E1F901A8A8
:106F480009F010FA284605B030BDE06803685B69AF
:106F58009847E06803681B6998470028F5D1E068FE
:106F68000322054903685B689847E06801220349E2
:106F780003685B689847CCE76C0B0020101600206C
:106F88002DE9F04F1446BDB08946902200210546F0
:106F980012F026FD224649466846FFF7B5FF029BD8
:106FA800002B00F0DE8006AE0DF1F00834462046D6
:106FB8000C34002109F06AF9A045F8D12C21684663
:106FC80009F0D6FA00222C21684609F03BFB421C46
:106FD800034600F0CD8003AC002200F1010A6946A7
:106FE80020460DF1240B09F051FB214630465F463F
:106FF80009F044FA204609F0B5F952462C216846B2
:1070080009F020FB0346B3F1FF3F5246694620468C
:1070180003F1010A00F0AC8009F038FB214638463C
:107028000C3709F02BFA204609F09CF952462C211E
:10703800684609F007FBB8450346E4D1012330460A
:1070480039AC2B7009F078FB6860584609F07AFB78
:10705800B7EEC00A0CA885ED020B09F073FBB7EE7A
:10706800C00A0FA885ED040B09F06CFBB7EEC00A47
:1070780012A885ED060B09F065FBB7EEC00A15A846
:1070880085ED080B09F05EFBB7EEC00A18A885ED80
:107098000A0B09F051FB286380461BA809F04CFB3A
:1070A800686307461EA809F04DFBB7EEC00A21A881
:1070B80085ED0E0B09F046FBB7EEC00A24A885ED56
:1070C800100B09F039FBA86427A809F03BFB2AA894
:1070D80085ED130A09F036FB2DA885ED140A09F091
:1070E80031FB30A885ED150A09F02CFB33A885ED96
:1070F800160A09F027FB36A885ED170A09F022FBC6
:10710800204685ED180A09F017FB686648462946A7
:10711800FFF71EFEC7F38003C8F3800885F889309F
:10712800C7F3C00385F8888085F88A30C7F3001351
:1071380085F88B30C7F3801385F88C30C7F3C013FC
:1071480085F88D30C7F30023C7F3402785F88E30C4
:1071580085F88F70204609F005F9A642A4F10C04C1
:10716800F8D1684609F0FEF828463DB0BDE8F08F32
:1071780000222C21684609F065FA421C034600F0FB
:107188008A8003AC002200F10108694620460DF10F
:10719800240B09F07BFA214630460DF1C00A09F0AC
:1071A8006DF9204609F0DEF842462C21684609F0C0
:1071B80049FA5F460346B3F1FF3F42466946204617
:1071C80003F1010867D009F061FA214638460C3707
:1071D80009F054F9204609F0C5F842462C216846C2
:1071E80009F030FABA450346E5D10123304639ACF7
:1071F8002B7009F0A1FA6860584609F0A3FAB7EEB7
:10720800C00A0CA885ED020B09F09CFAB7EEC00A7B
:107218000FA885ED040B09F095FAB7EEC00A12A87D
:1072280085ED060B09F08EFAB7EEC00A15A885EDB4
:10723800080B09F087FAB7EEC00A18A885ED0A0B03
:1072480009F07AFA286380461BA809F075FA686382
:1072580007461EA809F076FAB7EEC00A21A885ED00
:107268000E0B09F06FFAB7EEC00A24A885ED100BD3
:1072780009F062FAA86427A809F064FA2AA885ED3B
:10728800130A09F05FFA2DA885ED140A09F05AFAD5
:1072980085ED150A3AE72C210022684609F0D2F953
:1072A800411C034600F0988003AC002200F101085D
:1072B800694620460DF1240B09F0E8F921463046CD
:1072C8000DF1E40A09F0DAF8204609F04BF84246D5
:1072D8002C21684609F0B6F95F460346581C424619
:1072E80003F1010878D06946204609F0CFF9214614
:1072F80038460C3709F0C2F8204609F033F8424600
:107308002C21684609F09EF9BA450346E6D10123C7
:10731800304639AC2B7009F00FFA6860584609F00E
:1073280011FAB7EEC00A0CA885ED020B09F00AFAAB
:10733800B7EEC00A0FA885ED040B09F003FAB7EE03
:10734800C00A12A885ED060B09F0FCF9B7EEC00AD1
:1073580015A885ED080B09F0F5F9B7EEC00A18A8CD
:1073680085ED0A0B09F0E8F9286380461BA809F0A7
:10737800E3F9686307461EA809F0E4F9B7EEC00A06
:1073880021A885ED0E0B09F0DDF9B7EEC00A24A897
:1073980085ED100B09F0D0F9A86427A809F0D2F9F7
:1073A8002AA885ED130A09F0CDF92DA885ED140A50
:1073B80009F0C8F930A885ED150A09F0C3F933A812
:1073C80085ED160A09F0BEF936A885ED170A09F009
:1073D800B9F985ED180A99E639ACBBE62DE9F04311
:1073E800064691B00D4601E05B699847E868036876
:1073F8001B6998470446E8680368002CF4D15B6869
:10740800032245499847E868012244490368444FE4
:107418005B689847E868DFF818810368DFF814911B
:10742800DB6898472146304608F030FF00230D22DC
:10743800E96801A808F042FE01A809F051F9039B88
:1074480033B3394604A808F021FF04A901A809F0BC
:10745800C9F868B104A808F085FF01A9404608F0FA
:10746800ABFC404608F0DAFC01A808F07BFFDDE73A
:10747800494607A808F00AFF07A901A809F0B2F8C9
:1074880080B107A808F06EFF04A808F06BFFE4E7D6
:1074980001A808F067FF304609F022F9304611B01C
:1074A800BDE8F0831F490AA808F0F0FE0AA901A860
:1074B80009F098F848B10AA808F054FF07A808F09E
:1074C80051FF04A808F04EFFC7E717490DA808F0B8
:1074D800DDFE0DA901A809F085F804460DA808F0FD
:1074E80041FF0AA808F03EFF07A808F03BFF04A8E0
:1074F80008F038FF002CB0D1B3683BB901A9304679
:1075080009F024F801A808F02DFF8FE70749304655
:1075180009F020F8F2E700BF400B00201016002009
:10752800440B0020500B00205C0B0020680B00204F
:10753800809500204C0B0020F0B50446C06887B049
:10754800002203684DF67C5102264A4FDB699847B2
:107558004FF49673E0684FF4006204F114018360FD
:1075680008F072FA4FF4006204F61401E06808F0BB
:1075780085FA0121207C09F0EDFB0021207C09F02F
:10758800ADFB642009F02CFB0121207C09F0A6FB4F
:107598004FF47A7009F024FB00230D22E168684655
:1075A80008F08CFD394603A808F070FE03A9684668
:1075B80009F05AF8054603A808F0D4FE01356846D4
:1075C8004ED108F0CFFE012E04D047E0E0680368F2
:1075D8005B699847E06803681B6998470028F5D1FC
:1075E8004FF47A7004F5815509F0FAFA214603A898
:1075F800FFF7F4FE03A9284608F040FF03A808F0A7
:10760800B1FE04F580539B6A7BB9214603A8FFF7B6
:10761800E5FE03A9284608F031FF03A808F0A2FEFA
:1076280003E0E06803685B699847E06803681B69E2
:1076380098470028F5D1E06803220F4903685B6882
:107648009847E06801220D4903685B689847E0683D
:107658000368DB6807B0BDE8F040184701269BE7E0
:1076680041F214006946204408F000FF684608F01B
:1076780079FEAFE7700B00206C0B0020101600207D
:10768800F8B516680C460546CF68D6B1304614F0F2
:1076980067F93B680246314638465B689847E068B8
:1076A8000122094903685B689847E0680368DB685A
:1076B8009847284600230D22E16808F0FFFC284679
:1076C800F8BD024EE2E700BF10160020A893002084
:1076D80030B5054685B00C4603E0E06803685B6991
:1076E8009847E06803681B6998470028F5D10D4959
:1076F80001A808F0CBFD01AA21462846FFF7C0FFE4
:1077080001A808F02FFEE0680322074903685B68B8
:107718009847E0680122054903685B68984728464E
:1077280005B030BD3C0B00206C0B0020101600206B
:1077380070B500F1240384B08C46044601AD1646AA
:1077480093E8070085E807004FEA4C122946206AAB
:1077580001F068FB012806D132462946206A01F06B
:1077680045FB04B070BD002004B070BD10B50446E0
:1077780000F0BAFD002384F8313084F8333010BDAE
:1077880038B514460D46002200F12401006A01F0C4
:107798002DFB034620B1428901202A801B892380C2
:1077A80038BD00BF38B514460D46002200F124014B
:1077B800006A01F01BFB034620B1C28901202A8020
:1077C8009B89238038BD00BF38B50D4690F831102D
:1077D80009B1002038BD3822044612F001F901230E
:1077E80040222562184684F8333084F8312038BDA9
:1077F800F0B40D460978202903D115F8014F202C43
:10780800FBD0156095602C782F2C11D084B16E1C9C
:107818003C2C1D4F35462AD8212C12D804F1FF3CA8
:10782800BCF11E0F16D80020F0BC704715F8014FA8
:10783800202CFBD02F2CF9D01D601146F0BC01F094
:10784800C3B9A4F1220C5FFA8CFC27FA0CFC1CF0DB
:10785800010FE8D12E2C01D0202C0DD116F8014BA8
:10786800002CE5D02F2CE3D03C2C3546D4D95C2C09
:10787800D9D003D97C2CD6D09660EFE73E3C012CBA
:10788800FAD80020F0BC7047012100052DE9F04F1F
:1078980090F8333083B00546DC0774D558060F4698
:1078A800904640F1B080D5E90023D5E9041018EBE3
:1078B800020443F10003A14270EB0303C0F0A98066
:1078C800B8F1000F5BD0464605F11809D5E900323A
:1078D800D5F820A0DAF838441C40C4F3080B002C73
:1078E80070D1134370D195F831305A064CBFDAF88D
:1078F8003424EA69AA619AF84504023ADAF82C14A1
:10790800630A824001EB54211144BBF1000F45D1B9
:10791800B6F5007F42D3DAF81C2291423ED0B6F584
:10792800806F58D34FF0010B0BFA00FBABEB030B46
:10793800730A9B4528BF9B4691424FEA4B240AD8BD
:1079480001EB0B039A4206D20AF50470019103F089
:107958001BFE0199B8B1DAF814025B460268D2F846
:1079680014A03A46D04770B123462744D5E90012FF
:107978005B1842F10002361BC5E90032A8D1404627
:1079880003B0BDE8F08F95F832304FF0FF3043F088
:10799800020385F8323003B0BDE8F08FCBF50074F0
:1079A80000220AF50470B44228BF344603F018FEDA
:1079B8000028E8D000EB0B012246384609F02EFAE1
:1079C8002346D2E7AA6996E795F833305B060ED5C9
:1079D800AA6901328EE7DAF814023A4603681B698D
:1079E80098470028CFD04FF400731C46BDE74A469D
:1079F8005046A96901F058FA0028C4DB0CD0D5F824
:107A080020A0AA6977E795F8313019077FF558AFB4
:107A180049E7A1EB020853E795F8313013F0500F0E
:107A2800B1D0A8EB06084046AAE700BFF0B583B07E
:107A38000122044685690DF10701D0E90067FFF7C7
:107A480025FF0128A5610CBF9DF807004FF0FF3006
:107A5800C4E9006703B0F0BD2DE9F04F1F4690F868
:107A6800313083B00446D0F81880002B51D0164628
:107A7800D0E9001CBC4508BF91425CD056EA070219
:107A88004DD01D0704D5D0E90402B042BA4140D315
:107A980094F83320751ED4F820A0019247F1FF30E6
:107AA8009AF845240932D2B2C2F1200ED540A2F18B
:107AB800200900FA0EFB20FA09F045EA0B050543F8
:107AC8000198400633D4481E20FA02F24CF1FF30E8
:107AD80051EA0C0C00FA0EFE20FA09F042EA0E02F6
:107AE80042EA000201D0954229D25B064CBFDAF87F
:107AF8003434E369A36104F1180906E0A169013D82
:107B0800206A01F0D1F9002803DD4A46002DF5D19D
:107B180007E00020C4F8188003B0BDE8F08F002308
:107B280083610120C4E9006703B0BDE8F08FE36911
:107B38002B44A361F5E7012003B0BDE8F08FAD1A2F
:107B4800D9E700BF2DE9F04F174690F831208FB0E4
:107B58000546002A40F0D7808B4691F8311011F085
:107B6800500F00F0D08003F003019A46032900F07B
:107B7800CA80013103F0080041EA00030293002F94
:107B880000F0CB80396901F10E08B649A1FB08184D
:107B9800DBE900104FEAD808014308F102085FFA50
:107BA80088F805D000200021CBF81820CBE9000187
:107BB8000024029B264643F040030393202206A993
:107BC8005846FFF763FE00B3202840F09C809DF9DB
:107BD80018209DF81830002AC0F2A28034B9DBF8CA
:107BE8000020A2F12009DBF818200192444501D2B7
:107BF8000134E4B2002B00F01381202206A9584674
:107C08000026FFF743FE0028DED11AF4007F7AD061
:107C1800029B9B0777D5002F75D0444517D2DDF816
:107C280004A0202206A95846FFF730FE631C00284E
:107C380061D0202867D12CB9DBF80020DBF818A028
:107C4800A2F12009DCB2A045EBD8CDF804A0382277
:107C5800002128469BF8334011F0C2FEDBF82030A3
:107C6800C4F38014019A2B620823002685F82C405F
:107C780085F831303B68C5E909297B60BE81B8F1D8
:107C8800000F33D008F1FF39B346DFF8DCA15FFA03
:107C980089F9012259462846FFF74AFD044690B360
:107CA80090F90020002A2EDB2022002111F098FEF6
:107CB800002E00F0BC80BBF1010F00F0D780C1237B
:107CC800A3461E3404F81E3CBB8938461BB9D7E9C5
:107CD80001239A4205D003F0C1FC2BF8020FA345FB
:107CE800F2D101365FFA86FBD845D2D8284600F093
:107CF800FBFA06460DE05846DBF8186000F024FB56
:107D0800002840F0918000231E4685F8313085F820
:107D1800333030460FB0BDE8F08F4FF0030847E727
:107D280056BB444538BF0024852B7FF447AF314606
:107D380038222846012611F053FE9DF81C209DF894
:107D4800193085F8303002F03703D20658BF43F0B7
:107D5800080385F83130DBF80030DBF82020203BC1
:107D68002A62DBF81820C5E909239BF83330C3F3EE
:107D7800801385F82C3021E7C02B28D0C12B7FF445
:107D88003CAF3A4606A9284600F092FEE8B1BB8906
:107D9800DBB9D7E901329A4217D11AF4006FB2D190
:107DA8001AF4884F70D195F8333098076CD41AF4C8
:107DB800806FA8D11AF4804FABD02846D5E90423A8
:107DC800FFF74AFE0028A4D19DE70646F6E6029B87
:107DD80085F833309DF819309B0702D5039B85F849
:107DE80033300B9BEB61DDE90823C5E90423DDE9AA
:107DF8000C23C5E90223002FCFD04FF000033A69C6
:107E0800BB813B687B609DF81B309A427FF4F5AEDE
:107E1800BE8ABDF81C30F61AB6FA86F67609CDE6A3
:107E2800002F7FF4F2AE6EE7CBF818600BE78523DE
:107E3800237085F8309084F80190DAF80030002B30
:107E480046D00DF113020DF1160105A89847BDF8AB
:107E580014306381BDF8163023819DF813302375E3
:107E68003FE700BF898888888CBD0120C02384F83B
:107E780001B02370029B63F07F0385F833303B69C0
:107E8800E370BB8AA3802CE795F83130D9063FF51B
:107E98003AAF13F001017FF436AF1AF4806F89D03E
:107EA80095F8332092077FF52EAF002B3FF42BAFC8
:107EB800D5E90032134304D000220023A961C5E9A3
:107EC8000023284600F042FC00283FF41CAF20E7BE
:107ED80045F621436381E381638202E72DE9F0439C
:107EE800002597B0994690F8313001921495ADF875
:107EF8001450002B3ED191F831300F4613F0500F3B
:107F080038D01378044616462F2B37D04FF0000888
:107F180001AB02AA31462046FFF76AFC50B3019E26
:107F28003378002B3ED0002302AA39462046FFF7BB
:107F380009FEF8B1A44608AD04F13007DCF80000EA
:107F48000CF1100C5CF80C1CAE465CF8082C1035D3
:107F58005CF8043CBC45AEE80F00EFD1DCF800004B
:107F680008AF2860204600F0BFF984F8318084F813
:107F78003380CDE7002017B0BDE8F08316F8011F65
:107F88002F29FBD00196B1B9382220463D6A11F05D
:107F980027FD012340222562184684F8333084F8EF
:107FA8003120E8E74B4602AA39462046FFF7CAFDCA
:107FB80017B0BDE8F0833822002108A83D6A11F007
:107FC8000FFD012308AF10958DF8533040238DF82D
:107FD80051309BE719B101F58961FFF77FBF08466A
:107FE800704700BF90F8313063B991F8313013F021
:107FF800500F07D00B6813F01F0C03D113466246CD
:10800800FFF7A0BD002070478169F8B50446006AF3
:1080180001B10131012200F00DFE0128054632D9D7
:1080280001230146206A1A4600F064FE064650B352
:10803800A3695BB394F83320510612D5591CA942A1
:1080480018D022F04002E16984F8332005E0206A64
:1080580000F04CFF3946B0B1A3694F1C99423A462B
:10806800F5D34FF0FF322946206A00F03FFF50B1A8
:10807800A16911B93046A561F8BD2A46206A00F009
:1080880035FF0028F6D100263046F8BD94F8333085
:1080980043F0400384F83330ECE700BF90F8333006
:1080A8009A0736D5C16970B50546A1B9002421469D
:1080B80007E0037803F07F03037095F830308B42B4
:1080C80029D3013401222846FFF732FBE1B2002808
:1080D800EFD1002070BD5B06006A34D590F84534B6
:1080E800D5E902240933013ADBB244F1FF34C3F184
:1080F800200CDA40203B04FA0CFC24FA03F342EA91
:108108000C021A430023013200F0F4FD0028CDD1FF
:10811800DFE70020704700232C6A85F831302046BD
:1081280085F8333003F030FA0028D2D004F5047013
:1081380003F02AFA0028CCD0D4F840040368BDE83C
:1081480070401B6A184700F0F1FE0028AED1C0E766
:1081580090F83130DB0601D40020704710B50022BA
:1081680088B000230446FFF777FC08E020281BD1DD
:108178009DF900309DF80020002B15DB32B120223C
:1081880069462046FFF782FB0028EFD194F8333088
:108198000822204643F0020384F8312084F8333063
:1081A800FFF77CFF08B010BD002008B010BD00BF6D
:1081B8002DE9F0414FF0000882B04A4F0646444688
:1081C800414600223046FFF7B3FA054630B1017840
:1081D800C02969D0C1292BD0852909D096F8323019
:1081E800002043F0010386F8323002B0BDE8F08188
:1081F80096F8313003F0370383803B6883B10DF183
:1082080003020DF1060101A89847BDF80630AB81BD
:108218002B82BDF80430EB816B829DF803306B75BF
:10822800326A92F8103243F0010382F8103229784A
:10823800A1F185000022B0FA80F0400901E0042293
:10824800A95CE303012A02F1010243EA540311FA8B
:1082580083F39CB201D10028F1D11F2AF0D908F18B
:10826800010896F830305FFA88F18B42A9D20122D2
:1082780006F12401306A00F0B9FD0028AED0356A55
:108288004480284603F080F90028A7D005F504703B
:1082980003F07AF90028A1D0D5F8400403681B6AD6
:1082A80098470028A1D199E796F8333013F0400F8A
:1082B800437814BF43F0020303F0FD034370D6E98B
:1082C8000401D6E90732C5E90201D6E902016B616A
:1082D800C5E9060192F8103243F0010382F8103222
:1082E8002978A5E78CBD012038B590F8313043B323
:1082F80090F93320044690F83330002A0CDB056AE5
:10830800284603F041F978B994F83230002043F058
:10831800010384F8323038BD03F07F0380F833302E
:10832800BDE83840FFF744BF05F5047003F02CF9A9
:108338000028E9D0D5F8400403681B6A984700284C
:10834800E2D0012038BD00BF70B590F83130054645
:108358005A064CD480682B6AD3F83C341844B0F1E0
:10836800806F01D3002070BD2846FFF74DFE00281E
:10837800F8D0286A0024AE6990F84534023E9E4041
:10838800D0F82C341E443119052200F5047001344C
:1083980003F026F94FF4007200210028E2D011F012
:1083A8001FFB286A012390F8452493409C42EAD396
:1083B80095F831305B0615D495F8332062F07F02CA
:1083C800D5E9023185F83320D0F83C249B1841F1D7
:1083D8000000AB60D5E90431E8609B1841F1000169
:1083E800C5E904312846BDE87040FFF77DBF006A43
:1083F80000F0A2FEAFE700BF70B5044690F8310068
:108408009CB0002310F0180F0C931A9303D0206A25
:108418000B6A984202D000201CB070BD40F60123C0
:108428006846FFF75BFD0028F5D0A44604F1300646
:108438000EADDCF800000CF1100C5CF80C1CAE461C
:108448005CF8082C10355CF8043CB445AEE80F0025
:10845800EFD1DCF8000009AA04F1240328609DF894
:10846800305007CA83E8070094F83330204684F870
:10847800305063F07F0384F83330FFF735FF00286E
:10848800C9D00021022208230EA815918DF86B206F
:108498008DF86930FFF702FEBEE700BF38B591F8E6
:1084A800313013F0500F02D10025284638BD40F670
:1084B80002230446FFF746FB0028F5D01023204688
:1084C80084F83130FFF740FF05460028ECD0A16959
:1084D800002200232046E161FFF7BEFAC12294F88A
:1084E800313084F83320002BDFD04123204684F834
:1084F8003330BDE83840FFF75BBE00BFF0B500255C
:1085080097B01F4690F831300192ADF81450149589
:10851800002B46D191F831300E4613F0500F40D061
:108528001378044611462F2B3ED001AB02AA2046F1
:10853800FFF75EF9002834D0019B1B78002B41D04F
:10854800002302AA31462046FFF7FCFA30B947B3A8
:1085580002AA31462046FFF7A1FF10B3A44608AD92
:1085680004F13006DCF800000CF1100C5CF80C1C6F
:10857800AE465CF8082C10355CF8043CB445AEE80F
:108588000F00EFD1DCF8000008AE28602046FFF7A6
:10859800EDF8019901AB02AA2046FFF729F9002856
:1085A800CAD1002017B0F0BD013101910B782F2BF3
:1085B800FAD0316A08A8FFF707F90028F1D0019925
:1085C80008AEB2E702AA31462046FFF767FF17B0A8
:1085D800F0BD00BF2DE9F04F0E4690F8311083B082
:1085E80009079DF830B09DF834909DF838809DF8C3
:1085F8003C7040F18580A2F2BC7294B27F2C7FD887
:108608005A1E0B2A7CD80BF1FF321E2A78D8B8F1F3
:108618003B0F98BFB9F1170F8CBF4FF0010A4FF00D
:10862800000A3B2F88BF4AF0010ABAF1000F67D150
:1086380005460193FFF758FE002861D0019B51467B
:108648004BEA431B7B0817F001074BEA4424D34647
:1086580043EA481818BF6427A4B248EAC92806F0B4
:1086680001091FFA88F800222846FFF761F8002858
:1086780046D090F800C0BCF1850F45D00CF14003FE
:10868800DBB2012B3CD8ACF185010023B1FA81F1B2
:10869800490902E0042310F803C04FEACB32012B4A
:1086A80003F1010342EA5B021CFA82F21FFA82FB21
:1086B80001D10029EED11F2BEDD90AF1010A95F855
:1086C80030305FFA8AF18B42CDD2012205F12401C4
:1086D800286A00F08BFB98B12C6AA0F802B02046FB
:1086E80002F052FF60B104F5047002F04DFF38B19A
:1086F800D4F8400403681B6A03B0BDE8F04F18477C
:10870800002003B0BDE8F08F95F831302A6A03F0F5
:108718003703838092F8103243F0010382F8103255
:10872800B9F1000F02D0A0F810804482B20703D537
:108738000775A0F808804481730703D54775A0F82A
:108748000C80C48190F800C09DE700BF90F83330DA
:108758009A0762D570B5C56982B00446A5B313F00F
:10876800400634D0006AA26890F845C4013AE1682E
:108778000CF1090C41F1FF315FFA8CFCCCF1200EB1
:1087880022FA0CF2ACF1200C01FA0EFE21FA0CFCD4
:10879800A16942EA0E0242EA0C02013219B3013D14
:1087A8006D1A01312A44019172BB63F07F032046A0
:1087B80094ED007B84F8333084ED027B84ED047BF8
:1087C800FFF792FD02B070BD012002B070BD816953
:1087D80061B90195C1612946206A00F0A7FBC8B1BB
:1087E80094F83330E1E70195E161DDE701AA006A19
:1087F800019600F059FB00280CDB10D1019D002DDB
:10880800E9D194F83330D0E70023019900F072FAE7
:108818000028E5D1002002B070BD002070474FF05D
:10882800FF32A169206A00F061FB0028E6D1F1E778
:108838002DE9F04390F8333083B004469D0740F1AA
:10884800A18091461A070E4600F19580B9F1000FF4
:1088580000F0288123684D46206AA169D0F83824A1
:1088680002EA0308C8F30807B8F1000F40F0948043
:10887800002900F0D48094F833305B0640F1EC8096
:1088880090F845C4D4E902320CF1090C013B5FFAB7
:108898008CFC42F1FF32CCF1200E23FA0CF3ACF140
:1088A800200C02FA0EFE22FA0CFCE26943EA0E03DF
:1088B80043EA0C031344994280F0D5800131A16149
:1088C80090F845240239D0F82C3491401944B5F574
:1088D800007FC0F08A80B5F5806FC0F0A6800123C4
:1088E80093406A0AA3EB0803934228BF1346D0F8C3
:1088F8001C228A424FEA432809D35F18BA4206D29B
:10890800002280F810224FF0FF32C0F81C22D0F865
:10891800140232460768BF6AB84798B343464644CC
:10892800A5EB0805D4E90072D4E90401DB1942F18A
:10893800000298429141C4E9003207D294F83310FA
:1089480061F07F01C4E9043284F83310002D83D12B
:10895800D4E9020198429141C0F09680534B1B68BC
:10896800002B00F09D8094F83330484663F07F0375
:1089780084F833300DE0D0E90423FFF76DF80028C0
:108988007FF464AF94F83230002043F0010384F898
:10899800323003B0BDE8F08390F8452402394FEA3D
:1089A8005828D0F82C34914041441944002F8ED0D7
:1089B800C7F50078012200F50470A84528BFA8462D
:1089C80002F00EFE0028DDD03844474442463146C6
:1089D80008F024FAB7F5007F206A9FD100F50470EB
:1089E80002F0D2FD002899D1CCE762686369009251
:1089F8000193226923689342DDE900239A4112D248
:108A0800012200F5047002F0EBFD0028BAD02A46D6
:108A180031463844A84608F001FA2B467FE7E16959
:108A280049B3A1614CE70522EBE7D0F81C328B4231
:108A380006D1002380F810324FF0FF33C0F81C3203
:108A4800D0F81402324603685B6A9847002899D028
:108A58004FF40073984662E704F1180200F024FA14
:108A680000288FDB04D12046FFF7CEFA002889D0F2
:108A7800A169206A24E72046FFF7C6FA002881D0BA
:108A8800A169206AE1611BE794F833104846C4E9FC
:108A9800023261F07F0384F8333003B0BDE8F0831D
:108AA800484676E7D4E9003252E700BF8CBD012082
:108AB8002DE9F0410C46154601F11E08AB89284600
:108AC80034F8027F1BB9D5E901239A420ED002F08F
:108AD800C5FD02F087FE0646384602F083FE864250
:108AE80009D14445EAD10120BDE8F081B7FA87F001
:108AF8004009BDE8F0810020BDE8F0812DE9F04F84
:108B080090F8313083B08846002B4FD090F8303041
:108B18000746012B53D9013A0B464FF0020A0024AD
:108B28008E18DFF8A0B00022514638460193FEF7B0
:108B3800FFFD00283AD00278C12A37D1054600F156
:108B48001E09019B35F8020F24B300F5105292B2AA
:108B5800B2F5806F2AD20BEA8424C0F309002043BF
:108B680000F580301946324602F09EFD0346E8B112
:108B780000244D45E6D10AF1010A97F830205FFA42
:108B88008AFA5245CFD2A3EB08009846002388F80A
:108B980000300FE000F5205292B2B2F5006F02D318
:108BA8000028DFD1EFE7B2F5806F06D3002318461F
:108BB80088F8003003B0BDE8F08F0446D9E70020FC
:108BC800E4E700BF00FC0F0070B50C4600234FF629
:108BD800FF75226819461E46A3812361626017E06B
:108BE80002F03CFDA84222D002F0FCFD2369F2030A
:108BF800A189013342EA5602060A236152FA80F03B
:108C080083B2C0F34E0040EAC33016FA80F086B251
:108C180020460029E4D1D4E901239A42E0D1206911
:108C2800A6820138FE288CBF0020012070BD0020DC
:108C380070BD00BF2DE9F84F07468A4691460029C6
:108C480042D0A1F10208D7F83034434542D908F0A0
:108C580007030125C8F3C80B9D40EDB246464446BC
:108C6800D7F82C140022384601EB143102F0B8FC76
:108C7800E8B10BF1FF3B834400F2FF101BF8011F22
:108C88000AE04A452BD0A04510D0D7F83054A54269
:108C980014D913F0FF050CD0013429424FEA4503DB
:108CA800A4EB0602EDD0A0452646EED10120BDE892
:108CB800F88F58454FF00105E0D101E00026344611
:108CC80001254FF0000BCBE7D0F82084D7F83034DB
:108CD8004345BCD84FF000080125C346BEE7BAF1AA
:108CE800000F04D1B9F1010F08BFC7F82064B01C08
:108CF800BDE8F88F2DE9F8438046881E15461E46C4
:108D08008318D8F83024934237D8CEBBD8F820340B
:108D1800834288BFC8F8200400F007030124D8F86C
:108D28002C74C0F3C8099C4007EB1031E4B201224F
:108D380040468F1802F054FCF8B109F1FF3E864412
:108D480000F2FF101EF801CF1CEA040F8CEA040C95
:108D58004FEA440414BF01220022B2420DD0013D63
:108D68008EF800C018D014F0FF04EDD17045A1466C
:108D78004FF00104E6D13946D9E70020BDE8F88371
:108D8800D8F820148B42C7D98142C5D3934228BF53
:108D98000023C8F82034BFE70120BDE8F88300BFEE
:108DA800F8B5D0F8303401338B4201D20020F8BD39
:108DB80007460C4600F50476002505E0D7F8303460
:108DC80001350133A342F1D3D7F8241400223046E9
:108DD80001EBD41102F004FCA4000028E6D0C4F38F
:108DE80008040459631CE9D1681CF8BD38B50C4661
:108DF8000B6890F845C400F50470D0F82812023BBF
:108E0800656803FA0CF3294003EB5123D0F81C12D0
:108E1800194402F0E5FB18B16368C3F3080318446A
:108E280038BD00BF2DE9F8430C46D0F838344968FE
:108E38000B4011446160134490F8451401F1090294
:108E4800D2B2D3402BB380465D1E00F5047905E00D
:108E58002368013D03F1010323601AD3267A002E0B
:108E6800F6D1D8F8303432462768484601339F4255
:108E780012D8D8F8241401EBD71102F0B1FBBF00C7
:108E880050B1C7F30807C3595A1C09D0013D2360E4
:108E9800E4D20120BDE8F8834FF0FF30BDE8F88345
:108EA8003046BDE8F88300BF38B5D0F83034013318
:108EB8008B4202D24FF0FF3038BD0C46D0F8241454
:108EC800154600F50470002201EBD41102F088FB6E
:108ED8000028EFD0A400C4F3080403595A1C02D098
:108EE80001202B6038BD002038BD00BF01291BD9E7
:108EF80038B5D0F830340C4601338B4201D200200B
:108F080038BDD0F82414154600F50470012201EB91
:108F1800D41102F065FB03460028F0D0A40001201C
:108F2800C4F308041D5138BD00207047D0F8303410
:108F38000133994201D9002070472DE9F04F0546C9
:108F480083B00C4600F504790F464FF00008D5F8B9
:108F58002414002248464FEAD41B01EBD41102F036
:108F68003FFB90B1A300C3F30803C2580193531CFD
:108F780016BF16464FF0000A4FF0010A012C04D91B
:108F8800D5F830240132944203D9002003B0BDE85B
:108F9800F08FD5F8241401224846594402F020FBEA
:108FA8000028F2D0019B40F80380BAF1000F12D0DC
:108FB8000134B44208D00023E21B39462846FFF7A3
:108FC80099FE0028E1D03746D5F830340133B34252
:108FD800DBD33446BBE7621C534639462846D21BCE
:108FE80003B0BDE8F04FFFF785BE00BF2DE9F84399
:108FF80000250646D0F82C1400F504782C460022EB
:1090080040464F1C02F0ECFAA8B100F1FF3E04F50F
:109018008059D6F8300405E079B90834844209D279
:109028004C4516D01EF8011FFF29F5D10834083524
:109038008442F5D3401BBDE8F88308220123194276
:109048004FEA430C18BF0135013A5FFA8CF3F6D1A9
:10905800E3E73946D3E700BFF8B500234FF0FF3602
:1090680000F504771546C0F84014044641601A46D6
:10907800C0F81412194680F844340370C66080F8AA
:109088001032C0F81C62384602F0AAFA042D0DD836
:10909800064658B1BDB16B1E00EB031393F8BE2111
:1090A80012F07F0202D193F8C2310BB90020F8BD4B
:1090B80000EB05163846D6F8B651294602F090FA64
:1090C80006460028F2D005221A49F01C10F040FD8F
:1090D8000028EBD196F86C30092BE7D1336D0146A7
:1090E8002B44C4F82434736DC4F82834B36D2B446E
:1090F8000125C4F82C34F36DC4F83034336EC4F849
:10910800343496F86D20C4F82004204602F109038F
:1091180084F8452405FA03F35A1EC4F83C34C4F80D
:1091280038242A46FFF786FD4023284684F844342D
:10913800F8BD00BF200B002010B50446D0F8341449
:10914800FFF72EFE94F845340933DBB2984010BD82
:1091580070B590F9023082B00446002B0DDBA5688B
:1091680005F1280002F010FA00283BD163780020AE
:1091780043F00103637002B070BD80680122A169E9
:10918800283002F02DFA0028F0D0A58805F00F0548
:109198006B0100EB4515C35CE52BE7D023781B0773
:1091A80001D5E369EB61236A15491A0C6B830E68D4
:1091B800AA8266B10DF103020DF1060101A8B047BC
:1091C800BDF80430BDF806202B836B82EA82A378B1
:1091D800A56803F07F0305F12800A37002F0D4F915
:1091E8000028C3D005F50E7002F0CEF90028BDD0D6
:1091F800286803681B6A98470028B7D0BBE700BFF8
:109208008CBD0120024638B552F8105F04468068CC
:10921800294601F037FE50B155B123690135AB42FB
:10922800A37818BF03F0BF0363F07F03A37038BDB2
:10923800A37843F04003F7E7F8B5047814F0200466
:1092480004D11A4B054642699A4202D30027384690
:10925800F8BDFFF7D7FF07460028F7D0A8682E69A2
:109268008279023E416996400E440179A9B12146AE
:1092780006E010F0B5FBA868E1B202798A420BD982
:10928800314405222830013402F0AAF94FF4007263
:1092980000210028EDD1D9E782794FF4007369697C
:1092A8003846934011FA83F36B61F8BD00FE1F0046
:1092B80010B5044680680A462830A16902F090F982
:1092C80020B1A38803F00F0300EB431010BD00BFCB
:1092D80010B5037804462BB1FFF73AFF002323703B
:1092E800A37010BD002301202370A37010BD00BF20
:1092F80038B5037805460C4613B1FFF729FFF0B1DE
:10930800A8680022A969283002F06AF9B8B1AA88C9
:1093180002F00F0200EB421352015D688058996811
:10932800DA6820606560A160E26018695D69996922
:10933800DA69206101206561A161E26138BD002020
:1093480038BD00BF30B589B00D4614466946FFF7F1
:10935800CFFF28B1BDF81020BDF80E302A80238039
:1093680009B030BD30B589B00D4614466946FFF7DF
:10937800BFFF28B1BDF81820BDF816302A80238019
:1093880009B030BD0B7813F0700F01D10020704781
:10939800F0B540F6022389B00D46044601F0F0F816
:1093A80038B1012210232046A2702370FFF744FF32
:1093B80010B9002009B0F0BD2269237822626BB190
:1093C800636933B1A378002223F02003C4E904229F
:1093D800A3702046FFF7BCFE0028EAD0A06801224F
:1093E800A169283002F0FCF80028E2D0B4F804C0E3
:1093F80010220CF00F0C4FEA4C1300EB4C1C8CF8AD
:109408000B20C058A768236A97F806E09E1EDCF870
:109418000410DCF80820DCF80C3006FA0EF6EE46EC
:10942800AEE80F00DCF81000DCF81410DCF81820A7
:10943800DCF81C30AEE80F007B6907F12800012238
:10944800F1184FF02033CDF80130CDF80530ADF8E4
:10945800093002F0C5F884460028AAD02E27EE4627
:109468008DF800707646BEE80F00CCF80000CCF806
:109478000410CCF80820CCF80C308DF80170BEE848
:109488000F00CCF81000CCF81410CCF81820CCF849
:109498001C302B6A1A0CADF81A30ADF814200FCE18
:1094A800CCF82000CCF82410CCF82820CCF82C30AC
:1094B8000FCECCF83000CCF83410CCF83820CCF8EB
:1094C8003C30A46804F1280002F05EF800283FF45C
:1094D80070AF04F50E7002F057F800283FF469AF3A
:1094E800206803681B6A09B0BDE8F040184700BF50
:1094F8002DE9F041002694B0984603780192ADF822
:1095080014600B96002B41D10B780D4613F0700FA9
:109518003CD01378044616462F2B3BD0002728E072
:10952800019E3678002E50D001F02AF8034602AA90
:10953800294620462BB9B8F1000F27D0FFF722FFA4
:1095480020B3A6460DF12C0CBEE80F00ACE80F00C6
:10955800BEE80F00ACE80F00DEF800502046237884
:10956800CCF800500BB1FFF7F3FD019E0BAD27704F
:10957800A770314601AB02AA204601F04DF9064614
:1095880002AA294600232046002EC9D1002014B083
:10959800BDE8F0810136019633782F2BFAD0AD68FB
:1095A800242200210BA810F01BFA0D95EB79102B43
:1095B80003D0202B0FD00C2BE8D120238DF82C3092
:1095C80001230BAD8DF82E30A8E702AAFFF7DAFECB
:1095D80014B0BDE8F0814023F0E700BF2DE9F04169
:1095E800002594B09846037801920295ADF838505A
:1095F800002B37D10B780E4613F0700F32D013784A
:10960800044615462F2B31D000271EE0019D2D78EA
:10961800002D40D000F0B4FFA6460DF1080C08B3A9
:1096280066462578BEE80F00ACE80F00BEE80F00DC
:10963800ACE80F00DEF800302046CCF800300DB161
:10964800FFF786FD019D2770A770294601AB0BAA7D
:10965800204601F0E1F805460BAA314600232046D2
:10966800002DD3D1002014B0BDE8F081013501955B
:1096780029782F29FAD0A9B9B5682422204610F0F4
:10968800AFF9A560EB79102B03D0202B22D00C2B3F
:10969800E8D120221FE043460BAA00F071FF14B066
:1096A800BDE8F081B6682422002102A810F098F9DC
:1096B8000496F379102B03D0202B03D00C2BD1D197
:1096C800202300E040238DF80830012302AE8DF8F6
:1096D8000A3099E74022012322701846A370C2E796
:1096E80019B101F58961FFF779BF0846704700BFD6
:1096F800CB6870B50D46044693B906780EB1184686
:1097080070BD8D682422314610F06AF9A560EB79A6
:10971800102B18D0202B10D00C2B14D0304670BD35
:109728002422002110F05CF901201023A07023707E
:10973800D5E90223A260236270BD40220123227072
:109748001846A37070BD2022F8E700BF70B50578F1
:109758000DB1002070BD0E4604462422294610F0A3
:109768003FF9A660F379102B0BD0202B03D00C2BDC
:1097780007D0284670BD4022012322701846A370E6
:1097880070BD2022F8E700BF2DE9F04F2DED028BC8
:10979800837883B00546DF0740F18C8088460178DE
:1097A80092460E0700F191808C0608D583685A8985
:1097B8004369C3EB42139BB29A4528BF9A46BAF154
:1097C800000F00F0AF806A6905F11003880656465D
:1097D8004FF0000908EE103AAF68C2F3080B3DD508
:1097E800396A01EB5221BBF1000F51D1B6F5007F68
:1097F8004ED37A6B91424BD0B6F5806FC0F0828021
:109808002878730A800605D43879A0EB09008342CA
:1098180028BF034691424FEA43240CD8C818824215
:1098280009D207F12800CDE9001301F0ADFEDDE90A
:10983800001300283ED0F86A026857694246B847C4
:10984800002837D06A69361BA04422446A6169D06F
:109858002978C2F3080BAF688806C1D497F8059039
:1098680009EA5229BBF1000F36D1B9F1000F33D103
:10987800002A33D14A064CBF3A6A2A6A2A61023A58
:10988800B8797969824049441144BBF1000FADD0E1
:10989800CBF50074002207F12800B44228BF3446F3
:1098A80001F09EFE30B100EB0B012246404607F066
:1098B800B5FAC7E76B784FF0FF3043F002036B70DF
:1098C80003B0BDEC028BBDE8F08FC36942699B1AF7
:1098D8009A4528BF9A4672E72A69D0E70B0705D54B
:1098E800AA78540602D52A690132C7E718EE102A69
:1098F8003846296901F014FB0028DBDB0CD0AF687F
:109908002A69BCE7F86A424603681B699847002839
:10991800D0D04FF4007495E72B7813F0700FC9D0AE
:10992800AAEB060A504603B0BDEC028BBDE8F08FE7
:1099380070B582B0012204460DF10701D0E9045642
:10994800FFF722FF01280CBF9DF807004FF0FF30FA
:10995800C4E9045602B070BD436913F4F07F30B512
:10996800044683B0C3F3431509D0012907D1203336
:109978004361A068383000EB451003B030BD0122C8
:109988000DF107012046FFF7FFFE40B2012803D181
:1099980063691F336361ECE70020EEE72DE9F041CE
:1099A80003789AB0002613F0180F0896119606D07F
:1099B800174683688A6804460D469A4203D00020F9
:1099C8001AB0BDE8F081FFF7C3FBA6460DF1440CC1
:1099D800BEE80F00ACE80F00BEE80F00ACE80F00CF
:1099E800DEF800303246A169CCF80030A36803F1F4
:1099F800280001F0F5FD0028E1D0A288EC4694F893
:109A0800008002F00F0200EB421E5201DEF8041043
:109A18008058DEF80C30DEF80820ACE80F00DEF8DD
:109A28001410DEF81820DEF81C30DEF81000ACE860
:109A38000F0018F008033A46294640F09B8008A812
:109A4800FFF756FD0028BAD0109EBDF82430002537
:109A58000E990122A3809DF82330A068E3700B9B28
:109A68002830A161E3608DF820508DF8225001F074
:109A7800B7FD0028A3D0A38803F00F0300EB431021
:109A8800DDF80D30C0F80D30DDF81130C0F81130B8
:109A9800DDF81530C0F81530DDF81930C0F8193088
:109AA800BDF81D30A0F81D309DF81F30C3779DF814
:109AB8000B30C372002E3BD0A068B31E2A468179B2
:109AC80028308B4050F8141C194401F089FD0546D4
:109AD80000283FF474AF006A6F46696AAA6AEB6AA5
:109AE8000FC7286B696BAA6BEB6B0FC73146A06871
:109AF80001F038FA00283FF462AFA068236A82793F
:109B08002830023B50F8141C93400122194401F0FC
:109B180067FD064600283FF452AF6D460FCD306210
:109B28007162B262F3620FCD30637163B263F36343
:109B380000210222082311A819918DF846208DF8DA
:109B4800443000F0D3FE00283FF439AFA46804F194
:109B5800280001F019FD00283FF431AF04F50E701C
:109B680001F012FD00283FF42AAF206803681B6A41
:109B7800984725E740F601236046FFF72FFD0028A8
:109B88007FF463AF1BE700BF0378DA0601D4002037
:109B98007047436930B5044683B033B183780022F7
:109BA80023F02003C0E90422837000230FE06361DF
:109BB800A3686A0138339A5C03EB4513EAB1E52AD6
:109BC80004D02E2A02D0DB7A1B0722D5636913F44E
:109BD800F07FC3F3431503F12003E8D101220DF10F
:109BE80007012046FFF7D0FD40B2012803D1636981
:109BF8001F336361DCE763785BB9A37808222046EA
:109C080043F002032270A37003B0BDE8304000F0B7
:109C18006DBE002003B030BD2DE9F0410378044645
:109C28000769002B39D00D464169A94242D0002D61
:109C380037D018072AD5E269AA422ED3D4F808C02B
:109C48006E1EA2789CF8060012F0400F00F1090081
:109C5800C0B226FA00F630D14A1EC24009B1964277
:109C68002FD25B064CBFDCF82030236A236104F155
:109C7800100806E02169013EA06801F051F90028AA
:109C88000BDD4246002EF5D1A2780CE09A06D5D518
:109C9800A3685B89B5EB431FF6D900202761BDE8AF
:109CA800F0818278056122F0200201206561A270AE
:109CB800BDE8F0810120BDE8F081236A33442361C7
:109CC800F1E7B61AD3E700BF2DE9F0410E46154675
:109CD80000212422044698469DF818700FF080FE53
:109CE800B068336A00F13802A58005F00F0502EB71
:109CF8004512C4E90203D17A0B0711D401F0170108
:109D08002170D37A13F0180F02D141F008012170A5
:109D180008F00303E770012B38D0022B06D0F3B10B
:109D2800002318462370A370BDE8F081032321782F
:109D3800CD06F5D4CE07F3D408F0080118F4806FE7
:109D480043EA0103A370416B958AA161518B41EAF3
:109D5800054112D019BB63F07F03A37010E018F41B
:109D6800806FDDD108F0080343F00103A370416B55
:109D7800938AA161518B41EA03412162D369E3616E
:109D880018F4804F04D10120BDE8F0810223CEE70A
:109D9800E1692046FFF740FF0028F4D1C0E701F051
:109DA800E1F80028BCD0A378D5E700BF0378002BE2
:109DB80045D12DE9F0470B7884B00C4613F0700FAD
:109DC80030D04B6913F01F052CD106469046A946A2
:109DD80001220DF10F012046C3F3431A5F09FFF773
:109DE800D3FC40B24FEA4A1201281BD16369A1682B
:109DF8001F3301F1380C63611CF802200CEB4A1C7C
:109E080082B12E2A12D0A2F1E500B0FA80F0400902
:109E180060B99CF80B1011F0080E12D00F2907D06A
:109E28000546D5E7002004B0BDE8F0870025CFE758
:109E38005106CDD502F01F059CF80D90C8E700200B
:109E4800704785B10CF10A0101E01CF8012F4FEAB7
:109E5800CE13614543EA5E0352FA83F35FFA83FE49
:109E6800F3D1CE45DED14346BAB2214630460095FD
:109E7800FFF72AFFD7E700BF03780BB1FFF768B9F0
:109E8800012070472DE9F0470E46017882B0090796
:109E98009DF828709DF82C909DF830A09DF834808E
:109EA80018D5A2F2BC7294B27F2C13D85A1E019313
:109EB8000B2A0FD87A1E1E2A0CD8BAF13B0F98BF6E
:109EC800B9F1170F06D8B8F13B0F03D80546FFF7CD
:109ED8003FF918B9002002B0BDE8F087A868012250
:109EE800A969283001F07CFB0028F3D0019B4FEAD8
:109EF8005802A98847EA4313F70701F00F0142EA1D
:109F08004A1243EA442300EB41109BB242EAC922B9
:109F180048BF4382B40792B208D518F001080382FB
:109F2800C28118BF4FF0640880F80D80710701D511
:109F38000383C282AC6804F1280001F025FB0028E5
:109F4800C8D004F50E7001F01FFB0028C2D02068AD
:109F580003681B6A02B0BDE8F047184783789B077F
:109F680027D5036A10B5044682B0ABB1016911BBAD
:109F7800019301621946A06800F0F4FFB0B1A3781C
:109F8800616963F07F032278E161A37022B1204602
:109F9800FFF7DEF802B010BD012002B010BD6FF06F
:109FA80070422169A06800F0CDFF68B9002002B0B6
:109FB80010BD00207047002301AA8068019300F0BB
:109FC800AFFF0028F2DBEAD1019B002BD7D0D1E705
:109FD8002DE9F047837805469C0777D58846190709
:109FE800914600F1B5806B6913EB09026ED2B9F1A5
:109FF800000F40D04F464FF0000AA868C3F3080688
:10A008002969447914EA53243FD1002E3DD100290F
:10A018006ED0AA78520676D5EA699A4273D9013188
:10A02800296102398279436991401944B7F5007F63
:10A0380053D3B7F5806F70D303797A0A1B1B934209
:10A0480028BF1346426B8A424FEA432407D35E185F
:10A05800B24204D24FF0FF3280F828A04263C06AAF
:10A0680042460668B66AB04780B36B693F1BA04496
:10A0780023446B61C1D1EA699A4276D2AA784846EC
:10A08800EB6162F07F03AB7025E0827902394369A6
:10A09800914019442144002EC8D0C6F5007401220D
:10A0A800BC4228BF3C46283001F09AFA70B13044CF
:10A0B80026442246414606F0B1FEB6F5007FA86860
:10A0C800D3D1283001F060FA0028CED16B78002077
:10A0D80043F001036B70BDE8F087C6F500746A6948
:10A0E800EB69BC4228BF3C469A4205D30522DAE711
:10A0F800296A21B3296194E7AB7813F0200F14BFC4
:10A1080005220122CFE705F1100200F009FF00281F
:10A11800DCDB24D0A868296983E7436B8B4204D130
:10A128004FF0FF3380F828A04363C06A42460368B3
:10A138005B6A98470028C9D04FF4007495E7284611
:10A14800FFF760F80028C1D02969A868296268E784
:10A15800C169FFF761FD00287FF445AFB6E72846DF
:10A16800FFF750F80028D5D1B0E7054B1B682BB195
:10A17800AB78484663F07F03AB70ACE74846AAE784
:10A188008CBD01202DE9F04F84468DB0144615682A
:10A1980098460646894603AF01934FF0000EBCE887
:10A1A8000F000FC7BCE80F000FC7DCF80030656070
:10A1B8003B604346A4F80CE0002B3FD04FF0010A67
:10A1C800A9EB0A0103A889B24901FFF725FD50B39D
:10A1D800002103A8FFF7C0FB074620B300250DE0C8
:10A1E80001F03CFA8046584601F0FCFA83464046A6
:10A1F80001F0F8FA834516D10D2D18D0EAB2394688
:10A208003046013500F0FAFBA38983462046002B2F
:10A21800E6D1D4E901329342E2D1BBFA8BF040098E
:10A228000DB0BDE8F08F00200DB0BDE8F08F0AF149
:10A23800010A019B5FFA8AFA5345C1D20120EFE770
:10A248002DE9F04F07468DB016469A460DF10C0CD5
:10A2580002F1150402F1200501914FF000090FCF1A
:10A26800ACE80F000FCFACE80F003B68CCF800302B
:10A278004FEAC91314F8012F43EA5903A54252FAC9
:10A2880083F35FFA83F9F3D133684FF00008736002
:10A29800A6F80C80BAF1000F4ED00127019B03A845
:10A2A800D91B89B24901FFF7B7FC002855D0002116
:10A2B80003A8FFF751FB00284FD0059A574500F136
:10A2C800010B4FF0010492F828304FF0000543F0DD
:10A2D800010382F828304FF00F030CBF47F040020B
:10A2E8003A46C3724FF00003027003734FF0000345
:10A2F80080F80D90438306E0ABF800000134013587
:10A308000BF1020BE4B2B08918B9D6E901239A42DD
:10A3180016D0304601F0A2F9042DEBB2ECD90A2B85
:10A3280002D8ABF80300E9E70D2CABF80500E5D13E
:10A338000137FFB2BA45B1D201200DB0BDE8F08FA8
:10A34800B8F1000F06D008F101084FF6FF705FFA68
:10A3580088F8E1E74FF00108DEE700200DB0BDE81E
:10A36800F08F00BF02464FF0203152F8163B2DE91E
:10A37800F043C0F81610864684685160C2F807108A
:10A388001A782E2A14BF0120002003D113F8012FB8
:10A398002E2AFBD0611E99420BD90A4602E093424D
:10A3A800114606D01146013A91F800C0BCF12E0FB3
:10A3B800F5D19C424FF0000540F286800726082719
:10A3C800A946A84606E001330A264FF008091027D7
:10A3D8009C425BD91A782E2A08BF9942F3D0222AC8
:10A3E8000DD07C2A0BD0A2F15B0CBCF1020F06D970
:10A3F800A2F12A0CBCF1050F21D82D2A1FD002F09A
:10A40800C002802A5DD04E452FD299422CBF002031
:10A4180001200A2E08BF40F00100002847D09EF80E
:10A428001630202B40D09EF8143001207E21312296
:10A4380073448EF815009975DA75BDE8F083A2F1BA
:10A448003A0CBCF1050FDAD9A2F1210CBCF15D0F71
:10A45800D5D84E45D9D3A2F1610CBCF1190F28D833
:10A46800203A3D43D2B2EDB201E000205F2209F16B
:10A47800010CF144013389F816205FFA8CF2062AA0
:10A48800914698BF8EF814209C42A3D89EF81630A7
:10A49800202B09D00028C6D018EA050F18BF0225BE
:10A4A8008EF81550BDE8F0830020BDE8F0830B4618
:10A4B8008EE7A2F1410CBCF1190F98BF47EA0808D2
:10A4C800D5E70133002083E7A846DFE72DE9F84FF9
:10A4D8004FF0620900250F460446DFF8A0B04FF0A0
:10A4E8007E0A91F8148001F11606B8F1030FDBF823
:10A4F800003028BF4FF003082B449DB208F1040335
:10A50800DBB205F00F02581E2D09092A02F13701A6
:10A5180098BF02F13001FA18C3B291759845F0D18D
:10A5280007EB08030021204683F816A0FFF774FB09
:10A5380001212046FFF710FA03460B2230469BB153
:10A5480093F800C01946BCF1000F13D0DB7A1B0743
:10A55800EED40FF099F90028EAD109F1FF3919F082
:10A56800FF09C2D1484603E06078B0FA80F040099C
:10A57800BDE8F88F0120BDE8F88F00BF14C30120A3
:10A588002DE9F04F2DED028B8BB0CDE902038B68DE
:10A5980007930B7813F0700F53D0029B1B78002B96
:10A5A8004FD1136990469A4A0E460C33A2FB0323F7
:10A5B800C3F3870298F815309807049200F0A78033
:10A5C800571CFFB20023304619461C460693FFF776
:10A5D80023FB08F11603A346A146A24608EE103A4B
:10A5E8000594756900213046FFF7B6F9C5F34F1594
:10A5F800034620B30278E52A29D042B3BC4238BFCB
:10A6080000242E2A2BD090F80BC0BCF10F0F54D089
:10A618001CF0080C23D1B9F1000F40F0D5800B22B3
:10A6280018EE101A0FF030F90028DAD198F8153022
:10A6380013F0010300F0E48001230593D1E7737858
:10A6480083B100200BB0BDEC028BBDE8F08F002C6D
:10A6580008BFAA46BC4201D20134E4B212B14FF09D
:10A668000009BEE7039B9A05EBD503F00303013B02
:10A67800012BE6D8002C08BFAA46BC4203D348E009
:10A68800DCB2A74245D000213046FFF765F9631CCC
:10A698000028F5D17378002BD3D1A74239D9079D6B
:10A6A80005E02B7904EB0314E4B2A74231D9304614
:10A6B800FEF7C2FD0028F4D1C3E7B9F1000F19D1A4
:10A6C80002F01F0B049959458BD112F0400988D02C
:10A6D800437B89460693BBF1010F82D1691C4B4627
:10A6E8004246304689B2FFF74DFD002808BF4FF0BB
:10A6F800000976E70BF1FF3B5FFA8BFB5A45AED1B9
:10A70800437B069A9342E6D04FF0000969E7012798
:10A7180058E7059B2BB141463046FFF7D7FE002886
:10A728008FD0013F42463046FBB20AEB03051F4675
:10A73800ADB22946FFF784FD002882D06901304672
:10A74800FFF76AFA00283FF47CAF00213046FFF794
:10A7580003F9044600283FF474AF202200210FF0CB
:10A768003FF9D8F81620D8F81A302260636098F8B4
:10A778002030B8F81E20A372228198F8153003F013
:10A7880018032373234B1B68002B3BD00DF12302C6
:10A798000DF1260109A89847BDF824302382BDF899
:10A7A8002630E3819DF823306373079A92F82830A6
:10A7B80043F0010382F82830039B2A463146029869
:10A7C8000097FFF781FA3DE7BBF1010F7FF439AF3E
:10A7D8000A3001E013F8012F4FEACC11984241EA00
:10A7E8005C0152FA81F25FFA82FCF3D1069B634561
:10A7F8007FF427AF4F46039B19053FF522AFDBE7F0
:10A808001F46F8E745F62143238223836382CCE77A
:10A818004FECC44E8CBD01202DE9F0411F460B784A
:10A8280082B00C46202B154603D114F8013F202B8B
:10A83800FBD02C60237863B32F2B2AD04FF000086D
:10A84800294E211D204601AA00F080FF044670B160
:10A85800019BB3F5803F40D27F2B08F1010831D826
:10A868003C2BD9B229D8212905D81F2909D800207D
:10A8780002B0BDE8F0812239C9B226FA01F1CA074F
:10A88800F5D42E2B01D0202B1CD123780BB12F2BE4
:10A89800D7D12B69013BFE2BE9D82378202B03D194
:10A8A80014F8013F202BFBD02F2BF9D028463C6011
:10A8B80002B0BDE8F041FFF755BD5C29D7D005D9F6
:10A8C8007C29D4D0C5F81080AC60DEE73E39012978
:10A8D800F8D8002002B0BDE8F08108F10208AC60A9
:10A8E800C5F81080D1E700BF01210005F0B50023AD
:10A8F8008BB0019383789A0724D5016A054619B16C
:10A90800806800F02FFBE8B101212846FEF7D0FC53
:10A91800C0B1421E00F10A0C0024E30112F8011F25
:10A9280043EA5403944551FA83F3DCB2F5D1E526A2
:10A9380000230670AF682B7007F12800AB7000F099
:10A9480023FE10B900200BB0F0BD07F50E7000F023
:10A958001BFE0028F6D0386803681B6A9847002851
:10A96800F0D0EB78002BEED0294601A8FEF7C0FE08
:10A978000028E7D0EB78002BE4D0012721E001A8DC
:10A98800FEF7EAFF7B1CF9B20028DBD0C27A0F2A57
:10A99800D8D102785FFA83FC9FB202F01F038B4282
:10A9A800D0D1437BA342CDD10670A96891F8283055
:10A9B80043F0010381F8283053060DD4EB78634542
:10A9C800C0D3A98801A8C91B89B24901FFF724F996
:10A9D80000210028D3D1B5E7AC6804F1280000F0C5
:10A9E800D3FD0028AED004F50E7000F0CDFD002890
:10A9F800A8D0206803681B6A9847A4E7042A04D8EB
:10AA080001EB4202B2F8010070470A2A03D801EBB1
:10AA18004202908870470C2A03D801EB4201C8888B
:10AA280070470020704700BFF8B504780E467CB127
:10AA380014F06004174607D0012A09D92F220023F1
:10AA480001200A704B70F8BD2146FEF731FC18B999
:10AA5800002318463370F8BD0346A446082111E0C8
:10AA6800027B114203D00EF1200E5FFA8EFE651CA8
:10AA7800BD42EDD20CF1010C06F804E0ECB2BCF1D9
:10AA88000C0F10D0BCF1080F11D013F801EBAEF188
:10AA98004102192AE4D9BEF1200FE8D10CF1010CCA
:10AAA800BCF10C0FEED1002320463355F8BD1A78BF
:10AAB800202AF8D010214FF02E0ED8E72DE9F04FBC
:10AAC80000248BB0037889460194002B55D0C378B5
:10AAD8000646002B58D0014601A89046FEF708FE0E
:10AAE80000284AD0F078002843D008F1FF38CB4638
:10AAF8004FF0010AC844B18801A8A1EB0A0189B244
:10AB08004901FFF789F8C0B3002101A8FEF724FF27
:10AB180098B3C37A0F2B30D103785FFA8AF103F028
:10AB28001F038B4229D1471C0025042DEBB23FD8C7
:10AB38003B8874BB03F5205189B2B1F5006F3ED351
:10AB4800A3B118465946424600F0AEFD8346A0B16F
:10AB58000024013502370D2DE7D10AF1010AF178F9
:10AB68005FFA8AF31FFA8AFA9942C4D2ABEB09005A
:10AB7800D946002389F8003003E00023184689F8F5
:10AB880000300BB0BDE8F08FFFF74EFF0BB0BDE80B
:10AB9800F08F03F5105189B2B1F5806FEDD20A4AF2
:10ABA800C3F3090302EA8420184300F58030C9E79B
:10ABB8000A2B94BFB7F80330B7F80530B9E7B1F5F9
:10ABC800806FDAD21C46C4E700FC0F00FFF776BF9F
:10ABD8002DE9F843DDE90887C3B181460C461546DF
:10ABE8005E1802E0C047B44210D0D9F800302146C0
:10ABF8002A4648461B69984703463A46204629464E
:10AC08000134002BEED11846BDE8F883012318461D
:10AC1800BDE8F88310B41468B4F5807FA44628BF53
:10AC28004FF4807C01EB4C00814207D231F8023BA3
:10AC380013B95368013353608842F7D8A4EB0C0466
:10AC480014605DF8044B704710B41468802CA44657
:10AC580028BF4FF0800C01EB8C00814207D251F8DD
:10AC6800043B13B95368013353608842F7D8A4EB07
:10AC78000C0414605DF8044B704700BF2DE9F843DD
:10AC8800C37904460D461746202B59D0102B30D0D7
:10AC98000C2B51D1027AC1F34E01836900F50E796C
:10ACA80011FA85F1A2F1020248468EB2B2FA82F296
:10ACB800C1F34621520901EB03085200414600F056
:10ACC8008FFC002838D0C6F30806731C865DB3F5E0
:10ACD800007F23D018440378EA07E26946EA032391
:10ACE8004CBF1B09C3F30B039A4240D20020BDE8B6
:10ACF800F883027AC1F30721836900F50E70A2F187
:10AD080002021944B2FA82F25209520000F068FCB9
:10AD180090B16D0005F4FF75435B25E0227A08F1D8
:10AD280001014846A2F10202B2FA82F25209520027
:10AD380000F056FC0028CED14FF0FF30BDE8F88374
:10AD4800027A816900F50E70A2F1020201EBD511B9
:10AD5800B2FA82F25209520000F042FC0028EBD00D
:10AD6800AD0005F4FE754359E2699A42BED301204D
:10AD78003B60BDE8F88300BF2DE9F843C379054679
:10AD88000C461646202B48D0102B2DD00C2B41D129
:10AD9800C1F34E01836900F50E7911FA84F11FFAA7
:10ADA80081F8C1F34621CF18037A4846022B394669
:10ADB80014BF0122032200F013FC58B314F001045D
:10ADC800C8F308033FD0C25C02F00F0242EA061241
:10ADD800C2540133B3F5007F3AD0C6F307120344D7
:10ADE80001201A70BDE8F883027AC1F3072183694C
:10ADF80000F50E70022A194414BF0122032200F044
:10AE0800EFFB034630B16400012004F4FF741E53C5
:10AE1800BDE8F8830020BDE8F883037A816900F56E
:10AE28000E70022B01EBD41114BF0122032200F093
:10AE3800D7FB03460028EDD0A400012004F4FE74DB
:10AE48001E51BDE8F883C6540133B3F5007F15D110
:10AE58002B7A791C4846022B14BF0122032200F0EA
:10AE6800BFFB03460028D5D0C6F30712002CB7D184
:10AE7800197821F00F0141EA1212B1E7C6F307125F
:10AE88000344F5E72DE9F041C46882B005460E4653
:10AE98008C42904640D301270134EB6901AA284629
:10AEA800A34205D29FBBEC6801273C44A3422ED3A2
:10AEB800A64218BF012C214629D9FFF7DFFE00283A
:10AEC80025DBE9D0019B002BE6D107B1EC60EB69EB
:10AED800A3421CD36FF0704221462846FFF74CFF6F
:10AEE8000746A0B13EB96B6A002B01DB013B6B62E0
:10AEF800C8F800400CE0012E09D0EB699E4206D844
:10AF0800314622462846FFF737FF0028EBD10027B5
:10AF1800384602B0BDE8F0810C460027BCE700BF08
:10AF280001290CD910B4C4698C4203D35DF8044BD1
:10AF3800FFF7A4BE4FF0FF305DF8044B70474FF0A9
:10AF4800FF30704701290BD910B4C4698C4203D370
:10AF58005DF8044BFFF710BF00205DF8044B704705
:10AF68000020704770B5054682B00C461DE0EB69BD
:10AF78009C421FD8FFF782FE064621460022002E7B
:10AF8800284617DBEB699C4214D8FFF7F5FE621ED2
:10AF980080B16B6A002B03F10103A8BF6B62EB68F9
:10AFA800A342019C88BFEA602EB1012C214601AA68
:10AFB8002846DCD8002002B070BD00BF2DE9F0475C
:10AFC8000646406A84B000281BDAF2790C2A1BD1A5
:10AFD800F7697B1C022B40F2CD8002240025214614
:10AFE80002AA3046FFF74AFE002804F1010306DBF7
:10AFF80057D1A7421C465CD0F2699342EFD94FF073
:10B00800FF3004B0BDE8F087F169002096F83832C7
:10B0180001313469DB07CDE9021000F18580002198
:10B028004FF0FF33202A06F5127786F83812C6F853
:10B03800443242D0D6F800804F4BD8F80020D6F8DA
:10B0480018A095699D4278D1002C00F082800AEB07
:10B058000409136951463A46404698470028CED01D
:10B068000299B1F5807F8E4628BF4FF4807E07EBAA
:10B078004E0CBC450BD9039D3B46002233F8024BCE
:10B088000CB9013502469C45F8D802B103950AF17E
:10B09800010AA1EB0E01D14502915AD0D8F800203F
:10B0A800D7E7029A002AA4D1A74205F101051C4658
:10B0B800A2D1284604B0BDE8F087D6F800A02E4BF0
:10B0C800DAF80020D6F8189095699D4246D1002CF0
:10B0D8003FD009EB0408136949463A465046984759
:10B0E80000288CD0DDF808C0BCF1800FE64628BFE8
:10B0F8004FF0800E07EB8E02BA420BD9039D3B46F8
:10B10800002153F8044B0CB9013501469A42F8D88E
:10B1180001B1039509F10109ACEB0E03C84502938F
:10B1280017D0DAF80020D6E706F50E7000F02CFAF2
:10B1380000283FF464AFF27971E7234602AC3A463F
:10B148005146019440460D4C0094A84700283FF40E
:10B1580056AF0398706204B0BDE8F087234602AC8E
:10B168003A46494601945046054C0094A8470028A1
:10B17800EFD144E7002044E7B1890000F5890000D9
:10B18800298A000070B500230446154601204FF0B7
:10B19800FF3204F128062160E371E060E162C4F83F
:10B1A8003C1284F8283084F838326263C4F84422A8
:10B1B800CDB1042D01D9002070BD1A46194630467C
:10B1C80000F00EFA6FF0704300F5DF722B441D019A
:10B1D80002EB03130028EED019790029EBD0525D59
:10B1E8005206E8D19D6800222946304600F0F8F959
:10B1F8000028E0D0B0F80B30B3F5007FDBD1037C3A
:10B208005A1E2372012AD6D8417B4B1E012921716F
:10B2180063714FF00003A37144D00122520001333F
:10B22800D2B2DBB2914204D0082BF7D10020A3712F
:10B2380070BD1E46A371C18A216109B9416A2161A5
:10B24800C289B0F811302A4463815B01A26190F889
:10B2580010C003F2FF1301FB0C2202EB53232262FE
:10B26800B0F81320636102B9026AED1AAB18F34013
:10B278005A1CE2614FF0FF32626240F6F472934268
:10B288000CD94FF6F47293420AD9C26A202322627B
:10B298000120E3712163C4F8401270BD0C23F7E765
:10B2A8001023F5E71E46C6E7F8B500268F6B0D4656
:10B2B8000446C0E90E669FB10146242000F0DCF880
:10B2C800068086708446AD6BA0630FCDACE80F0096
:10B2D8000FCDACE80F002B68CCF800302046F8BD45
:10B2E800CB6B002BFAD00146382000F0C5F880F867
:10B2F800317047860246EB6BE06303F130071E6846
:10B30800103353F80C5C103253F8080C53F8041C33
:10B31800BB4242F8106C42F80C5C42F8080C42F848
:10B32800041CECD11B6820461360F8BD10B5044618
:10B33800806B10B1FDF7CCFF30B9E06B10B1FCF7B2
:10B3480015FA20B9002010BD0023A36310BD002307
:10B35800E36310BD002952D02DE9F0410446806B0B
:10B368000D4617461E4610B1FDF7B2FFA0BBE06BB5
:10B3780010B1FCF7FBF9B8BBD5F88084B8F1000F21
:10B3880011D02146242000F077F8334600263A46AB
:10B3980006808670A063D5F88014FEF7A1F958BB23
:10B3A800A063BDE8F081D5F8843493B121463820F4
:10B3B80000F062F8334680F831803A46A0F83280CF
:10B3C800E063D5F88414FCF705FEA8B9E063BDE88E
:10B3D800F0810020BDE8F0810023D5F88084A363C4
:10B3E800B8F1000FCDD1DEE70023D5F88084E36300
:10B3F800B8F1000FC5D1D6E70120BDE8F0810020E3
:10B40800704700BFF8B50446806B0D46174610B16B
:10B41800FDF75EFF38BBE06B10B1FCF7A7F938BB4E
:10B42800AE6B76B12146242000F026F800213A467A
:10B4380001808170A063A96BFEF7B8FC88B9A0638E
:10B44800F8BDE86B0028FBD02146382000F014F83E
:10B458003A4680F831604686E063E96BFCF7C2FD46
:10B4680020B10120F8BD0023A363D9E7E063F8BD4C
:10B478000023E363D4E700BF084670472DE9F04195
:10B48800002604469846C0F88814C0F8806401462F
:10B498004FF490601746FFF7EFFF424680F8446488
:10B4A800054680F87964A0F87A64C4F88404D4F86E
:10B4B8008814FDF7D1FDA0BB0026214640F26C4060
:10B4C800C4F88464FFF7D8FF0223C6714246A0F887
:10B4D8004864054680F84A640372C4F88004D4F8C6
:10B4E8008814FFF74FFE38B900231A4A184613602C
:10B4F800C4F88034BDE8F08105F589663046FDF76B
:10B50800E7FE29463046FEF721F90028ECD0124B19
:10B518001A68AAB91D600F4BAFB101201C60BDE8C5
:10B52800F08105F589663046FCF720F92946304652
:10B53800FCF74AF90028BFD0084B1A68002AE9D05E
:10B54800044B002FE9D11A68002AE6D00120BDE893
:10B55800F08100BFC8BD0120CCBD012094BD0120F1
:10B5680070B500254FF47A76044645600573866009
:10B57800C0E91255034D40F8105BFFF7EBFE20467B
:10B5880070BD00BF3419002030B5037883B0DC07E4
:10B598001DD50446406804F110020368E168019271
:10B5A8005B6A9847019A0546A8B12378990708D598
:10B5B8006068D4E90231194403685B6A984750B15E
:10B5C800237823F001032846237003B030BD0125FA
:10B5D800284603B030BD0025284603B030BD00BF63
:10B5E800F8B543680BB3C36804460F4615468B424B
:10B5F80006D110F8103B05F003052B432370F8BD66
:10B60800FFF7C2FF88B16B0705D504F11006304675
:10B618000023E760EFE7606804F110063946036825
:10B6280032461B6998470028F1D10020F8BD00BFB9
:10B638004FF0000C024B82F800C01B68184700BF8F
:10B6480090BD0120024A0349034B116018607047FE
:10B658008CBD01201194000090BD012010B5044656
:10B66800808982B018B10023A38102B010BDD4E94B
:10B6780001318B42F9D201AA184600F067F880B16F
:10B68800019B6060B3F5803F01D298B2EDE7980A5C
:10B69800C3F30903A0F52150A3F5105380B2A38189
:10B6A800E3E74FF6FF70E0E77F28A2EB010205D839
:10B6B80012B10A4602F8010B10467047B0F5006F48
:10B6C8000FD2012A40D94FEA901C00F03F030A46E6
:10B6D8006CF03F0063F07F0302F8020B10464B70DA
:10B6E8007047B0F5803F16D2022A2DD9C0F3851CC9
:10B6F80000F03F03CA1C63F07F0300B54FEA103E19
:10B708006CF07F008B706EF01F0E4870104681F849
:10B7180000E05DF804FB032A16D94FEA904CC0F309
:10B728000532C0F3851300F03F0062F07F026CF031
:10B738000F0C63F07F0360F07F004A700A1DC87029
:10B7480081F800C08B70B7E70022B5E788423DD288
:10B75800034610B490F900001C7800282DDA04F094
:10B76800E000C02834D004F0F000E02834D004F021
:10B77800F800F02826D104F0070404201844884271
:10B7880020D8013313F8011B01F0C00C01F03F0170
:10B79800BCF1800F41EA841414D18342F2D1A4F1A0
:10B7A80080010F4B99420DD8A4F55843B3F5006FAB
:10B7B80008D314605DF8044B7047581C14605DF89A
:10B7C800044B704700205DF8044B70470020704719
:10B7D80004F01F040220D1E704F00F040320CDE792
:10B7E8007FFF10007E283ED94FF0350C002330B47F
:10B7F800284C04E034F82120824220D80B46ACEBD8
:10B808000302012A03EB5201F4D89BB234F8232037
:10B81800904216D24B2400231F4D04E035F8212016
:10B8280082421ED80B46E21A012A03EB5201F5D8D0
:10B838009BB235F8232082421FD030BC70478C461B
:10B84800DDE704EB8304821AE3789A42E2DA94F99A
:10B858000230012B16D0D3B19BB2034430BC98B24E
:10B8680070470C46DFE7A0F16103192B8CBF00235A
:10B878000123A0EB431398B2704705EB8305688852
:10B8880030BC704702F00102831A98B2D5E74EF235
:10B89800A033E2E7E007002054060020704700BF0D
:10B8A80030B583B005460C4605F0A6FE1C4B984201
:10B8B80004D800232B80238003B030BD694604F0F0
:10B8C80039FC9DF805309DF8062001339DF80410D9
:10B8D800503ADBB292B21F2998BF0C2B01D87F2AAD
:10B8E80018D900219DF802209DF801302980172AD7
:10B8F80098BF3B2B9DF8001001D83B2903D90023A2
:10B90800238003B030BD5B0143EAC22343EA5103FD
:10B918009BB2F5E741EA431141EA422189B2E1E7E6
:10B92800FFA5CE12012BF0B5054695B03DD0022BF0
:10B9380040F2022001F104010CBF034600236846CF
:10B94800FFF70EFE129B002B38D05C20002605F076
:10B95800FFFA214B04AF0446C0E90036019B394683
:10B96800183040F80C3C1D4B40F8103C029B40F846
:10B97800083C9DF80C3000F8043CFFF795FC184B88
:10B988004FF47A72A665A360164B6E602B606368ED
:10B998002E730133AA602C616360134B3846009301
:10B9A800FFF7C4FC284615B0F0BD44F20223043169
:10B9B8006846FFF7D5FD129B002BC6D1139B002BC1
:10B9C800C3D14FF47A71074A04AF2B732A602B61F5
:10B9D800C5E90131E1E700BF58190020B41900207A
:10B9E80034190020081900201C18002010B5D0F8C0
:10B9F80084448EB00A4644B1002321466846009329
:10BA0800FDF76EFE80B90EB010BDD0F8881441B1B4
:10BA1800234668460C94FCF7DDFA50B900200EB0B6
:10BA280010BD08460EB010BD6846FEF7ADF80EB062
:10BA380010BD6846FCF78CFB0028EFD0E3E700BF99
:10BA480070B5D0F884548EB016465DB105F5896599
:10BA580000230A46684629460093FDF7BFFD90B9C2
:10BA68000EB070BDD0F888040028F9D000F58964BC
:10BA78000A462B46684621460C95FCF72FFA48B92A
:10BA880000200EB070BD324629466846FDF786FF95
:10BA98000EB070BD324621466846FCF7ADFC002862
:10BAA800EED0DDE710B5D0F884448EB00A464CB12C
:10BAB80000200123214600906846FDF711FE80B959
:10BAC8000EB010BDD0F8881441B1012368460C941B
:10BAD800FCF780FA50B900200EB010BD08460EB031
:10BAE80010BD6846FEF702FF0EB010BD6846FCF7B1
:10BAF800D5FA0028EFD0E3E730B5D0F884448FB00A
:10BB08000A464CB10025012304F589616846009571
:10BB1800FDF7EEFC0FB030BDD0F888040028F9D04E
:10BB280000F58961012368460C94FCF7E7FC0FB027
:10BB380030BD00BF10B5D0F884448EB00A463CB181
:10BB48000023214668460093FDF7CAFD0EB010BDDC
:10BB5800D0F8881431B1234668460C94FCF73AFAB9
:10BB68000EB010BD08460EB010BD00BFF8B50546B2
:10BB780090F8D00408B90146F8BDD5F88434002BF4
:10BB88004CD0DC69D5F89004013C002854D00368F7
:10BB9800DB6B9847E0B1D5F8900478B303681B6C69
:10BBA8009847A8B9D5F8900440B3036801215B6CA5
:10BBB8009847074610B3D5F8840458BBD5F888646D
:10BBC80033466EB9D5F8900490B900200146D3E702
:10BBD800D5F88404E8B9D5F88834002BF5D00746A1
:10BBE8001846FDF703FA06463FB1D5F8900428B188
:10BBF800036800215B6C984700B1A41BD5F8843416
:10BC0800FBB19B794FF40071994089B2A1FB040103
:10BC1800F8BD0027FFF7D2F90646E5E7D5F88834DE
:10BC2800D5F89004B3B1D3F830440028AFD1184602
:10BC3800FDF7DCF90646E0E71846FFF7BFF90646C8
:10BC4800DBE7D5F88864002EBFD0D6F83C14A1FBFA
:10BC58000401F8BD0028B8D01C4698E790F8D03405
:10BC680063B1D0F8843463B19A794FF40070D9691C
:10BC78009040013980B2A0FB010170471846014687
:10BC88007047D0F888040028F9D0D0F83C14D0F8D0
:10BC98003004A1FB000170472DE9F043D0F890541F
:10BCA8008DB04DB198462B6804462846DB69984705
:10BCB800B0F5405F064604D8002630460DB0BDE812
:10BCC800F0834FF400700BF0DBFE07460028F3D03A
:10BCD8000DF10409B6F1806F0246434629464846ED
:10BCE8002ED906F0BDFF064638460BF0D1FE002ED1
:10BCF800E2D02B682846271D1B6A984794F8C03461
:10BD0800FF2B21D0D4F8C43404F594650293284657
:10BD1800D4F8C8340393B4F8C034ADF8043099E8C3
:10BD28000E0008F0CFFB94F8B134C4F89054002BFF
:10BD3800C3D10123294638461A46FFF79FFBBCE7C3
:10BD480007F0B4FC0646CFE704F2944594F8CC1407
:10BD5800284609F0FFF92846C4F8905408F05CFC1E
:10BD68000028AAD10123D4F8901438461A46FFF7C0
:10BD780085FBA2E7F0B5D0F8906485B00446002EA4
:10BD880042D090F8D05490F8D13485B1FE2B63D0CE
:10BD980094F8D20436283DD93368694630469B6CFE
:10BDA80098470546284684F8D05405B0F0BDFE2BC8
:10BDB80026D090F8D204362849D994F8C034271DE3
:10BDC800FF2B2DD0D4F8C43404F59466D4F8C824D5
:10BDD80001933046B4F8C0340292ADF800306B4697
:10BDE8000ECB08F06FFB94F8B134C4F8906463B9D3
:10BDF8000123314638461A46FFF740FB054604E062
:10BE08001F4B9B689B03D8D40025284684F8D05440
:10BE180005B0F0BD04F08CFF051E18BF0125F4E73E
:10BE280004F2944694F8CC14304609F093F930465D
:10BE3800C4F8906408F0F0FB0028E6D10123D4F898
:10BE4800901438461A46FFF719FB0546DDE704F05B
:10BE58006FFF0028B1D1D7E7336830465B6D98474C
:10BE6800421C034694D00028CFD194F8D124FE2A4E
:10BE7800CAD103212E201D4604F06CFFC5E700BF80
:10BE880000800042F0B50D46044685B03048FFF703
:10BE9800D9FBFE2D84F8D15426D0362D02D90020A6
:10BEA80005B0F0BD00262B4B04F594678DF80450BF
:10BEB800C4F8C4348DF80560384684F8C05484F852
:10BEC800C164C4F8C864CDE9023604AB13E90E00B6
:10BED80008F0F8FA94F8B134C4F8907483B3304693
:10BEE80084F8D00405B0F0BD04F294450023FF2285
:10BEF8001946284684F8CC3484F8C02409F02AF975
:10BF08002846C4F8905408F087FB70B90123D4F888
:10BF18009014201D1A46FFF7B1FA30B101222E23E2
:10BF280084F8D02484F8D234BAE72E2000250321DF
:10BF380084F8D20484F8D05404F00CFF2846AFE704
:10BF480001233946201D1A46FFF798FAC8E700BFB3
:10BF58008196000040787D0118484FF0290C184A56
:10BF68000023184910B4C0F89424072280F8B1C4FB
:10BF78004FF0FF0CC0F8A8144FF47F41124CC0F8E2
:10BF8800AC24124AA0F8D014A0F89C3480F8B53438
:10BF980080F8CC3480F8D2C40460C0F8A0240C49DE
:10BFA8000C4A5DF8044BC0F88434C0F88834C0F8F3
:10BFB800903480F8BC3406F087BD00BF209701207C
:10BFC8003C1A002000093D00E81900204018002014
:10BFD8007D960000449B002053492DE9F047A1FBC2
:10BFE800004340F26D1A514F5B09DFF85081DFF8CA
:10BFF8005091A1FB0341C3EB03144909A0EB840052
:10C008004B4CC1EB0115A4FB014EA3EB850310704B
:10C018004FEA1E1E53700EF104040EEB4E00454B02
:10C02800A1EBC001A3FB040300209170E11A03EB0C
:10C03800510301469B08C3EBC303E41A0134D470CF
:10C04800C4B240F26D1C04F2B27313F0030507FB8F
:10C0580003F608D1B8EBB60F4FF4B77C03D3B9EBAE
:10C06800361F38BFD446614401308E45E8D2324E7F
:10C078009471A6FB030695B3770964244FF4C8703E
:10C08800F60904FB173700FB163640F26D10AEEBCD
:10C09800010E002301217044DFF8A8E00AE013F83C
:10C0A8000E40844232D80C29A0EB04000FD0013195
:10C0B8000133C9B2012B5FFA83FCF0D115B9DFB1A6
:10C0C8001D2400E01C24A0422AD3001BEFE74FF0F8
:10C0D8000D0C013082F805C01071BDE8F0876420AE
:10C0E8007709F60900FB17374FF4C87000FB1636BE
:10C0F8003FB14FF4B770CAE7002E14BF1C241D24AB
:10C10800E1E7002EC1D14FF4B770C0E70CF1010C84
:10C1180001305FFA8CFC107182F805C0BDE8F08729
:10C128004FF0020CD5E700BF89888888295C8FC248
:10C13800ABAAAAAA254992241F85EB51285C8F0235
:10C148000AD7A300B4080020334A2DE9F0418479C6
:10C1580004FB02F2E4B104F2B27C40F2B3732F4D57
:10C168002F4E304FDFF8C8E09C4505FB03F10FD098
:10C1780013F0030F03F10103F6D1B6EBB10F02D3AD
:10C18800BEEB311FF0D39C453A4405FB03F1EFD1D8
:10C1980090F805E0BEF1010F29DD04F2B274224ED9
:10C1A80064252249A6FB04364FF4C873DFF884805F
:10C1B8007709F60905FB17471A4D03FB164604F0E5
:10C1C8000304012307E0013391F800C001317345EE
:10C1D80005FB0C220BD0022BF5D1002CF3D10FB9A3
:10C1E800002EF0D10133424401317345F3D1437835
:10C1F8004FF461648178C3EB031305789B0004FB5B
:10C2080001330179074C58194B1E002104FB030028
:10C218001044BDE8F08100BF8033E101295C8FC282
:10C22800285C8F02805101001F85EB51B408002063
:10C238000AD7A300803B2600F8B51D4C1D4D236886
:10C248002A681D4E9B1AB3F57A7F2FD331680131C6
:10C25800236802F57A72084601319B1AB3F57A7F92
:10C26800F6D230602A60154F3B6883420FD8144BD2
:10C278001B6863B1984701430BD0124B22681B68B7
:10C288002A600222034430603B600F4B1A70002181
:10C29800F8BD0D490B4B0A783068003A1B6818BF87
:10C2A800012203440A7000213B60F8BD3068DAE7D8
:10C2B80014C30120F8BB012080BD012050BD01201E
:10C2C80038C10120749A002048C30120084B09494D
:10C2D8001B68094A0344126810B40B600221074B1B
:10C2E800074C1970074B20601A605DF8044B7047C3
:10C2F800749A002050BD012014C3012048C30120B6
:10C3080080BD0120F8BB012006F022BA06F0FEB974
:10C3180006F062BAF8B500250723044616460370EE
:10C328000F46458029468580202208300DF058FBAD
:10C33800294640F2097204F1290084F828500DF0CA
:10C348004FFB41F2210329465022A4F83E3704F25C
:10C358004C70A4F8325784F8345784F83557C4F829
:10C368004057C4F84457C4F848570DF039FBA02289
:10C37800294604F29C700DF033FB204684F83C58A3
:10C38800A4F83E58C4F8387784F83C67F8BD00BF75
:10C3980070B56A4990B0054600F254700FF0D4F8B1
:10C3A800002840F0C580664905F25C700FF0CCF8B3
:10C3B8000646002840F0BC80624905F264700FF020
:10C3C800C3F8002840F0B7805F4905F26C700FF0A1
:10C3D800BBF8002840F0AC805C4905F274700FF09F
:10C3E800B3F8002840F0A480594905F27C700FF09A
:10C3F800ABF8002840F09C80564905F284700FF095
:10C40800A3F8002840F09480534905F28C700FF08F
:10C418009BF8002840F08C80504905F294700FF08A
:10C4280093F8002840F084800BA80AAB09AA4C496D
:10C43800009005F2AC700DF0CFF8032878D1099A76
:10C4480040F602039A4273D80A9B0C2B70D80B9BB8
:10C458001F2B6DD80EA80DAB0CAA4249009005F20F
:10C46800BC700DF0B9F8032862D10C9B172B5FD86C
:10C478000D9B3B2B5CD80E9B3B2B59D803AA3A4902
:10C4880005F2CC700DF0A8F8012851D104AA36495C
:10C4980005F2DC700DF0A0F8012849D105AA32494F
:10C4A80005F2EC700DF098F8012841D106AA2E4942
:10C4B80005F2FC700DF090F8012839D107AA2A4935
:10C4C80005F60C000DF088F8012831D108AA264994
:10C4D80005F61C000DF080F8012829D10FAA234980
:10C4E80005F62C000DF078F8012821D10F9BFBB13F
:10C4F80085F82730039BDDE90912AB602984049B8A
:10C5080085F82220EB60059BDDE90B122B6185F88D
:10C51800231085F82420079BDDE90D12EB6185F8CF
:10C52800251085F826200699089A6961AA6100E015
:10C53800002010B070BD304610B070BDE816002065
:10C548002C0D0020F0160020F4160020F81600200C
:10C55800FC160020001700200817002010170020E4
:10C568001817002024170020FC080020040A0020C7
:10C5780030B5002383B00446554900F24C7001934E
:10C588000EF0E2FF10B1002003B030BD514904F2B3
:10C598009C7001AA0DF020F80128F4D1019BB3F595
:10C5A800803FF0D225786380062D58D04A4904F29E
:10C5B80054700EF0C9FF0028E5D1484B04F2AC7066
:10C5C80094F83C1703EBC1010EF0BEFF0028DAD146
:10C5D800052DD8D8DFE805F016034103032B4049A1
:10C5E80004F25C700EF0B0FF0028CCD104F2BC75E8
:10C5F8003C4928460EF0A8FF00283FD101231846E1
:10C608006371C1E7384904F25C700EF09DFF0028A1
:10C61800B9D194F8BC3704F2BC75532B23D16A788E
:10C62800422A20D1AA78F2B901202271ACE72F4919
:10C6380004F25C700EF088FF0028A4D101AA2549F5
:10C6480004F2BC700CF0C8FF01289CD1019BB3F523
:10C65800E16F98D8A4F8323796E7012094E720468E
:10C66800FFF796FE90E7462B13D16A784C2A10D133
:10C67800AA7872B901231846237185E71C49284610
:10C688000EF062FF034600287FF47DAF012063713E
:10C698007AE74C2B08D16B78502B05D1AB781BB9B6
:10C6A8000223012023716FE7124928460EF04CFF40
:10C6B80018B903230120237166E70F4928460EF0B5
:10C6C80043FF00287FF45FAF0423012023715BE759
:10C6D800A0160020040A0020A41600200CA10020A7
:10C6E800B4160020B8160020AC160020C016002092
:10C6F800BC160020B00F00207C1300202DE9F0416B
:10C708001F4E04460D4690461E4F33689D4209D978
:10C71800D4F8380703681B69BB4227D106F018F81C
:10C728000028F2D0D4F83807174A03685B699342A7
:10C7380023D106F051F8431C1CD0B4F84027C0B2EE
:10C7480080EA1223A8EB000083EA1313B0FA80F002
:10C7580082EAD302400982EA031283EA4313DBB276
:10C7680003EB0223A4F84037BDE8F081984700287E
:10C77800CBD0D7E70020BDE8F0819847DBE700BFC2
:10C7880014C30120E9A00000F1A000002DE9F8433E
:10C79800532204460D46FFF7B1FF10B90020BDE84B
:10C7A800F883542229462046FFF7A8FF0028F5D031
:10C7B800412229462046FFF7A1FF0028EED0522249
:10C7C80029462046FFF79AFF0028E7D05422294639
:10C7D8002046FFF793FF0028E0D00023B4F83E2757
:10C7E800534E9846534FA4F84027A4F83E38A4F86F
:10C7F800343701E008F101081FFA88F933689D42CF
:10C80800B4F832372BD94B4529D9D4F838070368FF
:10C818005B69BB4221D105F0DFFF411CEED0B4F8C3
:10C828004027C0B214FA88F180EA12233B2883EA31
:10C83800131382EAD30282EA031283EA4313DBB2B8
:10C8480003EB0223A4F8403781F82900D2D194F8E9
:10C858003437013384F83437CCE79847DDE74B4564
:10C868009CD1002314FA88F8324F88F82930B4F89C
:10C878004037A4F8423733689D421CD9D4F83807AA
:10C8880003685B69BB424ED105F0A6FF421CF2D09B
:10C89800B4F8402780EA1220C3B2C0F30310434023
:10C8A80082EAD30282EA031283EA4313DBB203EB80
:10C8B8000223A4F840371F4F33689D421CD9D4F88F
:10C8C800380703685B69BB422FD105F085FF431C1D
:10C8D800F2D0B4F8403780EA1320C2B2C0F3031094
:10C8E800424083EAD20382EA421183EA0213CAB2BF
:10C8F80002EB0323A4F84037452229462046FFF7D8
:10C90800FDFE00283FF44AAF4E2229462046FFF795
:10C91800F5FE00283FF442AF294620464422BDE8F0
:10C92800F843FFF7EBBE9847B0E79847CFE700BF5B
:10C9380014C30120F1A000002DE9F04F914683B007
:10C948003C2283461C460D46FFF7D8FE8246002847
:10C9580044D009F1FF33013C0026224FDFF88880DC
:10C9680001933A68954229D9A64227DADBF83807B5
:10C978000268526942452CD105F02EFF5FFA80FC0F
:10C988000130EED0BBF84017BCF13E0F8CEA112203
:10C9980082EA121281EAD20182EA421081EA021185
:10C9A800C2B202EB0122ABF8402714D0019B01363A
:10C9B80003F801CF3A6801939542D5D80022294659
:10C9C800584609F806203E2203B0BDE8F04FFFF7AD
:10C9D80095BE9047D2E7002309F80630504603B0C9
:10C9E800BDE8F08F14C30120F1A000002DE9F0414B
:10C9F8000446D0F838074A4E0D4603689B69B3428F
:10CA08005CD105F083FE474F3B689D4228D93C28FE
:10CA18002CD0421C24D0DFF8208110E005F0DCFE89
:10CA2800D4F8380703689B69B34215D105F06EFE48
:10CA38003B689D4214D9431C12D03C2816D0D4F828
:10CA4800380703685B694345E8D09847D4F8380746
:10CA580003689B69B342E9D098473B689D42EAD88E
:10CA68003C2803D000252846BDE8F08104F244762E
:10CA78000823294620463246FFF75EFF0028F1D0FA
:10CA880029460A222046FFF739FE05460028E9D044
:10CA980094F84477492F02D173784D2B13D031463F
:10CAA80021480EF051FD58B1532F12D17378572BEE
:10CAB8000FD1B3786BB902232370D4E79847A2E764
:10CAC80001232370CFE7B2785342002AE7D12370BD
:10CAD800C9E7314615480EF037FD10B90323237016
:10CAE800C1E7314612480EF02FFD10B90423237018
:10CAF800B9E7542F07D17378432B04D1B37813B90E
:10CB080005232370AFE731460A480EF01DFD10B922
:10CB180006232370A7E7082300252370A3E700BF97
:10CB2800EDA0000014C30120CC160020D41600206C
:10CB3800DC160020E4160020F1A000002DE9F04FDB
:10CB4800914683B02F2283461C460D46FFF7D6FD3B
:10CB58008246002844D009F1FF33013C0026224FC9
:10CB6800DFF8888001933A68954229D9A64227DAE6
:10CB7800DBF838070268526942452CD105F02CFED3
:10CB88005FFA80FC0130EED0BBF84017BCF13E0FD5
:10CB98008CEA112282EA121281EAD20182EA421058
:10CBA80081EA0211C2B202EB0122ABF8402714D08D
:10CBB800019B013603F801CF3A6801939542D5D815
:10CBC80000222946584609F806203E2203B0BDE84F
:10CBD800F04FFFF793BD9047D2E7002309F80630DE
:10CBE800504603B0BDE8F08F14C30120F1A0000047
:10CBF80030B5002383B03C2204460D46CDE900330E
:10CC0800FFF77CFD10B9002003B030BD08236A4649
:10CC180029462046FFF792FF0028F4D00A22294629
:10CC28002046FFF76BFD0028EDD004F244716846FA
:10CC38000EF08AFCB0FA80F0400903B030BD00BFA6
:10CC48002DE9F04190F83C2882B000250A2300EB3A
:10CC5800C20204460E4602F24C72CDE90055FFF7B7
:10CC68006BFE00284FD0374FDFF8DC803B689E42D0
:10CC78002AD90F2D28D0D4F8380703685B694345B3
:10CC880045D105F0A9FDC1B20130EFD0B4F8402775
:10CC98003C2981EA122383EA131382EAD30283EA46
:10CCA800431082EA0312C3B203EB0223A4F840370D
:10CCB8002FD094F83C3804EB03132B44013583F848
:10CCC8009C173B689E42D4D894F83C3800223146E1
:10CCD800204604EB03132B4483F89C273C22FFF7E0
:10CCE8000DFD80B108236A4631462046FFF726FF2E
:10CCF80048B194F83C18684604EBC10101F24C7144
:10CD08000EF022FC70B1002002B0BDE8F081984717
:10CD1800B9E794F83C38002204EB03132B4483F85A
:10CD28009C27DFE70A2231462046FFF7E7FC002868
:10CD3800E9D094F83C38013384F83C3802B0BDE8B7
:10CD4800F08100BF14C30120F1A000002DE9F043D9
:10CD5800002385B004460E460293ADF80C30CDE9A9
:10CD6800003304230DEB0302FFF7E6FD00284FD044
:10CD7800414901A80EF0E8FB0546002848D13F4F7D
:10CD88000DF10809DFF800813B689E4225D9052D81
:10CD980023D0D4F8380703685B6943453DD105F0D3
:10CDA8001BFDC1B20130EFD0B4F840273C2981EA1D
:10CDB800122383EA131382EAD30283EA431082EA36
:10CDC8000312C3B203EB0223A4F8403747D03B68F1
:10CDD800013509F8011B9E42D9D805F110033C2200
:10CDE800314620460DEB0305002305F8083CFFF704
:10CDF80085FC68B10423314620460DEB0302FFF79A
:10CE08009DFE054620B11C4901A80EF09DFB30B1DE
:10CE18000025284605B0BDE8F0839847C1E76A4673
:10CE2800174902A80CF0D8FB0128F1D1009BB3F5F3
:10CE3800803FEDD2D4F83807124A03689B699342C1
:10CE480015D105F063FC0A28E3D1D4F838070E4A57
:10CE580003685B6993420CD105F0BEFCD9E705F184
:10CE680010030DEB0305002305F8083CC2E79847BB
:10CE7800E9E79847CDE700BFC816002014C3012092
:10CE8800040A0020EDA00000F1A000002DE9F843FD
:10CE9800904E0446D6F8008008F1C8052946FFF7E9
:10CEA800A5FD002800F09A808B4FDFF83492336894
:10CEB8009D425ED9D4F8380703681B69BB4254D138
:10CEC80005F046FC0028F2D0D4F8380703689B69BF
:10CED8004B4540F0FB8005F019FC092849D1D4F8EE
:10CEE80038077E4A03685B69934240F0F18005F099
:10CEF80073FC431C18D0B4F840C7294680EA1C22AA
:10CF08002046D3B2C2F3031253408CEAD30C8CEA06
:10CF1800031C83EA4313DBB203EB0C23A4F840376A
:10CF2800FFF78EFE0028C2D1B4F83E3740F29C725B
:10CF3800002104F15000A4F84037121B2346A4F83E
:10CF4800421784F83C1884F8441783F84C1702F801
:10CF5800131008338342F8D1D4F838070026036841
:10CF6800DB6898473046BDE8F883984700289ED08C
:10CF7800AAE729462046FFF73BFE0646002848D088
:10CF8800B4F8403729462046A4F84237FFF7DEFEBA
:10CF9800064600285DD02046FFF7EAFA0646A0B309
:10CFA8002378052B73D0B4F83E270021234604F1DB
:10CFB8005000A4F8402740F29C72A4F84217121BB4
:10CFC80084F83C1884F8441783F84C1702F81310B7
:10CFD80008338342F8D13046BDE8F883B4F83E17E9
:10CFE80040F29C722346A4F84207A4F84017121B8B
:10CFF80004F1500184F83C0884F8440783F84C078E
:10D0080002F8130008339942F8D100263046BDE8EB
:10D01800F883B4F83E3740F29C7204F15000314670
:10D02800A4F84037121B2346A4F8426784F83C68EA
:10D0380084F8446783F84C1702F8131008339842B1
:10D04800F8D1D4F838070368DB6898473046BDE85C
:10D05800F883B4F83E3740F29C7204F15000314630
:10D06800A4F84037121B2346A4F8426784F83C68AA
:10D0780084F8446783F84C1702F813100833834286
:10D08800F8D1D4F838070368DB689847DEE708F575
:10D0980096712046FFF77AFB002884D1B4F83E3712
:10D0A80040F29C7204F15001A4F84207A4F84037FA
:10D0B800121B234684F83C0884F8440783F84C077D
:10D0C80002F8130008338B42F8D145E7984704E784
:10D0D80098470EE714C30120E9A00000F1A0000062
:10D0E800EDA00000084605F087BB00BF70B50446F8
:10D0F8000D460C301949164603F0C8F8184904F1D2
:10D10800180003F0C3F8174904F1240003F0BEF82F
:10D1180040F20143144904F134002386042384F8BF
:10D12800323003F0B3F8104904F1400003F0AEF8D0
:10D138000D4904F14C0003F0A9F804F5005300224E
:10D148002046A3F8582083F85A200122A3F85C202F
:10D1580041F22103A6722560238170BDC417002007
:10D16800D0170020DC170020740A0020012909D0FC
:10D17800022904D0032908BF80F83220704780F8BC
:10D188003120704780F83020704700BF012904D053
:10D19800022906D0032908D070471146343003F01D
:10D1A80065B91146403003F061B911464C3003F0BF
:10D1B8005DB900BF10B50446006805220849036838
:10D1C8005B6898472189206802F01CFE20680722C6
:10D1D800044903685B68984741F22103238110BD25
:10D1E80090170020981700202DE9F047038907467B
:10D1F8000E4691F800A0164D01F1630417E005F002
:10D20800FBFA88EA0A02B44282EA121289EAD209CF
:10D2180082EA421389EA0219DBB203EB09239BB2C3
:10D228003B8112D016F801AFBAF1000F0DD03A6861
:10D238004FEA13285FFA83F9504613681B68AB421C
:10D24800DDD0514610469847DBE7BDE8F08700BFC0
:10D25800C5AE00002DE9F8430646904602890F4600
:10D2680000686C4D4FEA12290368D4B21B68AB42C0
:10D2780040F0BB80092005F0BFFA89F00903306847
:10D2880083EA191384EAD30282EA031283EA431376
:10D29800DBB203EB02239BB24FEA13293381DCB2E2
:10D2A80003681B68AB4240F0B2803C2005F0A4FA4A
:10D2B80089F03C023046394682EA121284EAD203E7
:10D2C80083EA021382EA4212D2B202EB03223281CB
:10D2D800FFF78AFF306832890368140A1B685FFA0F
:10D2E80082F9AB4240F090803E2005F085FA84F048
:10D2F8003E034146304683EA131389EAD30282EAA1
:10D30800031283EA4313DBB203EB02233381FFF7F3
:10D318006BFF338930681C0A5FFA83F803681B685F
:10D32800AB426ED13C2005F067FA84F03C033068CC
:10D3380083EA131388EAD30888EA031883EA4313B5
:10D34800DBB203EB08239BB24FEA13283381DCB22C
:10D3580003681B68AB4251D12F2005F04DFA88F0C5
:10D368002F023946304682EA121284EAD20383EA4F
:10D37800021382EA4212D2B202EB03223281FFF791
:10D3880033FF338930681C0ADFB203681B68AB427D
:10D3980031D13E2005F030FA84F03E02306882EA4E
:10D3A800121287EAD20782EA421387EA0217DBB22F
:10D3B80003EB07239BB21F0A3381DCB203681B68A7
:10D3C800AB4215D10A2005F017FA87F00A0282EA63
:10D3D800171284EAD20382EA421183EA0213CAB21C
:10D3E80002EB03233381BDE8F8830921984744E71A
:10D3F8000A219847E9E73E219847CDE72F2198472A
:10D40800ADE73C21984790E73E2198476FE73C21DC
:10D4180098474DE7C5AE000030B5044685B00A22EE
:10D4280004F5005501A8B5F85C1002F0D7FF019A81
:10D43800A2B10B492046FFF70DFFB5F85C404FF647
:10D44800FE7301A80134A4B29C4208BF0124A5F8C8
:10D458005C4002F087FF204605B030BD014AE8E78E
:10D46800A0160020A8930020F8B504460068774E5F
:10D4780023891D0ADFB203681B68B34240F0D080DD
:10D488003C2005F0B9F985F03C032046704983EA51
:10D49800131387EAD30783EA431287EA0313D2B246
:10D4A80002EB03232381FFF79FFE238920681D0ACF
:10D4B800DFB203681B68B34240F0C4803E2005F029
:10D4C8009BF985F03E02206882EA121287EAD207A9
:10D4D80082EA421387EA0217DBB203EB07239BB207
:10D4E8001F0A2381DDB203681B68B34240F0A7809E
:10D4F8000A2005F081F987F00A02204682EA17120D
:10D5080085EAD20382EA421183EA0213CAB202EB25
:10D5180003232381FFF780FF4E4BA27A20464E4912
:10D5280003EBC202FFF796FE4C4A4D492046FFF72F
:10D5380091FE4C4A4C492046FFF78CFE20464B4A48
:10D548004B49FFF787FE238920681D0ADFB203686D
:10D558001B68B34270D13C2005F04EF985F03C02BF
:10D56800206882EA121287EAD20782EA421387EA1F
:10D578000217DBB203EB07239BB21F0A2381DDB23C
:10D5880003681B68B34254D12F2005F035F987F0A2
:10D598002F02204682EA121285EAD20382EA421159
:10D5A80083EA0213CAB22A4902EB03232381FFF755
:10D5B8001BFE238920681D0ADFB203681B68B3427B
:10D5C80034D13E2005F018F985F03E02206882EA41
:10D5D800121287EAD20782EA421387EA0217DBB2FD
:10D5E80003EB07239BB21F0A2381DDB203681B6884
:10D5F800B34218D10A2005F0FFF887F00A02204646
:10D6080082EA171285EAD20382EA421183EA0213F8
:10D61800CAB202EB03232381BDE8F840FFF7CABD75
:10D628003C2198472FE70A219847E6E73E2198478B
:10D63800CAE72F219847AAE73C2198478EE70A2195
:10D64800984758E73E2198473BE700BFC5AE000022
:10D658004C1700200CA10020A416002068A100206F
:10D668005017002078A1002058170020709A002039
:10D6780064170020F8B5044600686F4E23891D0A18
:10D68800DFB203681B68B34240F0C1803C2005F05C
:10D69800B3F885F03C032046684983EA131387EA08
:10D6A800D30783EA431287EA0313D2B202EB0323B8
:10D6B8002381FFF799FD238920681D0ADFB20368DB
:10D6C8001B68B34240F0B5803E2005F095F885F020
:10D6D8003E02206882EA121287EAD20782EA4213DF
:10D6E80087EA0217DBB203EB07239BB21F0A2381E9
:10D6F800DDB203681B68B34240F098800A2005F049
:10D708007BF887F00A02204682EA171285EAD203DC
:10D7180082EA421183EA0213CAB202EB032323818D
:10D72800FFF77AFE464BA27A2046464903EBC2022F
:10D73800FFF790FD238920681D0ADFB203681B6884
:10D74800B34270D13C2005F057F885F03C022068C0
:10D7580082EA121287EAD20782EA421387EA02179C
:10D76800DBB203EB07239BB21F0A2381DDB20368F8
:10D778001B68B34254D12F2005F03EF887F02F02E2
:10D78800204682EA121285EAD20382EA421183EA2B
:10D798000213CAB2294902EB03232381FFF724FDB0
:10D7A800238920681D0ADFB203681B68B34234D19D
:10D7B8003E2005F021F885F03E02206882EA121228
:10D7C80087EAD20782EA421387EA0217DBB203EB41
:10D7D80007239BB21F0A2381DDB203681B68B3428B
:10D7E80018D10A2005F008F887F00A02204682EAD4
:10D7F800171285EAD20382EA421183EA0213CAB2F7
:10D8080002EB03232381BDE8F840FFF7D3BC3C219A
:10D8180098473EE70A219847E6E73E219847CAE736
:10D828002F219847AAE73C2198478EE70A21984775
:10D8380067E73E2198474AE7C5AE00004817002031
:10D848000CA10020A41600202DE9F041038904460C
:10D8580000680F461D0A764E5FFA83F803681B6856
:10D86800B34240F0D0803C2004F0C6FF85F03C0372
:10D878002046704983EA131388EAD30888EA031814
:10D8880083EA4313DBB203EB08232381FFF7ACFCE5
:10D89800238920681D0A5FFA83F803681B68B3426E
:10D8A80040F0C3803E2004F0A7FF85F03E032068C7
:10D8B80083EA131388EAD30888EA031883EA431330
:10D8C800DBB203EB08239BB24FEA13282381DDB2B6
:10D8D80003681B68B34240F0A5800A2004F08CFF5F
:10D8E80088F00A02204682EA181285EAD20383EAFF
:10D8F800021382EA4212D2B202EB03222281FFF71C
:10D908008BFDA27A4C4B20464C4903EBC202FFF731
:10D91800A1FC002F71D04A4A20464A49FFF79AFCD9
:10D92800238920681D0ADFB203681B68B34276D1D9
:10D938003C2004F061FF85F03C02206882EA121264
:10D9480087EAD20782EA421387EA0217DBB203EBBF
:10D9580007239BB21F0A2381DDB203681B68B34209
:10D968005AD12F2004F048FF87F02F02204682EA80
:10D97800121285EAD20382EA421183EA0213CAB27A
:10D988002C4902EB03232381FFF72EFC238920680F
:10D998001D0ADFB203681B68B3423AD13E2004F087
:10D9A8002BFF85F03E02206882EA121287EAD2072E
:10D9B80082EA421387EA0217DBB203EB07239BB222
:10D9C8001F0A2381DDB203681B68B3421ED10A20F7
:10D9D80004F012FF87F00A02204682EA171285EA4D
:10D9E800D20382EA421183EA0213CAB202EB03238A
:10D9F8002381BDE8F041FFF7DDBB134A20461149FA
:10DA0800FFF728FC8CE73C2198472FE70A21984725
:10DA1800E0E73E219847C4E72F219847A4E73C2137
:10DA2800984788E70A2198475AE73E2198473CE7F4
:10DA3800C5AE0000781700200CA10020A416002015
:10DA4800B8160020B4160020801700202DE9F041F8
:10DA58000389044600680F461D0A764E5FFA83F86C
:10DA680003681B68B34240F0D0803C2004F0C4FE39
:10DA780085F03C032046704983EA131388EAD308EB
:10DA880088EA031883EA4313DBB203EB08232381F4
:10DA9800FFF7AAFB238920681D0A5FFA83F8036849
:10DAA8001B68B34240F0C3803E2004F0A5FE85F019
:10DAB8003E03206883EA131388EAD30888EA031828
:10DAC80083EA4313DBB203EB08239BB24FEA132824
:10DAD8002381DDB203681B68B34240F0A5800A20A9
:10DAE80004F08AFE88F00A02204682EA181285EAC3
:10DAF800D20383EA021382EA4212D2B202EB032271
:10DB08002281FFF789FCA27A4C4B20464C4903EB53
:10DB1800C202FFF79FFB002F71D04A4A20464A49AC
:10DB2800FFF798FB238920681D0ADFB203681B688A
:10DB3800B34276D13C2004F05FFE85F03C022068B9
:10DB480082EA121287EAD20782EA421387EA0217A8
:10DB5800DBB203EB07239BB21F0A2381DDB2036804
:10DB68001B68B3425AD12F2004F046FE87F02F02DB
:10DB7800204682EA121285EAD20382EA421183EA37
:10DB88000213CAB22C4902EB03232381FFF72CFBB3
:10DB9800238920681D0ADFB203681B68B3423AD1A3
:10DBA8003E2004F029FE85F03E02206882EA121227
:10DBB80087EAD20782EA421387EA0217DBB203EB4D
:10DBC80007239BB21F0A2381DDB203681B68B34297
:10DBD8001ED10A2004F010FE87F00A02204682EACD
:10DBE800171285EAD20382EA421183EA0213CAB203
:10DBF80002EB03232381BDE8F041FFF7DBBA134AA8
:10DC080020461149FFF726FB8CE73C2198472FE770
:10DC18000A219847E0E73E219847C4E72F21984713
:10DC2800A4E73C21984788E70A2198475AE73E210C
:10DC380098473CE7C5AE0000881700200CA10020DB
:10DC4800A4160020B8160020B41600208017002063
:10DC58002DE9F04741F221030746006805223B8180
:10DC680007F5005503682E495B689847B5F85830A2
:10DC78003C8973B34FF000082A4E18E004F0BCFD4D
:10DC880084EA0A0108F1010881EA11111FFA88F2F1
:10DC980089EAD10381EA411483EA0113E4B204EB6F
:10DCA8000324A4B23C81B5F85830934212D93A689B
:10DCB80017FA88F34FEA142A11685FFA84F993F87F
:10DCC80058400B682046B342D8D0214610469847A2
:10DCD800D6E7144E41F221033A68200A3B811368C3
:10DCE8001B68B34214D104F087FD3A68E0B21368A8
:10DCF8001B68B34210D104F07FFD386803220A493B
:10DD080003685B689847012385F85A30BDE8F087B7
:10DD1800014610469847E8E7014610469847ECE761
:10DD280024120020C5AE00002C12002070B541F26C
:10DD380021030446006805222589238103681249C6
:10DD48005B6898472268114E280A13681B68B3421B
:10DD580011D104F051FD2268E8B213681B68B34280
:10DD68000DD104F049FD2068032209490368BDE884
:10DD780070405B681847014610469847EBE7014634
:10DD880010469847EFE700BF24120020C5AE0000F8
:10DD98002C1200202DE9F8430446904602890F46CC
:10DDA8000068844E150A03685FFA82F91B68B3425B
:10DDB80040F0EA803C2004F01FFD85F03C0320463B
:10DDC8007D4983EA131389EAD30282EA031283EABC
:10DDD8004313DBB203EB02232381FFF705FA206824
:10DDE80022890368150A1B685FFA82F9B34240F07A
:10DDF800C8803E2004F000FD85F03E03206883EAD9
:10DE0800131389EAD30282EA031283EA4313DBB2CB
:10DE180003EB02239BB24FEA13292381DDB2036887
:10DE28001B68B34240F0AA800A2004F0E5FC89F0A0
:10DE38000A02204682EA191285EAD20383EA02130B
:10DE480082EA4212D2B202EB03222281FFF7E4FAFD
:10DE5800A27A5A4B20465A4903EBC202FFF7FAF955
:10DE6800012F00F08580022F00F09D80032F554977
:10DE780020460CBF544A554AFFF7ECF9424654492C
:10DE88002046FFF7E7F92046524A5349FFF7E2F9DF
:10DE9800238920681D0ADFB203681B68B3427FD15B
:10DEA8003C2004F0A9FC85F03C02206882EA1212AA
:10DEB80087EAD20782EA421387EA0217DBB203EB4A
:10DEC80007239BB21F0A2381DDB203681B68B34294
:10DED80063D12F2004F090FC87F02F02204682EABD
:10DEE800121285EAD20382EA421183EA0213CAB205
:10DEF800314902EB03232381FFF776F92389206850
:10DF08001D0ADFB203681B68B34243D13E2004F008
:10DF180073FC85F03E02206882EA121287EAD20773
:10DF280082EA421387EA0217DBB203EB07239BB2AC
:10DF38001F0A2381DDB203681B68B34227D10A2078
:10DF480004F05AFC87F00A02204682EA171285EA92
:10DF5800D20382EA421183EA0213CAB202EB032314
:10DF68002381FFF727F92046BDE8F843FFF7DEBE17
:10DF78001A4A20461349FFF76DF97FE70A219847A7
:10DF880055E73E21984737E73C21984715E70A218E
:10DF98009847D7E73E219847BBE72F2198479BE74B
:10DFA8003C2198477FE70E4A20460649FFF752F979
:10DFB80064E700BFC5AE0000A01700200CA1002038
:10DFC800A4160020C4170020A4170020AC170020B6
:10DFD800B4170020C0170020C016002078110020B8
:10DFE8007011002090F8303030B5044685B0032B0E
:10DFF80000F24481DFE803F03A4C280201AD00F159
:10E008000C01284602F060F90199002900F02081EE
:10E01800A64A2046FFF71EF9284602F0A3F9E36B4B
:10E02800002B49D001AD04F13401284602F04CF927
:10E03800019A002A00F0068120469D49FFF70AF957
:10E04800284602F08FF937E001AD00F10C012846AF
:10E0580002F03AF90199002900F0FC802046954A1F
:10E06800FFF7F8F8284602F07DF922E001AD00F14B
:10E078000C01284602F028F90199002900F0EC80EB
:10E0880020468D4AFFF7E6F8284602F06BF910E0C3
:10E0980001AD00F10C01284602F016F9019900299A
:10E0A80000F0D4802046854AFFF7D4F8284602F0CD
:10E0B80059F9E36B002BB5D194F83130042B00F2F9
:10E0C800E280DFE803F003AD9D8C140001AD04F19C
:10E0D8001801284602F0F8F80199002900F0BE80DE
:10E0E8002046754AFFF7B6F8284602F03BF9A36CBC
:10E0F800F3B994F83230042B00F2E880DFE803F03B
:10E10800035E4D3C140001AD04F12401284602F0E1
:10E11800DBF80199002900F0A9802046664AFFF73C
:10E1280099F8284602F01EF9636D9BB905B030BD19
:10E1380001AD04F14001284602F0C6F8019A002A10
:10E1480000F0828020465E49FFF784F8284602F0F6
:10E1580009F9CEE701AD04F14C01284602F0B4F804
:10E16800019A002A6CD057492046FFF773F82846D1
:10E1780002F0F8F805B030BD01AD04F124012846DD
:10E1880002F0A2F80199002976D02046474AFFF705
:10E1980061F8284602F0E6F8C6E701AD04F124016B
:10E1A800284602F091F80199002963D02046414A97
:10E1B800FFF750F8284602F0D5F8B5E701AD04F1AD
:10E1C8002401284602F080F80199002950D0204601
:10E1D8003A4AFFF73FF8284602F0C4F8A4E701AD31
:10E1E80004F11801284602F06FF8019900293BD084
:10E1F80020462E4AFFF72EF8284602F0B3F876E7B5
:10E2080001AD04F11801284602F05EF8019949B3FE
:10E218002046284AFFF71EF8284602F0A3F866E7CA
:10E2280001AD04F11801284602F04EF80199B9B180
:10E238002046224AFFF70EF8284602F093F856E7E0
:10E24800214A90E7204AF7E61F4A7BE71E4929E75B
:10E258001D49DDE61C4901E71B4911E71A493FE75B
:10E268001949E5E71849D3E71749C1E7164954E7BB
:10E278001549ACE7144999E7134986E70E4A0C4952
:10E28800FEF7E8FF15E701AD04F11801284602F092
:10E298001BF801990C4B2046074A002908BF19466C
:10E2A800FEF7D8FF284602F05DF820E7A417002003
:10E2B800B417002070110020AC170020781100203E
:10E2C800301700203C170020A893002001AD04F16E
:10E2D8002401284601F0F8FF0199064B2046064A1A
:10E2E800002908BF1946FEF7B5FF284602F03AF89C
:10E2F8001AE700BFA8930020AC170020F0B5044629
:10E3080000687D4E85B023891D0ADFB203681B684B
:10E31800B34240F0DA803C2004F06EFA85F03C030A
:10E328002046764983EA131387EAD30783EA431220
:10E3380087EA0313D2B202EB03232381FEF754FFCB
:10E34800238920681D0ADFB203681B68B34240F0C6
:10E35800CE803E2004F050FA85F03E02206882EA22
:10E36800121287EAD20782EA421387EA0217DBB25F
:10E3780003EB07239BB21F0A2381DDB203681B68E6
:10E38800B34240F0B1800A2004F036FA87F00A025E
:10E39800204682EA171282EA421185EAD20383EA0A
:10E3A8000213CAB202EB03232381FFF735F8544B5B
:10E3B800A27A2046534903EBC202FEF74BFF2046E0
:10E3C800FFF710FE04F500530A2201A8B3F858100D
:10E3D80002F004F8019A002A00F08C8020464A498D
:10E3E800FEF738FF238920681D0ADFB203681B681F
:10E3F800B34276D13C2004F0FFF985F03C03206855
:10E4080083EA131387EAD30787EA031783EA4313D8
:10E41800DBB203EB07239BB21F0A2381DDB203683B
:10E428001B68B3425AD12F2004F0E6F987F02F0277
:10E438002046324982EA121285EAD20383EA02139D
:10E4480082EA4212D2B202EB03222281FEF7CCFE0C
:10E45800238920681D0ADFB203681B68B3423AD1DA
:10E468003E2004F0C9F985F03E03206883EA1313BF
:10E4780087EAD30787EA031783EA4313DBB203EB80
:10E4880007239BB21F0A2381DDB203681B68B342CE
:10E498001ED10A2004F0B0F987F00A02204682EA69
:10E4A800171282EA421185EAD20383EA0213CAB23A
:10E4B80002EB03232381FEF77DFE2046FFF7C8FB0E
:10E4C80001A801F04FFF05B0F0BD3C21984725E7B2
:10E4D8000A219847E0E73E219847C4E72F2198474B
:10E4E800A4E73C21984788E70A2198474EE73E2150
:10E4F800984731E7054A71E7C5AE0000A01700202C
:10E508000CA10020A4160020C0160020A89300200B
:10E5180000F5005C9CF85A2000B572B100224FF05B
:10E52800010E13468CF85A2003440122ACF858E037
:10E5380083F8581010465DF804FBBCF85830B3F562
:10E54800005FF7D003F1010E1FFA8EFEECE700BF63
:10E5580000F5005210B592F85A404FEA112E84B1D6
:10E568000023C9B282F85A30012380F858E003F139
:10E57800010C01240344A2F858C083F8581020461F
:10E5880010BDB2F858C0BCF5005FF8D00CF101031B
:10E598008444C9B29BB2B3F5005FA2F858308CF836
:10E5A80058E0E4D1204610BD00F5005C9CF85A30D4
:10E5B80010B54FEA116E03B30023C1F307228CF89C
:10E5C8005A300B0C80F858E080F85930022303F1D8
:10E5D800010EC418C9B21FFA8EFEBEF5005FACF872
:10E5E80058E084F8582019D09A1C00EB0E0301203B
:10E5F800ACF8582083F8581010BDBCF85830B3F563
:10E60800005F0BD05A1CC41892B2B2F5005FACF888
:10E61800582084F858E0C1F3074401D1002010BD08
:10E62800023302449BB2B3F5005FACF8583082F86D
:10E638005840C1F30722CAD10020F0E700F158037F
:10E6480000F500500B60B0F85800704708B58368B3
:10E6580003B19847044AD3889BB243F48043D380DC
:10E66800BFF34F8F08BD00BF00800B4008B583681B
:10E6780003B19847034A137803F0F7031370BFF305
:10E688004F8F08BD00400B40F8B5114D0F460446AA
:10E698000D222B680F491E681846736898472D6825
:10E6A80047B138460DF05CF92B68024639465B687D
:10E6B80028469847284601F0B1FB201D3A46032119
:10E6C800FFF768FB04F50054022384F8193CF8BDF1
:10E6D800DCA0002018090020F8B5114D0F460446AB
:10E6E8000D222B680F491E681846736898472D68D5
:10E6F80047B138460DF034F92B68024639465B6855
:10E7080028469847284601F089FB201D3A460221F1
:10E71800FFF740FB04F50054022384F8193CF8BDC8
:10E72800DCA0002038090020F8B5114D0F4604463A
:10E738000D222B680F491E681846736898472D6884
:10E7480047B138460DF00CF92B68024639465B682C
:10E7580028469847284601F061FB201D3A460121CA
:10E76800FFF718FB04F50054022384F8193CF8BDA0
:10E77800DCA00020280900200B4B186888B103682A
:10E788000A4A1B6893420DD1836810B503B19847B4
:10E79800074AD3889BB243F48043D380BFF34F8F9B
:10E7A80010BD7047184700BF54BD01202DC400009C
:10E7B80000800B402DE9F0419846244B06460C4654
:10E7C80040F8043B1546FEF791FC42F264002A46E5
:10E7D8002146304406F50055FDF79CFD42F6A80099
:10E7E8001B4C0027304400F033FB6522002105F65E
:10E7F800B2300BF0F5F8174B05F6344C4FF0020E1B
:10E80800C3F800800FCCACE80F000FCCACE80F00C9
:10E8180094E803008CE8030085F8317C85F8327CA5
:10E8280085F8B07B85F817EC85F818EC85F819ECB5
:10E8380085F8B17BFDF700FD42F620433344C3E978
:10E848000001304685F8307CBDE8F081F0170020E3
:10E8580000050020DCA0002030B4194D0021194C1F
:10E868002B6C194A43F4001391602B64636F43F4D3
:10E8780040336367154C164B2260164A164CC2F893
:10E88800B04146F2A01441F210321C804FF0E0244F
:10E898001A8044F20A02DA801A8892B242F06C02B4
:10E8A8001A804FF080521981C4F808219B889B0771
:10E8B80001D430BC7047094930BCFFF7E5BE00BF42
:10E8C80000C00A4000C00F4030C3012054BD0120E1
:10E8D80000800B4000A4002059C50000280A002031
:10E8E80010B5044600F09CFA38B9084800F07AFAE6
:10E8F8002046BDE81040FFF7AFBF054800F054FAC6
:10E908002046BDE81040FFF7A7BF00BF4809002018
:10E918006C090020034B45F255514AF6AA2259804A
:10E928005A80704700800B4070B500F500550446CA
:10E9380095F8312C95F8323C9A421BD000EBC20274
:10E94800FF2302F5005285F8B03BD2F8380CC10716
:10E9580029D4D2F8343C04EB6000984742F6A8006A
:10E96800204400F0ABFA95F8323C002285F8313C9F
:10E9780085F8B02B04EBC30303F50053D3F8380C28
:10E98800C20709D54210D3F8343C04EB6000A25802
:10E99800BDE87040D358184704EB6000D3F8343C06
:10E9A800BDE8704018474110D2F8343C04EB6000D1
:10E9B8006258D358D1E700BF38B542F6A8050446D7
:10E9C8000544284600F052FA50B101462368204613
:10E9D8001B6A9847284600F049FA01460028F5D1F5
:10E9E80038BD00BF09B1FFF79FBE704709B1FFF7F7
:10E9F80073BE704709B1FFF747BE704730B504468C
:10EA080085B01349251D01A801F040FC01AA012188
:10EA18002846FEF7BBFB01A801F0A4FC012228460A
:10EA280004F500541146FEF7A1FB284604220221F2
:10EA3800FEF79CFB284604220321FEF797FB0223DE
:10EA4800284684F8193C05B0BDE83040FFF756BCAD
:10EA580000090020F0B50646A5B00021602206F5A1
:10EA680000540CA80B910AF0BBFFB4F8843094F85A
:10EA78008810B4F886204E338DF8261052BA94F8D0
:10EA880089108DF82A3094F88A30ADF828208DF84E
:10EA980024308DF82510FDF7CFFB054609A8FDF7B2
:10EAA80053FB451BAB1C042B25D89DF82A300122AB
:10EAB80094ED1E7A03F2B2739DF82910B7EEC77A67
:10EAC8009DF8250004939DF8285084F8B12B9DF8F3
:10EAD80024209DF8263000900BA80395CDE901214C
:10EAE8008DED067B0C4A642109F08EFC0BA800F022
:10EAF8005BF925B0F0BD0746084800F055F972B635
:10EB08003846F917FDF7E2FB62B642F6A800294637
:10EB1800304400F0EDF9C8E7E4080020CC080020F4
:10EB280038B50446072972D8DFE801F02436445185
:10EB38005F041A1200F5005595F8303C002B62D19D
:10EB480095F898370121201D85F8303CFEF77EFFA7
:10EB5800FDF772FB42F620432344C3E9000138BDA8
:10EB6800FFF778FFFDF768FB42F620432344C3E92B
:10EB7800000138BD00F500530121043093F86820E6
:10EB880083F8322CFEF760FEFDF756FB42F6204371
:10EB98002344C3E9000138BD00F5005393F8692008
:10EBA80083F8182CFDF748FB42F620432344C3E9B9
:10EBB800000138BD00F50053FE2283F8B02BFDF7A5
:10EBC8003BFB42F620432344C3E9000138BD00F56E
:10EBD800005393F8692083F8172CFDF72DFB42F6B4
:10EBE80020432344C3E9000138BD00F5005393F8DE
:10EBF800692083F8192CFDF71FFB42F620432344B4
:10EC0800C3E9000138BD0449FFF766FD98E70348EA
:10EC180000F0E8F89CE700BF88090020B809002048
:10EC280030B5044642F2640083B0204407F016FC75
:10EC380040B101281ED004F50054002384F8303C6C
:10EC480003B030BD04F5005393F88C10CA293AD0AC
:10EC580023D8002944D0C8293BD10121201DFEF723
:10EC6800F5FE642001F0BCFF4FF0E0231F4AC3F813
:10EC78000C2DE5E742F6B23504F500531C4A652130
:10EC8800254493F89937284609F0BEFB29462046C3
:10EC980003B0BDE83040FFF71FBDCB2919D142F6BC
:10ECA800B23593F8B01B134A254493F8313C0091D0
:10ECB8006521284609F0A8FB2946204603B0BDE88F
:10ECC8003040FFF731BD204603B0BDE83040FFF7C4
:10ECD80095BE23682046DB6903B0BDE8304018477D
:10ECE800054803B0BDE8304000F05EB80400FA05FE
:10ECF800080A0020E8090020D409002070B542F273
:10ED08006405044600F50056054403E096F86410CF
:10ED1800FFF706FF2846FEF7B9F803462046002B02
:10ED2800F4D196F8303C5BBBFDF786FA42F62043F7
:10ED3800E218E358526813F5E15342F100028342A6
:10ED480072EB010100DB70BD42F63045FDF774FA45
:10ED5800254455F8083C55F8042C13F5617342F125
:10ED6800000283428A41EEDA08492046FFF78CFC0C
:10ED7800FDF762FA032345E9020186F8323C70BDCB
:10ED8800013B86F8303CFFF74BFFCDE7440A0020F3
:10ED9800024B0021024AC3E90021704730C3012019
:10EDA800D8190020704700BF70B50C4D04460522E5
:10EDB8000B492B681E681846736898472D6844B13C
:10EDC80020460CF0CDFD2B68024621465B6828469C
:10EDD80098472846BDE8704001F020B8DCA0002024
:10EDE8002406002070B50C4D044605220B492B68FB
:10EDF8001E681846736898472D6844B120460CF081
:10EE0800AFFD2B68024621465B682846984728468E
:10EE1800BDE8704001F002B8DCA000204C060020DC
:10EE280008B5FE210248FDF72DF8024B187008BD01
:10EE38002097012054C30120024A0349034803F0E4
:10EE480043BE00BF449B0020D10F0000F8A0002063
:10EE580010B54FF44072002104460AF0C1FD0023AA
:10EE6800204684F80033C4F8043310BD90F800330A
:10EE78000BB900207047D0F8043370B5D3E90265A8
:10EE88000446FDF7D9F9B042A94101DA002070BD66
:10EE9800D4F8043394F80023187C002AF7D0596872
:10EEA800C4F8041309B100250D600021013A9974D2
:10EEB800C3E9001184F8002370BD00BF90F8003347
:10EEC800ABB1D0F8042310B4002411465268013BBA
:10EED800C0F8042302B1146013F0FF038C74C1E975
:10EEE8000044F2D15DF8044B80F800337047704756
:10EEF800D0F804336BB14FEAE17C5A7C32B9D3E9DC
:10EF08000220521840EB0C00C3E902205B68002B7A
:10EF1800F3D17047F0B5054690F800039DF81470DA
:10EF28001F2843D8AE464FF0000C04E00CF1010C4A
:10EF3800BCF1200F37D09EF812400EF1180E002CAD
:10EF4800F4D10CEB4C064FEA4C04F60064444FF045
:10EF5800000E01302E4405EBC40C8CF81170E7004C
:10EF680001248CF81010CCF804E0CCE9022345F811
:10EF780007E08CF81240D5F8041385F8000319B996
:10EF880021E04C68A4B12146D1E9020490429C4199
:10EF9800F7DB0B6883B1EB5101200B685E600E60F4
:10EFA800CCF80410F0BD95F8124384B10020F0BDF0
:10EFB8004E600120E951F0BDC5F8046301200E60E0
:10EFC800CCF80410F0BD2046C5F80463F0BD4FF43A
:10EFD80040764024BAE700BFF0B51F4690F80033EA
:10EFE80083B01F2B10D8154604460E46FDF724F9AA
:10EFF800421920464FF0000447EB010331460094C4
:10F00800FFF788FF03B0F0BD0248FFF7EBFE0020D2
:10F0180003B0F0BD280B002070B584B00DF1080CCA
:10F028008CE80C0090F800331F2B0ED80D460446D0
:10F0380001266046FDF788F802460B462946204619
:10F048000096FFF767FF04B070BD0348FFF7CAFEDC
:10F05800002004B070BD00BF280B0020704700BF1F
:10F06800034A4FF48051034BA2F844111B68184718
:10F0780000C03D40389B002090F8A32090F8A200E3
:10F08800101A704790F8A23090F8A3209A4205D938
:10F098005A1C034480F8A220987E70474FF0FF3036
:10F0A800704700BF90F8A23090F8A3209A4202D986
:10F0B8001844807E70474FF0FF307047704700BF9C
:10F0C8000346B0F8300178B193F82F21882A03D984
:10F0D800012200205A60704702F1010C01201A44F5
:10F0E80083F82FC182F8A510704700BF38B5B0F873
:10F0F80030410CB9204638BD90F82F310546C3F190
:10F108008904A2420DD8144605F1A50022461844E8
:10F1180001F084FE95F82F312046234485F82F31DD
:10F1280038BD01224260EFE72DE9F04FD0F814A076
:10F138001524017E8146437E83B00AEB0111384ACB
:10F148000AEB0313374F097A93F8283002EB0115BD
:10F158000901E86852F8018002EB0311D5F804B000
:10F168001B01CE68D558CBF80040C8F88400D8F801
:10F1780004304A6803432C490192C8F804301460EB
:10F18800C5F884606B6833436B60284B4C683A68F9
:10F19800A3FB0232920C02EB820252004B681B1B4B
:10F1A8009A42FBD84FF0090C1F4ADFF880E0D8F8E4
:10F1B8000830034202D0AB6833422FD1C5F88860CB
:10F1C80054683968AEFB0131890C01EB8101536841
:10F1D8001B1B9942FBD8C5F8846054683968AEFB9C
:10F1E8000131890C01EB810153681B1B9942FBD843
:10F1F800BCF1010CDBD1604699F81830019A0AEB92
:10F208000313DB68CBF8003099F819300AEB031ABE
:10F21800DAF82C30136003B0BDE8F08F0120EBE77B
:10F22800BC8A00202C950020001000E083DE1B43E0
:10F238000E4A10B51168046905E0DB0107D41368AC
:10F248005B1A102B08D8636913F0007FF5D14FF4CF
:10F25800FE430120636110BDFFF766FF0028FAD066
:10F268004FF4FE4301206361F5E700BF14C301209A
:10F278002DE9F84F83460C4615461F46D0F810A0D6
:10F28800FFF7D6FF002800F09E806100012DDFF80F
:10F298003C8140F20146CBB24FF0000138BF012556
:10F2A800D8F800900C461E43ABF8A21020E09BF85B
:10F2B800A330872B3FD9DAF8142010055AD412F45A
:10F2C800105F70D1D8F80030A3EB0903322B6AD84D
:10F2D8009BF8A330AB4209D3022C07D9DAF85C308B
:10F2E800590703D193054BD4002F49D003F018FBDD
:10F2F800022CDCD8DAF85C3003F007025B07D6D4BE
:10F30800681E224440F480704CB9CAF86060013429
:10F31800131B032BCBD8022CC9D8002CF5D0012CF9
:10F3280037D01FB14FF40073CAF860309BF8A33090
:10F338000324872BBFD8DAF85C2012F4E02FC2F33D
:10F34800024CB8D0591C9C441933C9B25FFA8CFCE2
:10F358005BFA83F3DAF870004A1C61458BF8A31056
:10F36800D1B203F8010FA6D08929F3D1DAF8142015
:10F378001005A4D5DAF8103043F44073CAF81030F9
:10F38800DAF85C3013F4E02F06D19BF8A300BDE84F
:10F39800F88FCAF86000BAE7DAF8103043F400735F
:10F3A800CAF81030F1E7DAF810304FF4007243F47D
:10F3B8004073CAF81030CAF86020DAF85C3013F4E9
:10F3C800E02FE2D0E8E70420BDE8F88F14C301205D
:10F3D800F8B506690446D6F8145115F4706301D0DF
:10F3E800C6F81431A8070BD5D6F8702111043DD5FD
:10F3F8000023012184F8A230234484F8A3109A76CC
:10F40800EA0710D594F83071F7B194F82E7194F892
:10F418002F31BB4226D97B1C274484F82E3197F81C
:10F42800A530C6F86031AB050DD594F8A30018B126
:10F43800D4F83C3103B198470023A4F8A230A4F8CB
:10F448002E3184F83031F8BDD4F8383103B19847FB
:10F45800002384F82E31012384F8303194F82F31B9
:10F46800BB42D8D80023C6F86031DCE794F8A33053
:10F47800872BC5D8591CC9B2BEE700BF0148FFF7A2
:10F48800A7BF00BFB09600200148FFF7A1BF00BF8B
:10F49800F09700200148FFF79BBF00BF309900207C
:10F4A800EFF3108272B6437F5BB9017F012930B454
:10F4B8000BD0032913D00123437702B962B630BCBD
:10F4C80070470AB962B670477047124C2168B1B1EB
:10F4D800114943610B68086083615861EBE70F4D80
:10F4E8000F492C688CB143610B68836158614FF0F8
:10F4F800E0234FF080540860C3F8044DDBE7064B67
:10F5080020601860C0E90511D5E7C0E90544286006
:10F51800EDE700BF98BD0120A4BD0120A0BD0120DA
:10F528009CBD012070B5EFF3108272B60C4C2068B8
:10F5380080B10C4E00254369236073B19D6102B907
:10F5480062B6836845779847EFF3108272B62068F1
:10F558000028F0D102B962B670BD3360EFE700BF92
:10F56800A0BD01209CBD0120FFF7DCBF0449054A6E
:10F578004968054B1960136801331360704700BF71
:10F58800001000E014C3012010C3012001207047BF
:10F59800B0F84630B0F848209BB292B2934202D2FB
:10F5A800013AD01A7047416B01390A44D01A7047A2
:10F5B800016972B6B0F84A20B0F84C3092B29BB2EA
:10F5C8009A423CBF806B1218C86AD31A62B6C0F35D
:10F5D80002601844704700BFB0F84A100246B0F8FD
:10F5E8004C3089B29BB2994210B4046914D00133EB
:10F5F800906B116B984298BF0023994206D85B1A0A
:10F60800526AD05CC0B25DF8044B7047126A5DF86C
:10F61800044BD05CC0B2704772B6B0F84A0080B2F2
:10F62800814201D062B6E2E7E36A13F0E06F03D1EA
:10F638004FF0FF3062B6E6E7E36901200024116A63
:10F64800A2F84A00C3F30900DBB2A2F84C404B70A1
:10F65800F0E700BFB0F84A100246B0F84C3089B263
:10F668009BB2994230B4046925D00133946B9C4213
:10F6780016D9106B1FFA83FC984217D9106AC05C20
:10F68800C0B2956DA2F84CC045B199421CD3CB1AB3
:10F69800D16B994202D3D36DC5F8883030BC70471E
:10F6A8004FF0000C106B63469842E7D8181A556A59
:10F6B800285CC0B2E5E7084672B6B2F84A1089B2CB
:10F6C800884204D062B6D0E70C44E31AE0E7E36A64
:10F6D80013F0E06F03D14FF0FF3062B6DEE7E06968
:10F6E800C0F30900F9E700BF90F8443043B110B502
:10F6F800044603F015F994F84430002BF9D110BDF5
:10F70800704700BF38B5D0E90453D3E9031209683C
:10F71800114228D090F84420044632B103F000F991
:10F7280094F84430002BF9D1636900210E4AA9618D
:10F73800207E03EB0010007D02EB001045680520D9
:10F748002860657E03EB051393F8343002EB03124F
:10F75800A36D52681060A4F84A10A4F84C1013B1B5
:10F76800E26DC3F8842038BDBC8A002007EE901AE9
:10F778009FED9A7A0421B6EE005AF8EE677A9FED6B
:10F78800986A41F6FF7CC7EE275A2DE9F0478E4666
:10F798000569012407EE901AF8EEE77A85EEA77A54
:10F7A80077EE057AFDEEE77A17EE903A6345A8BF43
:10F7B8006346012BB8BF012307EE903AF8EEE76ADB
:10F7C80076EEC76AC6EE877AF5EEC07AF1EE10FAE1
:10F7D80048BFF1EE677AF4EEC67AF1EE10FA03D874
:10F7E800B0EE676A8E461C4601312129D2D100212C
:10F7F800436902F40076A0F84A10B3F85AC08E4262
:10F80800A0F84C10B3F85860A0F84610A0F84810BB
:10F8180080F84410816BDF68A1EB0606A1EB0C01B0
:10F82800C0E90F6139681E6941EA0601396014BFF1
:10F8380001210021817640F0AC80017E694E03EB06
:10F848000118DFF8C09198F81470D8F81CA006EBDE
:10F858000717B968C1F800907968D8F818700F6070
:10F86800BAF1000F03D0D8F82010CAF80010477E6C
:10F87800D92103EB071898F834C006EB0C1CDCF808
:10F8880008703960DCF80410D8F838700F60417ED1
:10F8980003EB0111CF6B0FB1096C39600EF1FF3129
:10F8A800BEF1080F4FEA0161CCBF4FF0000E4FF0D8
:10F8B800010E01F0F85144EA4E4421435C68296185
:10F8C800597801F110030021E960474941F82340C4
:10F8D80041694FF0010E454C02F0030C4F7891F846
:10F8E8005610434B39554FF002174469617803EBC2
:10F8F800511301F01F019B000EFA01F11960EF622C
:10F90800AB6A43F08803AB6253073ED44CF47013E0
:10F9180002F00F01042908BF43F0804397062ED553
:10F92800817E43F0805300293AD11607AB6103D595
:10F938002B6943F000532B616B69D10623F0805388
:10F9480048BF43F080536B61D30503D52B6943F45B
:10F9580000532B61A36883B1264E3478002C3AD02B
:10F96800611E254DC9B22B1F05EB810101E09942AB
:10F9780025D053F8042F9042F9D1BDE8F087817E55
:10F988000029D2D043F0A003CFE71C4B4CEA030375
:10F99800BEE7477E4FF2D901124E03EB07186AE71C
:10F9A800417E43F0A00304EB011191F8341006EBFB
:10F9B8000116B668316821F440413160B5E7631C2F
:10F9C800DBB20F4A3370137845F8240043F0020382
:10F9D8001370BDE8F0870123074DF2E7001BB74B12
:10F9E800EC78AD60BC8A002000A4002000E400E0B0
:10F9F800403800384BC30120A8BD012010003C004E
:10FA08005EC3012038F00100EFF31380B8B9EFF3BB
:10FA180010834BB9EFF305823AB94FF48073EFF3D3
:10FA2800118050B1984208D270470F2AF7D9054B78
:10FA38009B5CEFF311800028F4D1184670474FF013
:10FA4800FF30F1E7F0E300E010B4416299B1036BD5
:10FA58001A44446900218263B4F85830B4F85A4013
:10FA6800D31AA0F84A10121BA0F84C105DF8044BEA
:10FA7800C0E90F327047026BEBE700BF816241B10A
:10FA8800C36A1A4400234263A0F84630A0F84830FD
:10FA98007047C26AF6E700BF036D2DE9F0410446DE
:10FAA8000F46066913B1426DC3F88420A37E2BB1BB
:10FAB80072B6B36943F00053B36162B6B4F8465006
:10FAC800636BADB20135AB424CD84FF000084546E8
:10FAD800B4F848309BB29D4219D028E073691B02E4
:10FAE80010D5B4F84830626B9BB201339A4236D9CC
:10FAF8009AB2E16A99422DD9E169CB5CDBB2F36134
:10FB0800A4F84820B4F848309BB2AB420FD1FFF7B5
:10FB18007BFF6369B3F856308342DFDAFF28F1DDF3
:10FB280002F0FEFEB4F848309BB2AB42EFD0E36A75
:10FB3800AB421AD9FFB2E3695F5572B6012084F867
:10FB48004400A4F84680B36943F40003B36162B685
:10FB5800BDE8F0815B1AA16ACB5CDBB2CFE700227B
:10FB68001346C6E71FFA85F8B2E7ED1AFFB2A36A93
:10FB78005F55E2E7FFF790BF0269536913F4401F2E
:10FB880070B543D0D36A13F0E06FC3F3026E3AD076
:10FB9800B0F84A50B0F84C60ADB2B6B207E0016AAE
:10FBA80001F803C00EF1FF3313F0FF0E1DD0D16929
:10FBB8006B1C846BB0F84CC0C1F309019C4298BF20
:10FBC80000231FFA8CFC9C45ECD0046B5FFA81FC87
:10FBD8001D469C42A3EB0404E1D8436A03F804C021
:10FBE8000EF1FF3313F0FF0EE1D1ABB2A0F84A30AB
:10FBF800836D43B1B54254D3AD1B016CA94202D801
:10FC0800C16DC3F884105369D90245D4966933028B
:10FC180028D553691D0225D5B0F84650B0F84830AC
:10FC2800ADB29BB206E0C169C95CC9B2D161D16A03
:10FC38004C0512D4AB4238D0446B0133C16A9C42A4
:10FC480098BF00239942A3EB0104ECD8816A095DAF
:10FC5800C9B2D161D16A4C05ECD599B2AB42A0F8D2
:10FC6800481025D0710216D553695B0213D50021BF
:10FC7800036D80F8441013B1416DC3F88810837E7A
:10FC88002BB172B6936923F00053936162B69369FE
:10FC980023F48003936170BD536943F48013536167
:10FCA800B4E7816B891B0D44A7E79BB2A0F84830E5
:10FCB800936923F400039361936943F48003936188
:10FCC800D0E700BF0148FFF757BF00BF909500205D
:10FCD8000148FFF751BF00BFF09500200148FFF72A
:10FCE8004BBF00BF50960020012A70B508BF0A22FA
:10FCF8008AB091B34FF0210E01E05FFA86FE0EF153
:10FD0800FF36B1FBF2F502FB15145FFA84FC092CEF
:10FD18000CF137040CF1300C98BF5FFA8CF40EF13B
:10FD2800280C88BFE4B29142EC4429460CF8244CD4
:10FD3800E3D24BB10EF1FF3E2D225FFA8EFE0EF19B
:10FD480028036B4403F8242C036801A9CEF122028E
:10FD58005B68714498470AB070BD30224FF0210E9D
:10FD68008DF82520E5E700BF2DE9F0410C46D1B11B
:10FD7800EAB180468E1800250E4F04E002F03CFDE3
:10FD8800B44205440CD0D8F8003014F8010B1B68B5
:10FD9800BB42F3D0014640469847B4420544F2D1ED
:10FDA8002846BDE8F0810D462846BDE8F081154695
:10FDB800F6E700BFC5AE00002DE9F0418C688AB0B7
:10FDC800DCB10025884606462F462B46212201A98C
:10FDD800404600F01BFC202C2246336828BF202216
:10FDE80001A930465B68A41A154498470744002CBB
:10FDF800EBD138460AB0BDE8F081274638460AB04C
:10FE0800BDE8F081002903DB00230A22FFF76CBF5D
:10FE180049422D230A22FFF767BF00BF00B50368D8
:10FE280083B040F60D2C022201A95B68ADF804C02E
:10FE3800984703B05DF804FB054B022888BF0346CA
:10FE480010B41C68184663685DF8044B184700BF77
:10FE5800809500205AB90368C9B2074A1B689342C3
:10FE680000B506D108465DF804EB02F0C5BCFFF703
:10FE78003BBF5DF804EB1847C5AE00002DE9F04321
:10FE880093B09DF868709DF86C90012F44D91C467A
:10FE98008046154652EA040339D0412601E05FFA4C
:10FEA8008CF6214628463A46002307F041FC5FFAC3
:10FEB80082FC06F14802BCF1090F0CF137030CF182
:10FEC800300C6A44DBB298BF5FFA8CF3BD4206F18E
:10FED800FF3C054674F1000402F8443C0C46DED2AF
:10FEE800B9F1000F07D0013E2D22F6B206F1480302
:10FEF8006B4403F8442CD8F8003001A9C6F142023B
:10FF080040465B683144984713B0BDE8F08330231E
:10FF180041268DF84530E3E7002013B0BDE8F083B3
:10FF2800B3F1000C10B582B007DB0A210024CDE93B
:10FF38000014FFF7A3FF02B010BD52424FF00A01B0
:10FF48004FF001046CEB4C03CDE90014FFF796FF6A
:10FF580002B010BD00000000B4EE400B70B5F1EE29
:10FF680010FA05462DED028B86B07CD6B0EEC07B2C
:10FF78009FED476BB4EE467BF1EE10FA6BDC9FED1C
:10FF8800467BB4EEC70BF1EE10FA5ADC9FED447BCA
:10FF9800B4EEC70BF1EE10FA53D4B5EEC00B0C4615
:10FFA800F1EE10FA5BD40023B6EE007B002C5ED095
:10FFB8004FF0000C9FED3C6B0CF1010C27EE067B1B
:10FFC8005FFA8CF2A242F7D330EE070B0A222846DA
:10FFD800FCEEC07BB8EE678B17EE901A30EE488BBC
:10FFE800FFF782FE0F2C4FF02E03B2EE046B06468D
:08FFF80028BF0F248DF808302A
:02000004600199
:100000000DF1090302AA611E53FA81F128EE060BD5
:10001000FCEEC07BCDED017A9DF8043007EE903AFE
:100020003033B8EEE78B02F8013F914230EE488B57
:10003000ECD12B68013402A928465B68E2B29847EC
:10004000304606B0BDEC028B70BD2B6803221A4906
:100050005B6806B0BDEC028BBDE8704018470368D2
:1000600003221649F4E7B1EE400B0123A0E7036831
:1000700003221349ECE730EE070B0A222846FCEE78
:10008000C07B17EE901A06B0BDEC028BBDE8704045
:10009000FFF72EBEAFF30080FFFFFFFFFFFFEF7FF4
:1000A000000000E0FFFFEF41000000E0FFFFEFC1B4
:1000B0009A9999999999B93F940C0020900C002035
:1000C0008C0C00202DE9F84F00278B468146924684
:1000D000394603F1FF38174C174E00F0DBF825685E
:1000E0000BE002F07DFB002810DA02F01DFC236813
:1000F000DBF808205B1B934215D2DBF800305B690C
:10010000B342EED0584698470028EEDB08D082452F
:1001100006D00137C1B2484600F02EFA4745DED975
:100120004846BDE8F88F012348468BF80C30BDE8FF
:10013000F88F00BF14C30120F1A000004D4A2DE943
:10014000F047A2FB004340F26D1A4B4F5B09DFF80A
:100150003881DFF83891A2FB0342C3EB0314520944
:10016000A0EB8400454CC2EB02150870A3EB85039D
:10017000A4FB025424094B70414B251D04EB4400A1
:10018000A2EBC002A3FB050300208A70EA1A03EB6E
:10019000520302469B08C3EBC303ED1ACD705FFA0E
:1001A00080FE40F26D1C0EF2B27313F0030507FBE4
:1001B00003F608D1B8EBB60F4FF4B77C03D3B9EB15
:1001C000361F38BFD446624401309442E7D20EF164
:1001D000460E2C4E81F806E0A6FB030685B3770990
:1001E0004FF0640C4FF4C870F6090CFB173700FB96
:1001F000163640F26D10A41A00230122DFF890E0B9
:1002000020440AE013F80E4084420ED80C2AA0EBDA
:1002100004000BD001320133D2B2012B5FFA83FC10
:10022000F0D145B9CFB11D2406E0624601304A71D4
:100230000871BDE8F0871C24A04218D3001BE9E731
:1002400064207709F60900FB17374FF4C87000FBEC
:1002500016363FB14FF4B770CDE7002E14BF1C2403
:100260001D24E9E7002EC4D14FF4B770C3E7012283
:10027000DCE700BF89888888295C8FC2ABAAAAAA5C
:10028000254992241F85EB51285C8F020AD7A300D1
:10029000C0080020F8B500260446C0E90066866064
:1002A00029B108460D460BF05FFB074608B920460A
:1002B000F8BD013007F0E8FB0028F8D029460670A9
:1002C0002060C4E901770BF0ADFA2046F8BD00BF0D
:1002D000F8B588424FF0000504468560C0E9005536
:1002E00002D08E680F680EB92046F8BD701C07F06A
:1002F000CBFB0028F8D0394605702060C4E90166C0
:100300000BF090FA2046F8BD00238842C0E9003384
:1003100083600CD010B4D1E90042C1E90033C0E9D8
:1003200000428A685DF8044B8B60826070477047BA
:1003300030B50446002583B002202560A5608DF805
:1003400005508DF8041007F09FFB50B1012201A960
:1003500020600570C4E901220BF064FA204603B066
:1003600030BD6060204603B030BD00BF10B504460C
:10037000006807F091FB204610BD00BFF8B50446A9
:10038000154632B9036803B11A7000232046A360F2
:10039000F8BD43680E469A421CD9511C006807F00C
:1003A0003FFE074660B1A368C4E900050BB90370BE
:1003B000276831463846A5600BF034FA2046F8BD70
:1003C000206810B107F068FB276000232046C4E9CD
:1003D0000133F8BD07683146A56038460BF022FAB4
:1003E000ECE700BF10B500238AB00446084601A917
:1003F000A360C4E9003307F031FB01A80BF0B4FAA5
:1004000001A902462046FFF7B9FF20460AB010BDF9
:1004100010B500238AB00446084601A9A360C4E9C8
:10042000003309F0DBF801A80BF09EFA01A902469F
:100430002046FFF7A3FF20460AB010BD30B50023C9
:1004400004468BB0881CA3606A46C4E9003300F000
:10045000B9FD054648B10BF087FA29460246204609
:10046000FFF78CFF20460BB030BDA06020460BB0DC
:1004700030BD00BF814203D08A680968FFF77EBFA4
:10048000704700BF884238B505460ED000680C465C
:1004900008B107F001FBA0680023D4E90012A860AE
:1004A000C5E90012C4E90033A360284638BD00BF87
:1004B00038B505460C4649B108460BF055FA2146B9
:1004C00002462846FFF75AFF284638BD2846A9604D
:1004D00038BD00BF2DE9F843044600680D461646B6
:1004E0008842A36809D8C218914206D20F1A4FF069
:1004F000010936B92046BDE8F8834FF00009002E07
:10050000F8D003EB0608626890450CD908F10101A8
:1005100007F086FD0028EDD0A368C4E9000813B9F0
:1005200003702068A368B9F1000F08D12946184468
:100530000BF078F92046C4F80880BDE8F88332460D
:10054000C119184400F06EFC2368002203F808204B
:10055000F0E700BF8A680968FFF7BCBF38B50546F9
:1005600041B10C4608460BF0FFF9024621462846E9
:10057000FFF7B0FF284638BD10B582B0002304460F
:1005800001228DF8041001A98DF80530FFF7A2FFB4
:10059000204602B010BD00BF10B588B0044602214D
:1005A00004206A4600F00EFD68460BF0DDF969464E
:1005B00002462046FFF78EFF204608B010BD00BF60
:1005C00010B504468A680968FFF784FF204610BD0D
:1005D00038B5054641B10C4608460BF0C5F9024650
:1005E00021462846FFF776FF284638BD8A6808B5B9
:1005F0008368934209D3006830B1096839B109F0C2
:10060000ABFAB0FA80F0400908BD002008BD0846EA
:1006100008BD00BFC2B170B5B1FA81F60C467609CB
:1006200019B185689D4201D80E7070BDED1A02F1B6
:10063000FF3C016820466545194428BF65462A46A7
:1006400009F0D0FA665570BD704700BF83689342C9
:1006500007D910B50468A01809F018FA20B1001BDA
:1006600010BD4FF0FF3070474FF0FF3010BD00BF9E
:10067000836843B1096810B50468204609F07EFC20
:1006800020B1001B10BD4FF0FF3070474FF0FF301E
:1006900010BD00BF9A422DE9F04105460E4602D931
:1006A00011461A460B460021A960B7689742C5E972
:1006B000001114D39F4228BF1F46336813F80780E8
:1006C000D95533689C180DD020460BF04DF92146C2
:1006D00002462846FFF752FE336803F80780284693
:1006E000BDE8F081AC60F8E72DE9F0410768064607
:1006F000E7B18468D4B1B846454618F8010B07F055
:1007000099F90028F8D1013C3C4402E0A54205D803
:10071000013C207807F08EF90028F7D1621CAF4227
:10072000A2EB0502B26004D30023BB543046BDE8FF
:10073000F0813846294600F075FB3768B268F3E768
:10074000006808B107F086B9704700BF006810B1B3
:10075000002108F0F1BD9FED010A70470000000084
:100760002A2849D8F8B5254F04463B78E3B9244BED
:100770001B5DFF2B29D0234A02EB041291680A6803
:1007800002F44050B0F5805F30D01C061FD41E4CE0
:100790002360236AD80704D402F0C6F8236AD90775
:1007A000FAD5194B586AF8BD174D184E01E002F002
:1007B000BBF8AB6C1B06FAD4B36C13F08003F6D114
:1007C0003B700F4B1B5DFF2BD5D10020F8BD0F4CAC
:1007D00003F07F032360236ADA0704D402F0A4F84D
:1007E000236ADB07FAD5094B586AF8BD22F4805218
:1007F0001C060A60EBD4CAE7002070474EC30120F4
:10080000F48E0020BC8A002000400C4000800C4088
:10081000082830B422D00A280CBF4FF405714FF4D9
:100820004671104C104D636C626C2B400F4802F007
:1008300003021A43636C03F0E00313430B43636446
:10084000436C426C2B4002F003021A43436C03F0EA
:10085000E0031343194330BC416470474FF44071C7
:10086000DFE700BF00400C4000FCFFFF00800C40B1
:1008700010B41F4C1F281F49A36C23F02003A3644E
:10088000626C8B6C22F4404223F020038B644B6C2F
:1008900023F4404312D942F4404243F4404362649B
:1008A0004B641349134A8B6C5DF8044B43F02003EF
:1008B0008B64936C43F02003936470470F2808D92E
:1008C00042F4004243F4004309480A4942644B643D
:1008D000E7E7072804D942F4804243F48043F3E772
:1008E000032862644B64DCD85DF8044B704700BF9A
:1008F00000400C4000800C40A249A34B88422DE9E7
:10090000F047A24C5E699A69D4F80C801BD9A04BC1
:10091000984240F20281C31A9E491B0AA1FB0313AD
:1009200040F22761DB0903EB830303EB830303F24C
:10093000E2438B4228BF0B46A3F54877964BA3FBB7
:100940000737FF0804E0954FB8428CBF0E270627F3
:100950008D4908F01F09D1F88030B94543F0C00334
:10096000C1F880300CD228F01F08A1F5F82148EA20
:100970000708C1F80C800B68002BFCDA08F01F098F
:1009800016F0007324D186490C698649A14300F012
:10099000EA8082F4805134464FF4805514F0605F51
:1009A00004D026F060561E43774B5E6111F4405F21
:1009B00007D022F4405274492A438A618B6C1A078B
:1009C000FCD446F00076704A5661936C9B06FCD4CA
:1009D000754CA04200F2CE804FF0010C01466346F8
:1009E00003FB011203F1010E0CF10105A24218D81C
:1009F000BEF1080F4FF0010340F08D80BCF1040FF1
:100A000000F291800A18A24200F2A48005FB00F1D6
:100A1000AC4603F1010E03FB01120CF10105A242E9
:100A2000E6D90CF1FF318C0286EA81215F4810443F
:100A30005F4A90427FD9DFF8A4A16C225D48584DEF
:100A4000B0FBFEF0D5F800E0B0FBFCF0DFF890C1A1
:100A50000EEA0C0CD44509D042F400524FF4805CED
:100A6000C5F800C02A602A68002AFCDA464A1569DF
:100A700005F007059D4203D01361936CDD03FCD4A0
:100A800011F4E05F09D026F4E05604F4E0543E4A45
:100A900026435661936C9907FCD44749474A014461
:100AA00091423CD8464BC909A3FB0131090B4B1EAF
:100AB0001B0286EA030212F4407F06D026F4407639
:100AC00003F44073304A334353612F4A536923F090
:100AD00000735361936C9B06FCD43A4B4F45A3FBC8
:100AE00000234FF0FF324FEA9343B0FBF1F1B2FB2A
:100AF000F3F3354A1060354A1160354A136008D265
:100B000028F01F08214A48EA0707D7601368002B1E
:100B1000FCDABDE8F087734662E7122718E74FF466
:100B200040730421C5E70CF1FF31204807238C02F4
:100B3000104486EA8121274ADFF8A8A0A2FB002002
:100B4000020D2548362A38BF362202FB00F042EA61
:100B50000A0A74E74FEA8C24002386EA8C214FF0BE
:100B6000010EAC4662E71D4686F0C05411464FF0B8
:100B7000C05313E700244FF0010C024631462346D0
:100B8000E64653E700A4781F00C00F40000008406D
:100B90000046C32323B24C001F85EB5100366E0183
:100BA00000800D4040300080FFB19F26808D5B00AB
:100BB000FF7EF64D00643F4D7FD1F0087F17B42CC7
:100BC0009F10E50083DE1B432C9500202895002014
:100BD0008CC20120819F5E16001BB7006C20008034
:100BE0007F3001800020008000B970472DE9F84F68
:100BF00001218146214C224D224E54E8003F2A68B3
:100C0000306844E80013002BF7D11F494B684FF4BC
:100C10007A7BDFF878A01B1A01270BFB02F8DAF8C1
:100C20000020A3FB02325A4594BF9044D84454E8B4
:100C3000003F2A68306844E80073002BF7D14B6806
:100C4000DAF800C01B1A0BFB02F2A3FB0C3CBCF54C
:100C50007A7F94BF624402F57A72A2EB0802B2F581
:100C60007A7F06D3B9F1010908F57A78DFD1BDE8BA
:100C7000F88F01F059FE0449D9E700BF18C30120DD
:100C800014C3012010C30120001000E08CC2012019
:100C900030B40F4B4FF0010C0E4D0F4C53E8002FAA
:100CA0002868216843E800C2002AF7D10B4B5B6833
:100CB0000B4A5B1A4FF47A71126801FB00F0A3FB38
:100CC000023230BC8A4294BF80184018704700BF7F
:100CD00018C3012014C3012010C30120001000E03C
:100CE0008CC20120362816D80201104B03EB0010ED
:100CF0009B5810B4C2685C68144205D061B95DF8B5
:100D0000044BC3F888207047836851B1084A5DF8E6
:100D1000044B1A60704770475DF8044BC3F8842099
:100D20007047044A5DF8044B1A607047BC8A002083
:100D300038F001003830010036280BD8064B02018C
:100D400003EB00109A58C36892681A4214BF01203E
:100D50000020704700207047BC8A0020362829D820
:100D6000164B0201012903EB00109A5810B4536886
:100D7000C4680ED004290CD023EA040353608368AE
:100D8000A9B1022917D003290CBF0D4A0D4A1A60D8
:100D900007E0234301295360836808D040F63802F6
:100DA0001A60436815225DF8044B1A6070473822B8
:100DB0001A60F6E77047044A1A60F2E7BC8A00201E
:100DC000383001003800010038F0010070B50E4CD9
:100DD0004FF6FF7E0D4E04F17E05A6F580530021EF
:100DE00002E0B34281B204D21A88481C0233724531
:100DF000F7D124F8021FAC4206F58056EDD1044B22
:100E000001221A7070BD00BF8EC2012000107C60EC
:100E100050C3012008B5F2F7E9FDF2F7B3FD01F088
:100E200083FDFAE7844641EA000313F003036DD122
:100E3000403A41D351F8043B40F8043B51F8043B9D
:100E400040F8043B51F8043B40F8043B51F8043BA4
:100E500040F8043B51F8043B40F8043B51F8043B94
:100E600040F8043B51F8043B40F8043B51F8043B84
:100E700040F8043B51F8043B40F8043B51F8043B74
:100E800040F8043B51F8043B40F8043B51F8043B64
:100E900040F8043B51F8043B40F8043B51F8043B54
:100EA00040F8043B51F8043B40F8043B51F8043B44
:100EB00040F8043B403ABDD2303211D351F8043BE4
:100EC00040F8043B51F8043B40F8043B51F8043B24
:100ED00040F8043B51F8043B40F8043B103AEDD293
:100EE0000C3205D351F8043B40F8043B043AF9D2E4
:100EF000043208D0D2071CBF11F8013B00F8013BB7
:100F000001D30B8803806046704700BF082A13D3C3
:100F10008B078DD010F003038AD0C3F10403D21ADB
:100F2000DB071CBF11F8013B00F8013B80D331F80F
:100F3000023B20F8023B7BE7043AD9D3013A11F88F
:100F4000013B00F8013BF9D20B7803704B784370FA
:100F50008B7883706046704706F096BD06F09CBDA6
:100F600001F1FF3C70B56646002400E00134B0FB9F
:100F7000F2F502FB1503092B03F1370E03F13003E1
:100F80005FFA8EFE98BF5FFA83FE9042284606F80D
:100F900001EFEBD2631C0022C818CA547CB1624630
:100FA0001CF8015F10F8016DA1EB0C0302328CF804
:100FB0000060013B521A057023449A42EFDB084659
:100FC00070BD00BFB4EE400A2DE9F04FF1EE10FA0B
:100FD000164680EAE07207462DED028BA2EBE07226
:100FE000B0EE408A85B080F14881F0EEC07A9FED86
:100FF000C57AF4EE477AF1EE10FA29DDB5EEC00AB3
:10100000F1EE10FA00F1ED80032A40F39180032302
:10101000002FA2EB0302C0F28580B5EEC08AF1EE8C
:1010200010FA00F16A8149214E234620F41C3170E8
:10103000B070737022B120462021144408F0D4FC13
:1010400000232046237005B0BDEC028BBDE8F08F75
:1010500089460D4602AA01A948460AF039FADDF888
:1010600004A0044659EA0A0372D101230278A64C6F
:101070009A460193A54BD046342A88BF1C46029B52
:10108000002B7DD008F10108A7EB080B06EB080543
:10109000BBF1000F40F3A1805A46202130465D4449
:1010A00008F0A2FC06EB0B032D2203F8012BBAF18A
:1010B000000F77D1B9F1000F06D01A46302102F89F
:1010C000021B2E2159701346AB421FD2A44619466B
:1010D0001CF8012B01F8012BA94218D0019C2E20ED
:1010E000013C0BE058700233013CAB4219460DD273
:1010F0001CF8012B01F8012BA94208D00194002C07
:10110000F0D00B46013CAB421946F1D31D46002FEF
:101110006BDB3446002320462B7005B0BDEC028B00
:10112000BDE8F08F22B130462021164408F05CFC67
:10113000B5EEC08AF1EE10FA40F1BD802D214922B2
:101140004E234620341D3170F0707270B37077E713
:10115000CAF10003994557DA4FF00108C9F1000AB6
:10116000694CC2454046CDF804A0B8BF08F101085B
:10117000BAF1000F52D1029B08F10108002B81D176
:10118000A7EB080B06EB0805BBF1000F27DD5A465D
:10119000202130465D4408F027FC06EB0B03BAF132
:1011A000000F87D0BAF1000F8EDAB9F1000F8BD0A3
:1011B00018462E22302100F8021B5A700246534670
:1011C000013302F8011BFBD1BAF1000F0193CAF100
:1011D0000003A8BF0123034476E7334664E73346A0
:1011E00065E7042AAADD042312E7B844B8F1000F2A
:1011F0006FEA08028DDA22EAE272202128460132E3
:10120000154408F0F1FB84E70AF0AEFB8046C245C6
:10121000B8BF08F10108BAF1000FACD0BAF1000F65
:10122000BFF62DAFB9F1000F3FF429AF0AEB090368
:1012300009F102088342BFF422AFB9F1000F05DDC6
:10124000F2EE047A013D28EE278AFBD102AAB0EE25
:10125000480A284603A90AF03BF9DDF804A0039BDD
:1012600009F101020446A3EB0A0393427FF407AF9E
:101270000AF1010ACDF804A001E7B5EEC00AF1EECB
:1012800010FA4CBF04230323934222DA0028A2EB76
:10129000030218DB10EE103A002B02DA2D2306F8B9
:1012A000013B4E234121F41C33707170B370002A4E
:1012B0007FF4C1AEC4E649214E224623F41C3170AE
:1012C0007270B370BCE622B130462021164408F09B
:1012D0008BFB18EE103A002B4FF04E0305DB41223A
:1012E000F41C33707270B370AAE62D214122341DB4
:1012F00073703170B270F370A2E62D2306F8013BD3
:1013000091E600BFFFFF7F7FC01700202C8E0020DA
:101310004FF0010C0CFA01FC01EB410100EB411113
:1013200070B5B1F80EE01FFA8CF5254C1FFA8EFE51
:1013300024782E010EFB033306F0F006E340B0F8EC
:1013400088417345A4B228BF73463443012AA0F8EC
:1013500088410DD0022A28D0C2B10CF00F02B0F89B
:1013600088C11FFA8CFC4CEA020CA0F888C170BD41
:101370009BB20CF00F022D02CB82B0F8803105F445
:1013800070659BB22B43A0F88031E8E7AEEB030E0B
:101390000CF00F021FFA8EFEA1F80AE0B0F88031BF
:1013A0009BB21343A0F88031D9E79BB20CF00F0237
:1013B000CB83B0F880319BB21E43A0F88061CEE7AA
:1013C00093A1002036284BD8F8B52A4D044615F8CD
:1013D000202005EB8005012A2DD0022A3FD16B7811
:1013E000C3F3011003283ED0234A02EB803203F0FE
:1013F000030C224889B2634602EB4C1C0678BCF809
:1014000006E05801BCF810301FFA8EFECEF1011E26
:101410001EFA83F303F1FF3E0EFB01F1F1408E450E
:1014200023D95B1AC3F101039BB289B20244ACF821
:10143000063011820DE06A78C2F30113032B10D03D
:101440000F4800EB83308BB202F00301AA78FFF75C
:101450005FFF0C4BEA7803EB04135B681A60F8BD7E
:1014600070470948EFE7094AC1E7991E4FF6FF7335
:10147000DBE700BF208F002000C01D4093A10020AB
:1014800000C03D40BC8A002000803E4000801E40DD
:1014900000230F2248F2B82C194610B54FF47044BF
:1014A0004FF4806EA0F88C414FF46044A0F88E2178
:1014B0000A46A0F89031B0F888319BB243F0F003AF
:1014C000A0F8883101EB4103013100EB43130429FB
:1014D0009C80A3F806E05A841A865A805A81A3F8A1
:1014E0000EC05A82DA825A83DA83EBD1B0F888319F
:1014F0009BB243F00F03A0F88831B0F888319BB25B
:1015000043F47063A0F8883110BD00BF374B384AF0
:10151000996F384841F47F0170B5996741F201062F
:10152000D3F8801045F6C05543F226040A43C3F8A9
:101530008020FFF7ADFF00F58040FFF7A9FF00F521
:101540008040FFF7A5FF00F58040FFF7A1FF0022D4
:10155000A0F503104FF00F0E114600EB42134FEAB7
:10156000421C01329981042A5981A3F80EE09E821F
:10157000DD8020F80C1019829C81EED100221E48DB
:101580004FF00F0E41F20106114645F6C05543F2E9
:10159000260400EB42134FEA421C01329981042ACF
:1015A0005981A3F80EE09E82DD8020F80C1019828C
:1015B0009C81EED1002211480F2641F2010511460F
:1015C00045F6C05443F2260E00EB42134FEA421C8C
:1015D00001329981042A5981DE819D82DC8020F8C4
:1015E0000C101982A3F80CE0EED170BD00C00F40C2
:1015F000000003FC00C03D4000001E4000401E40B3
:10160000074A506A936A19468446506A936A994217
:10161000F9D18445F7D1DB0B43EA4040704700BF66
:1016200000400D4072B6EFF30583524CC4F884308D
:101630001EF0040F0CBFEFF30882EFF309824FF0A6
:10164000E0234D4E4D4DD3F8280DD3F82C1DC4E9A1
:101650002201D3F8341DD3F8383DC4E9241393692B
:10166000C4F89830D369C4F89C3000F0D3F884ED06
:10167000280AFFF7C5FF0B214FF0FF32C4F8A40082
:101680000B46C4F880103E49301D5A40202402F019
:101690000103013C01FB03F383EA5202F7D1A842A4
:1016A00002D073680646EFE7324BC3F8A820BFF3B9
:1016B0004F8F4FF0E0233049324AC3F8701FC3F810
:1016C000702FBFF34F8FBFF36F8F2F4A02252F4824
:1016D000D36E2F4943F44053D3660560D3692D4838
:1016E00023F07F0343F04003D3610B6883423DD86E
:1016F000264D00214FF0E0234FF0FF3229600126F4
:10170000C5F808112449C5F80011C5F80861C3F8E7
:101710008021C3F88421C3F88821C3F88C21C3F841
:10172000902101E000F068F9D5F80C31002BF9D0D8
:101730000134C5F80C614F2CF4D9184B022018491C
:101740004FF00042C1F840015A63D5F80C313BB963
:10175000144815490D4A0163D2F80C31002BFAD018
:101760004FF0E023114AC3F80C2DFEE7FFF7C4F851
:10177000BEE700BF00FF272080FF2720A8FF27200B
:101780002083B8EDA0FF272000C00F400040084094
:101790002C950020803DCD0B009F240000900D4033
:1017A00000002E4000800F40F100AD0B0400FA0550
:1017B0000A490A6838B108B513180948834204D8A1
:1017C00010460B6008BD1046704709F0AFFE0C23B1
:1017D0004FF0FF320360104608BD00BF409B002061
:1017E00000002820002070474FF0FF30704700BFF6
:1017F0004FF4005300204B60704700BF012070473A
:101800004FF0FF30704700BF30BFFDE730BFFDE74E
:10181000FFF708BF124AD2F880305B07FBD5D2F839
:1018200080301048C3F30B230F4990ED007A07EE88
:10183000903A91ED006AB8EE477A0C4AF8EEE77AF2
:101840000B4BD2ED006A77EEC77A93ED007AB8EED3
:10185000477A67EE867A87EEA60A37EE400A704727
:1018600000810D407CC2012084C2012088C2012079
:1018700080C20120836BF0B41BB1536843F4004372
:10188000536072B6446B3CB31A4B2260D3F8B0413C
:101890000C421DD1184E776804E07468E41BB4F55F
:1018A000166F0BD2D3F8404144F48044C3F8404152
:1018B000D3F8B851D3F840416404EED50D4007D1B8
:1018C0000C4CC0E90225D4F8B0310B43C4F8B03158
:1018D000426362B6F0BC7047064DC0E90224D5F8F9
:1018E000B0310B43C5F8B0310263426362B6F0BC5D
:1018F000704700BF00002E40001000E070B5056B7F
:101900009DB106462A46002403E012680134012AEC
:101910000CD0536813F08003F7D032632CB1284603
:10192000B36B2D689847013CF9D170BDC6E90C3303
:10193000F4E700BF30B4D9B91F4C204B0021204A36
:1019400001254FF0011099601D60C4E90231802427
:101950005C60C2F8BC01D2F8B0311A482B43C2F81F
:10196000B0310160D2F8B031002BFBD130BC7047F0
:101970000904154B104C012541F080019860104A74
:10198000596000F580511D60D96000F50051A364D5
:10199000196100F5405100F58040596100219861BE
:1019A000E164D2F8B03143F48033C2F8B031D2F8F8
:1019B000B031002BFBD1C0E700000020C0A6002002
:1019C00000002E401CC10120E0A600200849012291
:1019D0000B7802FA00F023EA0000087030B9054ADB
:1019E000D2F8483123F08003C2F84831704700BF75
:1019F00055C3012000002E402DE9F04F974C83B0D5
:101A0000D4F84471FB07C4F8447153D5D4F8AC2121
:101A1000002A4AD0924EDFF860A2DFF87492DFF815
:101A200074B2DFF87482C4F8AC21D6E90A20D4F885
:101A3000403143F40053C4F84031D4F840319D04A0
:101A4000F5D5D4F8403123F40053C4F840314FF0B9
:101A50000113C4F8B431D4F8B45115F00115FAD11A
:101A600093B28446CAF80050B3F5086F00F0CF81F6
:101A700000F2DB8040F202318B4200F0E78100F29D
:101A80009A80822B00F0CB81B3F5817F40F08A8071
:101A900010F0780F83B200F003824FF00113C4F806
:101AA000C031D4F8AC21002ABDD16C4AD2F8BC3187
:101AB000002B42D17E0616D5684BD3F8AC21C3F873
:101AC000AC21D3F8BC21C3F8BC21D3F8B041002C21
:101AD000FBD14FF0FF32C3F8B421D3F8843100F0CA
:101AE00027FD604B1C60FC0103D55F4B1B6803B1F5
:101AF0009847B80103D55D4B1B6803B19847790738
:101B000008D5564BD3F8843113F4007347D0584BA3
:101B100001221A70514BD3F848311A060AD53B06F8
:101B200008D5544A13782BB1013BDBB21370002B5C
:101B300000F0728203B0BDE8F08F4F49C2F8BC31AB
:101B40000868034240F0D181464A14681C40B1D075
:101B50005FEA144810D0424E4FF0010998FAA8F5F8
:101B6000B5FA85F506EBC51009FA05F54030FFF723
:101B7000C5FE38EA0508F1D1A4B2002C9AD0384E3F
:101B80004FF0010894FAA4F5B5FA85F506EBC510F7
:101B900008FA05F5FFF7B2FEAC43F3D18AE7344A01
:101BA0001370B7E7802B7FF478AF344802210580AB
:101BB000FFF7C0FE75E7B3F5A06F00F00B81A3F54A
:101BC000D063012B3FF669AF2D4B5D68002D3FF4CC
:101BD00064AF1FFA8CFC4FEA124E04E01D690C330F
:101BE000002D3FF45AAF1A887245F7D15A886245E2
:101BF000F4D14FEA1E22032A00F0A5811A89000CB5
:101C0000824228BF0246BEF5007F40F0A181184BFA
:101C10001C4918781C4B0192002818BF19461B4814
:101C2000FFF700F9194D019AE1E142F221218B42BF
:101C30007CD033D942F221318B4200F081804FF6C3
:101C4000C0018B427FF429AF10F47F4F83B27FF441
:101C500024AF43F46E4363F30F0CB5E700002E404E
:101C60000000002020C1012028C301202CC3012036
:101C70005CC301205DC301201CC1012034C20120CE
:101C8000F492002054210060B82100600000202060
:101C900014C101205DCFC6B8C0012E40B3F5106F4E
:101CA00066D042F221018B427FF4F7AE030C072B82
:101CB0007FF4F3AEB24BB349F560D960B249B3607B
:101CC000C3F80890C1E9002001221A60AF4A5A60A7
:101CD000AF4A1A61D4F8B01141F00101C4F8B01153
:101CE00002F5805102F5005259619A61D4F8B03181
:101CF000002BFBD1A74AF36493600123B264136005
:101D000048F2800353604FF00113C4F8BC31D4F89B
:101D1000B03143F48033C4F8B0314FF48033CAF8A3
:101D20000030D4F8B031002BFBD1BAE680B238B91C
:101D3000994BC2F307421968984B1960984B1A7077
:101D4000944B00229A60F2640122B3641A608022EC
:101D50005A604FF00113C4F8BC31D4F8B03143F4E9
:101D60008033C4F8B031D4F8B031002BFBD198E601
:101D7000C2F307428B4B1A708B4BC4F8C8318B4BA4
:101D8000C4F8CC318A4BC4F8D03100F0D3FB8022A8
:101D90002946884807F028FE874B8022C6F8A0B065
:101DA000C6F8E0307B4BF5645A600122B3649D6055
:101DB0001A604FF00113C4F8BC31D4F8B03143F4C9
:101DC0008033C4F8B031CAF80050D4F8B031002BD9
:101DD000FBD166E66F4B0121F564196080219D609F
:101DE000B36459604FF00113C4F8BC31D4F8B0317A
:101DF00043F48033C4F8B031D4F8B031002BFBD1B8
:101E0000130C5B0643F08073C4F8543149E6654B0C
:101E100001216A481B780370FFF78CFD41E683B20D
:101E200010F078007FF439AE03F07F0258F82210EA
:101E3000624A1080180600F19E80CB0701D501236D
:101E4000137002215D48FFF775FD2AE610F0780F48
:101E500083B27FF422AE03F07F0213F0800F58F8B4
:101E6000223014BF43F4803343F0010348F822309A
:101E70000022484BF2649A600122B3641A60802207
:101E80005A604FF00113C4F8BC31D4F8B03143F4B8
:101E90008033C4F8B031D4F8B031002BFBD100E668
:101EA00003F07F0213F0800F58F8223014BF23F4A0
:101EB000803323F0010348F822300022354BF264CE
:101EC0009A600122B3641A6080225A604FF00113B5
:101ED000C4F8BC31D4F8B03143F48033C4F8B03125
:101EE000D4F8B031002BFBD1DBE500200860264997
:101EF0000C88486842F221018C427FF425AE80B202
:101F000000287FF421AE2E492E4C03C9A1808628DB
:101F10004FEA11412060A1717FF416AE72B62A48D3
:101F2000017841F008010170D2F848110D0605D47E
:101F300080200143C2F84401C2F8481162B6234A26
:101F40005021117000E6000C2A78824228BF024618
:101F5000BEF5E06F44D11E4B1E4D18781E491F4B35
:101F60000192002818BF19462846FEF75BFF072399
:101F70006B70019A3BE0C9033FF561AF61E700BFB9
:101F8000E0A6002014D1012080A8002080000700D6
:101F900014E10120C0A6002014C3012024C30120A5
:101FA0005AC301205BC301200200CC00C80002001C
:101FB0000200C800800000201993D57434C20120AB
:101FC00014C101201CC3012055C301205DC30120A1
:101FD0005CC3012000002020B82100605421006073
:101FE0002946104D01922846FEF71CFF019A25F064
:101FF0001F031544BFF34F8F4FF0E021C1F8703F2E
:1020000020339D42FAD8BFF34F8FBFF36F8F05483F
:102010001146FFF78FFC44E50320FFF7D7FC14F0CF
:102020000FFB00BF000020202DE9F0471F46831E54
:10203000022B01D9BDE8F087DFF84C9015460C461D
:102040003C2209EBC01806464FEAC01A002108F1ED
:102050000400240407F0C8FCB5FA85F201235209F4
:1020600044EA427449F80A40C8F83870C8F80830A1
:10207000002FDFD0034AB34011680B431360BDE863
:10208000F08700BF20C10120000000202DE9F047AB
:102090000D46811E022901D9BDE8F087C701DFF88E
:1020A0004C909246044640373C2200211E4609EBE4
:1020B00007082D0408F1040007F096FCBAFA8AF22A
:1020C000520945EA427249F807200122C8F83860EF
:1020D000C8F80820002EDFD0034B10341968A24046
:1020E0000A431A60BDE8F08720C1012000000020EB
:1020F00012048160C36101F5405342F0800210B4C4
:102100000124426001F50052046001F5805401F59C
:102110008041C46081615DF8044BC0E904237047CD
:10212000831E0A46022B00D97047064B00F11001AE
:102130004FF0010C03EBC0100CFA01F14030FFF737
:1021400099BB00BF00000020831E0A46022B00D965
:1021500070470121024B814003EBC010FFF78ABB9F
:102160000000002040687047124A134BD2F820024A
:1021700020F07F40984210B584B002D200EB80007E
:1021800040000E4C01A90A22FEF7EAFE01A9002335
:10219000204611F8012B01333AB10A2B20F8022F07
:1021A000F7D11623237004B010BD5B00DBB223709F
:1021B00004B010BD00441F40809698007CA1002010
:1021C00000F0D6BA00F066BB00F03CBB08461146F2
:1021D00000F02CBBF8B5144C4FF0E025134E4FF433
:1021E000003204EB4024124F06EB40160346C5F8BC
:1021F0008C2121463A883046FFF77AFF3B882344FA
:10220000BFF34F8FC5F85C4F2034A342FAD8BFF319
:102210004F8FBFF36F8F03203146FFF795FF4FF4C9
:102220000033C5F80C31F8BD8000202000A7002045
:102230003EC30120244B2DE9F0411C884368C56949
:10224000C3F30E43E41A002C24DD204920480A7809
:102250000078D3B21F4E82421F4807D010F8038087
:1022600036F81870C7F50072944218D9013300226D
:1022700026F81540082B194E88BF134626F815205E
:1022800098BFDAB2C554164B0A701A6814441C6021
:10229000BDE8F0812846BDE8F041FFF79BBF07EBA2
:1022A0004820104922462744084401EB4521FEF707
:1022B000B9FD0B4A284626F8187013682344BDE878
:1022C000F0411360FFF786BF3EC3012052C30120D7
:1022D00053C3012050C2012070C2012060C20120FE
:1022E0004CC20120800020201D4B1A78002A36D1D4
:1022F00002F0FF031B4A12788AB32DE9F0411A4D10
:102300002A8852B3194EC2F50068194F3278194C19
:1023100007EB421704EBC224424638462146FFF73A
:10232000E7FE04EB0802BFF34F8F4FF0E023C3F842
:10233000704F2034A242FAD8BFF34F8FBFF36F8F94
:1023400004203946FFF7ECFE33780133DBB2032B70
:1023500088BF0023337000232B80BDE8F0817047D5
:1023600059C301205BC3012040C3012058C3012091
:1023700000A80020801020202DE9F04F85B0CDE985
:102380000110002900F0BF800023604CDFF8988125
:10239000DFF898A15E4F009301235E4A23705E4BE5
:1023A0001978B8F8003002EB4119002B40F0A780F3
:1023B0001E461D469B464846FFF7D4FE10F080009F
:1023C00000F08C80BFF34F8F9AF8003084F800B093
:1023D00005B93E68002B7DD13B689B1B782B00F232
:1023E00087804E4B1B78002B74D000F09DFA0122A1
:1023F000B8F8003015462270002BDCD0464AC3F5F1
:10240000006011781A4600EBC120454DC9022844EE
:10241000019D954217D20393DDE901512A46FEF74B
:1024200001FD039B4FF040425B1BA8F800303D4B81
:10243000C3F88420BFF34F8F0098002328442370F3
:1024400005B0BDE8F08F364BCD180299FEF7EAFCD7
:1024500000234FF4006229464846FFF749FEBFF3C8
:102460004F8F05F1200205F50063934234BF01232D
:1024700040234FF0E02205EB4313C2F8705F203594
:10248000AB42FAD1BFF34F8FBFF36F8F04204946A1
:10249000FFF746FE204A13780133DBB2032B84BFDB
:1024A00000231D4A1370B8F80030019AD11A009A1F
:1024B0001A4401910092029A1A4400230292194A86
:1024C000A8F80030C2F88430BFF34F8F2370002982
:1024D0007FF462AF009805B0BDE8F08F4FF4006262
:1024E0000D4B8AF8000019781346A8F800208AE7F7
:1024F000012300988AF8003005B0BDE8F08F1A4635
:10250000C3F500607FE70198E5E700BF59C30120EC
:1025100014C3012000A8002058C301205BC3012080
:102520008010202000002E4040C3012057C301200E
:10253000704700BF2D4B002180222D4870B51B78BD
:1025400000242C4D8B422C4E0CBF40234FF40073C3
:102550002B80338007F048FA284A2146284B147014
:102560004FF4807227481C8007F03EFA264A10215B
:10257000264B0220C2E90044C2E90244244AC3E9CE
:1025800000441470234AC3E90244234B1C702346C1
:1025900014602246FFF77AFD2246318803201F4B44
:1025A000FFF742FD2346012229880420FFF76EFD34
:1025B00020460134FFF70EFE082CF9D1184B0021FC
:1025C0004A221848184C0460C3F88410C3F88020CD
:1025D000D3F84821154942F08072C3F8482121B14F
:1025E000134A137843F00103137070BD5CC30120DC
:1025F00000A8002042C301203EC3012058C301208F
:1026000040C3012000A7002050C2012060C2012069
:1026100052C301204CC2012053C301200D00010010
:1026200000002E4028C30120C1000100000000006E
:102630005EC301202DE9F04F4FF0E0234FF400324C
:10264000DFF8C8A083B0C3F88C218B469AF800400D
:1026500000294FD08046E4B20027DFF8B490264B23
:10266000ABEB070225491B78A34204F101043FD0DC
:10267000092C234B404628BF00241E5D39F816C0A4
:102680000CEB462319441F4B33F81650A5EB0C05F1
:10269000AA421CD20CEB462C18491B4C61440192F7
:1026A000FEF7C0FB216839F816505846019AA1EB95
:1026B0000B012A44394429F8162021604FF0E02309
:1026C0004FF40032C3F80C2103B0BDE8F08F2A4666
:1026D0002F44FEF7A7FB0C49E3B230460A68A84432
:1026E000521B0A608AF80030FFF774FDBB45B6D86C
:1026F0003846E3E70846E1E752C301208000202086
:1027000070C2012050C201204CC2012053C30120DD
:1027100060C201200B4B0C4A12781978D3B28A425E
:102720000DD0013309480A4A092B0A4928BF002362
:10273000C35C31F8131002EB4323585C70474FF031
:10274000FF30704752C3012053C3012070C20120E3
:102750008000202060C20120044B10B51C680CB121
:10276000204610BD00F0E0F8204610BD4CC201200C
:102770002DE9F84F144E154D33782A78934221D025
:10278000DCB2DFF85090DFF850B0DFF85080104F27
:102790000134082C5FFA84FA01D90024A24619F802
:1027A0000400DBF8003038F8102037F81010521A07
:1027B0009B1ACBF80030FFF70DFD86F800A02B78B0
:1027C000A342E5D1BDE8F88F53C3012052C30120D5
:1027D00060C2012070C201204CC2012050C2012001
:1027E00000B583B001210DF10700FFF723FF20B1F1
:1027F0009DF8070003B05DF804FB4FF0FF30F9E7E8
:10280000094B00B583B01B788DF807003BB101215F
:102810000DF10700FFF7B0FD03B05DF804FB03F016
:10282000FF0003B05DF804FB5BC30120044B1B7881
:1028300003F0FF020BB1FFF79FBD1046704700BFCA
:102840005BC301202DE9F0410024DFF8448001231F
:102850000D4D27460D4E88F8003033782846203538
:10286000A34204F1010405D0FFF77CFC030658BF26
:1028700007F50067042CF0D1BFF34F8F00233846D3
:1028800088F80030BDE8F08100A8002058C301207E
:1028900059C301202DE9F8431D4B1B7813B11D4D81
:1028A0002A880AB9BDE8F8831B4EC2F500691B49A6
:1028B00033784A461A4C01EB43181A4F04EBC324F1
:1028C000012340463B7021460023FFF711FC04EB37
:1028D0000902BFF34F8F4FF0E023C3F8704F20344D
:1028E000A242FAD8BFF34F8FBFF36F8F0420414647
:1028F000FFF716FC33780133DBB2032B88BF0023CC
:10290000337000232B80BFF34F8F3B70BDE8F883FB
:102910005BC3012040C3012058C3012000A8002050
:102920008010202059C301202DE9F8432D4B1E783B
:1029300066B12D4F3B784BB90123F1073B7043D46F
:10294000B20726D400233B70730701D4BDE8F88397
:10295000264B1A68002AF9D0EFF30582002AF5D138
:10296000EFF3108572B61868002834D0204C217817
:10297000002930D10122227042691A60002A2ED02B
:10298000916105B962B6002583684577984725703F
:10299000DCE7DFF8648098F80030002BD2D0002507
:1029A000DFF858902B4659F823400135236820461C
:1029B0001B69984710B163699B68984798F8002095
:1029C000EBB29A42EFD8BDE7FFF7C6FE0028B7D0BA
:1029D000AFF30080B4E7002DB8D162B6B6E7054B7F
:1029E0001A60CEE75EC301204CC3012098BD0120D0
:1029F0004AC30120A4BD01204BC30120A8BD012072
:102A000008B5D0E900325BB1BAB10F4BA3FB02139A
:102A1000DB0803EB4303B2EB83030AD1012008BDBB
:102A2000094BA3FB0213DB0803EB4303B2EB830365
:102A300001D0D21A4260F02AF0D808F077FD1C22AB
:102A4000034600201A6008BDABAAAAAA70B50446C6
:102A500038B319B1B2FA82F67609A2B9206800B388
:102A60006268F2B1184B194902FB03F3B1EBB30FE3
:102A700017D3A368E3B90022012322606260A26039
:102A8000E260184670BD1D46049BC0E90012C36099
:102A9000FFF7B6FF03460028F3D06DB901231846AF
:102AA00070BD08F043FD162200230260184670BD79
:102AB000002106F099FFDEE7626831462068A560D4
:102AC00006F092FF0123DCE7ABAAAAAA55555515DB
:102AD00003460846194608F0DFBC00BF69B170B56F
:102AE000054608460C4608F03FFF2B680246214683
:102AF00028465B68BDE87040184770478368C3F399
:102B0000080383B1002110B40269D1540133B3F535
:102B1000007FF9D10168D0E903321C681846636A66
:102B20005DF8044B18470120704700BF82680346D8
:102B3000006940F2FF1CC2F30802815462455868E4
:102B400001EB7001986800F10100C3E9011001D0A8
:102B500001207047D868196810B404684A1C646A78
:102B60001A601A6923465DF8044B184738B5836824
:102B7000CAB20D460169C3F3080340F2FF1C0446C4
:102B8000CA546345416802EB71024260826802F1F7
:102B90000102826005D0290A2046BDE83840FFF7CF
:102BA000C5BF0168C0684A1C03685B6A226022696D
:102BB00098470028EFD138BDF8B5002306460160DC
:102BC0001D46C0E90133A8B2F8F710FEA84204463A
:102BD00007D0C1B23046FFF7A9FF00283BD1002043
:102BE000F8BD6C1CB4F5803F04D12AE00134B4F583
:102BF000803F04D0A0B2F8F7F9FDA042F6D0671BE1
:102C0000B7F5007F1DD34FF6FF713046FFF7AEFFDB
:102C10000028E4D0B9B23046FFF7A8FF0028DED084
:102C20002546B5F5803FCED13046BDE8F840FFF7E8
:102C300065BFC5F3072130460135FFF777FF002850
:102C4000CDD0A542E9B23046EBD2FFF76FFF0028A6
:102C5000EFD10020F8BDC4F307213046FFF766FF2F
:102C60000028BCD00135DCE72DE9F04F1F4689B0C4
:102C70000B680D4604901446C16002610846DB698A
:102C80009847B0F5801F0090C0F0D8800023012243
:102C9000009E01335200DBB201D09642F9D81C2BC2
:102CA000009640F2B780A3F10B08012248FA02F126
:102CB000C8F347088A4002910792013301225B1052
:102CC0009A40069204229A400392022202FA03F3E7
:102CD0000193009A0021039B2046029E4FF0010AB7
:102CE000D31A4FF400724AF6552BF34003FA06F953
:102CF0000593019E06F078FEFF2384F8BFA184F8B7
:102D0000C0A1B14484F8C431224684F8C5310723F8
:102D10000021284684F8C231FE23C4F8C66184F835
:102D2000C3312B68C4F8CA915B6AA4F8FEB1984716
:102D3000002863D04FF400720021204606F054FEB4
:102D4000009B84F86D804FF000086366F421059BBA
:102D500004F17800069AE3652023266423726372E7
:102D6000A372EB23A665464623707623C4F84890E9
:102D70006370902384F86EA0A3704523E3705823FA
:102D80002371462363714123A3715423E371042308
:102D900023664FF48073A4F86830092384F86C30FC
:102DA0008023C4E9142284F86F304FF4C37206F014
:102DB0001BFEA4F8FEB1A8F16A03012B06D9B8F1F5
:102DC000700F03D014F8083003EB760608F1010801
:102DD000B8F5007FEFD12B682246DDF80490284635
:102DE0005B6A4946984748B12B68494622462846BF
:102DF0005B6A0C31CDF80490984740BB2FB13B681B
:102E00000F22B84938465B6898470026304609B01B
:102E1000BDE8F08F1A2B4FF0080800F2A6814FF49E
:102E20008043CDF8088001934FF4004303934FF49F
:102E3000807307934FF4005306934AE7002FE4D0C2
:102E40003B681522A84938465B689847D7E7424651
:102E50000021204609F1010A06F0C6FD4AF6552375
:102E600009F1090204F2FF19A4F8FE310023934688
:102E7000A04601E018F8013FC14503EB7606F9D101
:102E80002B682246514628465B6A98470028B5D0F1
:102E90002B6822460AF10C0128465B6A98470028F5
:102EA000ACD00AF101039B4502D09A462378DFE7B4
:102EB0004FF40072002120469B4606F095FD00224B
:102EC0000AF1030A1146234601E013F8011F984551
:102ED00001EB7606F9D12B682246594628465B6AF3
:102EE000984700288AD02B6822460BF10C0128460F
:102EF0005B6A9847002881D00BF101018A456AD1AD
:102F0000231F04F5FE7243F8046F9A42FBD12B682D
:102F1000224628465B6A984700283FF46FAF2B682B
:102F20000BF10D01224628465B6A984700283FF4C2
:102F300065AF2FB13B680C226C4938465B689847F7
:102F4000069A0021019B2046002613444FF400728C
:102F50009946059B4FEA830806F046FD23464FF04D
:102F6000FF3208F20728F821B7F1000B4FEA582A80
:102F700003F8011B4FEA9838C4F8012018BF4FF03E
:102F8000010BDA605A609A60C3F80F2002E0013644
:102F9000B24523D0B6FBF8F308FB136343B9BBF18A
:102FA000000F05D03B680122514938465B689847BD
:102FB0002B6809EB0601224628465B6A98470028E1
:102FC0003FF41CAF002EE2D131464FF40072204690
:102FD00006F00AFDDBE78B46217874E7002F34D03A
:102FE0003B680222434938465B689847059E079A2A
:102FF0000736F60806F2FF13B2EB532F4FEA5329B8
:10300000FFF4FDAE4FF400720021204606F0ECFC08
:1030100007232370B9F1000F00F08A804FF00008F9
:1030200008E0B8F1000F01D184F8008008F1010830
:10303000C1457BD9039A28462B6802EB080122463A
:103040005B6A98470028ECD1D8E6059E079A0736B8
:10305000F60806F2FF13B2EB532F4FEA5329FFF4A1
:10306000D4AE4FF400723946204606F0BDFC07236B
:103070002370B9F1000FD1D1039B079A04989918D6
:10308000FFF79AFD00283FF4C0AE029A4FF4007398
:103090009340049A92689A423FF6B7AE4FF0020806
:1030A000029B4FF40072002108FA03F9039B2046AB
:1030B000994406F099FC81220323049909F1FF3910
:1030C00084F820208222237084F84020C4E90D86F1
:1030D0004A684FF00108636562648B68A36500234A
:1030E000E3650EE0100B0020AC0A0020C40A0020AB
:1030F000D40A0020EC0A0020079B98453BD208F137
:1031000001082B6809EB0801224628465B6A9847AC
:10311000064600283FF472AEB8F1010FECD14FF42F
:1031200000720021204606F05FFCE8E7002FA3D0E4
:103130003B681622144938465B689847039B079AF8
:1031400004989918FFF738FD00283FF458AE029A0A
:103150004FF400739340049A92689A423FF64FAE40
:103160000A493846FFF7BAFC98E74FF48072CDF869
:1031700008800792A1E5002F3FF448AE0449384685
:10318000FFF7ACFC42E600BFD80A0020F00A00209E
:10319000000B00202DE9F843DDF82090A2B1054690
:1031A0000C469846571801E0BC420DD02B682046CB
:1031B00049465E6AC0472146024628460134B04768
:1031C0000028F1D1BDE8F8830120BDE8F88300BFF5
:1031D000486810B50C4630B10B894A8901339BB25F
:1031E0009A420B8101D9206810BD0368012203496E
:1031F0005B68984700232068238110BDD40A002013
:103200002DE9F04F054687B08846924600214FF4DD
:103210000072406A06F0E8FB286A28B103680C22B5
:103220003A495B689847286A6B6A4FF00009EE6973
:103230000AF1FF32DFF8E0C0E968ADF814904C1CE9
:10324000CDE903304FEA5A13ADF816303368DF6A20
:10325000674526D16AB301EB0A07DFF8C0A00AE090
:103260002146039A30460134D84700283FD0A74270
:103270001ED033680498D3F824B00028F0D0BDF8ED
:103280001430BDF8162001339BB29A42ADF81430C9
:10329000E6D80368514601225B689847ADF8149060
:1032A000DEE703AB214630460093194BB847F0B137
:1032B000286A20B10368022216495B689847B8F172
:1032C000100F4FF0F8016A6A4FF001030CBF0420A1
:1032D0000C201170FF216A6AD15401339842FAD14F
:1032E000E8696A6A0368E9685B6A984718B9002068
:1032F00007B0BDE8F08FD5E90231E86919446A6A80
:1033000003685B6A984707B0BDE8F08FC40A0020E5
:10331000A90F0100EC0A00206D0F0100D40A002063
:1033200038B5436A4FF40075044600212A46184612
:1033300006F05AFB4FF02031EB22A0F80B50C0F8FA
:1033400003100346C0F80710902102707620997090
:103350000222587094F82B1059734AF65521208D8B
:103360001A74F822D8815A752269DA61A269A3F821
:10337000FE111A6238BD00BF70B504464FF40072EA
:103380000021406A06F030FB656A2269216805F277
:10339000BF1002F0C5FBA369226905F2C3102168C2
:1033A0001A44013A02F0BCFB94F82A204AF655234D
:1033B00085F8C2212269E069C5F8C621626AA1695F
:1033C000A5F8FE310368C5F8CA1100215B6ABDE8A3
:1033D0007040184770B546694FF4807390F82BE041
:1033E0000446A6F58072456A4360B2FBFEF202F223
:1033F000011C4FEA1C214FEA410C81600CF1A10035
:1034000098420ED98033F21AB2FBFEF202F2011199
:10341000090A4FEA410C0CF1A1008342F2D3C4E93E
:1034200001311B1AA2F6F57103F18000B1F5704F5E
:1034300020614FD20CF1210C8133204602FB0EC2D9
:10344000E360B2F5803FA26134BF0423062384F811
:103450002A3001232385FFF78FFF08B9002070BDB4
:103460002046FFF75DFF2922A1684FF0203385F841
:1034700026204622C5F82F30802085F83620542299
:10348000C5F82B30C5F83230312385F83820362284
:10349000E982412185F8393085F837104FF4007101
:1034A00085F8240085F83A200F4BE069C5F82730ED
:1034B0000368A5F81110626A21695B6A98470028C1
:1034C000CCD062682046E3681021D21ABDE8704073
:1034D000FFF796BE206A0028C0D003681322034974
:1034E0005B689847002070BD87D61200980A0020BC
:1034F000F8B546694FF4005390F82BC04FF4804262
:10350000A6F58041036142F2090E0446456A426015
:10351000B1FBFCF101F18103DB0983600EEB430099
:10352000904240F2B68002F50052B11AB1FBFCF1B4
:1035300001F18103DB090EEB43005F008242F2D30D
:10354000C4E901234FF6F473994240F2978001FBDE
:103550000C2CA2F500522046D21B92B202F5005369
:1035600022854D4AE360ACF50053944594BF4FF07B
:103570000B0C4FF00C0CA36184F82AC0FFF7FCFE83
:1035800008B90020F8BD2046FFF7CAFEA16829222D
:103590004FF020338020696285F842205421462272
:1035A000C5F84B3085F840004120C5F84730C5F8D4
:1035B0004E30022385F85220332285F854103221F0
:1035C00085F8552085F8530085F85610EB62E069C0
:1035D000324B334A2B630368C5F843205B6A626A47
:1035E000216998470028CCD0E06921690368063139
:1035F000626A5B6A98470028C3D04FF400720021CA
:10360000606A06F0F1F9E069264A0368C5F8FC2112
:1036100021695B6A0231626A98470028B1D0E0698B
:10362000216903680831626A5B6A98470028A8D05C
:103630004FF0FF33E0691C4AC5E97A331B4B2A601F
:10364000C5F8E43103682169626A5B6A0131984711
:10365000002896D0E06921690368626A07315B6AD5
:10366000984700288DD0A268204694F82B3020215E
:1036700003EB4202BDE8F840FFF7C2BD206A002814
:103680003FF47FAF0368132209495B689847002025
:10369000F8BD5F0056E700BF0004FB000100060014
:1036A00087D61200000055AA5252614172724161E0
:1036B000980A002038B504460D68C1610846626268
:1036C000EA692362904700F2FF736061DB0A062B10
:1036D000236024D9102B13D80223B0F5800F84F86F
:1036E0002B3020462ED2FFF775FE0546206A05B323
:1036F00020B103680D2219495B689847284638BDF8
:10370000202B23D9402B23D9802B23D9B3F5806FCD
:1037100022D9B3F5004F8CBF80234023DDE7206A18
:1037200020B1036814220E495B689847002528469B
:1037300038BD0028FAD003680F220A495B68984711
:10374000284638BDFFF7D4FE0546CFE70423C4E77B
:103750000823C2E71023C0E72023BEE7780A002031
:10376000600A0020880A00204FF0FF30704700BF39
:10377000407C7047007D7047407D70470120704756
:10378000007F70472DE9F0471E46C37C05460C4676
:10379000022B9146089F28D02B68214628461B6E95
:1037A000984798B1AC61B9F1000F12D004EB090849
:1037B00001E0A0450DD039462046B0472B680146B0
:1037C0002846DB6D013498470028F2D10020BDE87F
:1037D000F087AB69287F4B44AB610028F7D12B6899
:1037E00028465B6EBDE8F047184783698B42D3D10A
:1037F000D9E700BF704700BF043002F03DB900BFF9
:1038000010B504462021FDF7A9FB204610BD00BFDE
:103810002DE9F0411F46C37C05460E46022B144697
:1038200024D02B68314628461B6E984778B1AE618C
:1038300087B1002601E0B7420CD02A68214628460D
:103840000136D26D04F5007490470028F3D10020B2
:10385000BDE8F081AB69287F3B44AB610028F7D11C
:103860002B6828465B6EBDE8F041184783698B42A0
:10387000D7D1DDE72DE9F041204E074600F10408DD
:10388000356805F51675ADB203E03368EB1A1B0415
:1038900010D4404602F0F4F8FF280446F5D1FD218B
:1038A000404602F00BF9BB7CCBB900230120FB742E
:1038B000BDE8F0811E23B87C7B740028F8D0387CEA
:1038C000012102F009F8FF21404602F0F7F84046D6
:1038D00002F0AAF800231846BB74BDE8F08101216C
:1038E000387C01F0F9FF2146404602F0E7F84046F7
:1038F00002F09AF80023BB74D7E700BF14C301207D
:103900002DE9F041C37C012B35D0867C04464EB1B5
:10391000043002F0B5F8B0F1FF0518BF01252846C4
:10392000BDE8F081071D4FF00108384602F05EF84F
:103930003146207C01F0D0FFFF21384602F0BEF86E
:10394000384684F8128002F09BF8A37CB0F1FF05A2
:1039500018BF0125002BE2D04146207C01F0BCFFBE
:10396000FF21384602F0AAF8384602F05DF82846F2
:10397000A674BDE8F08100252846BDE8F08100BFAF
:103980002DE9F843204F0446884691463D68061DC0
:1039900005F59675ADB203E03B68EB1A1B040DD438
:1039A000304602F06DF8FF282075F5D0FE281AD0B9
:1039B0001823A07C637430B9BDE8F8831D23A07C74
:1039C00063740028F8D0207C012101F085FFFF21DD
:1039D000304602F073F8304602F026F8002318460D
:1039E000A374BDE8F8834A464146304602F054F8D5
:1039F000207538B9304602F043F8304602F040F8FE
:103A00000120D9E72523D4E714C30120F0B500270E
:103A100083B00C2104463A46C77400F05BF8B0B995
:103A2000A67C1EB90126304603B0F0BD0546012133
:103A3000207C01F051FF201DFF21019002F03EF893
:103A4000019801F0F1FF3046A57403B0F0BD0923E1
:103A5000A67C6374002EE6D0251D207C01213E4605
:103A600001F03AFFFF21284602F028F8284601F02D
:103A7000DBFF3046A77403B0F0BD00BFC27C022A52
:103A800003D0012A04D00120704703685B6E1847F9
:103A9000FFF7BCBF38B503680D460D4904461A6AE6
:103AA0008A420CD1C27C022A04D0012A0BD0012008
:103AB000257738BD5B6E98470028F8D138BD904710
:103AC0000028FBD0F3E7FFF7A1FF0028F6D0EEE7D0
:103AD000551801002DE9F041036882B00F463549C1
:103AE000019206461A6A8A425ED1C27C022A41D0FD
:103AF000012A5BD0B47C002C47D0351D0C2F11D08F
:103B0000DFF8B480D8F8004004F59674A4B204E05D
:103B1000D8F80030E31A1A0434D4284601F0B0FF74
:103B2000FF28F5D10DF1040802AC47F0400128460A
:103B300001F0C4FF14F8011D284601F0BFFFA045A5
:103B4000F8D1002F28464FF00A040CBF9521872199
:103B500001F0B4FF284601F093FF2846013C01F034
:103B60008FFF0306A4B2307501D5002CF5D102B049
:103B7000BDE8F0815B6E98470028BBD1FF2002B002
:103B8000BDE8F081002FCDD0F8E7351D284601F0C3
:103B90002DFF2146307C01F09FFEFF21284601F0D9
:103BA0008DFF0123B374A9E79047E5E7FFF72EFFE8
:103BB000E2E700BF5518010014C301202DE9F047CA
:103BC00088B005464FF00008174601AC2E1D85F859
:103BD000128085F8118085F8158084E80E009DF824
:103BE0000400287401F074FE0121287C01F074FEA9
:103BF0006C490723C5E9021394E8070005AB83E885
:103C0000070030460ECB01F0FBFEAC7C85F813803C
:103C1000002C67D00A240121287C01F05DFEFF21E1
:103C2000304601F04BFF611E11F0FF04F7D1214631
:103C30000A24287C01F050FE002228461146FFF796
:103C400049FF012804F1FF3304460AD013F0FF04B2
:103C5000F2D10123A87C6B74002851D108B0BDE8D3
:103C6000F0874FF4D57208212846FFF733FF42074B
:103C700057D56C752B68DFF830A19B6D534561D12A
:103C8000687DA0F10204DFF82491B4FA84F4D9F835
:103C90000030640903F5FA68A4071FFA88F805E004
:103CA000D9F80030A8EB03031B0449D437210022C4
:103CB0002846FFF70FFF224629212846FFF70AFF73
:103CC0000028EDD12B689B6D534565D1687D022896
:103CD00049D0AB7CCBBB07230120C5E9027308B0F8
:103CE000BDE8F087304601F081FE2146287C01F0D6
:103CF000F3FDFF21304601F0E1FE0123AB7489E7BB
:103D0000287C012101F0E8FDFF21304601F0D6FEBC
:103D1000304601F089FE00231846AB7408B0BDE8B8
:103D2000F087022304246B75304601F0A9FE631E60
:103D3000287513F0FF04F7D1AA289BD0062389E742
:103D4000172387E7284698479BE70121287C01F045
:103D5000C3FDFF21304601F0B1FE304601F064FEA4
:103D60000023AB74B7E700223A212846FFF7B2FEE2
:103D7000A8B9304601F084FE00F0C000C02801D18F
:103D800003236B75304601F07BFE304601F078FE70
:103D9000304601F075FE9CE72846984797E71223C6
:103DA00058E700BF801A06005115010014C3012016
:103DB000F8B500220D463A210646FFF78BFEE0B922
:103DC000371D2C1D384601F05BFE04F8010DA5429D
:103DD000F8D1B47C14B901242046F8BD307C01210F
:103DE00001F07AFDFF21384601F068FE384601F007
:103DF0001BFE00232046B374F8BD1223B47C7374F9
:103E0000002CE9D0341D307C012101F065FDFF213B
:103E1000204601F053FE204601F006FE00231C461A
:103E2000B3742046F8BD00BF70B5164682B00022BC
:103E30000446FFF74FFEB0B11B236374A07C08B9A2
:103E400002B070BD251D207C012101F045FDFF2140
:103E5000284601F033FE284601F0E6FD002318460F
:103E6000A37402B070BD0546102231462046FFF70C
:103E700087FD0028E2D0A67C002EE1D0207C012125
:103E800001F02AFD201DFF21019001F017FE01988D
:103E900001F0CAFD3046A57402B070BD0368254A22
:103EA000DB6C934200B585B00FD16A460921FFF75C
:103EB000BBFF38B19DF8003013F0C00308D0402B91
:103EC00027D0002005B05DF804FB69469847F0E76D
:103ED0009DF809309DF80A2003F003039DF80610B1
:103EE0009DF807005B0001F0030180009DF808C009
:103EF00043EAD2139DF8052040EA812002F00F0228
:103F000040EA9C1013440130073B984005B05DF82F
:103F100004FB9DF809009DF8073001309DF808204A
:103F200003F03F0300EB034000EB0220800205B0EA
:103F30005DF804FB3120010003680A4630B59B6D33
:103F400083B0164D0446AB4224D1407D03284FF088
:103F50001201204618BF5202FFF7BCFD20B9012311
:103F60001846E37403B030BD0C23A07C63740028B2
:103F7000F8D0251D207C012101F0AEFCFF21284650
:103F800001F09CFD284601F04FFD00231846A37464
:103F900003B030BD01919847019AD7E75115010050
:103FA000F8B51446C27C06460D46012A1F4602D1CA
:103FB00083698B4205D029463046FFF7BDFF80B1AB
:103FC000B56187B1002501E0AF420CD021464FF426
:103FD00000723046013504F50074FFF7D1FC00286B
:103FE000F2D10020F8BDB369307F3B44B3610028B3
:103FF000F8D13046BDE8F840FFF708BD2DE9F84F8D
:104000009B46C37C06460C46012B1546DDF82890DE
:10401000DDF82C8002D183698B4205D021463046E1
:10402000FFF78AFFB0B1B461BBF1000F15D004EB0C
:104030000B0A02E0C847A2450FD04FF40072294690
:104040003046FFF79DFC074642462046294601348C
:10405000002FEFD10020BDE8F88FB369307F5B44BB
:10406000B3610028F7D13046BDE8F84FFFF7CEBC6A
:1040700003682DE9F0415F69164B9F421FD1C37C55
:1040800004460D461646012B02D18369994205D09C
:1040900029462046FFF750FF70B1A5614FF400722A
:1040A00031462046FFF76CFC30B1A369207F013315
:1040B000A36148B1BDE8F0810020BDE8F081BC46B5
:1040C0000123BDE8F04160472046BDE8F041FFF71D
:1040D0009DBC00BF791D010003680A4630B59B6D89
:1040E00083B0164D0446AB4224D1407D03284FF0E7
:1040F0001901204618BF5202FFF7ECFC20B9022339
:104100000120E37403B030BD0E23A07C637400284B
:10411000F8D0251D207C012101F0DEFBFF2128467F
:1041200001F0CCFC284601F07FFC00231846A37464
:1041300003B030BD01919847019AD7E751150100AE
:1041400003682DE9F043DB6C1746414A85B004460D
:104150000E46934245D16A460921FFF765FE0546A2
:10416000B5B19DF80A305A0618D5637D032B01D0EE
:1041700076027F02324620212046FFF7ABFC28B9A9
:104180003A4621212046FFF7A5FC70B3262363742D
:10419000A57C9DB9284605B0BDE8F08303F03F0338
:1041A0009DF80B205B0043EAD2137A1C3243134282
:1041B000DBD02723A57C6374002DEBD0251D207C4C
:1041C000012101F089FBFF21284601F077FC2846F8
:1041D00001F02AFC00231D46A374284605B0BDE863
:1041E000F083694698470546BAE7024626212046ED
:1041F000FFF770FC0028C9D1DFF8588042F2107731
:1042000004F10409D8F800301F44BFB204E0D8F824
:104210000030FB1A1B0417D4484601F031FCFF287C
:104220000646F4D1A37C002BB4D00121207C1D468E
:1042300001F052FB3146484601F040FC484601F08F
:10424000F3FB0023A374A5E728236374A0E700BF52
:104250003120010014C3012070B5002282B00E4647
:1042600009210446FFF736FCB0B11B236374A07C20
:1042700008B902B070BD251D207C012101F02CFB86
:10428000FF21284601F01AFC284601F0CDFB00234F
:104290001846A37402B070BD054610223146204670
:1042A000FFF76EFB0028E2D0A67C002EE1D0207C38
:1042B000012101F011FB201DFF21019001F0FEFB07
:1042C000019801F0B1FB3046A57402B070BD00BF8B
:1042D00070B5002282B00E460A210446FFF7FAFBB1
:1042E000B0B11B236374A07C08B902B070BD251D5A
:1042F000207C012101F0F0FAFF21284601F0DEFBCD
:10430000284601F091FB00231846A37402B070BD4B
:104310000546102231462046FFF732FB0028E2D046
:10432000A67C002EE1D0207C012101F0D5FA201DD1
:10433000FF21019001F0C2FB019801F075FB3046AE
:10434000A57402B070BD00BF70B5051D16460446C9
:10435000284601F0B3FB4FF400723146284601F0C5
:10436000B7FBFF21284601F0A9FBFF21284601F0F9
:10437000A5FB284601F084FB00F01F032075052BE8
:1043800004D02023A07C637410B970BD012070BDDF
:10439000207C012101F0A0FAFF21284601F08EFBCC
:1043A000284601F041FB00231846A37470BD00BFEE
:1043B0002DE9F041174D06460F4600F104082C6820
:1043C00004F51674A4B203E02B68E31A1B040CD4A2
:1043D000404601F055FBFF28F6D13A46FC21304615
:1043E000FFF7B2FF18B1BDE8F08124237374B07CED
:1043F0000028F8D0307C012101F06EFAFF21404600
:1044000001F05CFB404601F00FFB00231846B3743B
:10441000BDE8F08114C30120036870B59B6D16469A
:10442000224A82B004460D4693423CD1407D032887
:104430004FF01801204618BF6D022A46FFF74AFBCD
:104440000546B0B10D236374A07C08B902B070BDFD
:10445000251D207C012101F03FFAFF21284601F0B3
:104460002DFB284601F0E0FA00231846A37402B0A1
:1044700070BD3246FE212046FFF766FF0028E3D0DC
:10448000A67C002EE2D0207C012101F025FA201D1F
:10449000FF21019001F012FB019801F0C5FA3046AE
:1044A000A57402B070BD9847C1E700BF5115010067
:1044B00010B4047F34B104680123A46AA4465DF8F3
:1044C000044B60475DF8044BFFF7A6BF10B584B0FE
:1044D00004460DF1040C8CE80E009CE80E00FFF77A
:1044E0006DFB20B19DF8053003F00103237704B084
:1044F00010BD00BF002070470020704700207047AB
:10450000704700BF084B0021084A094810B499635E
:104510001C6B146012685DF8044B1A639A6C22F0ED
:1045200081029A640170704700002C4088BD012010
:1045300049C30120034B586A80F08070C0F30060CB
:10454000704700BF00002C40014B1878704700BF37
:1045500049C301202B4A2C4B526AD3F800312B4916
:10456000C2F3C22203F03F03013270B5284C4FF46E
:104570007A75A4FB034305FB00F09B08B1FBF3FE37
:10458000BEFBF2FEB0EB1E1F35D201231E465B00C0
:104590001A01BEFBF2F2824201D9FF2BF6D9BEFB13
:1045A000F3F2360290422AD24FEA430C012200E095
:1045B000A446154603EB0C040132BEFBFCF181421C
:1045C00017D9102AF4D1F0254FF47A731149124A01
:1045D00003FB0CFCBEFBFCF30B60104BD16A0B40E1
:1045E0002B43334343F46023D362536A1B07FCD548
:1045F00070BD2D01E8E7724600260123D2E79C46F4
:104600000025E1E700C00F4000800D4000EC695E2E
:10461000ABAAAAAAF4BB012000002C400F00F0FFB7
:10462000014B1878704700BF92A10020014B186819
:10463000704700BF88BD012010B4074C8C460FCCDA
:10464000CCF800000120CCF80410CCF80820CCF8FD
:104650000C305DF8044B704758BD012010B4074C76
:104660008C460FCCCCF800000120CCF80410CCF81C
:104670000820CCF80C305DF8044B704768BD012071
:10468000024B01201B680B60704700BF78BD012002
:10469000704700BF10B504460C21FCF75FFC2046B4
:1046A00010BD00BF044B1B7823B1044B18780230B7
:1046B000C0B270470120704745C3012046C30120A6
:1046C000184B1A7812F0C0020FD0402A01D00020F7
:1046D0007047587ADA79197A013002F03F0300EB1B
:1046E000034000EB0120800270475A7A9979D8790B
:1046F00002F0030293F808C001F0030180005200A9
:1047000040EA812000B593F80AE040EA9C105B790A
:1047100042EADE12013003F00F031344073B9840D6
:104720005DF804FB68BD0120404A0520404938B5CA
:10473000D2F800413F4B44F080043F4DC2F80041A5
:10474000D2F8004124F03F04C2F80041D2F8004101
:1047500044F01804C2F80041D2F8004124F080046B
:10476000C2F80041D3F8802042F00C02C3F8802048
:104770005A6A22F460525A62DA6942F48032DA618B
:104780005A6A42F400625A62C1F8CC01C1F8D00101
:10479000C1F8BC01C1F8C001C1F8C401C1F8C80129
:1047A000AA6C264B42F00042AA64EA6A1343EB6209
:1047B000EC6A14F08074FBD14FF4C870FFF7CAFEA6
:1047C0001B4B47F2B80241F2B801C3F8CC411C4878
:1047D000C3F8D041C3F8BC41C3F8C041C3F8C441D9
:1047E000C3F8C841C3F8BC23C3F8C023C3F8AC2343
:1047F000C3F8B013C3F8B4231249C3F8B823124B5B
:104800006863C1F8F8314FF0E0234FF480420F495C
:10481000602081F86E00C3F80C21EB6A064A43F071
:104820000063EB62D36A1B01FCD438BD00800D40ED
:1048300000801F4000C00F4000002C40008000019D
:104840000B007F1100A40020DD22010000E400E045
:104850002DE9F041FCF71CFA174E184D0746DFF81A
:10486000748004E0FCF714FAC01B40451BD8346B7D
:104870002C40F7D0124A0021124B1170326B1A6093
:104880001968114A31631B68134209D00F491F246C
:104890000F4B40F27A2200200C701A60BDE8F081C4
:1048A0000120BDE8F081064A064B1470326B1A6095
:1048B0001B683363EAE700BF00002C4002007F1151
:1048C00047C3012088BD012000007F1192A1002074
:1048D0004CBD012040420F002DE9F843264C0F4605
:1048E0002378002B38D1254B5A6AD2052BD5234D7E
:1048F000DFF89480AB6A43F48033AB62FCF7C8F90D
:10490000064604E0FCF7C4F9801B40452AD86B6AD0
:1049100013F48069F6D007F13C0C184807F50F77BF
:10492000436A5B05FCD5ACF1400353F8042F9C456A
:104930000262FAD10CF1400CBC45F1D101231846BA
:104940002370BDE8F8839A6A22F480329A629A6AE8
:1049500042F400329A62CAE7FFF77AFF0028C2D118
:10496000BDE8F88306492124064B4FF47E72484681
:104970000C701A60BDE8F88347C3012000002C408A
:1049800092A100204CBD012040420F002DE9F041D2
:10499000074688461F4CFCF77BF91F4E054604E08E
:1049A000FCF776F9431BB34224D8636AD907F7D4DE
:1049B000BB02C4F8088020D427F0FF03154C174E23
:1049C000E360FCF765F9144F054604E0FCF760F975
:1049D000401BB8420ED8236B3342F7D0226B104BEA
:1049E0001A601A6822631A68D20703D51B6813F489
:1049F000702F0BD00020BDE8F081A26CFBB222F03A
:104A0000FF02A264A26C1343A364D5E70120BDE8B2
:104A1000F08100BF00002C4040420F0001000F0059
:104A200088BD0120154B30B50D4685B01968FFF7DC
:104A3000ADFF08B3124B05F10F041A6900925969D2
:104A4000019199690291DB690393002301E05EF80B
:104A5000102C03F0030C01334FEACC0C23F0030EAF
:104A60000F2B22FA0CF20EF1100104F8012D0DEBC0
:104A7000010EECD10023EB7305B030BD7CBD0120ED
:104A800000002C4010B5037ADB0705D5154B1B68D9
:104A9000B3B1BDE810401847134B1B783BB9134B1B
:104AA0005C6A84F08074C4F30064204610BD0F4B30
:104AB0000F4C1B6B1C40B4FA84F46409204610BDF3
:104AC0000C4B1C78002CF0D00B4B0C481968FFF7EE
:104AD0005DFF0028E9D0054B1C6984F48074C4F3A1
:104AE0000024E2E784BD012047C3012000002C40E0
:104AF00002007F1144C301207CBD012000001A0D7B
:104B000008B5044B04481968FFF740FF08B1034B90
:104B1000186908BD7CBD012000001A0D00002C4062
:104B200008B5074B07481968FFF730FF30B1064B4F
:104B3000186980F48070C0F3002008BD012008BD12
:104B40007CBD012000001A0D00002C402DE9F0472B
:104B5000294B8946DFF8C0A0284ECAF80030FCF780
:104B600097F8274D0446DFF8B480264F06E0FCF79F
:104B70008FF8001BB84229D8FDF7D6FE31682846C9
:104B8000FFF704FF0028F2D0D8F81030DB05EED58F
:104B900000234FF40072CAF80030D8F8283023F40C
:104BA0008033C8F82830184BC8F804201B78CBB1E4
:104BB00049461648FFF7EAFE30B915490E24154B51
:104BC00040F257420C701A60BDE8F087104A0A2183
:104BD0000020104B117040F24B42CAF800001A60DE
:104BE000BDE8F0874FEA492908484946FFF7CEFE5D
:104BF0000028E9D1E1E700BFF92801007CBD0120D0
:104C000000001A0D40420F0046C3012020003A194F
:104C100092A100204CBD012084BD012000002C4049
:104C20002DE9F041254C00212548A36A23F4803367
:104C3000A362FFF7ABFE054648B922490920224B83
:104C400040F23D2208701A602846BDE8F0811F4BF3
:104C5000DFF88080C8F80030FCF71AF8636A06466F
:104C6000D80118D41A4F04E0FDF75EFE636AD9013B
:104C700011D4FCF70DF8831BBB42F5D9114A0A2168
:104C80000025114B11704FF410722846C8F80050DF
:104C90001A60BDE8F0810022084BC8F800205A6A6B
:104CA0009207D1D5586B9A6AD96A22F4803241F0C2
:104CB0008061D96258639A62C6E700BF00002C4049
:104CC0000000DB0C92A100204CBD01200D2301004F
:104CD00040420F0084BD01202DE9F04782468946FD
:104CE000364EFBF7D5FF364D0446DFF80081354FD1
:104CF00004E0FBF7CDFF031BBB4227D831682846F1
:104D0000FFF744FE0028F4D0D8F81030DA05F0D5CB
:104D100001232D4D2D4F51462B7000232C483B6015
:104D20002C4BC8F80090C8F804302B4BC8F838302A
:104D3000FFF72CFE0446A0B928490420284B40F276
:104D40009F12087020461A60BDE8F08723490A20A8
:104D5000234B4FF4CC72002408701A602046BDE843
:104D6000F087204BDFF88890C9F80030FBF790FF00
:104D70002B780646BBB1DFF84C8003E0FDF7D4FD8D
:104D80002B7883B1FBF784FF831B4345F6D90023BF
:104D9000C9F8003011492520114B4FF4D17200247D
:104DA00008701A60DAE73B6800229B07C9F8002008
:104DB000F0D53A680C4B1A42D0D0EBE77CBD01200D
:104DC00000001A0D40420F0049C3012088BD012098
:104DD00011003A064000010002007F1192A100205C
:104DE0004CBD01202123010000007F1100002C4058
:104DF00084BD01202DE9F041324D1446AB7A13F009
:104E0000400012D103F03F03EA7A5B0043EAD21379
:104E1000621C0A43134208D02B4927242B4B40F233
:104E200002320C701A60BDE8F081294B1B780BB977
:104E3000490264022748FFF7A9FD40B922490F241F
:104E4000224B40F20A320C701A60BDE8F081214614
:104E50002148FFF79BFD40B91B4910241B4B40F232
:104E60000D320C701A60BDE8F08100211B48FFF77D
:104E70008DFD38B914491124144B4FF444720C7051
:104E80001A60E2E7FBF704FF154E164D0446DFF803
:104E90005C80154F31682846FFF778FD18B1D8F8C7
:104EA0001030DB05D1D4FBF7F3FE001BB842F1D97B
:104EB00005492824054B40F2133200200C701A607B
:104EC000C3E700BF68BD012092A100204CBD0120B6
:104ED00046C3012000001A2000001A2100001B26F2
:104EE0007CBD012000001A0D40420F0000002C4044
:104EF0002DE9F04F12F0030483B018BF0124019094
:104F00000093002B08BF44F001045CB14049252008
:104F1000404B40F2F512002408701A60204603B09E
:104F2000BDE8F08F3C4B15463C4A0E46DFF80C912D
:104F30001360FBF7ADFEDFF808810746DFF804B128
:104F4000DFF8F0A006E0FBF7A3FEC01B504544D8F5
:104F5000FDF7EAFCD9F800104046FFF717FD0028DE
:104F6000F1D0DBF81030DA05EDD5009A2C4B2B4947
:104F700003EA024300222B4F0A6043F4007301212D
:104F8000DFF8C4803970C8F80020CBF80050CBF8A7
:104F90000430254BCBF83830244B1B7843B33146D3
:104FA0000198FFF7F3FC81460028B7D0204B1B4A3D
:104FB0001360FBF76DFE3B780546DBB11D4E03E049
:104FC000FDF7B2FC3B78ABB1FBF762FE401BB04291
:104FD000F6D90023114A1360A0E70D4B0A220021E5
:104FE0000E481A704FF4FC720A4B01601A6095E784
:104FF0007602D4E70023094A1360D8F800309B07F3
:105000008CD5D8F800200C4B1A4208BF4C4685E7D7
:1050100092A100204CBD0120F928010084BD01208F
:105020000000FF1F49C3012002007F1146C3012079
:105030002123010040420F0000007F117CBD0120B0
:1050400000001A0D00002C4088BD0120F8B506466E
:10505000007A0C461546C0071F4613D483B10F448F
:1050600001E0BC420CD033682A46214630461B6919
:10507000013405F5007598470028F2D10020F8BDED
:105080000120F8BD900712D0002BF9D00F4401E0A9
:10509000BC42F5D033682A46214630461B690134AC
:1050A00005F5007598470028F2D10020E7E706488B
:1050B000FFF71EFF0028E3D104490C24044B40F203
:1050C000A1320C701A60F8BD37003A1292A100208C
:1050D0004CBD0120F8B50646007A0C461546C007BF
:1050E0001F4613D483B10F4401E0BC420CD0336897
:1050F0002A46214630465B6A013405F5007598471B
:105100000028F2D10020F8BD0120F8BD900712D090
:10511000002BF9D00F4401E0BC42F5D033682A4699
:10512000214630465B6A013405F500759847002832
:10513000F2D10020E7E70648FFF7DAFE0028E3D1C6
:1051400004490E24044B40F23D420C701A60F8BD35
:1051500027003A1992A100204CBD01202DE9F04F03
:105160000025DFF8C0929B4C91B0DFF8BC829A4ECC
:105170000172457289F80050257088F8005035702A
:10518000FFF7D2FA29462846FFF700FC50B9012163
:10519000924B40F28E22054621701A60284611B0CB
:1051A000BDE8F08F03258E4F4FF4D5713846FFF7D9
:1051B000EDFB00284ED1013DF6D13378002B3DD0D8
:1051C000DFF868B2FBF764FD864E0546DFF860A2A3
:1051D000854F00213046FFF7D9FB50B90025172134
:1051E0007E4B4FF42A72284621701A6011B0BDE838
:1051F000F08F59465046FFF7C9FB0028EED0FBF769
:1052000047FD401B794BB842E8D81A69002AE0DA1A
:105210001969774A11601B695A0002D5012388F881
:10522000003000217348FFF7B1FB054610BB022197
:105230006A4B40F2B12221701A60AFE7FFF774FAAF
:1052400029462846FFF7A2FB3378002BB8D14FF44C
:10525000401BB7E7654B1B69B3F5D57F07D0062127
:105260005E4B4FF42572002521701A6096E70123EA
:105270003370A5E700216048FFF788FB054630B989
:105280000321564B4FF42D7221701A6086E7574E5A
:105290005A4B32695A4F13405A495B483B60FFF7FB
:1052A000C1FB054630B907214C4B40F2B9222170B1
:1052B0001A6073E755495648FFF7B4FB054630B905
:1052C0000821464B4FF42F7221701A6066E7396847
:1052D0005048FFF75BFB054630B905213F4B40F2D4
:1052E000BF2221701A6059E739683E48FFF74EFB2C
:1052F00038B91421394B40F2C322002521701A60BD
:105300004CE702214448FFF741FB05460028F0D056
:10531000B36A69466FF07F4023F00603B362B36A55
:1053200043F00203B3624FF010137364FFF7D4FC31
:105330009DF80D309B0743D5002841D0274E694684
:10534000364894F800803768FFF7C6FC9DF81030A7
:1053500003F00F03012B36D1A8B34CF25030304C80
:105360000523C4F8CC31C4F8D031C4F8BC31C4F83A
:10537000C031C4F8C431C4F8C831FFF7EBF80023DA
:1053800047F2B802C4F8CC31C4F8D031C4F8BC310B
:10539000C4F8C031C4F8C431C4F8C83141F2B8030C
:1053A000C4F8BC23C4F8C023C4F8AC23C4F8B03399
:1053B0000123C4F8B423C4F8B82389F80030EDE61B
:1053C00046F2A810CBE746F2A81084F800803760B8
:1053D000C5E700BF92A1002045C301204CBD0120BC
:1053E00000001A0800001A3740420F0000002C404D
:1053F00078BD01200000090200001A030000FFFF31
:105400007CBD012068BD01200000090958BD0120B4
:105410000000090A00001B0700001A06F1FFFF80C8
:1054200000801F4044C3012046C3012000003040DB
:1054300000000229374B5A6A92052DE9F0410F46C8
:105440000DD49A6A22F480329A6272B69A6A42F451
:1054500000329A629A6A42F480329A6262B6FBF72C
:1054600017FC2C4EDFF8C480054604E0FBF710FC67
:10547000431B434537D8746A14F40064F6D007F12F
:105480003C0C244807F50F77436A1B05FCD5ACF1AB
:105490004003026A43F8042F9C45FAD10CF1400CFA
:1054A0006745F1D1FBF7F4FB1A4F1B4D0646DFF8B9
:1054B0007C8004E0FBF7ECFB831B43451DD83C6B71
:1054C0002C40F7D03B6B154A136013683B6313689D
:1054D00013F002031BD01268114B1A420CBF0120BB
:1054E0000020BDE8F0810F491A250F4B40F25632DB
:1054F00020460D701A60BDE8F0810A491D250A4B4F
:1055000040F2613220460D701A60BDE8F081184605
:10551000BDE8F08100002C4002007F1188BD012011
:1055200000007F1192A100204CBD012040420F00DD
:105530002DE9F047294B8946DFF8C0A0284ECAF86C
:105540000030FBF7A5FB274D0446DFF8B480264F5B
:1055500006E0FBF79DFB001BB84229D8FDF7E4F9F4
:1055600031682846FFF712FA0028F2D0D8F8103038
:10557000DB05EED500234FF40072CAF80030D8F8EE
:10558000283043F48033C8F82830184BC8F804207A
:105590001B78CBB149461648FFF7F8F930B91549E1
:1055A0000C24154B40F2BD320C701A60BDE8F08738
:1055B000104A0A210020104B117040F2B132CAF893
:1055C00000001A60BDE8F0874FEA492908484946BB
:1055D000FFF7DCF90028E9D1E1E700BFF928010075
:1055E0007CBD012000001A0D40420F0046C301207F
:1055F00030003A1292A100204CBD012084BD012050
:1056000000002C402DE9F04100221D4C0D46427255
:105610001146A36A1B4823F48033A362FFF7B6F94F
:1056200040B919490924194B40F2D3320C701A6061
:10563000BDE8F081002DFBD0154B164E3360FBF713
:1056400027FB636A0746DA0116D4DFF84C8004E0D2
:10565000FDF76AF9636ADB010ED4FBF719FBC01B87
:105660004045F5D9084A0A210020084B117040F244
:10567000D73230601A60DBE7002328463360D7E773
:1056800000002C400000DB0C92A100204CBD01204A
:105690000D23010084BD012040420F000A4B1B78FE
:1056A00010B504461BB9637A43B9012010BDFFF75A
:1056B000CFF80028FAD0637A002BF6D020460121DB
:1056C000BDE81040FFF79EBF47C301202DE9F04120
:1056D0000446007AADF5007D164610F0010513D0A2
:1056E00093073CD0012338486A46FFF701FC0028A5
:1056F0003AD04FF4007269463046FBF793FB2846D8
:105700000DF5007DBDE8F081DFF8CC800F4698F8FC
:105710000030002B35D1637A012B39D022682B4918
:10572000126A8A424AD198F80020002A34D1002B0C
:1057300039D139462046FFF7FBFEE8B10123676007
:10574000637231462046FFF775FEA8B163680546CF
:105750000133284663600DF5007DBDE8F08101232B
:105760001948FFF7C5FB38B919490B20194B4FF4FD
:105770005D72002508701A6028460DF5007DBDE8B1
:10578000F081FFF765F80028F6D0637A012BC5D1C8
:105790006268BA42C2D1D4E7FFF75AF80028EBD0CA
:1057A000637A002BC5D001212046FFF72BFF00288C
:1057B000BFD128460DF5007DBDE8F0812046904719
:1057C0000028F6D0B5E700BF11003A11753401008A
:1057D00092A100204CBD012047C301202DE9F041DA
:1057E000047AADF5007D0F46904614F001041DD0FB
:1057F00012F0030F06D0684611464FF4007280463F
:10580000FBF710FB0123424639462C48FFF770FB9B
:10581000044630B92A490D202A4B40F21142087043
:105820001A6020460DF5007DBDE8F081264D064644
:105830002B782BBB737A022B29D032682349126A4A
:105840008A4236D12A7832BB002B2BD133683946B5
:1058500030461B6E98470028E3D0022377607372AE
:10586000336841463046DB6D98470028D9D07368CD
:1058700004460133204673600DF5007DBDE8F081DC
:10588000FEF7E6FF0028CCD0737A022BD5D17268E0
:10589000BA42D2D1E4E7FEF7DBFF0028C1D0737A29
:1058A000002BD3D001213046FFF7ACFE0028B8D042
:1058B000CCE7304690470028B3D0C7E701003A183C
:1058C00092A100204CBD012047C301207534010086
:1058D0000121FBF743BA00BFFBF704BA30B482B032
:1058E0000C4602AB03E90600C37C002B30D072B635
:1058F000C37CDA0708D54FF0E0214569D1F8802153
:105900002A408262C1F880219D0708D54FF0E0212E
:105910008569D1F884212A40C262C1F884215907DF
:1059200008D54FF0E021C569D1F888212A400263EB
:10593000C1F888211A0708D54FF0E021056AD1F88F
:105940008C212A404263C1F88C21DB062FD462B639
:1059500083689C4235D0224B84609B69214AC3F303
:105960000111C3F3826352F821100133B1FBF3F24A
:10597000CCB1944227D8B2FBF4F3B2FBF3F29442D9
:105980002CD3B3F5817F20D3174CC4600368032266
:105990000020019918615A6201221C6419661A617B
:1059A00002B030BC70479942EFD3531CE9E74FF087
:1059B000E022416AD2F890310B408363C2F8903103
:1059C000C5E7C468E2E70024DFE7022BFBD9023B0E
:1059D0005A08140244EA02441C43D6E71A46E4E794
:1059E00000C00F40D01A0020FF7F7F0008B503469B
:1059F00053F8040B93E80600FFF770FF08BD00BFE3
:105A000084B00DF1100C0CE90E00024623B11846CB
:105A1000136004B0F0F7ECBF024B1846136004B0FB
:105A2000F0F7E6BF309500200268D37C13B3D807A7
:105A300004D5906A4FF0E021C1F80001990704D520
:105A4000D06A4FF0E021C1F80401580704D5106B6B
:105A50004FF0E021C1F80801190704D5506B4FF051
:105A6000E021C1F80C01DB0604D5926B4FF0E02376
:105A7000C3F81021704700BF0068F1F7D7B800BF26
:105A80000268FF2312685366D36D13F4F81FFBD02E
:105A9000506FC0B2704700BF30B50C4683B00546AA
:105AA000FF212046019203F09FFF2868019B2246B8
:105AB0002146F1F7B7F8002003B030BD03681A683B
:105AC0005166D36D13F4F81FFBD0536F704700BFBE
:105AD000531EB3F5007F30B51446ADF5017D054684
:105AE00011D36AB10368481E1968821810F8013F83
:105AF0004B66CB6D13F4F81FFBD090424B6FF5D182
:105B00000DF5017D30BD6846FBF78CF96A462346EA
:105B100028681146F1F786F80DF5017D30BD00BF0C
:105B2000B1F5807F21D810292ED840234FF0200CCA
:105B3000B2FBF3F1B1F5806F20D203FB112300B566
:105B4000B2FBFCFEB3FBFCF30CFB1E224FEA910CF4
:105B5000DBB201322CF03F0CC9B2037042EA0C02F6
:105B60008170D2B242705DF804FB3F239C468029CD
:105B700010D9B1F5FC7F0FD81B01D9E7FF21FE2317
:105B80004170037081707047202916D880234FF030
:105B9000200CCDE7DB00CBE7B1F57C7F04D9B1F574
:105BA000FC6F03D89B01C3E75B01C1E7B1F57C6FD4
:105BB00094BFDB01C3EB0323BAE720239C46D6E75F
:105BC0002DE9F04F002785B0CDE90127002A62D0EA
:105BD0004B1E06460093B6F83E38002203F1030937
:105BE00003921FFA89F94B4568D84FF0000A03F178
:105BF000280C1946B6F832B70DF1080E544698B283
:105C0000B44415E01CF8012F691C3B2A18BF2C2A4C
:105C100088B244D0002A42D01FFA88F3814504F1AB
:105C200001044FF0010A0EF8012BA6F83E383CD3D0
:105C3000834503460D4600F10108E3D8BAF1000F91
:105C400036D003948DB204F1100235444FF00001B8
:105C50000DEB020495F829202C2A04F8081C05D025
:105C60003B2A27D1019A013ABA4223D1013303AA30
:105C7000144902A8A6F83E3803F0B2FC012819D155
:105C8000039BFF2B16D8009A013702F8013F019BB6
:105C900000929F429FD1012005B0BDE8F08FBAF17C
:105CA000000F00D00394039CCDE71D460394CAE780
:105CB0005446C7E7002005B0BDE8F08F1D461446E6
:105CC000C1E700BF040A00202DE9F04F002787B08C
:105CD00004970192ADF81470002A5CD06FF027068B
:105CE0000546A1F10208361AB5F83E38002003F146
:105CF000050903901FFA89F94B4525D803F12801BE
:105D00008246B5F832B70DF10F04294412E011F8BC
:105D1000012F3B2A18BF2C2A41D0002A3FD01FFA5E
:105D20008CF301304FF0010A04F8012F4B45A5F820
:105D30003E383AD89B4503F1010C06EB010EE6D83C
:105D4000BAF1000F34D003909E4600F11802AE4421
:105D500000210DEB02009EF829202C2A00F8081CD7
:105D600005D03B2A26D1019A013ABA4222D1013309
:105D700003AA124904A8A5F83E3803F031FC012813
:105D800018D1039BB3F5803F14D2013728F8023FA6
:105D9000019B9F42A8D1012007B0BDE8F08FBAF166
:105DA000000F00D003900398CFE79E460390CCE706
:105DB0005046C9E7002007B0BDE8F08F040A002074
:105DC0002DE9F04F002387B000260193CDE902664C
:105DD000CDE90466002A4BD06FF02705044617462C
:105DE00088462D1AB4F83E3803F10F0E1FFA8EFEC6
:105DF000734545D803F1280CB4F8329702A8002265
:105E0000A4440FE01CF8011F3B2918BF2C2910D017
:105E100079B11FFA8AF3013200F8011B7345A4F827
:105E20003E3805D8994503F1010A05EB0C0BE9D87A
:105E30009B46A344183200209BF829106A442C2961
:105E400002F8100C04D03B2916D17A1EB24213D1AD
:105E5000013301AA0C4902A8A4F83E3803F0C0FBA4
:105E6000012809D10136019BBE4248F8043BB9D153
:105E7000012007B0BDE8F08F002007B0BDE8F08F2B
:105E80009B460022D5E700BFFC080020013938B549
:105E90000446B82900F2BB80DFE811F0FE00F800EC
:105EA000B002C200160110010A0104017D01B9000F
:105EB000B900B900D0023A013401B900B900B90003
:105EC000B900B900B900B900B900B900B900B9000A
:105ED000B900B900B900B900B900B900B900B900FA
:105EE000B900B900B900B900B900B900B900B900EA
:105EF000B900B900B900B900B900B900B900B900DA
:105F0000B9002E01280122011C01CA02BC02B900FD
:105F1000B9004C01B900B900B900B900B9005F017E
:105F2000B900B900B900B900B900B900B900B900A9
:105F30005901B90077017101B900B900B900B90080
:105F4000B900B900B900B900B900B900B900B90089
:105F5000B900B900B900B900B900B900B900B90079
:105F6000B900B9006B016501B701B900B101AB011E
:105F7000A501B9009F019901B900B900B900B900A4
:105F8000B9008301B900BD014001B900B900B900F1
:105F9000B900B900B900B900B900B900B900B90039
:105FA000B900B900AA024402C900B900B900B90099
:105FB000B900B900B602BB00B900B900B9002F02A0
:105FC000B900D00046011D021702B9000102B90054
:105FD000B900B900FB01B900B900B900B900B900B6
:105FE000B900B900B900B900B900B900B900B900E9
:105FF000B900B900B900B900B900B900B900B900D9
:10600000B900C901C301F200B900B900D6000120EE
:1060100038BD0122C649FFF7D3FE002800F0808179
:1060200020460122C349BDE83840FFF7C9BE2046DB
:106030000122C149BDE83840FFF746BE0122BF49F1
:10604000BDE83840FFF740BEBD4D01222946FFF7AD
:106050003BFE002800F064810122A91C2046FFF7C6
:1060600033FE002800F05C816888002800F0588129
:106070002B88013B9BB298428CBF0020012038BD89
:106080000122B049BDE83840FFF79ABE0122AE496F
:10609000BDE83840FFF794BE0122A549BDE838406D
:1060A000FFF78EBE0122A949BDE83840FFF788BE40
:1060B0000122A749BDE83840FFF782BE0122A54969
:1060C000BDE83840FFF77CBE0122A349BDE8384057
:1060D000FFF776BE0122A149BDE83840FFF7F4BDC5
:1060E00001229F49BDE83840FFF7EEBD01229D49DE
:1060F000BDE83840FFF7E8BD01229B49BDE83840C4
:10610000FFF7E2BD02229949BDE83840FFF758BECB
:1061100002229749BDE83840FFF752BE0122954957
:10612000BDE83840FFF74CBE01229349BDE8384036
:10613000FFF7CABD914D01222946FFF741FD002816
:1061400000F0EE802878003818BF012038BD012209
:106150008B49BDE83840FFF733BD01228949BDE8CE
:106160003840FFF72DBE01228749BDE83840FFF7D0
:10617000ABBD01228549BDE83840FFF7A5BD01222E
:106180008349BDE83840FFF79FBD01228149BDE842
:106190003840FFF799BD01227F49BDE83840FFF73D
:1061A0000FBE01227D49FFF78FFD002800F0B88067
:1061B00001227B492046FFF787FD002800F0B080D0
:1061C000204601227749BDE83840FFF77DBD012216
:1061D0007549BDE83840FFF777BD01227349BDE836
:1061E0003840FFF7EDBC01227149BDE83840FFF7A8
:1061F000E7BC18226F49BDE83840FFF7E1BC182220
:106200006D49BDE83840FFF7DBBC01226B49BDE8B2
:106210003840FFF7D5BC01226949BDE83840FFF797
:10622000CFBD01226749BDE83840FFF74DBD444D61
:1062300001222946FFF748FD002871D00122A91C40
:106240002046FFF741FD00286AD06A88002A67D0FF
:106250002B88013B9BB29A4262D80122291D20461D
:10626000FFF7AEFC00285BD00122691D2046FFF736
:10627000A7FC002854D00122A91D2046FFF7A0FC4E
:1062800000284DD0E91D20460122BDE83840FFF727
:1062900097BC01224C49BDE83840FFF715BD0122EB
:1062A0004A49FFF711FD00283AD00122484920460B
:1062B000FFF70AFD002833D0464A938B83B3508BF7
:1062C000984294BF0020012038BD01224249BDE818
:1062D0003840FFF775BC01224049FFF771FDF8B166
:1062E00001223F492046FFF76BFDC8B1204601223D
:1062F0003C49BDE83840FFF763BC01223549FFF750
:106300005FFD68B1012238492046FFF759FD38B1D9
:10631000012236492046FFF753FD00287FF487AE5F
:10632000002038BD01223049BDE83840FFF748BDA4
:1063300090C101209CC1012008C201200AC2012095
:106340003CC2012048C2012094C10120ACC10120FF
:10635000A8C10120A4C10120A0C101200EC10120BB
:106360000CC1012008C101200AC10120D4C10120B3
:10637000CCC101208CC101200CC201201CC2012013
:106380002CC2012028C2012044C1012040C10120AB
:1063900030C201202EC20120B0C1012082C10120E3
:1063A00084C1012086C1012042C1012080C1012099
:1063B0007EC1012066C101204DC1012046C10120DE
:1063C00088C1012044C2012012C201200EC2012056
:1063D00010C20120F4C1012015C2012000C2012019
:1063E00004C2012014C20120F8C10120FCC1012017
:1063F00001221549BDE83840FFF7E2BC01221349EC
:10640000BDE83840FFF7DCBC01221149BDE8384047
:10641000FFF7D6BC01220F49FFF7D2FB00283FF45B
:106420007FAF204601220C49BDE83840FFF7C8BBCA
:1064300001220A49BDE83840FFF746BC0622084958
:10644000BDE83840FFF7BCBCF4C1012098C1012071
:10645000FCC1012012C1012013C1012010C1012083
:10646000B4C1012038B590F8353700255A1C80F8A2
:10647000285080F8352790F834279A4233D00122EB
:1064800000F128010446FFF79BFB98B9B4F83E38A9
:10649000B4F8320703F12802224405E0A4F83E389C
:1064A00012F8011F3B2903D0591C98428BB2F5D832
:1064B000012038BD94F828102046FFF7E7FCA0B96A
:1064C000B4F83E38B4F8320703F12802224405E05C
:1064D000A4F83E3812F8011F3B29E9D0591C984214
:1064E0008BB2F5D8E4E7022038BD284638BD00BF9E
:1064F00000F002B8000000002DE9F04151EC110B52
:106500004342614C21F00046034346EAD37382B014
:10651000A3428DED000B3CD8DDE900E7CEF100038E
:1065200043EA0E0327F0004848EAD373A34230D869
:1065300001F1404303F58013034311EE102A3DD0CF
:106540008D1705F0020558EA0E0E45EAD77529D0D9
:10655000324338D0A64244D0A04534D0A8EB060838
:10656000B8F1747F4FEA285338DA002945DA3C3312
:1065700043DA9FED370B012D53D0022D48D075B172
:106580009FED356B9FED367B30EE460B30EE470BC3
:1065900005E09DED006B41EC170B37EE060B02B0EA
:1065A000BDE8F081022D16D09DED007B9FED2E0BF6
:1065B000032D00FE070B02B0BDE8F08102B0BDE87C
:1065C000F04100F08DB89FED2A0B9FED2B7B002F43
:1065D00020FE070BE3E79FED220BE0E79FED240B86
:1065E000C9E7B04505F1FF3524D0022D2AD8274B45
:1065F00003EBC50393ED000BD1E79DED007B41EC70
:10660000160B87EE060B00F0B3F900F069F8B2E75D
:106610009FED116B9FED127B30EE460B37EE400B7A
:10662000BDE710EE901A53EC102B01F1004343EC40
:10663000102BB4E7022D08D8154B03EBC50393EDDF
:10664000000BACE79FED020BA9E79FED0D0BA6E752
:106650000000000000000000075C143326A6A13CE7
:10666000182D4454FB210940182D4454FB2109C026
:10667000182D4454FB21F93F182D4454FB21F9BF38
:10668000182D4454FB21E93F0000F07F98020020C0
:10669000800200200000000008B52DED048BB0EE54
:1066A000408B00F0B1F9B4EE488BF1EE10FA06D64B
:1066B0009FED099BB4EEC98BF1EE10FA02D4BDEC4C
:1066C000048B08BD04F032FF89EE090BBDEC048B8E
:1066D0002123036008BD00BF00000000000000008F
:1066E00038B5B0EE407B17EE905A794B25F0004458
:1066F0009C422DED0C8B16DD764B9C420EDC09D0B6
:106700009FED577B9FED580B002D37FE000BBDEC26
:106710000C8B38BD10EE103A002BF1D037EE070B82
:10672000BDEC0C8B38BD6C4B9C425CDCA3F1DE7382
:106730009C424CDD4FF0FF339FED4DAB27EE075BE6
:1067400025EE056B9FED4C8B9FED4D1BA6EE0A8B46
:106750009FED4D3BA8EE061B9FED4DBBA1EE063B0A
:106760009FED4DDBA3EE06BB9FED4D9BABEE06DB35
:106770002DEE05DB9FED4C0B9FED4D2BA6EE090B8F
:106780009FED4D4BA0EE062B9FED4DCBA2EE064BA1
:106790005A1CA4EE06CB2CEE06CB39D03DEE0CDB1A
:1067A0004E494F4A01EBC30102EBC30391ED006B6D
:1067B00093ED000B9DEE076B36EE477B002D30EE20
:1067C000470BA4DAB1EE400BBDEC0C8B38BD9FED4E
:1067D0003E6BB7EE005B30EE066BB4EEC56BF1EED0
:1067E00010FAA7DD93E700F0C3F83E4B9C4218DC9B
:1067F000A3F550239C4229DCB0EE007BBFEE006B7A
:1068000030EE075BA0EE076B002386EE057B93E777
:106810003DEE0CDBADEE477BBDEC0C8BB0EE470BD9
:1068200038BD314B9C420BDAB7EE087BB7EE006BFC
:1068300030EE475BA0EE076B022385EE067B7BE71D
:10684000BFEE006B032386EE007B75E7B7EE007B9F
:10685000012330EE475B30EE070B85EE007B6BE7E4
:10686000182D4454FB21F93F182D4454FB21F9BF46
:1068700011DA22E33AAD903FEB0D76244B7BA93F32
:10688000513DD0A0660DB13F6E204CC5CD45B73F00
:10689000FF8300922449C23F0D5555555555D53FAC
:1068A0002F6C6A2C44B4A2BF9AFDDE522DDEADBF20
:1068B0006D9A74AFF2B0B3BF711623FEC671BCBF40
:1068C000C4EB98999999C9BF9C7500883CE4377EC0
:1068D000FFFF0F440000F07FFFFFDB3F00040020BC
:1068E000E0030020FFFFF23F0080034000000000B3
:1068F000B0EE407B17EE903A1B4A23F000439342E0
:106900001BDD1A4A934202DD30EE400B704700B5A2
:1069100085B0684600F07CF800F0030001289DED8A
:10692000021B9DED000B0CD0022812D070B101208B
:1069300000F09AFD05B05DF804FB9FED091B00F027
:10694000FBBC00F091FDB1EE400BF3E700F0F4FC6E
:10695000F0E700F0F1FCB1EE400BEBE7AFF30080A5
:106960000000000000000000FB21E93FFFFFEF7F77
:1069700051EC100B10EE102A21F0004343EC102BC9
:10698000704700BF00000000B0EE407B17EE903A69
:106990001B4A23F0004393421CDD1A4A934202DD56
:1069A00030EE400B704700B585B0684600F030F817
:1069B00000F0030001289DED021B9DED000B0ED0A1
:1069C000022813D070B100F0B7FCB1EE400B05B057
:1069D0005DF804FB9FED081B002000F045BD00F0B2
:1069E000ABFCF4E7012000F03FFDF0E7012000F0F0
:1069F0003BFDB1EE400BEAE70000000000000000A4
:106A0000FB21E93FFFFFEF7FB1EEC00B704700BFF6
:106A100070B553EC102B9C4923F000458D4288B093
:106A200004466ADD99498D421E461BDC002B9FED12
:106A3000867B40F3EB8030EE477BA1F51B21A1F56F
:106A4000F0618D426AD09FED826B012037EE465B8C
:106A500037EE457B84ED005B37EE467B84ED027BB1
:106A600008B070BD8A498D4260DD8A498D424DDC97
:106A70002A1510EE100AA2F21642A5EB025141ECC3
:106A8000170B9FED755BBDEEC76BB8EEC66B37EEAF
:106A9000467B27EE057BFDEEC74B8DED026BB8EE16
:106AA000E46B37EE467B27EE057BB5EE407BF1EEDF
:106AB00010FA8DED046B8DED067B40F0968014EEA0
:106AC000903A002B0CBF012302237349019102214C
:106AD000009102A8214600F0E7F8002EC0DA94EDFC
:106AE000006B94ED027BB1EE466BB1EE477B84ED1B
:106AF000006B84ED027B4042B2E700200021C4E934
:106B00000201002084ED000B08B070BD30EE407B28
:106B1000002084ED027B84ED007BA1E79FED505BBC
:106B20009FED516B37EE457B01208FE7FFF720FF8C
:106B3000B6EE007B9FED4E5BA0EE057BFDEEC77BC6
:106B40009FED413B17EE900A9FED416B1F28B8EE79
:106B5000E75BB1EE454BA5EE430B25EE067B1CDC57
:106B60004E4B421E53F82230AB4216D030EE476BEC
:106B700084ED006B30EE460B30EE470B002E84EDBB
:106B8000020BBFF66DAFB1EE466BB1EE400B84ED7C
:106B9000006B84ED020B404262E730EE476B16EE6D
:106BA000903AC3F30A53C3EB1553102B4FEA255207
:106BB000DEDDB0EE403B9FED2A6B9FED2B2BA4EE6C
:106BC000063B30EE437BA4EE067B95EE027B33EE74
:106BD000476B16EE903AC3F30A53D21A312A06DCF9
:106BE000B0EE430B84ED006BC4E703236DE79FED2C
:106BF000226BB0EE430B9FED222BA4EE060B33EE7F
:106C0000407BA4EE067B95EE027BAFE7244930EE95
:106C1000077B8D420ED09FED0E6B4FF0FF3037EEAD
:106C2000065B37EE457B84ED005B37EE067B84ED3B
:106C3000027B15E79FED0A5B9FED0B6B37EE057B43
:106C40004FF0FF30EBE700BF00004054FB21F93F5D
:106C50003163621A61B4D03D000000000000704151
:106C60000000601A61B4D03D7370032E8A19A33BF3
:106C700083C8C96D305FE43F0000002E8A19A33B32
:106C8000C14920259A837B39FB21E93F7BD902400A
:106C9000FB213941FFFFEF7FEC910020688E00203F
:106CA000FB21F93F000000002DE9F04F2DED088B8E
:106CB000ADF5157D1C4604930791AB4BA69912F1D7
:106CC000140F53F82150824604F1FF38C0F2998224
:106CD000A649D31E81FB0301DB17C3EBA10303937A
:106CE0000133A3EB8303DB00D3180693039B15EB5F
:106CF0000801A3EB08031AD401319FED956BA79807
:106D000019441CAA0AE050F8234007EE904A0133C8
:106D1000B8EEE77B8B42A2EC027B08D0002BF2DAC4
:106D2000B0EE467B01338B42A2EC027BF6D1002D04
:106D3000C0F2C982049B1CAA02EBC3046CAE4FEAEA
:106D4000C30C4046EF180AEBC301B8F1000F9FEDEA
:106D5000807B09DB22465346B3EC025B32ED026BCB
:106D60008B42A5EE067BF7D10130B842A6EC027B40
:106D700004F10804E9D108AF07EB85039FED769B8A
:106D80009FED778B043BDDF818B005930AEB0C04FC
:106D900007EB85096CAE2946019594AB03EBC10363
:106DA000002913ED280B16DD06EBC1033A4620EE51
:106DB000097B33ED025BB0EE406BBDEEC77BB342A7
:106DC000B8EEC77BA7EE486BBDEEC66B37EE050B82
:106DD000A2EC016AEBD15846029100F09DFBB0EEA7
:106DE00040ABB4EE000B2AEE000B00F01DFCB2EE3F
:106DF000007BA0EE47ABBDEECABBBBF1000FB8EE07
:106E0000CB7B02993AEE47AB74DD01F1FF3ECBF14B
:106E1000180357F82E2042FA03FC0CFA03F3D21A97
:106E2000CBF117001BEE103A42FA00F56344002D37
:106E300047F82E200BEE103A64DCB5EE40ABF1EED5
:106E400010FA40F0C480019B01F1FF3E73450DDC58
:106E50004FEA810C07EB8103002053F8042D4B45CA
:106E600040EA0200F9D1002840F0F280019B013B8A
:106E700057F82330002B40F0E680059B012553F89E
:106E8000042D0135002AFAD001F1010E0D4470469F
:106E9000049B1944039B03EB0E0C0CF1804CA79B45
:106EA0000CF1FF3C03EB8C0C1CAB06EBCE0E03EBA2
:106EB000C1019CED017AB8EEC77BB8F1000F81EDFE
:106EC000007B0CF1040C0A469FED216B01F10801D7
:106ED00009DB534601E032ED027BB3EC025BA342D7
:106EE000A5EE076BF7D10130A842AEEC026BE0DDF6
:106EF000294652E740F09D804B1E57F82350ED1570
:106F0000002D9ADD1BEE103A002903F101030BEE70
:106F1000103A40F38C813A68002A40F082800129BF
:106F20002DD03B46012053F8042F002A7CD0431C6F
:106F3000C2F18072994247F820201FDD57F82320C4
:106F400007EB810C07EB83036FF07F4011E000BF7C
:106F50000000000000000000000000000000703E83
:106F60000000000000007041588E0020ABAAAA2A41
:106F70001A68821A43F8042B6345F9D10122BBF148
:106F8000000F0DDDBBF1010F00F03381BBF1020FEB
:106F900006D1481E57F82030C3F3150347F82030B8
:106FA000022D7FF44AAFB7EE000B30EE4AAB002A59
:106FB0003FF443AF5846029100F0AEFA3AEE40ABD0
:106FC000B5EE40ABF1EE10FA02993FF43CAF069CEF
:106FD000B0EE4A0B6042A8468B46019D00F09CFA39
:106FE0009FEDC16BB4EEC60BF1EE10FAC0F2478113
:106FF0009FEDBF7B20EE077BBDEEC77B0BF101024F
:10700000B8EEC75BA5EE460BBDEEC00B183410EE14
:10701000103A47F82B3017EE103A069447F8223012
:107020002AE00123002083E7013088427FF47BAF10
:10703000A5E7B6EE007BB4EEC7ABF1EE10FA80F236
:10704000E5800025F9E601F1010E704675461FE75F
:10705000069BA3F1180157F82E300691A8467246F8
:10706000019D4BB9ACF104033B4453F8040D013AC4
:1070700018390028F9D006910698B7EE000B019256
:1070800000F04AFA019A002AC0F221819FED986B24
:1070900002F1010C6CA907EB8C034FEACC0E01EB5B
:1070A000CC0133ED017ABB42B8EEC77B27EE007B03
:1070B00020EE060B21ED027BF3D19FED8F4BAEF15D
:1070C00008036CA9CE18002444AF002D9FED8C7BE3
:1070D00010DBB0EE446B8C483146002303E09C4249
:1070E00008DBB0EC026BB1EC025B01339D42A5EE14
:1070F000067BF4DA07EBC403944283ED007B4FEA8E
:10710000C40104F10103A6F1080601D01C46DCE726
:10711000A69B022B1DDC002B00F38B800FD19FED73
:10712000787BBE443EED026B774537EE067BF9D1A6
:1071300043460BB1B1EE477B079B83ED007B1BEE13
:10714000103A03F007000DF5157DBDEC088BBDE886
:10715000F08FA69B032BF2D1002A00F0E38002F10E
:10716000005307EBC20030ED026BB0EE475B874285
:1071700037EE067B36EE476B80ED007B36EE056B17
:1071800080ED026BEFD1012A40F3CC80394491EDC0
:10719000006BDA0046A907EBC30333ED027BB0EEC8
:1071A000465B994236EE076B37EE467B83ED006B0C
:1071B00037EE057B83ED027BEFD19FED517B02F132
:1071C00008033B4407F1100233ED026B9A4237EE9D
:1071D000067BF9D14346002B59D1D7E90001D7E905
:1071E0000223079C84ED047BC4E90001C4E9022367
:1071F000A5E7481E57F82030C3F3160347F82030A0
:10720000CEE600216FF0170303916DE51BEE103AF7
:10721000002903F101030BEE103AC8BF02253FF726
:107220007AAEB7EE007B37EE4AAB022505E60022C8
:10723000A5E69FED337B07EBCC0C3CED026B67457D
:1072400037EE067BF9D1434697ED006B8BBB079B6E
:10725000002A83ED007B36EE477B0CDD46A9012337
:10726000B1EC026B01339A4237EE067BF8DA434603
:107270000BB1B1EE477B079B83ED027B5FE7BDEE71
:10728000C00B5A4610EE103A47F82B30F4E697ED53
:10729000005BB1EE477B97ED026BB1EE455B079B60
:1072A000B1EE466B83ED005B83ED026B83ED047BF7
:1072B00045E7079BB1EE475B002A83ED005B36EEA6
:1072C000477BCBDCD5E7049B4FEAC30C53E5A69B79
:1072D000022B1BDC002B21DC7FF431AF9FED087B00
:1072E00026E700BFAFF300800000000000007041FF
:1072F000000000000000703E00000040FB21F93F4C
:107300000000000000000000B8020020A69B032B34
:107310007FF415AF9FED067B44AF5BE79FED047BE9
:1073200044AF90E79FED027B54E700BFAFF30080CE
:10733000000000000000000010EE903A23F000432F
:10734000B3F1795F2DED028B2EDAFDEEC07B17EEE7
:10735000903A002B65D020EE004B9FED358B9FEDD2
:10736000362B9FED373BA4EE082B9FED375BA4EE49
:10737000023B9FED376BA4EE035B9FED377BA4EEE2
:10738000056BA4EE067B24EE077B21EE401BB6EED8
:10739000006BA4EE071BB7EE000B94EE061BBDECD2
:1073A000028B30EE410B70479FED218B20EE004B9E
:1073B0009FED212B9FED223BA4EE082B9FED225B3E
:1073C000A2EE043B9FED226BA3EE045B9FED227BBC
:1073D000A5EE046B224AA6EE047B934227EE047BC3
:1073E000D3DD204A934217DCB7EE006B0020A3F5F3
:1073F000001141EC150B36EE456B21EE401BB6EE4D
:10740000003BA4EE071B94EE035BBDEC028B35EE54
:10741000410B36EE400B7047B6EE076BB5EE025BE4
:10742000EBE7B7EE000BBDEC028B7047AFF30080CB
:10743000D43888BEE9FAA8BDC4B1B4BD9EEE213EE1
:10744000AD529C804F7E92BE9015CB19A001FA3EA2
:107450007751C1166CC156BF4C5555555555A53F72
:107460003233D33F0000E93F10EE903A23F000435F
:10747000B3F1795F04DAFDEEC07B17EE903A5BB3AF
:1074800020EE007B9FED162B9FED173B9FED184BD9
:10749000A7EE023B9FED185BA3EE074B9FED186B29
:1074A000A4EE075BA5EE076B20EE075B30B99FEDFE
:1074B000164BA7EE064BA4EE050B70479FED144B41
:1074C00026EE456BB6EE003BA1EE036B96EE071B76
:1074D000A5EE041B30EE410B704700BFAFF30080F8
:1074E0007CD5CF5A3AD9E53DEB9C2B8AE6E55ABECE
:1074F0007DFEB157E31DC73ED561C119A0012ABF6A
:10750000A6F810111111813F495555555555C5BF64
:10751000495555555555C53F53EC102B10B4C3F381
:107520000A54194674BB23F00041114327D09FED44
:10753000307B3B4920EE077B884253EC172B43DB23
:10754000C3F30A541946363C4CF2503C604522DCE9
:10755000204440F2FE74A0421DDC002829DC10F11A
:10756000350F38DB21F0FF41363021F4E0019FED8B
:10757000227B41EA005343EC102B20EE070B5DF811
:10758000044B704740F2FF7C6445DDD130EE000BC8
:107590005DF8044B70479FED1A7B9FED1B5BB0EECF
:1075A000470B002B5DF8044B27FE057B27EE000BF5
:1075B000704721F0FF4121F4E00141EA005343EC20
:1075C000102B5DF8044B70479FED110B5DF8044BD9
:1075D00027EE000B70479FED0E7B9FED0F5BB0EE2B
:1075E000470B002B27FE057B27EE000BC7E700BFEC
:1075F0000000000000005043000000000000903C2C
:107600009C7500883CE4377E9C7500883CE437FE1E
:1076100059F3F8C21F6EA50159F3F8C21F6EA58178
:10762000B03CFFFF0000000010B582B08DED000BF4
:1076300001990098C1F30A52A2F2FF33132B84463A
:1076400031DC002B21DB3A4A1A4101EA02040443EF
:107650008E462DD09FED347B9DED006B36EE077B83
:10766000B5EEC07BF1EE10FA09DD002904DA4FF423
:10767000801141FA03F39E442EEA020100200B46DA
:10768000024643EC102B02B010BD9FED277B30EE7D
:10769000077BB5EEC07BF1EE10FAF0DD002928DBA8
:1076A00000200146EBE7332B06DDB3F5806F1BD0DE
:1076B0009DED000B02B010BDA2F213424FF0FF3E51
:1076C0002EFA02F21042F3D09FED177B9DED006B76
:1076D00036EE077BB5EEC07BF1EE10FACFDD002968
:1076E00013DB2CEA0200CAE79DED007B37EE070BA7
:1076F000E0E721F0004101430E4B00294FF000006C
:107700000CBF4FF000411946B9E7142B09D00124F2
:10771000C3F1340304FA03F39C44604588BF09199C
:10772000DFE70131DDE700BF9C7500883CE4377E70
:10773000FFFF0F000000F0BF53B94AB9002908BF8E
:1077400000281CBF4FF0FF314FF0FF3000F070B940
:10775000ADF1080C6DE904CE00F006F8DDF804E0A8
:10776000DDE9022304B070472DE9F047089E0D467D
:1077700004460F46002B4AD18A42944665D9B2FA94
:1077800082F343B102FA03FCC3F120029F4020FAC6
:1077900002F217439C404FEA1C4E1FFA8CF5B7FBD0
:1077A000FEF1220C0EFB117742EA074201FB05F0C5
:1077B00090420AD91CEB020201F1FF3780F01C81D4
:1077C000904240F2198102396244121AA4B2B2FB0B
:1077D000FEF00EFB102244EA024400FB05F5A54230
:1077E0000AD91CEB040400F1FF3280F00781A542A6
:1077F00040F204816444023840EA0140641B0021E5
:107800001EB1DC400023C6E90043BDE8F0878B428F
:1078100008D9002E00F0ED800021C6E900050846D9
:10782000BDE8F087B3FA83F1002949D1AB4202D316
:10783000824200F2F880841A65EB030201201746A9
:10784000002EE2D0C6E90047DFE702B9FFDEB2FA58
:1078500082F3002B40F090808A1A4FEA1C471FFAEF
:107860008CFE0121B2FBF7F507FB1520220C42EA42
:1078700000420EFB05F0904208D91CEB020205F114
:10788000FF3802D2904200F2CB804546121AA4B2D1
:10789000B2FBF7F007FB102244EA02440EFB00FEA5
:1078A000A64508D91CEB040400F1FF3202D2A6451C
:1078B00000F2BB801046A4EB0E0440EA05409FE7AF
:1078C000C1F120078B4022FA07FC4CEA030C05FAB1
:1078D00001F420FA07F3FD404FEA1C492343B5FBAE
:1078E000F9F81FFA8CFE09FB18551C0C44EA0544F4
:1078F00008FB0EF5A54202FA01F200FA01F00BD9DD
:107900001CEB040408F1FF3A80F08880A54240F2A5
:107910008580A8F102086444641B9DB2B4FBF9F3AE
:1079200009FB134445EA044403FB0EFEA64508D9AF
:107930001CEB040403F1FF356CD2A6456AD9023B67
:10794000644443EA0843A3FB0295A4EB0E04AC4253
:10795000C846AE4656D353D056B1B0EB080264EBDE
:107960000E0404FA07F7CA40CC401743C6E9007476
:1079700018460021BDE8F087C3F1200102FA03FC9C
:1079800020FA01F225FA01F19D402A434FEA1C47F3
:107990001FFA8CFEB1FBF7F007FB1015110C41EA42
:1079A000054100FB0EF58D4204FA03F408D91CEBE7
:1079B000010100F1FF382FD28D422DD902386144E8
:1079C000491B92B2B1FBF7F507FB151142EA0142E0
:1079D00005FB0EF1914208D91CEB020205F1FF38BC
:1079E00016D2914214D9023D6244521A45EA00412E
:1079F00038E73146304608E73946E6E61046FBE60A
:107A00004845A9D2B9EB020865EB0C0E013BA3E790
:107A10004546EAE72B4694E74046D1E7D0467BE768
:107A2000023D624432E708460AE76444023842E70E
:107A3000704700BF024B1844407800F008007047C0
:107A4000101E0020002101F065BC00BF0A220021A9
:107A500001F068BD0A22002101F064BD931E222BB3
:107A600010B50C460CD80A2A03D001F069FD204657
:107A700010BD0028F9DA2D2301F8013B4042F4E75C
:107A800000230B70184610BD024B0146186800F029
:107A90000BB800BFD0A00020024B0146186804F0CC
:107AA00079B800BFD0A000202DE9F04F01F10B06FE
:107AB000162E83B0044624D8102900F2BA8000F0B4
:107AC000A3FA102618220220B54F3A44A2F1080169
:107AD00053688B4200F0BA805A68D96822F00302DA
:107AE0001A449D68E9608D60516841F001012046AB
:107AF000516003F1080500F08DFA284603B0BDE897
:107B0000F08F36F0070600F19480B14200F29180C8
:107B100000F07AFAB6F5FC7FC0F09A81730A00F0A3
:107B20008F80042B00F26F81B30903F1390003F158
:107B3000380CC3009A4F3B44A3F108055B689D4293
:107B400006D10CE0002980F22781DB689D4206D037
:107B50005A6822F00302911B0F29F3DD60463D694C
:107B6000DFF850C265457CD06A6822F00302931B9F
:107B70000F2B00F37B81002BC7E904CC80F26C81D2
:107B8000B2F5007F80F01A81D308796801334FEA9B
:107B9000521E012202FA0EF20A4357F833E0C5F8EA
:107BA00008E007EBC3010839E9607A6047F8335011
:107BB000CEF80C50831001219940914257D81142C0
:107BC00006D120F003004900114200F10400FAD070
:107BD00007EBC0094D468646D5F80C80454508D1CF
:107BE0001DE1002B80F22481D8F80C80454500F07F
:107BF0001681D8F8042022F00302931B0F2BF0DD2E
:107C00002046D8E9025408EB060146F00106C8F800
:107C10000460EC60A56043F00104C7E90411C1E908
:107C200002CC4C6048F8023000F0F4F908F1080585
:107C300002E00C2323600025284603B0BDE8F08F46
:107C40004FF4007340204FF03F0C73E7D3689A4223
:107C500008BF02307FF440AF3D69DFF858C1654589
:107C600082D17A688310012199409142A7D9BD68D9
:107C70006B6823F003094E4503D8A9EB06030F2BCD
:107C80007ADCDFF834B1474BDBF800201B680132A7
:107C9000334405EB090A00F0338103F580530F33B9
:107CA00023F47F6828F00F084146204603F016FCB5
:107CB000411C024600F0F380824500F2EE803A4B10
:107CC000196841441960084600F04E81DBF8001045
:107CD000019301311BBFA2EB0A010918CBF8002068
:107CE000196012F0070B00F01781CBF108010A446C
:107CF000CBF5805190440831A1EB0801C1F30B0A88
:107D000051462046009203F0E9FB421CDDE90023C6
:107D100000F04F81801A00EB0A081968BA6048F039
:107D200001005144BD425060196000F02981B9F151
:107D30000F0F40F227816868A9F10C0C2CF0070C9A
:107D400000F0010040EA0C0068604FF0050E05EB02
:107D50000C00BCF10F0FC0E901EE00F23281506857
:107D60001546124B1A688A4238BF1960104B1A68C0
:107D70008A4238BF196094E0AA1943F0010346F023
:107D800001066E602046BA60536000F043F9083582
:107D9000284603B0BDE8F08FD9681A44A1E600BFB9
:107DA000B49C0020A8BF012078BF0120A0BF012003
:107DB000A4BF0120BC9C0020BCA00020B2F5206F15
:107DC0004FEA522363D3142B00F2B78003F15C0116
:107DD000C9005B3307EB010E7958AEF1080E8E45F2
:107DE00000F091804B6823F00303934202D9896825
:107DF0008E45F7D1D1F80CE07A68C5E9021ECEF8BD
:107E00000850CD60D6E6142B59D9542B00F29D8032
:107E1000330B03F16F0003F16E0CC3008AE60EF121
:107E2000010E1EF0030F05F108057FF4D5AE51E0F9
:107E3000424445465368D8F80C1043F001035360A0
:107E400055F8083F2046D9608B6000F0E3F8F3E670
:107E5000F00806F1080237E62A442046536843F04A
:107E600001035360083500F0D5F8E5E6A91920466E
:107E700046F0010643F001046E60C7E90411C1E950
:107E800002CC4C60AB5000F0C5F80835D4E693093D
:107E900003F13901C90038339CE7BD425FD0BD68AA
:107EA000686820F003084645A8EB060302D80F2BAC
:107EB0003FF762AF204600F0ADF80025BCE603F1C5
:107EC0005C0003F15B0CC30034E659F808394B45FC
:107ED00040F0968010F0030F00F1FF30F5D17B6881
:107EE00023EA01037B60490099423FF6C0AE19B90D
:107EF000BDE649000EF1040E1942FAD0704667E65D
:107F000003F11008D0E69A104FF001087B6808FAD8
:107F100002F21A437A6070E702EB08014942C1F3AA
:107F20000B0A51462046009203F0D8FA431CDDE9C3
:107F300000237FF4EFAEDA46EFE6542B25D8130B7F
:107F400003F16F01C9006E3344E7B3F5AA7F25D86A
:107F5000F30B03F1780003F1770CC300EAE5294B3A
:107F6000186840441860B1E6CAF30B0CBCF1000F6E
:107F70007FF4ACAEBD68C84448F001006860F0E62C
:107F80001546EEE60123536094E7B3F5AA7F23D8A4
:107F9000D30B03F17801C90077331BE740F2545249
:107FA000934223D8B30C03F17D0003F17C0CC30092
:107FB000C0E5ABF1080BD844A8EB02084FF0000A6B
:107FC000ABE605F108012046009303F0E3FDBD6830
:107FD000009B68681968C4E640F254518B420BD884
:107FE000930C03F17D01C9007C33F3E64FF47E73FB
:107FF0007F204FF07E0C9DE54FF47E717E23E9E6F5
:108000007B6870E778BF0120014803F093BC00BF94
:108010006CBF0120014803F091BC00BF6CBF012080
:1080200010B4044C03460A4620685DF8044B194618
:1080300000F002B8D0A000202DE9F84F1746002923
:1080400000F098800C4607F10B058046FFF7DCFF37
:10805000162D54F8041C5BD810252A46AF425CD874
:1080600021F003069642A4F1080962DABC4BD3F86A
:1080700008C009EB0600844500F09780D0F804C0E2
:108080002CF0010303445B68DB0768D42CF0030C7D
:1080900006EB0C03934247DACB0710D454F8083CA4
:1080A000A9EB030ADAF8043023F003018C44B4444A
:1080B000944580F211817318934280F2E88039462A
:1080C0004046FFF7F1FC0746E0B154F8043C23F0CA
:1080D00001034B44A0F10802934200F0D280321F0A
:1080E000242A00F2F580132A00F2AC8003462246CF
:1080F000116819605168596092689A60214640463B
:1081000003F048FD4046FFF785FF3846BDE8F88F8D
:1081100025F00705002D2A46A0DA0C23C8F8003008
:1081200000273846BDE8F88F1E46D0E90223D36009
:108130009A60731B0F2B22D8D9F8043003F0010387
:1081400033434E44C9F80430736843F0010373604D
:1081500040462746FFF75EFF3846BDE8F88FC9075F
:10816000ADD454F8083CA9EB030ADAF8041021F066
:108170000301A0E7BDE8F84F1146FFF795BCD9F819
:10818000042009EB050102F001024E4443F0010313
:108190002A43C9F804204B60736843F00103083197
:1081A0007360404603F0F6FCD2E7DCF8040020F0F0
:1081B000030B06EB0B0C05F1100084454DDAC907E3
:1081C0003FF57DAF54F8081CA9EB010ADAF804105A
:1081D00021F003018B44B34458453FF76CAF574639
:1081E000DAF80C1057F8080F321F242AC160886093
:1081F00000F2DB80132A40F2D6802168CAF808100A
:108200006168CAF80C101B2A00F2DF8008340AF1FA
:1082100010022168116061685160A16891600AEBE9
:108220000501ABEB050242F0010299604A60DAF801
:10823000043003F001032B434046CAF80430FFF733
:10824000E9FE6EE723680360636843601B2A68D811
:1082500004F1080200F108034AE709EB05029A60FD
:10826000ACEB050343F00103536054F8043C03F006
:1082700001032B43404644F8043CFFF7CBFE27465E
:108280004FE750F8043C23F003031E4451E75746E0
:10829000DAF80C1057F8080F321F242AC1608860E2
:1082A0004CD8132A48D92168CAF808106168CAF85E
:1082B0000C101B2A56D808340AF110021E462368F7
:1082C000136063685360A3689360D1463C4630E70F
:1082D000214601F00DFB11E7D0E902135746CB60B0
:1082E000996057F8081FDAF80C30CB60321F242A47
:1082F00099602DD8132A29D92368CAF808306368F1
:10830000CAF80C301B2A42D808340AF1100322683C
:108310001A6062685A60A2689A606646D1463C4616
:1083200007E7A3688360E368C360242A26D004F1CA
:10833000100200F11003DBE63A46BFE7214638465B
:108340001E46D14601F0D4FA3C46F2E63B46DEE753
:10835000214638466646D14601F0CAFA3C46E8E670
:10836000B49C0020A168CAF81010E168CAF8141083
:10837000242A20D010340AF118029FE723690361F0
:108380006169416104F1180200F11803B0E6A368C5
:10839000CAF81030E368CAF81430242A21D0103407
:1083A0000AF11803B3E73A4633E72146384601F0AD
:1083B0009FFA164B33E72269CAF818206269CAF897
:1083C0001C2018340AF1200278E7A168CAF81010BE
:1083D000E168CAF81410242A0DD010340AF11802EA
:1083E00017E72369CAF818306369CAF81C301834D3
:1083F0000AF120038BE72269CAF818206269CAF8DB
:108400001C2018340AF1200203E700BFB49C0020AE
:108410000CB410B51F4B00291C689CB035DB4FF421
:108420000273ADF81430029006901FAB18D00139DA
:108430004FF6FF7204910791ADF8162002A91E9A1B
:108440000193204606F08CFC421C01DA8B2323604A
:10845000029B00221A701CB0BDE8104002B07047A9
:108460004FF6FF7204910791ADF8162002A91E9AEB
:108470000193204606F074FC431C01DA8B23236031
:108480001CB0BDE8104002B070478B2323604FF052
:10849000FF30F5E7D0A000202DE9F04F2DED108B37
:1084A00097B08A4600210792129100220021CDE95F
:1084B00004128046514611910F4611F8012B2D2AC6
:1084C0005ED801A050F822F0416401005963010018
:1084D00059630100596301005963010059630100A8
:1084E0005963010059630100596301008F62010063
:1084F0008F6201008F6201008F6201008F620100B4
:108500005963010059630100596301005963010077
:108510005963010059630100596301005963010067
:108520005963010059630100596301005963010057
:108530005963010059630100596301005963010047
:1085400059630100596301008F6201005963010002
:108550005963010059630100596301005963010027
:108560005963010059630100596301005963010017
:10857000596301007B6A010059630100676A0100C9
:1085800000210991302A7DD0002308932F2A144618
:1085900040F2CD844FF0000938464E464D4612E079
:1085A0000130082D1190C8BF09EB89090478C6BFB6
:1085B00002EB4902A2F13009A3F130062F2C05F19C
:1085C000010522466FDD06EB8603392C02EB4303DF
:1085D000E6DD9F49012201F0BFFA002837D1119B47
:1085E0001A46013311935478002D40F04385302C06
:1085F00040F02485C3F101029818013311931C78CF
:10860000302CF9D0A4F13103082B00F20183119F23
:10861000431CA4F1300B0B930125BC464FF0000E18
:1086200006EB86060BEB460600200CF101031193C6
:108630009CF80140A4F13001092900F2BB8201300D
:108640008B46002940F04F84DDF844C0EDE7002060
:10865000652CAE460B90844601D0452C30D1002DC0
:108660006BD1089B034367D1079B9FED778B13B1B9
:10867000079BC3F800A0B0EE480B17B0BDEC108B01
:10868000BDE8F08F7A7802F0DF02582A00F00C84FF
:10869000013711973A78302AFAD0002A00F0B780D3
:1086A0000123089372E76A49012201F055FA002874
:1086B00000F0C080AE464FF0000CCDF82CC06046F4
:1086C0004FF0000B002D7ED007EE906A0B9BB8EEAA
:1086D000677BABEB0303BEF1000F08BFAE46102D66
:1086E0000A932B46A8BF1023092D8DED047B0CDDCA
:1086F000584A02EBC30212ED125B06EE909AB8EEF6
:10870000666BA7EE056B8DED046B0F2D00F3A88053
:108710000A9A002A00F0E4830A9A40F33C83162A5E
:1087200040F398840A99C5F125028A4280F2A68412
:108730000A9AEB1A134499E00025DDF844A00AF1E7
:10874000010311939AF801402B2C00F05E822D2C2E
:1087500000F0F78100230A93A4F13003092B00F203
:10876000EB81302C05D1119B013311931C78302CF7
:10877000FAD0A4F13103082BA2D8119A0C92531C01
:108780001193A4F1300B54782F2C07DCDEE3013376
:1087900011934C782F2CA2F1300B06DD0BEB8B02E2
:1087A000392C194604EB4202F1DD0C9A9B1A082B76
:1087B00040F3CC8344F61F6B0A9B002B82D0CBF195
:1087C000000B002D80D1089B034320D1BCF1000F8A
:1087D0007FF44AAF692C00F0CF8300F3F382492C79
:1087E00000F0CA834E2C7FF43FAF1B4911A803F061
:1087F000F3FD00283FF438AF119B1B78282B00F0C5
:10880000F284164803F064F9B0EE408B01E09FED6E
:108810000E8B079A0AB1119B1360099B002B3FF442
:108820002AAFB1EE488BB0EE480B17B0BDEC108B01
:10883000BDE8F08F119B0B905A1C11925C78AE46EC
:10884000F8E600BFAFF30080000000000000000069
:10885000D40A002018030020A81F0020740A00205A
:108860000A9AEB1A1344002B40F3B08213F00F0165
:108870000AD0C34A02EBC1029DED046B92ED007B6E
:1088800027EE067B8DED047B33F00F0240F038823B
:108890000023089300962B4672463946404609F05D
:1088A000ABFC8146002800F0E1820B9BA3EB0B0B95
:1088B0000A9B9FEDA9EB002B9FEDA9CB9FEDAADBB7
:1088C0009FEDABBBB4BF5A4600224FF0000A23EA2B
:1088D000E3730B920C935446D9F80410404609F008
:1088E00009FC0646002800F00E81D9F810209DED05
:1088F000048B0232920009F10C010C30F8F792FA65
:10890000B0EE480B14AA13A940460AF031F81290B1
:10891000002800F0E4800121404609F015FD0446DE
:10892000002800F0F080139A002AC0F2DE800B9B32
:108930000C9F02EB030B089B149DD21A2A44914B07
:10894000013A9A42C5F1360580F29880991A1F299A
:10895000A5EB010500F3E380012202FA01F30D9378
:1089600000230E932F44089B5D44AB455A461F4499
:10897000A8BF2A46BA42A8BF3A46002A03DDAD1A6C
:10898000BF1AABEB020B0B9B002B00F38880002D72
:1089900000F39C800A9B002B00F3B780002F00F3AC
:1089A000A980BBF1000F08DD21465A46404609F078
:1089B00007FE0446002800F0A68012993246404681
:1089C00009F098FE8246002800F09D800023C568CB
:1089D000C360214609F06CFE0028C0F2C78300F096
:1089E0006183214650460AF02DF8B0EE007BB4EECC
:1089F000C70BF1EE10FA46D8002D00F0CB80B7EE91
:108A0000009B0598604B00226049DFF884C100EAB2
:108A10000107674500F0D480089959B1B7F1D46FC8
:108A200008D8B4EECB9BF1EE10FA40F2568103F178
:108A3000D661CB1BB0EE480B43EC1A2B09F004FFB8
:108A4000AAEE008B8DED048B18EE903A089A22B9AD
:108A50004E4A1A40974200F0E4801299404609F0CD
:108A60006FFB3146404609F06BFB2146404609F05A
:108A700067FB5146404609F063FB2DE701230021C7
:108A8000CDE90D316EE7B6EE009B20EE099B002D7F
:108A90005FD1B1EE497B059853EC172BB4E7214623
:108AA0001A46404609F02CFD044660B30146129A6E
:108AB000404609F077FC30B30F901299404609F018
:108AC0003FFB0F9A1292002D7FF764AF12992A464E
:108AD000404609F075FD129000287FF45BAF222319
:108AE0009FED258BC8F80030BCE00C9BDDF82CB066
:108AF0009F1A20E731463A46404609F061FD064696
:108B000000287FF44EAF1298E9E731460C9A4046B0
:108B100009F0F6FC064600287FF440AFF3E7C2F107
:108B20007F4202F57F0202F57B420121E23201FA27
:108B300002F3CDE90D1315E7CDF844A04FF0000B7B
:108B4000C0E501230A930AF1020311939AF8024047
:108B500002E6B0EE497B9EE79535A094FFFFCF3F3C
:108B60009535A094FFFFDF3F35E5AF350000E03FCE
:108B70000000C0FFFFFFDF41000000000000F07FA9
:108B80001803002002FCFFFF0000F03F0000F07F10
:108B90000000E07FDDE90412002900F08580DDE9B6
:108BA0000412012900F0D8811046B74BB7EE009BA4
:108BB000002229E7652C4FF0010C3FF4BEAD4CE5D7
:108BC00043EC1A2BA0F1547305939DED04FBB0EE1A
:108BD0004F0B09F039FEAD49AAEE00FB1FEE903AAB
:108BE000AB4A194091428DED04FB72D9A94B18EEA6
:108BF000902A9A4203D118EE103A013383D0A54A45
:108C00004FF0FF33CDE9043227E700230A939AE7B8
:108C1000652C00F0D080452C00F0CD804FF0010C89
:108C2000D1E551EC190B0D930DF0D2FC0DF052FC77
:108C3000049B1D430D9B41EC170BC3F313031D4312
:108C400039EE479B00F0A080B4EECC9BF1EE10FA19
:108C500005D4B4EECD9BF1EE10FA7FF7FEAE9DED9C
:108C6000048B12980146404609F06AFA31464046A4
:108C700009F066FA2146404609F062FA4946404644
:108C800009F05EFA5146404609F05AFAC1E5012260
:108C90000992791C11917A78002A3FF4E5AC0F46CD
:108CA00070E400220992F4E7C2F313031046002B8C
:108CB0007FF47BAFB7EE007BB4EEC70BF1EE10FA9A
:108CC00000F1D381B6EE009B20EE099BB1EE497B0B
:108CD000E2E603F154730593B8E6BCEEC99B19EEC6
:108CE000103A012B38BF012309EE103AB8EE499B28
:108CF000002D40F03E81B1EE497B53EC172B96E6F8
:108D0000B2F59A7F00F3B280102A4FEA221340F3A3
:108D10008682614C9DED047B00202246014613F0C3
:108D2000010F01F101014FEA630304D092ED006BE2
:108D3000012027EE067B012B02F10802EFD108B1DA
:108D40008DED047B059BA3F15473059304EBC104E3
:108D50009DED046B94ED007B4C4B27EE067B17EEEC
:108D6000902A4E4913408B428DED047B7ED8A1F5AD
:108D700080118B4240F2D681464C4FF0FF33CDE953
:108D800004340023089385E5B4EECE9BF1EE10FA8F
:108D90007FF563AE63E71632FFF662AD0B9BA3EB84
:108DA0000B0B3F4B03EBCB0393ED007B9DED046B73
:108DB00086EE078B2DE54FF0000ECDF82CE04FF03E
:108DC000010C4EE46E2C3FF410AD4DE43FF460AD69
:108DD0005B4213F00F010AD0314A02EBC1029DED54
:108DE000046B92ED007B86EE077B8DED047B1B11FF
:108DF0003FF44EAD1F2B33DC13F0100218BF6A2274
:108E00009DED047B0892274A0021D80704D592EDF6
:108E1000006B012127EE067B5B1002F10802F4D102
:108E200009B18DED047B089B93B1DDE90401C1F329
:108E30000A52C2F16B03002B0ADD1F2B40F32F8275
:108E40000020342B049040F340824FF05C73059374
:108E50009DED047BB5EE407BF1EE10FA7FF41AAD88
:108E600022239FED058BC8F80030D2E422239FED2A
:108E7000048BC8F80030CCE40000000000000000C3
:108E8000000000000000F07F0000F0BF0000F07F55
:108E9000FFFF9F7CFFFFEF7FF00200200000A07C1F
:108EA00018030020200400200293099B019312ABB9
:108EB0000093A74A13AB11A9404602F0C3FF10F07C
:108EC0000F0504463FF4A3AC062D74D1079B9FED1C
:108ED0009A8B0137002B3FF4CEAB1F60FFF7CBBB63
:108EE0009DED048B95E40B9BDDF844C003440B938C
:108EF000012805F101031A4614D02844441E03E05A
:108F000046009C420DD001332A46082A1D4606EB36
:108F10008600F5D9102BDCBF09EB89094FEA490916
:108F2000EFE70232082D3CDC1546FFF779BB894993
:108F30000122384600F010FE002800F082804FF039
:108F4000000EF14676467546FFF7B5BB44F61F6343
:108F50009B45A8BF9B462FE4DDE904231846002B60
:108F60007FF423AE22239FED748B1298C8F8003053
:108F700078E6B0EE497BC0E6774911A803F02CFAF9
:108F800000283FF471AB119B7449013B11A8119368
:108F900003F022FA10B9119B013311939FED688BF6
:108FA00037E4102ADCBF09EB890901EB49091546B2
:108FB0000020FFF73ABB129A3AB1352114A809F004
:108FC00073FD1299404609F0BBF8013D139B042D37
:108FD00000F28F81DFE805F0032D2A1F0300149AA9
:108FE000049203F23342159B23F4801343EA0253A5
:108FF0000593E50502D543F000430593584A1A400E
:109000009DED048B002A7FF404AC02F08FFA22233A
:109010000360FFF7FEBB4FF0FF336FF00046CDE972
:109020000436E3057FF55CAF059BE4E74C4B059305
:10903000F7E7149B0493159B0593DAE70020FFF7ED
:10904000E1BA119B1A4601331193547806468146C2
:10905000FFF7CDBA434B03EBC20393ED008B9DEDBD
:10906000047B28EE078BFFF7D4BBBEEE007BB6EE89
:10907000009B11E5AE460B90FFF7DCBA394BC5F10A
:109080000F054A1B03EBC50503EBC20395ED008BEF
:1090900093ED007B9DED046B28EE068B28EE078B8D
:1090A000FFF7B7BB002D00F09580DDE904BC2E4B27
:1090B000CCF313019942624600F0D2800E9B002B44
:1090C00000F0A580DDE90412134217461AD0B0EE75
:1090D000480B002D00F0A68009F0B6FB089B7BB181
:1090E000C7F30A53C3F16B03002B09DD1B0503F122
:1090F0007F51002001F5401141EC170B20EE070BCA
:1091000038EE008B089B5BB19FED0F7B144B28EE74
:10911000078B18EE902A134013B92223C8F80030A9
:1091200012989FE502F15473059300230893FFF70B
:10913000B1BB00BFAFF300800000000000000000E2
:10914000000000000000F07F000000000000503927
:10915000308E0020D40A00209C1F0020A01F002079
:109160000000F07F18030020FFFF0F00DDE904126C
:109170000D43C7D1C2F313031746002BC2D122F00F
:1091800000431B0D1B05B3F1D66FBBD9DAF81430C1
:109190001BB9DAF81030012BB4DD514601224046EC
:1091A00009F00EFA2146824609F082FA0028A9DD6C
:1091B000089B002B7ED1504B3B40A3F580136FEAF8
:1091C00013536FEA035305934FF0FF3304939DED60
:1091D000048B97E7DDE90412C2F313030B43174630
:1091E0007FF46CAFE4E7454911A814AA03F010F925
:1091F00005287FF406AB159B43F0FF4343F4E003DF
:109200000593149B04939DED048BFFF702BBDDE9EE
:1092100004010D9B03423FF475AF0F4657E7384CEE
:1092200000218FE509F010FB089B002B55D0C7F3F8
:109230000A53C3F16B03002B09DD1B0503F17F51BA
:1092400001F54011284641EC170B20EE070B38EED4
:10925000408BB5EE408BF1EE10FA7FF455AF81E60E
:10926000089B04991BB3244B1340B3F1D46F1ED851
:109270001B0DC3F16B034FF0FF3000FA03F399426B
:109280007FF41CAF1F4B9A4230D01B4B134003F5A9
:1092900080130593002304939DED048B32E74FF078
:1092A000FF3202FA03F3049A1A400492D0E54FF019
:1092B000FF33E4E7104B3B40B3F1D66F3FF77DAF90
:1092C000B3F15C7F3FF720AF4CE6C2F14B024FF0A9
:1092D000FF3393400B400593BAE538EE408BB5EE73
:1092E000408BF1EE10FA7FF41BAF3BE60131CCD19D
:1092F00009E400237DE600BF0000F07F448E0020DB
:10930000F0020020FFFFEF7F014BFFF7C5B800BF61
:10931000489B002010B4054C054B84460A46206843
:109320005DF8044B6146FFF7B7B800BFD0A000203E
:10933000489B00200000000010B5234C234B8446BE
:109340000A4620686146FFF7A7F8B4EE400BF1EE3D
:1093500010FA27D6F7EEC07B9FED1D7AF0EEE76A94
:10936000F4EE476AF1EE10FA0EDDB0EEC05B9FED51
:10937000146BB4EE465BF1EE10FA05DC2368222292
:109380001A60B0EE670A10BD17EE903A13F0FF4F67
:10939000F7D1104B10EE902A1340002BEED1B0EE17
:1093A000670A10BD10EE903A002B0B4804DA02F069
:1093B00097FBF1EE407AE4E7BDE8104002F090BB85
:1093C000FFFFFFFFFFFFEF7FD0A00020489B0020A2
:1093D000FFFF7F7F0000F07F740A0020012B2DE942
:1093E000F84F40D0242B98463DD84C4D8E467646BB
:1093F0001EF801BB15F80B4014F00804F7D1BBF1BF
:109400002D0F72D0BBF12B0F08BF9EF800B06FF08C
:10941000004908BF06F1020E002B42D0102B57D096
:10942000B9FBF8F700252E4608FB179A05E033D064
:1094300008FB06C601251EF801BBABF1300CBCF1E0
:10944000090F06D9ABF1410CBCF1190F12D8ABF1E1
:10945000370C634517DDB5F1FF3FECD0B742E6D2DC
:109460004FF0FF35E7E702F061F8162303600020B4
:10947000BDE8F88FABF1610CBCF1190F03D8ABF16B
:10948000570C6345E7DC6B1C27D08CB90AB1A5BB30
:1094900011603046BDE8F88FE245C9DA4FF0FF357C
:1094A000C9E7BBF1300F05D04FF00A084346B7E7D4
:1094B0007642EBE79EF8003003F0DF03582B21D112
:1094C0004FF010089EF801B043460EF1020EA7E7D8
:1094D000BBF1300F1AD09846A2E72223036072B185
:1094E0000EF1FF314E461160D3E79EF800B04FF009
:1094F000004906F1020E01248EE7B146F0E74E4620
:109500003046C7E74FF00808434689E79EF8005009
:1095100005F0DF05582DD3D0984681E7111E0020B5
:10952000FFF75CBF10B4054C8446134620685DF815
:10953000044B0A466146FFF751BF00BFD0A0002090
:10954000F0B5254FA2F1020E164605460C460FCF88
:109550008BB0EC46ACE80F000FCFACE80F0097E8FB
:1095600003004CF8040BBEF1220F8CF800102ED82B
:1095700004F1FF3E70464FF0000CB5FBF6F206FB1F
:10958000125328336B44614613F828CC00F801CFFE
:109590002B469E4201F1010C1546EED9002304F83A
:1095A0000C3089B1A44472461EF8010F1CF8015D0D
:1095B0008EF80050A4EB0E030232013B121B0B4449
:1095C0009A428CF80000EEDB20460BB0F0BD002381
:1095D000184623700BB0F0BDE81D0020FFF7B0BFA8
:1095E0000EB410B59FB021AC4FF4017154F8042BA8
:1095F0000192ADF81C100490089002F0B5F90590A6
:1096000009900B480B490C9100234FF6FF7C1093F7
:109610001593019A0068ADF81EC0234604A903946F
:1096200007F040F91FB0BDE8104003B0704700BF1D
:10963000D0A000203574010010B50C46B1F90E1011
:1096400001F030FF002803DB236D0344236510BDC8
:10965000A38923F48053A38110BD00BF002070476D
:109660002DE9F0410C46B1F90C101F46CB0505461B
:1096700016460BD421F48051A1813B46B4F90E105B
:1096800032462846BDE8F04101F03ABFB4F90E1069
:109690000223002201F0EAFEB4F90C10EAE700BF51
:1096A00010B50C46B1F90E1001F0E0FEA389421C82
:1096B0000EBF23F4805343F480532065A38110BD73
:1096C000B1F90E1001F0C0BE024A0349034800F090
:1096D000BBB800BFC4A0002041090200B093002025
:1096E0000C4B4168994210B5044601D009F03CFA90
:1096F000A168094B994202D0204609F035FAE16889
:10970000064B994204D02046BDE8104009F02CBA1F
:1097100010BD00BFACBF012014C001207CC00120DF
:109720002DE9F8432A4C2B4B2B48DFF8C090DFF88B
:10973000C0802A4F1860002504230822294604F11E
:109740005C00274E6566C4E90253C4E90055C4E9CC
:109750000455A56100F048F9224B636708222946A9
:1097600004F1C400C4E90749C4E90987C4E91A55EA
:10977000C4E91E55C4F8CC502567C4F88050E66291
:1097800000F032F9184BC4F8DC30294604F16803C4
:10979000082204F59670C4F88430C4E92298C4E91C
:1097A0002476C4E93455C4E93855C4F83451C4F8B2
:1097B000D850C4F8E85000F017F904F1D003C4E918
:1097C0003C98C4E93E76C4F8EC30BDE8F88300BFAD
:1097D000ACBF0120E4C00120A17401007974010034
:1097E00099740100090001001200020011740100C7
:1097F0003974010010B504460A4802F09BF8636B07
:1098000023B9094B094A1B68626323B1BDE81040C4
:10981000044802F093B8FFF783FFBDE81040014809
:1098200002F08CB870BF0120E4C00120B9740100BF
:10983000014802F07FB800BF70BF0120014802F06C
:109840007DB800BF70BF01202DE9F84380460F4668
:1098500016464FF00009D6E90154013D11D4A38901
:10986000012B05F1FF3508D9B4F90E30013321463B
:1098700003D04046B84749EA00096B1C04F168046C
:10988000EDD13668002EE6D14846BDE8F88300BF2A
:10989000032A70B514D940EA01039B0722D104467C
:1098A0000B46194620460E680568B54204F10404CB
:1098B00003F1040316D1043A032A20461946F0D8CE
:1098C000541E9AB1421E013901E0C3180CD012F89F
:1098D00001EF11F801CFE645A4EB0203F5D0AEEBA2
:1098E0000C0070BD541EEDE7184670BD104670BDEB
:1098F00088420DD98B1883420AD900EB020CBAB109
:10990000624613F801CD02F801CD9942F9D17047B2
:109910000F2A0ED8034602F1FF3C4AB10CF1010CAC
:10992000013B8C4411F8012B03F8012F6145F9D15B
:10993000704740EA01039B0750D1A2F1100370B5B4
:1099400001F1200C23F00F0501F1100E00F11004BD
:10995000AC441B095EF8105C44F8105C5EF80C5CCB
:1099600044F80C5C5EF8085C44F8085C5EF8045C43
:1099700044F8045C0EF1100EE64504F11004E9D140
:10998000013312F00C0F01EB031102F00F0400EB96
:10999000031327D0043C24F003064FEA940C1E4422
:1099A0001C1F8E465EF8045B44F8045FB442F9D194
:1099B0000CF1010402F0030203EB840301EB8401C8
:1099C00002F1FF3C4AB10CF1010C013B8C4411F84F
:1099D000012B03F8012F6145F9D170BD02F1FF3C65
:1099E00003469BE72246EBE7830730B548D0541E79
:1099F000002A3FD0CAB2034601E0013C3AD303F843
:109A0000012B9D07F9D1032C2DD9CDB245EA0525AF
:109A10000F2C45EA054536D9A4F1100222F00F0CAF
:109A200003F1200EE6444FEA121C03F1100242E952
:109A3000045542E9025510327245F8D10CF1010289
:109A400014F00C0F03EB021204F00F0C13D0ACF166
:109A5000040323F003030433134442F8045B9342EA
:109A6000FBD10CF003042CB1C9B21C4403F8011B58
:109A70009C42FBD130BD64461346002CF4D1F9E77B
:109A800003461446BFE71A46A446E0E711F0FF017B
:109A9000034644D0820732D110B5046841EA012E52
:109AA0004EEA0E4E8EEA0402A2F1013323EA0203CB
:109AB000A4F1013222EA0402134313F0803F0FD1D4
:109AC00050F8044F84EA0E0CA4F10133ACF10132DA
:109AD00023EA040322EA0C02134313F0803FEFD081
:109AE000037823B936E010F8013F002B32D09942B9
:109AF000F9D110BD8A4211D09A071846CCD0184629
:109B000013F8012B002AF5D1104670479907184623
:109B100007D0184601330278002AF7D17047820730
:109B2000F7D10268A2F1013323EA020313F0803F68
:109B300008D150F8042FA2F1013323EA020313F0F5
:109B4000803FF6D00378002BE8D010F8013F002BBF
:109B5000FBD17047184610BD002A3ED040EA0103F1
:109B60009B0730B584462FD1032A2DD90B4608E038
:109B7000043A8446194625D01EF0803F22D1032A9C
:109B800022D90468194653F8045BA4F1013EAC42A3
:109B900084462EEA040E00F10400E9D09CF800008F
:109BA0000C78A0421BD1E64668B11EF8010F11F8EF
:109BB000014FA2EB0E03A04203F1FF330FD11CEBC8
:109BC0000303F1D1002030BD9CF800000C788442E2
:109BD00005D1012AF6D0E646E6E710467047001B9D
:109BE00030BD00BF40EA01039B0730B501D1032A15
:109BF0000FD8844601F1FF3E07E01EF8011F03F86D
:109C0000011B541EC1B19C4622466346002AF4D172
:109C100030BD0B468446194653F8045BA5F1013468
:109C200024EA050414F0803FE4D1043A032A4CF8F6
:109C3000045B1946EFD8DDE79444002CE8D003F824
:109C4000011B6345FBD130BD024A1268012350322B
:109C500000F002B8D0A00020F0B4074610B33E4692
:109C60008C4616F8010B01E0A04216D01CF8014BFF
:109C7000002CF9D1D8B116F8015B0C4601E0002B9D
:109C8000F9D014F8013B9D42F9D14DB1002306F8FB
:109C9000013C16603846F0BC70475BB13746DEE7E2
:109CA0002E46F6E71768002FD9D13846F3E7F0BC07
:109CB00010607047166038463B70ECE701292DE9CB
:109CC000F0415BD94FF00108C64600244FF0FF3544
:109CD000434608E0A3EB05081C464FF0010E04EBD9
:109CE0000E038B4210D200EB0E0CC75C1CF8056013
:109CF000B742EFD332D04FF001082546C646444460
:109D000004EB0E038B42EED30127C2F80080BE465F
:109D100000244FF0FF363B4607E09F1B1C464FF0E8
:109D2000010E04EB0E038B4210D200EB060C10F870
:109D300003801CF80EC0E045EFD817D00127264657
:109D4000BE463C4404EB0E038B42EED30136681C46
:109D5000864201D317603046BDE8F081C6450ABF90
:109D600074440EF1010E4FF0010EB8E7BE450ABF74
:109D700074440EF1010E4FF0010ED2E701270026C8
:109D8000E8E700BF2DE9F04F9246ADF21C4D05AA61
:109D900081460F46504619461D46FFF78FFF134672
:109DA00083460DF2144243F8045F9342FBD1002D29
:109DB00000F0DF806C1E06AE0AF1FF320AEB0400F1
:109DC000009612F8011FAB1A013B5344824246F839
:109DD0002130F6D105995A4651445046FFF758FDB7
:109DE00000286FD10BF1FF330393CBF101038046C1
:109DF0000646019309EB060E009A1EF8043052F84D
:109E00002330DBB1B8F1000F03D0059A9A4200D994
:109E1000AB1A1E444FF000087B1B9E42EAD909EBA7
:109E2000070045F4006109F023F907447B1B9E42BB
:109E3000E0D900200DF21C4DBDE8F08FC3455B4614
:109E400038BF4346A34210D2591EF21851444A4427
:109E500002E00133A34208D212F8010B11F801CF3E
:109E60008445F6D0019A1644D3E7C345039B7ED9B7
:109E700006EB0B024A440AEB0B01029602E0434553
:109E800015D0034612F8010D11F8016D864203F159
:109E9000010C03F1FF30F2D0029E634608F1010885
:109EA00098450AD8059B1E44A5EB0308B4E7434632
:109EB00008F101089845029EF4D970460DF21C4D38
:109EC000BDE8F08FA5EB0B035B4538BF5B46013364
:109ED00005930BF1FF330193CBF1010300260293AD
:109EE00045F4006809EB0601009A0B5D52F8233037
:109EF0006BB11E447B1BB342F4D209EB0700414611
:109F000009F0B6F807447B1BB342EBD291E7A345B7
:109F100014D2019B0BEB06020AEB030C4A445B468E
:109F200002E00133A34209D212F8010B1CF801EF41
:109F30008645F6D0029A16441E44DBE7BBF1000FBB
:109F400010D00BEB060048440AEB0B0201E053452E
:109F500008D012F801ED10F801CDE6451346F6D011
:109F6000059BC6E708460DF21C4DBDE8F08F5B4629
:109F700094E706AB4FF0FF3400932BE72DE9F04157
:109F80000D46097890B00446002954D06A78002A1A
:109F900000F08380AB78002B51D0E8782E68002841
:109FA00000F082802B79002B57D0284601F0DCFC92
:109FB000064640F40071204609F05AF886425BD804
:109FC000FE2E00F28680801B27184022711C6846F6
:109FD000FFF70AFD7EB16A1E5FFA86FC901912F83F
:109FE000013F03F03F0340336B44A91A61448242AE
:109FF00003F8401CF3D1013CA35D03F03F03403361
:10A000006B4413F8403C1C44A74203D239E044445B
:10A01000A74236D314F806C00CF03F0C0CF14003F5
:10A020000DEB030C2046324629461CF8408CFFF706
:10A030002FFC0028EBD1204610B0BDE8F08100785D
:10A0400042EA014200E00C4640EA0343611C98B139
:10A050009A426078F7D1013CEDE7227862B131BADB
:10A0600001E099421ED042EA0323204614F8012F52
:10A07000002AF6D1994215D00024204610B0BDE840
:10A08000F081BB5DB819002BF6D04FF4006108F0E9
:10A09000EFFF0744BC42AED9EEE710B0BDE8F04197
:10A0A000FFF7F4BCC41EC6E7120442EA016242EAAA
:10A0B00003232178024600E02C4641EA0200651C99
:10A0C00002020029D8D0B3EB002F6178F4D1023C12
:10A0D000B1E7014633462A46204610B0BDE8F041BC
:10A0E000FFF750BE024B1968703100F003B800BF93
:10A0F000D0A00020F8B55F4A0C460023D0E900014B
:10A100000CF016FA002AC0F2AB8000F52F2000F602
:10A110006C205949A1FB0251C90A4FF4616303FB4A
:10A120001122564BA160A3FB02135B096360C3EBD2
:10A130000313A2EB8302524B2260C11C83FB013C40
:10A140008C44CB17C3EBAC03C3EBC303CB1A48BFA0
:10A1500007330028A3614B4B78DBC11783FB002337
:10A16000C1EBE331484B494A03FB01008308A2FBE2
:10A170000352474D00EBD222A5FB0363454EA2EBF1
:10A18000D3120309A6FB0363A2EB1312424BA3FBFA
:10A190000263D61A03EB560C9308A5FB03533F4DFD
:10A1A0004FEA1C22A5FB0265DB09C3EB55130344F0
:10A1B00040F26D1000FB123303EB830E38480EF1B2
:10A1C000020EA0FB0E0C4FEADC1C40F2F9550CEB22
:10A1D000CC00AE4500EB0010324D00F10200A5FBB3
:10A1E00000504FF4C87694BF02256FF0090506FBB6
:10A1F00001216544012D98BF01315E1CB3F5997FA3
:10A20000A6EB90000BD3A3F59973A1F26C71E361F7
:10A210000023E060C4E9045123622046F8BD96079C
:10A220000BD0214E06FB02F2204EB6EB321F2CBFA4
:10A23000012200223B331344E7E71B4E1C4F02FB75
:10A2400006F6B7EBB60FECD20122F3E7A0F50E311C
:10A25000A1F52C7183FB0123C917C1EBE33181E721
:10A2600002F5A83200F52F2002F5C07200F66B202F
:10A270004FE700BF80510100C5B3A291898888884B
:10A2800093244992BD066B394FC5FDFF7F206B3982
:10A29000D97CC65941D6720061F319671F85EB510D
:10A2A000D7802BD6CDCCCCCC295C8FC20AD7A300CB
:10A2B000285C8F024269002A40F26C73A8BF6FF0DD
:10A2C00063031344920710B407D1254C254A26494D
:10A2D00004FB0322B1EBB20F3BD3224A204C2349AB
:10A2E00004FB0323B1EB331F2CBF01220022D0E972
:10A2F0000631580000EB0110104441F2A26398426D
:10A300002BD00BDC012819DD0A38172823D8184B6D
:10A31000C34043F300005DF8044B704741F2B4635F
:10A3200098420FDDA0F5B6500238152813D8114B0E
:10A330005DF8044BC34003F001007047C043C00FF9
:10A340004042E8E741F2B1639842D4BF00200120C7
:10A35000E1E70122CBE70020DDE70120DBE700BFDA
:10A36000295C8FC250B81E05285C8F020AD7A30053
:10A37000CF00CC001F002A002DE9F04F14788FB0D9
:10A3800083468A465CB92546BAF1000F00F0C280C8
:10A39000002328460BF805300FB0BDE8F08F1E46AD
:10A3A000002302931D462346252B14460DD00AF1A7
:10A3B000FF32AA4240F2AD800BF80530013401357E
:10A3C0002378002BE0D0252BF1D16778302F00F0D7
:10A3D000A8802B2F00F0A5803946A1F13103082B6E
:10A3E00004F101044FF0000740F2A3804FF0000891
:10A3F000452900F093804F2900F09080A1F12502BB
:10A40000552A00F28680DFE812F00E0284008400F4
:10A41000840084008400840084008400840084001C
:10A42000840084008400840084008400840084000C
:10A4300084008400840084008400840084008400FC
:10A4400084005102700217014801840069019B01D8
:10A45000B400BB008400840084002F0284008400C8
:10A460005600840000020B040E041E04F10149038F
:10A470005903600380038400840084008400840006
:10A4800084003202D10018029D009D008400EC007F
:10A49000D10084000F01B400BB0013018F028400BF
:10A4A000560084009902A00225033B038400220485
:10A4B000B003B703C503B3680B2B934BD4BF002283
:10A4C000012203EB8203D3F8A470384601F04CFA62
:10A4D000002848D00AF1FF3CAC451AD9691EDFF8C4
:10A4E0005CE23B46284459442278502A1A7807D126
:10A4F0001EF8027007F00307012F04BF2032D2B20A
:10A500000135854201F8012F03F101032BD0654588
:10A51000EAD3002528460FB0BDE8F08F61780134FA
:10A520006CE7A178A1F13103082B04F102043FF696
:10A530005DAF204606A90A2208F060FC069C804612
:10A54000217855E7714B724A642918BF1A46F3689F
:10A55000AAEB05010BEB050002F0C0F80028D8DBE0
:10A560000544AA45D5D92378002B3FF40DAF01341B
:10A5700026E7674B654A6B2918BF1A46B368E7E7B9
:10A58000B368002B00F090830C2B09D0614A82FB4A
:10A590000320DA17C2EB600202EB4202A3EB820354
:10A5A0005B485A4A492908BF0246D1E73269564BEF
:10A5B00053F82270384601F0D7F90028D3D00AF1B9
:10A5C000FF3CAC45A5D96A1E7B1E28445A44013580
:10A5D00013F8011F02F8011F8542C4D06545F6D368
:10A5E00097E73046FFF766FE074670690028C0F21D
:10A5F0005B84494B83FB0032C317C3EB62136422B5
:10A6000002FB1303F818444F87FB0023C217C2EB69
:10A610006312642101FB12000844A7FB00235B09BD
:10A620003B4A01FB130393E7F3693C4A01338FE78D
:10A630003369374A01338BE7394BD6F81490994583
:10A64000ACBF00230123B9F1000F0393C0F21784BC
:10A65000314B83FB09324FEAE973C3EB621303F119
:10A66000130C002F00F06A83BCF1630F40F3BE832C
:10A670002C4A2D4B2B2F08BF13462C4A28482C4917
:10A68000B8F1020F38BF4FF002088145B8BF0B4642
:10A690000BEB0500AAEB05015BE370693369D6F8A3
:10A6A0000C80002803F101030BEB0507AAEB050161
:10A6B000C0F2D283184A82FB002CC217C2EB6C1284
:10A6C0004FF0640C0CFB1202CDE900823846194AA7
:10A6D00002F004F80028BFF643AF1AE725238DF8EF
:10A6E0001830002F40F0BE822B238DF81930042340
:10A6F0000DF11A07104A1E21384601F0EFFF00281D
:10A7000040F3BD823844BBE2280500208C1D0020A8
:10A71000841D0020ABAAAA2A1F85EB51B01D002082
:10A7200094F8FFFF7C1D0020740A0020741D002097
:10A73000801D0020901D0020A01D0020111E002063
:10A74000C94BD6F814909945ACBF0023012330467D
:10A750000393FFF7AFFDB9F1000F0146C0F252833A
:10A76000C24B83FB09304FEAE973C3EB6013133329
:10A770004A46BE48A0FB020C4FEA5C1C642000FB6A
:10A780001C2C0029C0F2AF8200F0C783B648814577
:10A79000C0F2EB82002203928C44BCF1FF3F00F038
:10A7A000AB82BCF1640F04BF01334FF0000C642294
:10A7B00002FB03C3039A002A40F08D812B2F40F047
:10A7C0006F8242F20F72934240F2B0838DF818709C
:10A7D000B8F1000F40F05A820DF119000DF118097F
:10A7E0002522027030224270023085E13046FFF7A8
:10A7F00061FDB269002A00F05982013A0028F3692C
:10A8000040F37E8201239A4AA2E673680093B368FC
:10A81000984AAAEB05010BEB050001F05FFF002849
:10A82000BFF69EAE75E60AF1FF33AB427FF671AE1E
:10A8300025230BF80530013595E68F4BD3F8A07032
:10A84000384601F091F83B78002B3FF48CAE3A4645
:10A850003346AAEB05010BEB0500FFF78DFD002841
:10A860007FF757AE05447EE67368814A70E6B369A8
:10A87000814A183352F82370384601F075F80028E1
:10A880003FF471AE0AF1FF3CAC457FF642AE6A1E62
:10A890007B1E28445A44013513F8011F02F8011F9A
:10A8A00085423FF460AE6545F5D332E6B269724B3E
:10A8B00003EB8203DF6F384601F056F800283FF4BF
:10A8C00052AE0AF1FF3C6545BFF423AE6A1E7B1E03
:10A8D00028445A44013513F8011F02F8011F85422C
:10A8E0003FF441AE6545F5D313E63369624A0C3354
:10A8F00052F82370384601F037F800283FF433AEA1
:10A900000AF1FF3C6545BFF404AE6A1E7B1E284475
:10A910005A44013513F8011F02F8011F85423FF424
:10A9200022AE6545F5D3F4E50AF1FF33AB427FF67D
:10A93000F0AD0A230BF80530013514E64E4BD3F881
:10A94000E470384601F010F87DE7336A002B80F29E
:10A95000AF814FF00009CDF810907769B7F145034A
:10A960004FEAE77E6EF1000EBEF1000FAAEB050183
:10A970000BEB050002DA03334EF1000E07F1FF3C4A
:10A9800007F22B12463F0397384F9B0887FB0C7842
:10A990004FEAEC7CCCEB681C344F43EA8E73B3EB8C
:10A9A0000C034FEAAE0E6EEBEC7C87FB028ED217E7
:10A9B000C2EBEE12039F9B184CEBE27240F26D1C4F
:10A9C0000CFB07FC13EB0C0742EBEC73F269BF18AE
:10A9D00043EBE273FA1943EB030CD21943EB0C037C
:10A9E000B768DB0043EA5273D20012EB070C43EB6B
:10A9F000E7731A014FEA0C17B7EB0C0742EA1C7217
:10AA000062EB03039B0043EA9773BA00776812EB8B
:10AA1000070C43EBE7773A014FEA0C13B3EB0C0357
:10AA200042EA1C7262EB07029200376842EA9372B4
:10AA30009B00DB1942EBE772049FB3EB090362EB67
:10AA40000702CDE900320D4A01F048FE0028BFF6AA
:10AA500087AD5EE50AF1FF33AB427FF65AAD0923BD
:10AA60000BF8053001357EE594F8FFFF1F85EB51AB
:10AA7000841D0020B81D002028050020C41D0020D2
:10AA80000AF1FF33AB427FF644ADB369002B40F0CF
:10AA9000E48037230BF80530013564E5B369002BFA
:10AAA00000F0F780013BF2690732D21ABD4B83FBFD
:10AAB00002131344D217C2EBA303A4E6BA4BD3F894
:10AAC0009870384600F050FFBDE67369B74A93426C
:10AAD00080F2E180D31A2D228DF81820B8F1000FF2
:10AAE00040F0D4800DF119000DF1180925220270F3
:10AAF000002F7FF477AE0130AD49039300F092FE52
:10AB0000039B00934A46434683E6336A002BFFF6D5
:10AB10002EAD00F03DFA029B002B00F01882336A44
:10AB2000A44A002BD4BF0023012352F823703846D7
:10AB300000F01AFF002800F017820AF1FF3CAC4534
:10AB400040F2F0816A1E7B1E5A44471902E06545B7
:10AB500080F0E881013513F8011F02F8011FBD42A2
:10AB6000F5D100F01BFA3D4657E08F4BD3F89C70AF
:10AB7000384600F0F9FE66E670690028C0F2678189
:10AB80008D4B83FB0032C317C3EB6213642202FBBD
:10AB9000130338E6336A002BFFF6E9AC00F0F8F94E
:10ABA000029B002B00F0FB8008F074FA336ADFF898
:10ABB0003892002BD4BF00230123013303EB83031E
:10ABC00050F833707F4200F0E9F989FB07304FEA13
:10ABD000E7783844C8EB601001F03AFD89FB0023A8
:10ABE0000344C217C2EB6312744BC2EB0212A0EB18
:10ABF000820083FB07233B440090714AC8EBE323A8
:10AC00000BEB0500AAEB050101F068FD0028FFF63B
:10AC100080AC0544AA457FF67CAC01230293A2E4F4
:10AC20003368684A94E43368019373680093B368A7
:10AC3000654AAAEB05010BEB050001F04FFD00286A
:10AC4000BFF68EAC65E4F269B36907322DE70AF10D
:10AC5000FF33AB427FF65DACB36930330BF80530A0
:10AC6000013580E4B8F1060F38BF4FF00608B8F19F
:10AC700006038DF819707FF43BAD0DF11A073846C5
:10AC8000524900F0CFFD334606AAE2E508F1FF384D
:10AC900028E7062307E72B2F03F26C7300F01C81D3
:10ACA0000DF11809484621E70C2379E40622A5E5B1
:10ACB00000F06EF9029B002B6ED008F0EBF9336ABE
:10ACC000002BD4BF00230123013303EB830350F88F
:10ACD000337000F063F9C7F10009012302934FEAD2
:10ACE000E973049339E63A487269824251DB8C4435
:10ACF000BCF1FF3F7FF45BAD013B4FF0630C56E5C9
:10AD00003DD071690029A2EB030340F26B72A8BF2A
:10AD10006FF0640211448A0740F0F0802D482E4FF6
:10AD20002E4A07FB0100B2EBB00F80F0E780012252
:10AD30009B1A052BB4BF3523342364E5B8F1020F09
:10AD4000274A284B38BF4FF002080BEB0500AAEB4F
:10AD50000501039FA8EB0707CDE9007C01F0BEFCCD
:10AD60000028BFF6FDABFFF7D4BB0CF1FF32BCF1FE
:10AD7000000F00F0E680642101FB0323ABE60A33F9
:10AD80009B1A084A82FB03121A44DB17C3EBA20387
:10AD900039E501210391FFE400F006F98DE700F0A9
:10ADA00003F901E7932449922805002094F8FFFF56
:10ADB000AC1D0020D4A000201F85EB51C5B3A2918B
:10ADC000DC1D0020841D0020CC1D0020A41D0020BF
:10ADD00095F8FFFF50B81E05295C8FC2285C8F02D2
:10ADE0006C1D0020740A002089888888B8F1020F41
:10ADF0005E4A5F4B38BF4FF002080BEB0500AAEB31
:10AE00000501A6E7049009F26C7000F06FFE594B43
:10AE10007269049983FB003C002A4FEAE073C3EB9C
:10AE20006C13BFF6A6AC02F26C70CDE9043100F0F1
:10AE30005DFE504B83FB00CE4FEAE07CCCEB6E1CFA
:10AE40004FF0640EDDE904310EFB1C0C99E400F2B6
:10AE50006C7000F04BFE93E600F26C70CDE90313CA
:10AE600000F044FE434B83FB002CC217C2EB6C1274
:10AE70004FF0640CDDE903130CFB120224E409F229
:10AE80006C7000F033FE3B4B83FB0032C317C3EB07
:10AE9000621C002F3DD042F20F7398423FF7E8AB9F
:10AEA000334B324AFFF7EABB00F26C7000F01EFE33
:10AEB000304B83FB0032C317C3EB6213002F4FF0FC
:10AEC000640202FB130345DA7169A2F2CF72914268
:10AED000B8BF0127FFF796BB42F20F72934229D900
:10AEE0008DF81870B8F1000F7FF4D0AE25228DF8E0
:10AEF00019200DF119000DF1180973E41E4A1F48BD
:10AF000000FB01211E4AB2EB311F2CBF012200229F
:10AF10000EE7174B1B4AFFF7B1BBBCF1FF3F7FF4B5
:10AF200046ACE9E600F03AF8FFF7F3BA0DF118097C
:10AF3000484655E425220DF118098DF81820484699
:10AF400050E4013B642202FB03F36333C3E500F0EA
:10AF50002BF8E4E53FF456AB0B4A71699142B8BF58
:10AF60004FF0FF37FFF74EBB2F46FAE5741D002068
:10AF7000740A00201F85EB5150B81E05295C8FC252
:10AF80000AD7A3006C1D002094F8FFFFFFF7F4B967
:10AF9000014800F0CDBC00BF74BF0120014800F0A3
:10AFA000CBBC00BF74BF0120014B186800F002B891
:10AFB000D0A000202DE9F04F8FB0054608F06AF8C8
:10AFC000BD490446284601F03BFB8046002800F0BE
:10AFD0004781BA4E316829B100F0BAFA002800F072
:10AFE000208131680846FCF757FD404600F0BCFC64
:10AFF000411C2846FCF758FD306010B1414600F076
:10B0000011FCAF4EAF4FB04D0023C4E90333C4E988
:10B010000533C4E90D33C4E90F3333603B60A362E9
:10B020002365AA4BC5E900334A23237284F83030E4
:10B0300000220023C4E90823C4E9122398F8003051
:10B040003A2B04BF98F8013008F101083C2B00F0BE
:10B05000EB800DF1300B9E4A9E495B46404601F065
:10B0600011FB002840F3DD800C98C21E072A00F275
:10B07000D88018F800202D2A804400F0EC802B2A7C
:10B0800008BF08F101084FF0010A0AAB0022029341
:10B090000DF126030093ADF82620ADF828208E4947
:10B0A000CDF80CB0CDF804B05B4609AA404601F0DB
:10B0B000E9FA002840F3B580BDF82620BDF82890B5
:10B0C0000C99C2EB021209EB8209BDF824204FF45F
:10B0D000616000FB029918F801203C2A0AFB09F97B
:10B0E000884400F001817D4A7A495B46404601F080
:10B0F000C9FA002840F311810C9AD11E072900F2E9
:10B10000908018F802102D29904400F0CC802B2953
:10B1100008BF08F101084FF0010A0AAB0022CDE98F
:10B1200001B30DF126030093ADF82420ADF82620DD
:10B13000ADF828200C926849CDF80CB05B4609AAFE
:10B14000404601F09FFA002840F3FC80BDF826201D
:10B15000C2EB0211BDF8282002EB8102BDF82410D9
:10B160004FF4616000FB01220AFB02F307930C9A83
:10B170000023CDE905399044A14698F800A0BAF122
:10B180002C0F04BF98F801A008F10108BAF14D0F87
:10B1900000F0DC80BAF14A0F08BF08F101084FF057
:10B1A0000A020DA9404618BF4FF0440A07F026FED8
:10B1B0000D9BADF82E00434500F0B78080B289F8B2
:10B1C00008A0C9F8140098464FF0000A0223ADF811
:10B1D00026A0ADF828A0CDF830A0ADF8243098F81E
:10B1E00000302F2B00F0DF804FF4E153C9F8183006
:10B1F000059B09F12809002B5AD0079B2365344B86
:10B20000DDF818902B60354B6B606068C4F82890AF
:10B2100007F044FFA26A236D32609B1A18BF012316
:10B220003B600FB0BDE8F08F08F101090DF1300B64
:10B23000274A2B495B46484601F024FA0028F0DDF6
:10B240000C98C21E072AECD819F800203E2AE8D133
:10B2500008F102080DE708F101084FF0FF3A14E782
:10B260004A22227284F83020164A174B10601D4A79
:10B270001349124DA062C3E9002200220023C4E951
:10B280000300C4E90500C4E90D00C4E90F0020650E
:10B290000860C4E90823C4E912232868FCF7FCFB12
:10B2A000C5F80080BDE708F101084FF0FF3A34E728
:10B2B0000123059361E700BFE41F002018C20120AD
:10B2C00004C1012000C10120D4A00020740A002084
:10B2D000F4C001200020002010200020E8C0012040
:10B2E000EC1F0020E81F002008F1010A4E4A4F49D8
:10B2F0005B46504601F0C6F900280ADD0C9AD11EC3
:10B3000007298ED81AF802103E298AD108F10208BE
:10B31000F7E698F801203E2AF0D1454BC4F8289072
:10B32000C5E90033C6F800907BE7059A002A5BD098
:10B330004D2284F830200B210122C4E90D12002295
:10B34000E26340E7A9F56163079310E70DF12E036F
:10B3500002930BAB00933749CDF80CB0CDF804B095
:10B360005B460DF12A02404601F08CF903287FF478
:10B3700058AFBDF82A305A1E0B2A3FF652AFBDF81F
:10B380002C20511E04293FF64CAFBDF82E10062983
:10B390003FF647AFC9E9033289F808A0C9F814108D
:10B3A0000C9B984410E70AABCDE901B30DF12603DD
:10B3B00000932149CDF80CB05B4609AA404601F044
:10B3C00061F9504518DDBDF826300C99C3EB031226
:10B3D000BDF8283003EB8203BDF8242088444FF4E5
:10B3E000616101FB023301E762614D222272032099
:10B3F0000222C4E90302E6E64A2300200021C4E950
:10B400000801C4E91201C4E903AAC4E905AAC4E910
:10B410000DAAC4E90FAA2372C4F828A084F830301A
:10B42000C4F850A0FDE600BFE8C00120EC1F0020DA
:10B43000F4C001202420002038200020014B93F884
:10B4400028017047489B002038B5074D002204466C
:10B4500008462A60F6F7C8F9431C00D038BD2B68AF
:10B46000002BFBD0236038BD24C1012038B50C4629
:10B47000084D8446114620461A4600232B60644638
:10B48000F6F7BEF9431C00D038BD2B68002BFBD06B
:10B49000236038BD24C1012013460A46014602201C
:10B4A00000F0D0BA38B50C46084D84461146204607
:10B4B0001A4600232B606446F6F794F9431C00D02B
:10B4C00038BD2B68002BFBD0236038BD24C1012080
:10B4D000B7EEC00A002307F0E3BE00BF38B5074D42
:10B4E0000022044608462A60F6F762F9431C00D0A1
:10B4F00038BD2B68002BFBD0236038BD24C1012050
:10B5000038B50C46084D8446114620461A4600239D
:10B510002B606446F4F794FC431C00D038BD2B68C4
:10B52000002BFBD0236038BD24C10120014B1868DB
:10B53000704700BFD0A00020000000000000000005
:10B540000000000000000000A2EB0300704700BFF5
:10B5500002780B78012A28BF9A42F5D16DE904459B
:10B5600040EA0104CDE902676FF0000C4FEA447233
:10B5700012B380EA010414F0070F6AD100F0070447
:10B5800020F0070004F0030521F007014FEAC5058C
:10B59000F0E8042314F0040FF1E804670CFA05F452
:10B5A00062EA040266EA04060AD063EA0403624619
:10B5B00067EA0407664603E0F0E80423F1E804675D
:10B5C00082FA4CF582EA0604A4FA8CF46CBB83FA86
:10B5D0004CF583EA0705A5FA8CF595B950E90223E5
:10B5E00051E9026782FA4CF582EA0604A4FA8CF467
:10B5F00083FA4CF583EA0705A5FA8CF52543DBD0E1
:10B600009CB92DBAB5FA85F424F0070427FA04F1A1
:10B61000DDE9026723FA04F303F0FF0001F0FF0104
:10B62000FDE80445A0EB0100704724BAB4FA84F4A5
:10B6300024F0070426FA04F1DDE9026722FA04F295
:10B6400002F0FF0001F0FF01FDE80445A0EB01005E
:10B65000704714F0030F3CD110F0030428D150F8C8
:10B66000082B51F8083B82FA4CF582EA0305A5FA4B
:10B670008CF55DB950F8042C51F8043C82FA4CF575
:10B6800082EA0305A5FA8CF5002DE8D02DBAB5FAAB
:10B6900085F424F0070423FA04F122FA04F202F0FC
:10B6A000FF0001F0FF01FDE80445A0EB0100704739
:10B6B0004FEAC40420F0030050F8082B21F00301E6
:10B6C00051F8083B0CFA04F462EA040263EA04034A
:10B6D000C9E710F003041AD0A1EB040120F0030025
:10B6E000E40750F8042B06D00FD28B785FFAA2F44F
:10B6F000E41A06D12BB1CB785FFAB2F4E41A00D188
:10B700001BB920465DF8104B704701F1040150F859
:10B71000042BCC0721F0030151F8043B48D824D274
:10B7200022F07F4482FA4CF594EA1325A5FA8CF5B1
:10B730000AD165B951F8043B84EA0204B4EB036F03
:10B740000ED150F8042BEBE74FEA132355E035F008
:10B750007F454DD10878FDE80445C0F100007047F1
:10B760004FEA126203F0FF0347E002EA1C4482FA48
:10B770004CF594EA1345A5FA8CF50AD165B951F850
:10B78000043B84EA0204B4EB034F0CD150F8042BC1
:10B79000EBE74FEA134330E015EA1C4528D10B884C
:10B7A0004FEA124229E04FEA124203EA1C4324E026
:10B7B00002F0FF0482FA4CF594EA1365A5FA8CF5C1
:10B7C0000AD165B951F8043B84EA0204B4EB032FB3
:10B7D00009D150F8042BEBE74FEA13630DE015F0A5
:10B7E000FF0F05D10B684FEA122223F07F4304E0DC
:10B7F0004FF00000FDE80445704712BA1BBA82FA08
:10B800004CF482EA0304A4FA8CF5B5FA85F402FA42
:10B8100004F203FA04F34FEA1260FDE80445A0EBDA
:10B820001360704780EA0102844612F0030F4FD183
:10B8300011F0030F32D14DF8044D11F0040F51F8FF
:10B84000043B0BD0A3F101329A4312F0803F04BFB6
:10B850004CF8043B51F8043B16D100BF51F8044B9F
:10B86000A3F101329A4312F0803FA4F101320BD1CF
:10B870004CF8043BA24312F0803F04BF51F8043B54
:10B880004CF8044BEAD023460CF8013B13F0FF0FB1
:10B890004FEA3323F8D15DF8044B704711F0010FE4
:10B8A00006D011F8012B0CF8012B002A08BF7047B5
:10B8B00011F0020FBFD031F8022B12F0FF0F16BFAC
:10B8C0002CF8022B8CF8002012F47F4FB3D1704774
:10B8D00011F8012B0CF8012B002AF9D1704700BF99
:10B8E00070B50D4E0D4D761BB61006D0002455F8E0
:10B8F000043B01349847A642F9D1094E094D761B05
:10B900000AF0A2FEB61006D0002455F8043B01341C
:10B910009847A642F9D170BD002000600020006069
:10B920003020006000200060704700BF704700BFFB
:10B93000704700BF704700BF704700BF704700BF2F
:10B9400000000000000000000000000000000000F7
:10B9500000000000000000000000000000000000E7
:10B96000000000000000000090F800F06DE90245C2
:10B9700020F007016FF0000C10F0070491F820F0A0
:10B9800040F049804FF000046FF00700D1E9002338
:10B9900091F840F000F1080082FA4CF2A4FA8CF21F
:10B9A00083FA4CF3A2FA8CF34BBBD1E9022382FA5F
:10B9B0004CF200F10800A4FA8CF283FA4CF3A2FADC
:10B9C0008CF3E3B9D1E9042382FA4CF200F10800C8
:10B9D000A4FA8CF283FA4CF3A2FA8CF37BB9D1E986
:10B9E000062301F1200182FA4CF200F10800A4FACA
:10B9F0008CF283FA4CF3A2FA8CF3002BC6D0002A07
:10BA000004BF04301A4612BAB2FA82F2FDE80245C7
:10BA100000EBD2007047D1E9002304F00305C4F124
:10BA200000004FEAC50514F0040F91F840F00CFA3D
:10BA300005F562EA05021CBF63EA050362464FF0A2
:10BA40000004A9E72DE9F047DFF87CA00646DAF804
:10BA5000000098460F469146FFF76CFF184B1C6894
:10BA600024B365681F2D24DC5EB96B1C0235DAF83F
:10BA70000000636044F82570FFF760FF0020BDE818
:10BA8000F08704EB85010123C1F88890D4F8882160
:10BA9000AB401A43022EC4F88821C1F80881E4D1D2
:10BAA000D4F88C211A43C4F88C21DEE7054C1C60C5
:10BAB000D7E7DAF80000FFF741FF4FF0FF30DEE78D
:10BAC000D0BD0120D4BD01203C9B0020000000001F
:10BAD0009FED010B704700BF000000000000F87FE1
:10BAE0009FED010A704700BF0000C07F0028B8BF6B
:10BAF00040427047F8B5244F0C460646FCF784FADE
:10BB0000BB685D68C4F57E610F3125F003054B19F4
:10BB100023F47F6323F00F03A3F58054B4F5805F13
:10BB200007DB00213046FFF7D9FCBB682B44984265
:10BB300004D03046FCF76EFA0020F8BD6142304672
:10BB4000FFF7CCFC01300DD0104ABB682D1B45F02F
:10BB500001055D60136830461B1B1360FCF75AFA41
:10BB60000120F8BD00213046FFF7B8FCBA68831AFF
:10BB70000F2BDEDD43F001035360054B03491B68C7
:10BB8000C01A0860D5E700BFB49C002078BF012030
:10BB9000BCA00020002961D0F8B50C460646FCF791
:10BBA00033FA54F8042C7B4FA4F1080522F001016C
:10BBB00005EB010CB868DCF80430604523F00303A2
:10BBC00000F08B80D207CCF8043032D454F8082C23
:10BBD000AD1A1144AA6807F1080082426AD00CEB42
:10BBE0000304D4F804E0EC68D4601EF0010FA260F6
:10BBF00000F0978041F001036B60CCF80010B1F5C4
:10BC0000007F35D27868CB080122490901338A4088
:10BC1000024357F833107A6007EBC302083AC5E9CC
:10BC2000021247F83350CD603046BDE8F840FCF7CB
:10BC3000F1B90CEB03025268D00710D4194407F194
:10BC40000800DCF80830834273D0DCF80C20DA609E
:10BC5000936041F001036B606950D0E7704741F099
:10BC60000103B1F5007F44F8043CCCF80010C9D3BF
:10BC7000B1F5206F4FEA512348D28B0903F1390007
:10BC800003F13802C300F818FB580838984259D01D
:10BC90005A6822F003028A4202D99B689842F7D17F
:10BCA000D868C5E902308560DD603046BDE8F840FF
:10BCB000FCF7B0B90CEB03025268D20763D40B4413
:10BCC000DCE90212CA60916043F001026A6030460A
:10BCD000EB50BDE8F840FCF79DB90B44D10707D401
:10BCE00054F8082CAD1A1344D5E90212CA609160C9
:10BCF00043F001026A60284ABD6012689A4293D8F4
:10BD0000264B30461968FFF7F5FE8DE7142B0AD94C
:10BD1000542B1FD80B0B03F16F0003F16E02C3000D
:10BD2000B1E719448DE703F15C0003F15B02C30046
:10BD3000A9E741F00103C7E90455C5E902006B60BA
:10BD4000695071E779689210012404FA02F20A43FB
:10BD50007A60A6E7B3F5AA7F06D8CB0B03F178008B
:10BD600003F17702C3008EE740F25452934206D8A3
:10BD70008B0C03F17D0003F17C02C30083E74FF4D9
:10BD80007E737E227FE741F001036B60CCF80010E8
:10BD90004AE700BFB49C0020C0A00020A8BF01203B
:10BDA0002DE9F0410469B4EB611F2FDD00F1140EA1
:10BDB0004E1111F01F0C0EEB84050EEB86032BD0F9
:10BDC0005EF8261004339D4221FA0CF1CCF12008D4
:10BDD00018D977461A6802FA08F20A4347F8042B82
:10BDE00053F8041B9D4221FA0CF1F3D8A31B9B00CE
:10BDF000053B9B0801330EEB83044EF82310C9B1B9
:10BE0000043417E0416174460029F9D1002303612D
:10BE100000234361BDE8F0819D4288BF00F110021C
:10BE2000F4D953F8041B42F8041F9D42F9D8A41B0F
:10BE30000EEB8404A4EB0E039B1074450361E7D062
:10BE4000BDE8F0812DE9F04F2DED028B0C688B469B
:10BE5000A17885B0302908EE100A9246029340F08E
:10BE6000CE816FF00100001BE21C8318144612F80B
:10BE7000011B3029F9D0DFF8008318F80120002ACF
:10BE800000F0E5802278002718F802203D4626467B
:10BE90002AB116F8012F18F80220002AF9D1B54965
:10BEA000019301223046FDF757FE019B8146002891
:10BEB0004DD0002D4ED13278A94602F0DF02502A33
:10BEC000354650D0CBF80060002F69D12B1B013BC9
:10BED000072B394604DD5B10072B01F10101FADC69
:10BEE00018EE100A06F006F98346002800F0668274
:10BEF00000F11406AC42019680F0D2810027CDF803
:10BF00000C909C49A1463C460CE0202F19D03846A5
:10BF100004372A7818F8022002F00F0282401443F6
:10BF20004D4547D015F8012D2E2AEED14D45ECD3C5
:10BF300001222846FDF710FE8E490028F0D0202F60
:10BF4000E5D1002046F8044B04270446E1E7002D24
:10BF500000F04281327802F0DF02AD1B502A4FEA36
:10BF600085093546AED16A782B2A00F025812D2A25
:10BF700000F0A5806E1C002018F802104A1E182A36
:10BF800000F29B80727818F8022010390136002ADE
:10BF90005AD100B149428944CBF80060002F95D0B6
:10BFA000002B14BF00250625284605B0BDEC028BEA
:10BFB000BDE8F08FDDF80C90234646F8043B1846A8
:10BFC000019BF61AB610CBF8106006F06DF97601F9
:10BFD000DAF80040301AA04275DCC0F2EF8000278A
:10BFE000DAF808304B45C0F25181DAF804304B459D
:10BFF0004ADDA3EB09094C4500F38280DAF80C20F6
:10C00000022A00F06581032A00F08181012A00F0F4
:10C010006F8118EE100A594606F092F85025109AD2
:10C0200000232846136005B0BDEC028BBDE8F08FFD
:10C0300001EB810102EB4102A2F1100116F8012F80
:10C0400018F80220002AA4D0192AF1DDA1E74949F5
:10C05000019301222046FDF77FFD019B00286DD151
:10C06000617818F80120651C002A69D030292C4617
:10C0700005D114F8013F302BFBD018F80320B2FA99
:10C0800082F77F09012302E7012557B1DAF80C3066
:10C09000022B5DD0032B5FD0012B00F0848045F094
:10C0A0001005109BC3F800B0029B2846C3F800900F
:10C0B00005B0BDEC028BBDE8F08F2E4602E70120F3
:10C0C000AA78AE1C58E7061B3146584606F01AFD02
:10C0D000074678B1721E53110199012751F82310B8
:10C0E00002F01F0307FA03F30B4203D0BA4200F336
:10C0F000E280022731465846B144FFF751FE6FE710
:10C1000009F1FF35002F40F0CE80002D40F0CD80AA
:10C110006B11019A05F01F0552F823200123AB4053
:10C1200013424946584618BF47F00207A4EB0904DA
:10C13000FFF736FE0225DAF80490A6E721782546B7
:10C1400001F0DF01502900F0BF80CBF8005027E755
:10C15000119BC3F101031193119B002B9FD0DBF8BE
:10C160001070DDF80480BA004346019208EB8700A6
:10C17000002107E0D40A0020A01B0020984243F8C9
:10C18000041C3FD91E4653F8042BB2F1FF3FF5D0F3
:10C190000132022D326000F0BF8014F01F0440F025
:10C1A000E78021257DE7BA077FF579AF019B1B6802
:10C1B0001F43FB07D3D472E7002081E7221A5946B8
:10C1C00018EE100AA9EB020906F0FAF900F11403BF
:10C1D00083460193002703E7727818F80200711C68
:10C1E000002800F0A0800D4611F8012F18F8020079
:10C1F0000028F8D1751B4FEA85090E465DE602342A
:10C20000002338E6DBF808309F4280F28E803B4600
:10C210000BEB830201210133022DCBF81030516169
:10C220007AD09F42B9DA002B40F39B80DBF81420D0
:10C2300008EB83030BF1180083424FEA520240F2ED
:10C24000B1804446016842EAC17244F8042B50F8B8
:10C25000042B83424FEA5202F4D8A3EB0B03193BA1
:10C260009B08013348F8232008EB8303002A40F0A1
:10C270009D80A3EB080292104345CBF8102073D0A9
:10C28000DAF8083009F101094B458ADA18EE100A8C
:10C29000594605F055FF109A00231360A32583E645
:10C2A000019E002389E6012732E72946584606F019
:10C2B00029FC07462CE7B11E584606F023FC00284F
:10C2C0003FF417AF032715E74FF0000901274AE6AF
:10C2D000119A002A7FF49DAE02990B60019B012206
:10C2E000CBF810201A60109B6225C3F800B05BE603
:10C2F0004C457FF48EAE012CEED0611E584606F000
:10C3000001FC00283FF485AEDAF80430E4E7119A26
:10C31000002A3FF47EAEDFE7DAF80030013BA342AB
:10C3200034D02225BDE60E46C7E5DBF8041018EE32
:10C33000100A013105F0DEFE0646C8B3DBF8103006
:10C3400002339A000BF10C010C30F4F76BFD5946E7
:10C3500018EE100A05F0F4FE06F114083369B3462E
:10C3600056E70023CBF810300023CBF8143087E7D2
:10C37000019B4344C4F1200453F8040C05F094FFDE
:10C38000A042BFF60EAFDBF810304CE7631104F0AB
:10C390001F0458F823200123A34013420CBF222579
:10C3A00021257EE6C8F8002043466AB1043360E7E1
:10C3B000074B08483246842107F04EFA044B0548E3
:10C3C0005A46E42107F048FACBF81020CCE700BF2A
:10C3D000201B0020341B002010B4046809E014F86E
:10C3E000013FA3F1410CBCF1190F98BF20339342D8
:10C3F00009D111F8012B002AF1D101340460012088
:10C400005DF8044B704700205DF8044B704700BF97
:10C410002DE9F04F096885B04B1111F01F01029012
:10C4200002EB8303039140F08F801D1F0193029B59
:10C4300001991C68002341F8043C6178013400290B
:10C4400000F09880DFF87491A846AC469A461E46E4
:10C450000EE0202900F28C80564506DDC44501D24D
:10C46000072B5BDD624551D3082314F8011FA1B1EE
:10C4700019F801000028ECD00133082B06F1010661
:10C480003ADCDCF80010090100F00F000843CCF89A
:10C49000000014F8011F0029EAD1002E6AD0C4451B
:10C4A00001D2072B74DD624552D2111F634653F847
:10C4B000040B41F8040FAB42F9D9A5EB0C0323F0B0
:10C4C0000303691C04330CF1010C614538BF0423DC
:10C4D0001344002143F8041BAB42FBD9019B53F8E2
:10C4E000043C2BB9AA4249D055F8043D002BF9D0A1
:10C4F000052005B0BDE8F08F6245B6D200234CF8A8
:10C50000043C1946ACF1040C0123BDE70023ACF157
:10C5100004084CF8043CB246C446A6E7C3F108013F
:10C52000DCF800308900C1F1200E60469B46476868
:10C5300007FA0EF343EA0B0327FA01FB036040F806
:10C5400004BF4045F3D38DE7191D01911D466EE7E9
:10C55000039B002BC2D0039B0198C3F120014FF035
:10C56000FF33CB4050F8041C0B4040F8043CB8E7C4
:10C57000292909D0042005B0BDE8F08F012305204A
:10C580002B6005B0BDE8F08F029901340C6084E7A0
:10C59000DCF80010C3F108039B00C3F120076446D8
:10C5A0000846666806FA07F1014326FA03F021609F
:10C5B00044F8040F4445F4D375E700BFA01B0020E6
:10C5C0002DE9F047DFF8748006468946174608F0E3
:10C5D000A5F9D8F8005055B199F800301C4673B150
:10C5E0004C4602E014F8013F3BB13D2BFAD13046F6
:10C5F00008F09AF90020BDE8F087A4EB0904286848
:10C600000028F4D022464946FDF7A6FA28B92B683F
:10C610001A5D3D2A03EB040A04D055F8040F0028E4
:10C62000F0D1E4E7D8F80030EB1A9B1030463B60BD
:10C6300008F07AF90AF10100BDE8F087F4A00020C3
:10C6400000B583B001AAFFF7BBFF03B05DF804FBA0
:10C650000028B8BF4042704782B049B15AB16BB1AF
:10C6600013780B601278101E18BF012002B07047BB
:10C6700001A9002AF3D1104602B070476FF0010003
:10C68000F4E700BF0EB410B59FB021AC4FF40171B8
:10C6900054F8042B0192ADF81C1004900890FFF799
:10C6A00063F9059009900B480B490C9100234FF654
:10C6B000FF7C10931593019A0068ADF81EC02346C5
:10C6C00004A9039401F012F81FB0BDE8104003B0B4
:10C6D000704700BFD0A00020357401000CB410B525
:10C6E0001F4B00291C689CB035DB4FF40273ADF87A
:10C6F0001430029006901FAB18D001394FF6FF722C
:10C7000004910791ADF8162002A91E9A01932046C4
:10C7100000F0A8F8421C01DA8B232360029B002260
:10C720001A701CB0BDE8104002B070474FF6FF729F
:10C7300004910791ADF8162002A91E9A0193204694
:10C7400000F090F8431C01DA8B2323601CB0BDE895
:10C75000104002B070478B2323604FF0FF30F5E7A5
:10C76000D0A000202DE9F04F9368176883B092465F
:10C77000002B70D081468A6808680C46083743E071
:10C78000A38913F4906F2ED0D4E90416A0EB01080E
:10C7900006EB460606EBD67608F101007610284433
:10C7A000B042324684BF064632465B0537D5114655
:10C7B0004846FBF779F9019000283AD042462169B2
:10C7C000F4F730FBA289019B22F4906242F08002D0
:10C7D000A281A6EB080203EB08006661A260236158
:10C7E00020602E46A84642465946FDF781F8DAF801
:10C7F0000830A2682068921B40445B1BA260206046
:10C80000CAF808303BB3083757E902B5002DFAD013
:10C81000AA4216469046B3D92E46A846E3E74846B4
:10C82000FBF70AFC03460028D3D121694846FFF7ED
:10C83000B1F9A3890C2243F04003C9F800204FF05E
:10C84000FF30A38100220023CAF80820CAF8043070
:10C8500003B0BDE8F08F00200023CAF8043003B015
:10C86000BDE8F08F2DE9F04F2DED028BC5B00C46E1
:10C870000DF1500A08EE101A8346164600210822D0
:10C8800050460893FDF7B0F8A3891F0603D5236926
:10C89000002B00F05B850023CDE91933CDE90D3382
:10C8A0001BAA0C93189291460B930493B0464446EE
:10C8B000974BD3F8E450FEF7C1FD2246034612A978
:10C8C000CDF800A05846A847002800F02381C0F208
:10C8D0001681129A252A034601D01C44E8E7B4EBDE
:10C8E0000806054640F01A81002361788DF8433030
:10C8F00004F1010806934FF0FF371E462B2408F180
:10C900000108A1F120035A2B00F23A81DFE813F06D
:10C910008C023801380187023801380138016A0079
:10C92000380138017C0272023801F20059023801E4
:10C9300077025B005B005B005B005B005B005B0001
:10C940005B005B00380138013801380138013801DB
:10C9500038013801380100028400380138013801FB
:10C960003801380138013801380138013801AE008A
:10C97000380138013801CB013801970238013801FC
:10C98000EA0438013801380138013801380138012A
:10C9900038013801380100028600380138013801B9
:10C9A000CA0286007F003801BD023801AA02B00029
:10C9B000D7027F003801CB017C00E8043801380140
:10C9C000C80438017C00A1F13003002218F8011BD3
:10C9D00002EB820203EB4202A1F13003092BF5D9ED
:10C9E00006928EE7584606F057FC43680D931846AA
:10C9F000FEF7BAFF0E900546584606F04DFC8368D8
:10CA00000B93002D40F03D8498F8001077E798F8DC
:10CA1000001046F0200672E746F01006B40640F11A
:10CA20003781089B073323F007031A46596852F8E9
:10CA3000083B08920A460029C0F29E81791C00F04A
:10CA4000B88426F0800653EA0201039600F085833D
:10CA50000A2B72F1000180F0A68330338DF80F317C
:10CA60000123039E05930DF20F1430E046F01006EB
:10CA700016F0200200F0FF80089B073323F0070325
:10CA800019465A6851F8083B089126F480610391D1
:10CA9000002100207E1C8DF8430000F0798103986E
:10CAA00020F0800653EA020040F0C682002F40F0DA
:10CAB0008384002940F05483039B13F00103059302
:10CAC00000F0CD8330238DF80F310DF20F14059B4C
:10CAD000BB42B8BF3B460393002307939DF8433006
:10CAE000002B5BD0039B0133039357E0069A089316
:10CAF0005242069298F8001046F00406FFE608221B
:10CB000000215046FCF770FF01231C44D0E600BF13
:10CB1000489B0020B4EB0806054611D01A9B33440D
:10CB20001A93199B0133072BC9E9008619931CDC62
:10CB300009F10809049B33440493002D7FF4D4AE1B
:10CB40001A9B002B40F0CB8418EE103AB3F90C304E
:10CB500013F0400F049B18BF4FF0FF330493049869
:10CB600045B0BDEC028BBDE8F08F18EE101A18AA84
:10CB70005846FFF7F7FD0028E6D10DF16C09D9E71B
:10CB80000029DDD000238DF8433001238DF8AC104F
:10CB9000039305932BAC002307931F4616F0020363
:10CBA000099302D0039B0233039316F084030A9384
:10CBB00005D1069B039A9D1A002D00F33F82DDE903
:10CBC00019219DF8430078B10132013101230DF1A3
:10CBD0004300072ACDE91921C9F80430C9F800003B
:10CBE00000F3658209F10809099B7BB1013211ABA1
:10CBF0000231C9F80030072A4FF00203CDE91921AC
:10CC0000C9F8043000F3608209F108090A9B802BFF
:10CC100000F08381059BFD1A002D00F3BF81059B69
:10CC2000C9F8004001321944072ACDE91921C9F891
:10CC3000043000F3E48109F10809700705D5069B6B
:10CC4000039A9C1A002C00F34C82049B069A0398CA
:10CC50008242ACBF9B181B180493002940F0DA8174
:10CC600000231993079B1BB107995846FEF792FFC3
:10CC70000DF16C091BE616F0100308996DD116F042
:10CC8000400066D01A4651F8043B08919BB2FCE67E
:10CC9000F006089A68D4710663D532F9043B08920D
:10CCA000DA171146C7E6089B1A4600238DF8433071
:10CCB000134653F8044B0393002C00F09983532937
:10CCC00003D016F0100500F02A830021082216A8D0
:10CCD0001394FCF789FE791C00F0A58300250794C6
:10CCE0002C460CE02BA9584606F030FD421C20448F
:10CCF00000F01D84B84208DC00F022840446139A38
:10CD0000525916AB0435002AECD10594079C97E3E1
:10CD1000432902D0F50640F1F782089D0822002140
:10CD200016A82BACFCF760FE16AB55F8042B214679
:10CD3000584606F00BFD03460133059000F0F783DB
:10CD4000059B089523EAE373039300238DF8433092
:10CD500021E716F4007240F0AD8351F8043B0891CE
:10CD600093E6B30500F1968352F8043B0892DA1774
:10CD700011460029BFF662AE5B4262EB42020396A7
:10CD80002D207E1C4FF001018DF843007FF487AE0B
:10CD900001293FF45DAE022944AC40F0A0800C981C
:10CDA00003F00F011B09415C04F8011D43EA027303
:10CDB000120953EA0201F3D1039E44AB1B1B0593F6
:10CDC00085E6424612F8011B2A2900F0BC83A1F136
:10CDD0003003092B90464FF000073FF692AD18F84C
:10CDE000011B07EB870703EB4707A1F13003092B72
:10CDF000F5D986E598F800108DF843407FE598F85E
:10CE0000001046F080067AE5089B53F8042B069242
:10CE1000002AFFF66BAE98F8001008936FE598F8BB
:10CE2000001046F001066AE59DF84330002B7FF4C0
:10CE3000EBAD202398F800108DF843305FE546F005
:10CE400010030393039B13F0200200F08D81089BD5
:10CE5000073323F0070319465A6851F8083B089135
:10CE6000012116E6B70600F10282F50600F1B8824C
:10CE7000740600F12C83B00540F1B282089B04993E
:10CE800053F8042B0893117011E598F800106C29E1
:10CE900003BF98F8011046F0200608F1010846F09B
:10CEA00010062CE598F80010682903BF98F80110C7
:10CEB00046F4007608F1010846F040061FE5089A9E
:10CEC00046F00203039352F8043B089247F63002FF
:10CED000ADF84420BA4A0C9202210022D9E503F0B1
:10CEE0000701DB0843EA4273D208303153EA0205F6
:10CEF000204604F8011DF2D1039EF5077FF55DAFD2
:10CF000030293FF459AF3023023804F8013C44ABD8
:10CF10001B1A039E05930446D9E5069B03981D1A28
:10CF2000002D7FF777AE102D25DD0994102318EE24
:10CF3000104A084604E0103D102D09F1080918DDDB
:10CF40000132A0491030072AC9E90013CDE91920A0
:10CF5000F1DD18AA214658460DF16C09FFF702FCD5
:10CF6000002860D1103D102DDDE919204FF010038D
:10CF7000E6DC099C01460132924BC9F80450294471
:10CF8000072ACDE91921C9F8003000F31B82059B5F
:10CF9000FD1A002D09F108097FF741AE102D1FDDA4
:10CFA0004B46102718EE109A04E0103D102D03F1A7
:10CFB000080314DD013283481031072AC3E9000752
:10CFC000CDE91921F1DD18AA49465846FFF7CAFBF9
:10CFD00048BB103D102DDDE919211BABEADC994659
:10CFE0000132784BC9F804502944072ACDE91921A8
:10CFF000C9F8003000F3C98009F108090FE618EEFE
:10D00000101A18AA5846FFF7ADFB60B91A990DF12E
:10D010006C0912E618EE101A18AA5846FFF7A2FB80
:10D0200000283FF41DAE079B002B3FF48DAD079900
:10D030005846FEF7AFFD87E50396A9E6102DDDE91A
:10D04000192125DD0F94102318EE104A084604E03C
:10D05000103D102D09F1080918DD01325A49103030
:10D06000072AC9E90013CDE91920F1DD18AA2146E4
:10D0700058460DF16C09FFF775FB0028D3D1103D20
:10D08000102DDDE919204FF01003E6DC0F9C01465E
:10D0900001324D4BC9F804502944072ACDE9192122
:10D0A000C9F8003000F3778109F1080989E518EE25
:10D0B000101A18AA5846FFF755FB0028B3D1DDE92E
:10D0C00019210DF16C098FE518EE101A18AA5846AF
:10D0D000FFF748FB0028A6D1DDE919210DF16C0905
:10D0E00094E5102C199B21DD18EE106A10250A46D4
:10D0F00004E0103C102C09F1080916DD0133324917
:10D100001032072BC9E90015CDE91932F1DD18AA53
:10D1100031465846FFF726FB002884D1103C102CDE
:10D12000DDE919320DF16C09E8DC11460133264ABC
:10D13000C9F804402144072BCDE91931C9F8002072
:10D140007FF783AD18EE101A18AA5846FFF70AFBAE
:10D1500000287FF468AF1A9977E5002F7FF47DAC43
:10D160000027059744ACB2E4039B13F0100378D179
:10D17000039A12F0400000F0468108991A4651F8CF
:10D18000043B08919BB2012183E418EE101A18AAFF
:10D190005846FFF7E7FA00287FF445AFDDE919218B
:10D1A0000DF16C093BE50399059744AC9E4608EEEA
:10D1B00090BA01F480664FF0000C23460DE000BFEA
:10D1C000C01F002078930020E83A0020BEF10A0F2B
:10D1D00072F100023AD3A6462A46B2491EEB02007B
:10D1E00040F100000F46A1FB001424F0030101EB05
:10D1F0009401401ABEEB00014FF0CC3562F10004FF
:10D2000005FB01F507FB0455A1FB07410D4405276C
:10D2100004F00101A1FB071B09186408303103F871
:10D22000011C44EAC5740CF1010C013B6D08002E91
:10D23000CCD00B9909786145C8D1BCF1FF0FC5D09E
:10D24000BEF10A0F72F1000280F08D801C4644ABE3
:10D250001B1B059F039E059318EE90BA37E444AC60
:10D2600035E4089951F8043B0891012111E4089B29
:10D27000049853F8041B0893C217C1E90002FFF792
:10D2800016BB0B9B002B3FF4BFAB0B9B1B78002BFB
:10D290003FF4BAAB98F8001046F48066FFF72FBB56
:10D2A000814B0C9316F0200221D0089B073323F00A
:10D2B000070318465A6850F8083B0890F00709D54C
:10D2C00053EA020006D08DF84510302146F00206E0
:10D2D0008DF8441026F4806103910221FFF7D9BB39
:10D2E0000396AFE5714B0C9316F02002DDD116F0DA
:10D2F000100308984BD116F0400444D01A4650F859
:10D30000043B08909BB2D9E7089B012153F8042BFA
:10D3100003918DF8AC20089305912BAC15E57B1C8F
:10D3200000F0F8803A462946204606F095F9079025
:10D33000002800F0E880031B039A059323EAE373B7
:10D340002F46089203930795FFF7C8BB4021584624
:10D35000FAF7AAFB20602061002800F0FF8040233C
:10D360006361FFF798BA0E9A0D999B1A18460793B6
:10D37000FCF738FC0B99079B4A780AB101310B91F5
:10D380004FF0000C27E716F4007240F09A8050F836
:10D39000043B089092E718EE101A18AA5846FFF7B7
:10D3A000E1F900287FF43FAEDDE919210DF16C09A8
:10D3B00007E40396FFF74CBB012903967FF4EBAC1F
:10D3C000FFF74BBB18EE101A18AA5846FFF7CAF918
:10D3D00000287FF428AEDDE919210DF16C0919E46C
:10D3E000089B049953F8042B11600893FFF75FBA68
:10D3F000062F3B46039A2E4C089228BF062305931E
:10D400000393FFF7C8BB039B089913F4007214BF82
:10D4100051F8043B51F8043B08911CBF0246DBB2B3
:10D420000121FFF736BB16AB00930023194613AA60
:10D43000584606F0B1F903460133059077D01394AE
:10D44000059BFBB1632B56DC002307932BAC082212
:10D45000002116A8FCF7C8FA059D16AB009313AA85
:10D460002B462146584606F097F985427ED1039B0C
:10D47000059A08930023A3541F4622EAE2730393FC
:10D48000FFF72CBB039B0893059B03931F46079351
:10D49000FFF724BB12F9043B0892DA171146FFF795
:10D4A000CABA00BFCDCCCCCCC01F0020AC1F00201E
:10D4B000D41F002051F8043B08910246DBB2FFF76D
:10D4C000E4BA50F8043B08902246DBB2F6E6089B2B
:10D4D000049953F8042B08931180FFF7E8B918EE6C
:10D4E000104A18EE101A18AA5846FFF73BF9B4F97B
:10D4F0000C30FFF72DBB591C5846FAF7D5FA0446F5
:10D50000A8B10790A3E7039B059703970893079F8C
:10D51000FFF7E4BA039B08932046FEF725FA20EABA
:10D52000E0732F46059003930795FFF7D7BA18EEDF
:10D53000102AB2F90C3043F040039381FFF708BB87
:10D54000079C05977CE7089B98F8011053F8047B2B
:10D550000893904647EAE777FFF7D1B90C23CBF859
:10D5600000304FF0FF330493FFF7F9BA18EE102A9A
:10D57000938943F04003938155E500BF38B54B1CB8
:10D580001AD093891446126B23F02003A381CDB2E5
:10D59000AAB16268636B9A4209DA23685A1E226054
:10D5A00003F8015C636801336360284638BD214697
:10D5B00005F014FD0028F0D04FF0FF35F5E72369A2
:10D5C00022682BB1934203D212F8013CAB420FD038
:10D5D0006168E1632346A26304F1400103226263B0
:10D5E000216303F8425F0122C4E90032284638BDB6
:10D5F0006368013A0133C4E90023D6E710B50C464D
:10D60000096B69B104F14003994201D0FEF7C2FAF7
:10D61000E36B63600020206313B1A36B236010BD34
:10D62000A3892169002243F02003C4E90012A381E9
:10D630004FF0FF3010BD00BF2DE9F04F85B0CDE9B0
:10D64000023202FB03F30E9C0193A3B3D4F804A0AF
:10D65000019B53458B4646D9A046019D58F8401B77
:10D660000746002652465846F3F7DCFB2368226B38
:10D670005344A946C4E9003611463846D344A5EBC5
:10D680000A05E2B1424501D0FEF784FAE36B266356
:10D690006360A3B1A16B2160AB429A46E2D3029BC7
:10D6A00001932A465846F3F7BDFBD4E90032521BDA
:10D6B0002B44C4E90032019805B0BDE8F08F019A0F
:10D6C000039B5244A2EB0902B2FBF3F30193A3893B
:10D6D0002269019843F02003A3810023C4E90023B9
:10D6E00005B0BDE8F08F21681D46D8E72DE9F04F61
:10D6F0002DED028BE3B08846B1F90C1002AF8246E3
:10D70000880491463B6209D4D8F8643041F4005152
:10D7100023F40053A8F80C10C8F8643000231C460A
:10D720000822194607F140007B61A346FCF75CF92B
:10D730003C63BC61FC62BC62A84BD3F8E440FDF7DB
:10D740007DFE07F140020346009207F13C014A4684
:10D750005046A047041E38DBFB6BA1442646002B35
:10D7600000F0C180012C3ED0252B46D0002CE3D008
:10D77000A9EB0606D8F8043008F140021946134612
:10D78000751E4A469946002940F3BD80D8F80030FE
:10D79000697893F800E0A81C0BEB000C8E4503F1B0
:10D7A0000103A0EB060005F10105ACEB060C40F00F
:10D7B0009A80D8F80410C8F800300139A042C8F89F
:10D7C0000410E0DB9146E346B6E74FF6FD7308220E
:10D7D000002107F14000FB63FCF706F9FB6B09F140
:10D7E0000109002B7FD07E4AD25C110700F1B7807F
:10D7F000252B40F0A28001242646002599F8002020
:10D800007D63A2F1250309F10101552B6BD8DFE8F7
:10D8100013F09B026A006A006A006A008F026A00C5
:10D820006A006A006A006A00D800D800D800D800F0
:10D83000D800D800D800D800D800D8006A006A0004
:10D840006A006A006A006A006A006A006A003802B8
:10D850003F026A006A006A006A006A006A006A00A1
:10D8600098006A006A00BE016A006A006A005802F5
:10D870006A006A006A006A00E9006A006A004F02F2
:10D880006A006A006A006A006A006A006A00990217
:10D890004E086A006A006A007502810298006A00F8
:10D8A0001E022A0263029D0248026A006A004C02BC
:10D8B000A00088026A006A00E9006A00A000D8F8A7
:10D8C0001010B8F80C300022C8E9001243F0200311
:10D8D000A8F80C30BB6A002B01F03180B8F80C308E
:10D8E0005A0601F12C803B6B2BB13B6B1D6815B1C7
:10D8F0002846FAF7D1F8B86A07F5C277BD46BDECFD
:10D90000028BBDE8F08FD8F8303050461946002B16
:10D91000D5D04B4503D07A63FEF73CF97A6BD8F843
:10D920003C30C8F804300021C8F83010002BC6D0B5
:10D93000D8F83830C8F800302AE709F1FF3601245A
:10D9400018E72A07CFD199F8012045F0020589464A
:10D9500057E72B07C7D199F80120894651E7D8F836
:10D96000042008F14005002410E0D8F800301A78AF
:10D970001B498A5C120703F101037FF5DDAED8F87D
:10D980000420013AC8E900320BF1010B002AECDC5B
:10D99000D8F8303050461946002B00F0D987AB42FA
:10D9A00001D0FEF7F7F8D8F83C30C8F83040C8F896
:10D9B0000430002B00F0CC87D8F83830C8F800309D
:10D9C000D5E715F08F0F8ED17B6B03EB830302EB52
:10D9D0004302A2F130037B63BDE700BF489B0020F8
:10D9E000111E0020F96145F40075B84B7B611023CE
:10D9F000FB620324D8F80430002B40F3D68015F0E6
:10DA0000400600F0F080022C00F0AD81032C00F005
:10DA10002683012C00F036827E6B012E38BF012652
:10DA200015F0010400F0838415F010037B6240F0D0
:10DA30003A862A0640F1B587D7F8209059F8043B7A
:10DA40003B61002B3FF44FAF8020FAF71DF80546ED
:10DA5000002801F001813B6918603B6BDC889A88E3
:10DA6000944280F0858618683B6940F824303B6B0F
:10DA7000C7F820900134DC802023BD60FB60D7F81C
:10DA80001890C7F834B00024FDF7D8FCA0423FF44A
:10DA900021AFD8E9001307F1580211F8010B105516
:10DAA000013BB9F1030F04F1010BC8E9001307F1C1
:10DAB000500402D12268042A04D008220021204602
:10DAC000FBF792FF00945B4607F158022946504647
:10DAD00005F012FEB0F1FF3F81463FF4FBAE78BB8C
:10DAE0007B6A03B92B607B6B5B447B63013E7B6A83
:10DAF0004BB93B6933B1BB68EC1AFB68B3EBA40FBD
:10DB000040F2C4840435D8F80430002B4FF00004F0
:10DB10001FDD002EB8D1D7F834B0C7F818903B6994
:10DB200033B1BB68E91AFB68B3EBA10F00F2FD86C5
:10DB30007B6A13B9BB6A0133BB62D7F81C90FBE563
:10DB400010F1020F40F00481D8F8041000295C465F
:10DB50009ADCD8F83010002900F0A98708F14003BA
:10DB6000994202D05046FEF715F80023C8F830302D
:10DB7000D8F83C30C8F80430002B00F09887D8F86B
:10DB80003830C8F80030002E7FF47EAFC3E7F9616B
:10DB900045F001054D4B7B610823FB62D8F804304A
:10DBA000002B4FF003043FF72AAFD8F830100029BC
:10DBB0003FF485AE08F14003994202D05046FDF78C
:10DBC000E9FFD8F83C30C8F804300022C8F830200B
:10DBD000002B3FF474AED8F83830C8F8003015F098
:10DBE00040067FF410AFD8F8002039491378CB5C99
:10DBF00018077FF508AF08F1400908E00132C8F8BE
:10DC0000002033491378CB5C19077FF5FCAED8F8B8
:10DC10000430013B002B0BF1010BC8F80430EDDCA4
:10DC2000D8F8303050461946002B3FF448AE4B45EB
:10DC300001D0FDF7AFFFD8F83C30C8F83060C8F825
:10DC40000430002B3FF43BAED8F83820D7E72B0741
:10DC50007FF449AE99F801206C2A00F0068645F061
:10DC600001058946CDE515F08F037FF43CAE3A6B94
:10DC7000002A00F0A08699F8012045F08005894629
:10DC8000BFE5F96145F0010545F040050024B1E626
:10DC9000F96145F001050F4B7B610A23FB62032408
:10DCA000A8E6F96145F408759FE6F9610224A1E64A
:10DCB00007F1800004F0BCFF45F04005F861012445
:10DCC00098E6F96145F00105022493E6D10B0200C4
:10DCD000111E0020F9720100E806F9613FF52DAF31
:10DCE0002A0700F100866B0740F18787D7E9079381
:10DCF00053F8042B3B62A2F800B01DE528077FF41F
:10DD0000F2AD99F80120682A00F0B78545F00405C6
:10DD1000894676E5584B7B610023F961FB62032459
:10DD200068E6564B7B610A23F961FB62032461E6D6
:10DD30007B6B2B437B637FF4D6AD99F801201025D4
:10DD400089465EE5F9619FE789460FE5F96121E7BC
:10DD50007B6B03285B447B637FF4C8AE2368042B92
:10DD60007FF4C4AEC3E67B6B002B08BF4FF0FF33DC
:10DD7000E8077B6340F11C8315F010037B6240F0E1
:10DD8000E484290640F103863E6A56F8049BB9F103
:10DD9000000F3FF4A8AD8020F9F776FE0546002875
:10DDA00000F05A873A6BC9F80000D48893889C42E7
:10DDB00080F00C8510683B6B40F824900134DC80C7
:10DDC00020233E62FD603B61D8F800302C4A1B786E
:10DDD000D35C13F0080440F08083BE69C7F8089054
:10DDE000D146A246FDF72AFB50453FF473ADD8E972
:10DDF000003207F1580013F8011B00F80A10013A2D
:10DE0000032EC8E900320AF1010A07F1500402D1D9
:10DE10002368042B04D0082200212046FBF7E4FDF0
:10DE200007F15802009453462946484605F064FC21
:10DE3000421C06463FF44EAD002840F03783286070
:10DE400005F0B6FC002840F05D85D3447B6B013BB8
:10DE50007B637B6A002B40F07786BB680435002B20
:10DE600000F07286FB68EC1A3B69B3EBA40F40F23A
:10DE7000FC86D7F824A01CE3F9720100D10B020044
:10DE8000111E00207B6B002B08BF4FF0FF3315F0F5
:10DE900001067B6300F0BC8115F010033B6140F08C
:10DEA0005C84280640F163853D6A55F8043BFB60BD
:10DEB000002B3FF418AD8020F9F7E6FD81460028DD
:10DEC00000F0CA86FB683A6B1860D48893889C423D
:10DED00080F092841068FB6840F824303B6B3D6210
:10DEE0000134DC802023C7F808907B60BE69C7F846
:10DEF00024B00025FDF7A2FAA8423FF4EBACD8E924
:10DF0000003207F1580013F8011B4155013A032E66
:10DF1000C8E9003205F1010507F1480B03D1DBF830
:10DF20000030042B04D0082200215846FBF75CFD8A
:10DF30004946CDF800B02B4607F15802504605F08F
:10DF4000DBFB411C06463FF4C5AC00285CD1C9F898
:10DF50000000044607F15003082200211846BB6167
:10DF6000FBF742FD9049BB69D1F8E01022465046CC
:10DF70000C4607F13801A047012868D0002207F1BC
:10DF800080039B5C002B00F0C9857B6A032E2B4429
:10DF90007B625FD07B6B013B7B633B695BB9FB685A
:10DFA00009F104093BB1BB68A9EB03057B68B3EB3E
:10DFB000A50F40F2AF82D8F80430002B4FF00005D7
:10DFC0002ADD7B6B002B95D1D7F824B0BE613B696D
:10DFD000002B7FF4B2ADC9F80030FB68002B3FF492
:10DFE000A9ADBB687A68A9EB03018B1001339A4293
:10DFF0007FF6A0ADFC6804312068FAF711F800281C
:10E000003FF498AD206095E5821C40F08E86D8F8EC
:10E010000430002B3FF76EAFD8F83010002900F025
:10E02000658508F14003994202D05046FDF7B2FDE4
:10E030000023C8F83030D8F83C30C8F80430002B42
:10E0400000F05485D8F83830C8F80030B9E797F8B0
:10E05000382094E7DBF80030042B9BD19DE77A6BE6
:10E06000531E262B40F26081A2F127033B61272338
:10E070007B634FF0000908F140034E467B624B463C
:10E08000D7F8349045F4586407F15805D8F80010D3
:10E0900091F800E0AEF12B0CBCF14D0F3CD8DFE85D
:10E0A0000CF07D3B7D3B3B8F6969696969696987D4
:10E0B000873B3B3B3B3B3B3B2727272727273B3BDC
:10E0C0003B3B3B3B3B3B3B3B3B3B3B3B3B3B3B716A
:10E0D0003B3B3B3B3B3B3B3B2727272727273B3B08
:10E0E0003B3B3B3B3B3B3B3B3B3B3B3B3B3B3B714A
:10E0F000FA6A0A2A10DD24F4386405F801EBD8F82E
:10E10000040001380028C8F8040067DD0131B9F1C6
:10E110000109C8F80010B9D19946E10509D507F100
:10E1200058039D4200F2478207F158039D423FF495
:10E13000DAAB14F0100214D1FB6A7E692A7007F181
:10E1400058015046B047A20600F1F481230740F180
:10E1500067833B6A53F8042B3B621070BB6A013340
:10E16000BB6207F15803ED1A4D44AB44D7F81C903D
:10E17000FFF7E2BAFA6A0D4830F91220FA6224F485
:10E180003864BAE704F4C06CBCF5007FC4D124F451
:10E190000074102244F4A064FA62AEE72006BBD5F6
:10E1A00024F08004A9E700BF489B0020A03A00208B
:10E1B000F86AB44A32F91000F86208289BDCABE731
:10E1C00020059AD5FA6A1AB9082244F40074FA6252
:10E1D000620540F1CD8124F4B0648EE7D8F83010A8
:10E1E000002900F0CC84786A814205D050467B63D8
:10E1F000FDF7D0FC7B6B0026D8F83C10C8F83060E7
:10E20000C8F80410002900F0BA84D8F838107EE766
:10E21000EB0600F14E8215F0800400F0B2833C6AF8
:10E2200054F8045B3D61002D3FF45DAB2020F9F70D
:10E230002BFC0646002800F0F0843B6B2860B3F806
:10E2400006909A88914580F0AB8218683B6940F847
:10E2500029303B6B3C6209F10109A3F806902024A8
:10E26000D8F8001007F180090B7819F80330002B5B
:10E270003FF439AB08F1400308EE10AAC7F80CB020
:10E28000D7F810A07B62CB463546D7F8349032469B
:10E2900007E0D8F8001008781BF80000002800F00C
:10E2A0004F81D8F804000138C8F80400481CC8F8A9
:10E2B0000000097802F8011BBAF1000F02D0561BCA
:10E2C000A64224D2B9F1010900F03A81D8F804102D
:10E2D0000029DEDCD8F83010002900F038847B6A91
:10E2E000994205D018EE100A7A63FDF753FC7A6B59
:10E2F000D8F83C10C8F804100023C8F830300029C2
:10E3000000F02584D8F83810C8F80010C3E764007E
:10E3100028462146F9F784FE0546002800F07D8452
:10E320008219CAF80000CDE700233B61A1E6EB06A5
:10E3300000F17E812C0640F125813B6A53F8045B95
:10E340007D627B63002D3FF4CEAA3046F9F79CFB3B
:10E350000446002800F061843A6B2860B2F8069009
:10E360009388994580F0A68215687B6A45F8293024
:10E370003B6B09F101091FFA89F9A3F806902146C0
:10E38000CDF80080334601225046FFF755F9044688
:10E39000002800F0C084864240F203817D6A214655
:10E3A0002868F9F73DFE002800F0FB802860F8E0BF
:10E3B000E90600F12F8315F0800400F04C823C6ADE
:10E3C00054F8043B7B62002B3FF48DAA2020F9F720
:10E3D0005BFB0646002800F02084396B7B6AB1F8AD
:10E3E00006908A881860914580F0ED8008683A6B45
:10E3F00040F8293009F10109A2F806903C624FF07B
:10E400002009D8F80000204902788A5C12F008023E
:10E4100040F0AC8108F140013A61344679625A46D5
:10E42000D8F804100139C8F80410411CC8F80010CD
:10E43000017806F8011B23B1A6EB040BCB4580F055
:10E440002482796B013979630BD0D8F80410002944
:10E4500040F3C282D8F800000B4D0178695C0D07CB
:10E46000DED5311B93468B4401310022327013B14B
:10E47000894500F2A782BB6AD7F81C900133BB62C2
:10E48000FFF75AB9A03A0020111E0020B868D90041
:10E49000F9F7C6FDB860002800F0DE83FB683A6932
:10E4A0005B0005191060FB60FFF72CBB831C40F07C
:10E4B0004584D8F80430002B40F38583D8F8003029
:10E4C0001B78B64AD35C180703D47B6B002B7FF410
:10E4D00089ACCA46D7F80890BE617B6A002B7FF4EE
:10E4E0002CAB2B60B9F1000F3FF424ABFB683A6909
:10E4F000E91A8B1001339A427FF61CABD9F8000061
:10E500000431F9F78DFD00283FF414ABC9F8000081
:10E51000FFF710BBB868D9001C46F9F781FDB86059
:10E52000002800F09983FA68630000EB0509106089
:10E530007B6040E53B6A53F8042B10603B620DE6BC
:10E54000D7F80CB018EE10AA1646751B3FF4CBA9ED
:10E55000002333703B691BB1691C8C4200F2BD8201
:10E56000BB6AD7F81C900133AB44BB62FFF7E4B839
:10E570003A6924F460741AB1013A3A6109F1010967
:10E580000133BCE53D6A33462968CDF8008001229D
:10E590005046FFF751F8044600283FF49BA9043584
:10E5A0007D63BB6AD7F81C900133BB627B6B3B6217
:10E5B000A344FFF7C1B815F8011C42465046013D7F
:10E5C000FEF7DCFFB0E54FF6F6718A4200F2718388
:10E5D0003B623B6B08321D6892B2910028467A621A
:10E5E000F9F71EFD58B13B6B7A6A9A8018603B6A56
:10E5F000FDE63B6BDB881A463B6B1D689146B9F123
:10E60000000F0DD000242E1FA04656F8043F1868B6
:10E61000F9F742FA013433684C45C3F80080F4D16D
:10E620004FF0FF33BB62002D7FF462A9FFF763B99F
:10E63000D8E90012964240F33A83D8F83030C7F850
:10E6400024B008F1400925461144C8F800107C6345
:10E65000B346194650461444B61A002B00F09F8268
:10E660004B4501D0FDF796FAD8F83C20C8F8305059
:10E67000C8F80420002A00F09282D8F83810C8F8B0
:10E68000001096424FF00003DEDC7B6B5C46D7F84F
:10E6900024B01C44921B3144C8E90012D7F81C90E6
:10E6A000A344FFF749B80025C7E902553D61FFF7CC
:10E6B000E6B9D8F8003007F180091A7819F8022075
:10E6C000002A3FF410A901337A6BC8F80030D8F85B
:10E6D0000430012A03F1FF33C8F80430DED008F11A
:10E6E0004005C7F834B0AB46154613E0D8F8003003
:10E6F000197819F801100133002900F0B380C8F827
:10E700000030D8F804300134013BAC42C8F8043082
:10E7100000F0A880002BE9DCD8F8303050461946CC
:10E72000002B00F089825B4501D0FDF733FAD8F861
:10E730003C30C8F83060C8F80430002B00F07C8210
:10E74000D8F83830C8F80030D2E70023C7E90333DF
:10E75000994607F13C05FFF737BB0023C7E90133B2
:10E76000FB6007F13C039946FFF7C0BB01217CE643
:10E770004FF6F6718A4200F29882083293B23A6BF1
:10E780007B6399001068F9F74BFC7B6B00283FF422
:10E7900030AF3A6B93801060FFF766B9111E00200E
:10E7A0004FF6F6718A4200F28482083293B23A6BD5
:10E7B0007B62156899002846F9F732FC00283FF47F
:10E7C0001EAF3A6B7B6A938010603FE54FF6F6729E
:10E7D000934200F26A823A6B08339BB29900106848
:10E7E0003B62F9F71DFC3B6A00283FF402AF3A6B2D
:10E7F00093801060FFF7DFBA4FF6F672934200F293
:10E80000548208339EB23B6BB1001868F9F708FCDC
:10E810003B6B00283FF4EEAE9E801860FFF75BBBB9
:10E82000660769D414F001027FF484AEA1077FF576
:10E8300081AEC34B796999425046FB6A07F1580192
:10E8400000F03A8204F034FE3B6A53F8042B3B623A
:10E85000C2E9000182E43B6A53F8046B3B62A146C3
:10E860002346CEE5D7F834B018E799F8022045F0F2
:10E87000020509F10209FEF7C4BF99F8022045F02C
:10E88000080509F10209FEF7BCBF4FEA4909204615
:10E890004946C7E90232F9F7C3FB0446002800F0F5
:10E8A000BC81BB68FA68186000EB0B06C9E5F9612A
:10E8B000FFF7F1B94FF6F672934200F2FA8108338E
:10E8C0009AB23B6B3A611B683B6218469100F9F7BC
:10E8D000A7FB3B6A0546002800F01B823B6B3A69A8
:10E8E0009A80186041E53B6A53F8042B3B628946E5
:10E8F00082F800B0FEF720BF3B6A53F8042B3B625E
:10E9000010802BE4BE615646CA46D7F80890002E08
:10E910003FF4E3AD013E07F158034246995D50468E
:10E92000FEF72CFE002EF5D1D7E53C692068F9F7FB
:10E9300077FB00283FF4FCA82060FFF7F9B83B6B99
:10E94000002B00F08D813B6B1D68B3F8069056E6F6
:10E95000B8F80C3043F02003A8F80C30D8F8103089
:10E96000C8F800300023C8F80430FEF7E5BE3B6A63
:10E970003A6953F8049B7A60C7E902223B62FFF7C9
:10E98000B5BA3B6A3C6153F8046B3B6268E4D7E973
:10E99000083253F8045B3A613B62FA609146FFF734
:10E9A00013BAD7E9083253F8045BFA603B62BA60E5
:10E9B0003A61FFF764B882B0CDE9023302AB3B6342
:10E9C000FFF759B918687B63F9F72AFB00283FF471
:10E9D00052AD7B6B18604EE5D8F83010002900F07E
:10E9E0006E81786A814206D05046C7E90232FDF74F
:10E9F000D1F8D7E902323969C8F83010D8F83C109C
:10EA0000C8F80410002900F05A81D8F83800C8F876
:10EA1000000021E5D8F800304A491A788D5C15F0DD
:10EA200008057FF48AA801337A6BC8F80030D8F85B
:10EA30000430012A03F1FF33C8F8043008BF0BF19A
:10EA4000010B3FF47AA8D7F83490012408F140066E
:10EA500012E0D8F800301A783A498A5C120703F1BC
:10EA6000010358D4C8F80030D8F804300134013B11
:10EA70004C45C8F804304ED0002BEADCD8F83030D2
:10EA800050461946002B00F00081B34201D0FDF73B
:10EA900081F8D8F83C30C8F83050C8F80430002B62
:10EAA00000F0F380D8F83830C8F80030D3E7B8F871
:10EAB0000C30D7F834B0C7F8189043F02003A8F80A
:10EAC0000C30D8F81030C8F800300023C8F80430F3
:10EAD000002C3FF424A8FEF7FDBE18681C46F9F789
:10EAE0009FFA00283FF43CAD206039E5B8F80C30BF
:10EAF000D7F824B0BE6143F02003A8F80C30D8F852
:10EB00001030C8F800300023C8F80430002D3FF45E
:10EB10005EAAFEF7DFBEA344FFF70FB8D7F824B014
:10EB2000BE61002D3FF453AA013D07F15803424650
:10EB3000595D5046FEF722FD002DF5D1FFF747BA8B
:10EB4000D10B0200111E00204FF0000AB1E4B8F80A
:10EB50000C30D7F80CB043F02003A8F80C30D8F8EC
:10EB60001030C8F80030AA424FF0000318EE10AA87
:10EB70001646C8F804307FF4E8ACFEF7ABBE994601
:10EB8000B8F80C3043F02003A8F80C30D8F8103057
:10EB9000C8F800300023C8F80430FFF7BEBAB8F850
:10EBA0000C30D7F824B043F02003A8F80C30D8F884
:10EBB0001030C8F800300023C8F80430002C7FF46F
:10EBC0006DADFEF787BED8F83010002900F08A80BE
:10EBD00008F14003994202D04846FCF7DBFF0023CE
:10EBE000C8F83030D8F83C30C8F80430002B79D061
:10EBF000D8F83830C8F8003062E4EE0713D4AC0718
:10EC000011D5D7E9079353F8042B3B624FEAEB7316
:10EC1000C2F800B05360FEF78FBD3B6B03B31D68B5
:10EC2000B3F80690EBE4D7E9079353F8042BC2F846
:10EC300000B03B62FEF780BDB8F80C30D7F834B0B6
:10EC400043F02003A8F80C30D8F81030C8F8003092
:10EC50000023C8F8043021E53B6B002B7FF4CAACDD
:10EC60004FF0FF33BB62FEF746BEF868D900F9F7F4
:10EC7000D7F9F8600028EFD03B69BA68D7F824A02C
:10EC800010605B0005193B6113E4B8F80C3043F0E9
:10EC90002003A8F80C30D8F81030C8F80030002352
:10ECA000A344C8F80430FEF748BF2246A4E4344623
:10ECB000F0E43B6B1D68A2E404F0CAFCC4E5934693
:10ECC000B8F80C2042F02002A8F80C20D8F8102048
:10ECD000C8F80020311B00228B44C8F80420013101
:10ECE000FFF7C3BBB8F80C20BE6142F02002A8F8C1
:10ECF0000C20D8F81020C8F8002056460022CA463A
:10ED0000C8F80420D7F80890002E7EF4E3ADFFF792
:10ED1000E4BB1D4673E4BB6A002B3FF470ACB8F84B
:10ED20000C305B067EF5E1AD0DE6D9F800301C46EF
:10ED300001337FF40FA92246FFF721B9286804F0B8
:10ED400037FD00287FF4DEAD032ED3447FF47EA888
:10ED50002368042B7FF47AA8FFF77BB8000000003B
:10ED60002DE9F04F2DED088BD1B00C460BEE101AAB
:10ED700090460893834604F08FFA0368129318466E
:10ED8000FCF7F2FD20AF1090082200213846FAF778
:10ED90002BFEA3891B0603D52369002B00F05587A2
:10EDA00000239FED838B9FED849BCDE92533CDE937
:10EDB0001333CDE9153327AA0E932492924611936B
:10EDC00004934446A1467E4BD3F8E450FCF736FB4F
:10EDD0004A4603461CA900975846A847002800F059
:10EDE000B080C0F2A6801C9A252A034601D099441F
:10EDF000E9E7B9EB0405064640F0A78000234FF091
:10EE0000FF328DF867309846069309F1010999F8A9
:10EE1000003003922B25202609F10109A3F12002DD
:10EE20005A2A00F2CF80DFE812F0E802CD00CD00D0
:10EE3000E302CD00CD00CD006A00CD00CD0005027B
:10EE40008402CD001002C902CD00BD025B005B0050
:10EE50005B005B005B005B005B005B005B00CD0068
:10EE6000CD00CD00CD00CD00CD00CD005301CD00B3
:10EE700083011A02530153015301CD00CD00CD008F
:10EE8000CD001502CD00CD009602CD00CD00CD0005
:10EE9000AB01CD00AA02CD00CD00E306CD00CD0030
:10EEA000CD00CD00CD00CD00CD00CD005301CD0073
:10EEB0008301DE015301530153017702DE017F001C
:10EEC000CD008902CD005F02E0062F027F00CD0059
:10EED000AB017C00B806CD00CD00BD06CD007C00A6
:10EEE000A3F13002002119F8013B01EB810102EB93
:10EEF0004101A3F13002092AF5D906918EE758465F
:10EF000004F0CAF9436815931846FCF72DFD1690D6
:10EF1000584604F0C1F983681393169B002B40F008
:10EF20002D8699F8003077E799F8003048F02008EE
:10EF300072E7082200213846FAF756FD012399446A
:10EF400041E7B9EB0405064611D0269B2B442693D6
:10EF5000259B0133072BCAE9004525931CDC0AF1E8
:10EF6000080A049B2B440493002E7FF447AF269B92
:10EF7000002B41F00B821BEE103AB3F90C3013F06A
:10EF8000400F049B18BF4FF0FF330493049851B017
:10EF9000BDEC088BBDE8F08F1BEE101A24AA584672
:10EFA000FDF7E0FB0028E6D10DF19C0AD9E700BF90
:10EFB0000000000000000000FFFFFFFFFFFFEF7FE9
:10EFC000489B00200B93002BD1D00021CDE90C11E0
:10EFD0008DF8DC3001238DF86710029307910593BB
:10EFE00003910F9137AC18F00203099302D0029BF2
:10EFF0000233029318F084030A9305D1069B029A08
:10F000009D1A002D00F36983269A89B125990DF187
:10F01000670001310132CAF8000007294FF00100F2
:10F0200026922591CAF8040000F3A2830AF1080A87
:10F03000099B83B1259B1AA901330232CAF800103B
:10F04000072B4FF0020126922593CAF8041000F313
:10F05000A3830AF1080A0A9B802B00F06C82039BB1
:10F0600005995D1A002D00F3A58218F4807F40F009
:10F070000D82059BCAF804301A44259BCAF800404B
:10F080000133072B2692259300F31B830AF1080A0C
:10F0900018F0040F05D0069B02995C1A002C00F3AF
:10F0A0008883049B069902988142ACBF5B181B18A9
:10F0B0000493002A40F0B08200232593079B1BB1E4
:10F0C00007995846FCF766FD0DF19C0A4C4679E617
:10F0D0000B93089B073323F00703B3EC028BB0EECE
:10F0E000C87BB4EE497BF1EE10FA089340F3E98453
:10F0F000B5EEC08BF1EE10FA01F159809DF8671062
:10F10000AB4CAC4B28F080080B9A472AC8BF1C4672
:10F110000023CDE90C330322079302920592039357
:10F120000F9300293FF45FAF029B013302935AE72C
:10F13000432B0B9303D018F0100F00F05D85089D52
:10F140000822002122A837ACFAF74EFC22AB55F872
:10F15000042B2146584604F0F9FA03460133059082
:10F1600001F0EE82059B089523EAE37302930021E8
:10F17000CDE90C118DF86710079103910F9132E7DB
:10F180000B93089B1A4600238DF86730134653F8FB
:10F19000044B0893002C00F048850B9B532B00F088
:10F1A000EC8618F010030C9340F0E786039B5D1C7F
:10F1B00001F0E5800C991A46204604F04DFA0790BC
:10F1C000002801F02883079B1A1B05920C9B0393D0
:10F1D00022EAE2720F930D93079373239DF8671051
:10F1E00002920B939DE718F0200F0B93089B3DD0E4
:10F1F000073323F007031A4611465B6851F8082BC2
:10F2000008911946002BC0F20C84039B013300F0D7
:10F210009E8228F0800052EA0103029040F0998219
:10F22000039B002B40F09A828046002303930593B2
:10F2300050AC06E1089B53F8042B0692002A80F29A
:10F240001984069A08935242069299F8003048F0C1
:10F250000408E1E599F8003048F00808DCE548F0DA
:10F26000100818F0200F0B93089BC1D118F0100F55
:10F2700040F00B8418F0400F00F0038433F9042BA6
:10F280000893D1170B46BDE7089B48F00202029293
:10F2900053F8042B089347F63003ADF86830782014
:10F2A000454B1193002102230B900020039C8DF805
:10F2B0006700601C00F0AD80029820F0800852EAE0
:10F2C000010040F0A480002C40F0AE86002BACD1B1
:10F2D000029B13F00103059300F0D18330238DF8D6
:10F2E0003F310DF23F14ACE018F0200F40F0D48312
:10F2F00018F0100F40F09F8618F0400F40F09787ED
:10F3000018F4007F00F09786089B049953F8042BAB
:10F31000089311704C4655E599F80030682B03BFEF
:10F3200099F8013048F4007809F1010948F04008E3
:10F3300072E599F800308DF867506DE599F8003066
:10F340006C2B03BF99F8013048F0200809F101093E
:10F3500048F0100860E50B9348F0100818F0200101
:10F3600000F05183089B073323F00703596853F8D3
:10F37000082B089328F480630293002395E70B93EE
:10F3800048F010030293029B13F0200100F0298340
:10F39000089B073323F00703596853F8082B089399
:10F3A000012382E799F8003048F0800834E500BF77
:10F3B000DC1F0020900C0020C01F0020494611F8DF
:10F3C000013B2A2B01F04982A3F13002092A894628
:10F3D00098BF002101F2448119F8013B01EB810142
:10F3E00002EB4101A3F13002092AF5D9039115E599
:10F3F00099F8003048F001080EE59DF86730002BC1
:10F400007FF48FAD99F800308DF8676004E5CDF892
:10F410000880012B00F09D81022B50AC20D1119867
:10F4200002F00F031209C35C04F8013D42EA0172C5
:10F43000090952EA0103F3D150AB1B1BDDF8088028
:10F440000593059A03989DF8671082424FF00003D8
:10F45000B8BF0246CDE90C33079302920F9360E6E2
:10F4600002F00703D20842EA4172C908303352EA77
:10F470000105204604F8013DF2D1029AD10700F1BE
:10F480004D8250AB1B1B90460593DAE70B9B652B17
:10F4900040F3D480B5EE408BF1EE10FA40F0C1811C
:10F4A000259BBA49CAF80010013301320121072B0C
:10F4B00026922593CAF8041000F351850AF1080A30
:10F4C0001B9B0E998B4280F2D082109B12991A449A
:10F4D000CAE90013259B26920133072B259300F3DD
:10F4E00097830AF1080A0E9B5C1E002C7FF7D0ADB3
:10F4F000102C259B40F36E851BEE106A102505E04D
:10F500000AF1080A103C102C40F364850133A0492D
:10F510001032072BCAE90015CDE92532F0DD24AA07
:10F5200031465846FDF71EF900287ED1DDE9253227
:10F530000DF19C0AE6E7069B02995D1A002D7FF704
:10F540008EAD102D259B21DD099410261BEE104A4F
:10F5500004E0103D102D0AF1080A16DD01338C4934
:10F560001032072BCAE90016CDE92532F1DD24AAB5
:10F57000214658460DF19C0AFDF7F4F8002854D1B5
:10F58000103D102DDDE92532E8DC099C8049CAF8E0
:10F59000045001332A44072BCDE92532CAF8001064
:10F5A00000F32685039B05995D1A002D0AF1080AD0
:10F5B0007FF75BAD102D259B1FDD514610261BEEFE
:10F5C00010AA04E0103D102D01F1080114DD0133F3
:10F5D0006F481032072BC1E90006CDE92532F1DD75
:10F5E00024AA51465846FDF7BDF8F0B9103D102D3C
:10F5F000DDE9253227A9EADC8A4601336449CAF8E5
:10F6000004502A44072BCDE92532CAF8001000F334
:10F61000DA810AF1080A28E51BEE101A24AA5846D6
:10F62000FDF7A0F800283FF447AD079B002B3FF4FF
:10F63000A2AC07995846FCF7ADFA9CE40E9B012B4F
:10F6400040F37A81259BCAF8004001330132012141
:10F65000072B26922593CAF8041000F3F8810AF1CB
:10F66000080A1099129801330A44072BCAE90001CD
:10F67000CDE9253200F3DD810AF1080AB5EE408BB1
:10F68000F1EE10FA00F077810E990133013901345F
:10F690000A44072BCAF800402593CAF804102692A2
:10F6A00000F35B810AF1080A1499CAF804100133C7
:10F6B0000A44072B1EA9CDE92532CAF800107FF7AE
:10F6C000E5AC1BEE101A24AA5846FDF74BF80028AB
:10F6D000ABD1269A0DF19C0ADAE4102DDDE9251252
:10F6E0002C4E24DD179410231BEE104A084604E02C
:10F6F000103D102D0AF1080A17DD013010320728DD
:10F70000CAE90063CDE92502F2DD24AA2146584664
:10F710000DF19C0AFDF726F8002886D1103D102D2A
:10F72000DDE925024FF01003E7DC179C01460131AB
:10F730002A440729CDE92512CAF80060CAF8045006
:10F7400000F3BD839DF867100AF1080A5DE4CDF867
:10F7500008800A2A71F1000380F0458330320123CA
:10F76000DDF808808DF83F2105930DF23F1468E61F
:10F770001BEE101A24AA5846FCF7F4FF00287FF469
:10F7800054AF269A0DF19C0A52E400BFC017002026
:10F7900088930020F83A00201BEE101A24AA58463D
:10F7A000FCF7E0FF00287FF440AF269A0DF19C0A99
:10F7B00051E4102C259BBE4E1FDD1BEE108A102538
:10F7C00004E0103C102C0AF1080A16DD0133103257
:10F7D000072BCAE90065CDE92532F2DD24AA4146AE
:10F7E00058460DF19C0AFCF7BDFF00287FF41DAFC1
:10F7F000103C102CDDE92532E8DC01332244072BD4
:10F80000CAE90064CDE925327FF74BAC1BEE101A34
:10F8100024AA5846FCF7A6FF00287FF406AF269AD4
:10F820003FE41B99002940F35A830C9E0E9B9E4295
:10F83000A8BF1E46002E0BDD259B01333244072B4B
:10F84000CAE900462692259300F389860AF1080A40
:10F850000C9D002EA8BFAD1B002D00F303820C9B56
:10F8600018F4806F2344059340F01F821B9B0E9970
:10F870008B4203DB18F0010F00F0CF84109912982F
:10F880000A44CAE9000125992692013107292591E8
:10F8900000F3A5860AF1080A0E996518CC1A059B93
:10F8A000ED1AA542A8BF2546002D0DDDCAF800308F
:10F8B000259BCAF8045001332A44072B269225932E
:10F8C00000F3BB860AF1080A002DA8BF641B002CB8
:10F8D0007FF7DEAB102C259B40F37C831BEE106A78
:10F8E000102505E00AF1080A103C102C40F3728341
:10F8F000013370491032072BCAE90015CDE92532D2
:10F90000F0DD24AA31465846FCF72CFF00287FF48E
:10F910008CAEDDE925320DF19C0AE5E7302B3FF492
:10F920008BAD3023023804F8013C50AB1B1ADDF8D4
:10F9300008800593044684E518F0010F7FF482AE39
:10F94000259BCAF80040013301320121072B269282
:10F950002593CAF804107FF7A5AE1BEE101A24AA4F
:10F960005846FCF7FFFE00287FF45FAEDDE9253244
:10F970000DF19C0A98E60E994C1E002C7FF794AE70
:10F98000102C40F361831BEE106A102505E00AF18C
:10F99000080A103C102C40F35783013345491032BC
:10F9A000072BCAE90015CDE92532F0DD24AA31463E
:10F9B0005846FCF7D7FE00287FF437AEDDE9253244
:10F9C0000DF19C0AE5E71BEE101A24AA5846FCF735
:10F9D000C9FE00287FF429AE269A0DF19C0AFFF794
:10F9E00044BB029B13F0100340F0C180029A12F056
:10F9F000400200F07A83089850F8042B08901946CA
:10FA000092B2012351E418F0100355D118F04002CE
:10FA100000F05D83089850F8042B0890194692B2C4
:10FA2000A8E4524261EB4101CDF808802D2001236A
:10FA30003CE41BEE101A24AA5846FCF793FE00285B
:10FA40007FF4F3ADDDE925320DF19C0A16E61BEEDD
:10FA5000101A24AA5846FCF785FE00287FF4E5AD6D
:10FA6000DDE925320DF19C0AFBE518F0010F3FF4AA
:10FA70000FAB2AE5089399F80030FFF7CDB950ACE9
:10FA8000DFE418F4007F40F0DB8353F8042B089385
:10FA9000D1170B46FFF7B6BB089B049853F8041B1D
:10FAA0000893C217C1E900024C46FFF78BB900BFAB
:10FAB000F83A002088930020089B53F8042B089301
:10FAC00058E4B4EE488BF1EE10FA80F194860B9B6B
:10FAD000612B00F05285412B00F0C085039B013360
:10FAE0000B9B23F0200500F08084472D04D1039B5D
:10FAF000002B08BF0123039318EE903A002B48F423
:10FB000080724646C0F21886B0EE48AB002390469D
:10FB1000099307930B9B413B252B00F29883DFE869
:10FB200013F06F0496039603960368046C0496031F
:10FB300096039603960396039603960396039603FD
:10FB400096039603960396039603960396039603ED
:10FB500096039603960396039603960396039603DD
:10FB60009603960396039603960368046C04089B19
:10FB700053F8042B08930123FFF797BB139B002B2B
:10FB80003FF4CFA9139B1B78002B3FF4CAA999F827
:10FB9000003048F48068FFF73FB90B93CDF8088038
:10FBA000FFF7F1BB0B939A4B119318F0200100F073
:10FBB0000581089B073323F00703596853F8082B86
:10FBC000089318F0010F0AD052EA010307D00B9BEB
:10FBD0008DF86930302348F002088DF8683028F439
:10FBE000806302930223FFF760BB0B93FFF7B6BB62
:10FBF0000B93884B1193D8E7089B012153F8042BF2
:10FC000002918DF8DC200893059137ACFFF7AFBA6D
:10FC10001BEE101A24AA5846FCF7A4FD00287FF416
:10FC200004AD269A0DF19C0A5DE4039B0794062B14
:10FC3000224628BF062303942146CDE90C22764CA8
:10FC4000029305930F92FFF76CBA40215846F7F7DD
:10FC50002BFF20602061002800F00F8640236361A5
:10FC6000FFF79EB8102D259B40F35D82514610266C
:10FC70001BEE10AA04E00831103D102D40F3528213
:10FC8000013366481032072BC1E90006CDE9253261
:10FC9000F1DD24AA51465846FCF764FD00287FF4A4
:10FCA000C4ACDDE9253227A9E6E70E9BCDF8249008
:10FCB000E31803930D9BCDF82880139E059DDDF876
:10FCC0005890DDF83C800B941BEE101A5046002B28
:10FCD00034D0B8F1000F35D10D9B013B013E0D939F
:10FCE000159BC0E90039259B01334A44072B269216
:10FCF00025936CDC0830039B96F800C05B1B6345C2
:10FD0000A8BF6346002B9A460CDD259C01341A449B
:10FD1000072CC0E900532692259400F3778196F8CA
:10FD200000C00830BAF1000FACBFACEB0A04644667
:10FD3000002C0ADC65440D9B002BCAD1B8F1000FE2
:10FD400000F0AC8308F1FF38CAE7102CDDF894C04E
:10FD500024DD05954FF0100A63460D4604E0103C83
:10FD6000102C00F1080016DD01332C491032072B4E
:10FD7000C0E9001ACDE92532F1DD24AA294658460A
:10FD8000FCF7F0FC00287FF450AC103C102CDDE9AF
:10FD9000253227A8E8DC2946059D9C460CF1010385
:10FDA00022444460072B1D4C0460CDE9253200F34A
:10FDB000C68396F800C008306544BCE718F010030D
:10FDC00000F0C280089B53F8042B0893F9E624AA9C
:10FDD00058460591FCF7C6FC00287FF426AC269A0D
:10FDE000059927A887E70298CDF81CA050AC00F42D
:10FDF000806000250AEE10BA094BDDF84CA0CDF862
:10FE00001490A3464FF00508AC46044610E000BF2E
:10FE1000C01F0020AC1F0020D41F002088930020AA
:10FE2000CDCCCCCC0A2A71F1000136D34A463146FA
:10FE3000501840F10000A3FB005626F0030505EB27
:10FE40009605401B151A4FF0CC3661F1000E06FBEB
:10FE500005F6A5FB039503FB0E6609F0010E2E4483
:10FE6000AEFB085E2D184FEA590930350BF8015CDE
:10FE700049EAC6790CF1010C0BF1FF3B7608002C26
:10FE8000D0D09AF800008445CCD1BCF1FF0FC9D086
:10FE90000A2A71F1000180F08F815C4650AB1B1B78
:10FEA000DDF81490CDF84CA01AEE10BADDF81CA0C5
:10FEB000DDF80880CDF838C00593FFF7C2BA1BEE15
:10FEC000101A24AA5846FCF74DFC00287FF4ADAB6D
:10FED0009DF86710269A0DF19C0AFFF796B8259BAE
:10FEE000BE48CAF80000013301320120072B2692D8
:10FEF0002593CAF8040000F377810AF1080A002963
:10FF000040F0AF800E9908F001030B433FF4C0A806
:10FF1000109B12991A44CAE90013259B26920133BB
:10FF2000072B259300F352820AF1080A0E99CAF8AA
:10FF3000004001330A44072BCDE92532CAF80410EA
:10FF40007FF7A4A8FFF7BDBB18F0400200F0DD80EA
:10FF5000089850F8042B0890194692B231E61BEE2F
:10FF6000101A24AA5846FCF7FDFB00287FF45DAB6D
:10FF7000269A0DF19C0AFFF7A3BA22AE08220021AF
:10FF800030461D94F9F730FD039B5A1C00F0DB80CE
:10FF90000025CDF80890CDF81C809946A8460CE0C5
:10FFA00037A9584603F0D2FB431C404400F0C883F5
:10FFB000484508DC00F0188480461D9A52593346A3
:10FFC0000435002AECD1CDF81480DDF80890DDF876
:10FFD0001C80C5E001338249CAF804402244072B43
:10FFE000CAF80010CDE925327FF750A8FFF769BBAA
:10FFF0001BEE101A24AA5846FCF7B4FB00287FF425
:02000004600298
:1000000014AB269A0DF19C0AFFF729B824AA58468A
:100010000591FCF7A7FB00287FF407AB96F800C01A
:10002000269A059927A87DE6012BCDF808807FF454
:10003000F3A9FFF793BB089B049953F8042B4C4694
:1000400011600893FEF7BEBE01336549CAF804404B
:100050002244072BCDE92532CAF800107FF722ABE6
:100060007BE4109B12981A44CAE90003259B269250
:100070000133072B259300F3A9810AF1080A00290F
:10008000BFF654AF4D42103180F20F831BEE101AB1
:10009000102605E00AF1080A103D102D40F30583F3
:1000A00001334F481032072BCAE90006CDE925324B
:1000B000F0DD24AA58460391FCF754FB00287FF496
:1000C000B4AADDE9253203990DF19C0AE4E7089B07
:1000D00018F400711ABF114653F8042B53F8042B7F
:1000E000089318BFD2B2FFF745B9029B13F4007111
:1000F000089B1ABF114653F8042B53F8042B08939E
:1001000018BFD2B20123FFF7D0B8089B18F40071D2
:100110001ABF114653F8042B53F8042B089318BF49
:10012000D2B24EE58A4601332D49CAF804502A441A
:10013000072BCDE92532CAF8001000F339810AF106
:10014000080AFFF78CBB0023194600961DAA5846E3
:1001500003F022FB03460133059000F0F1821D9469
:10016000059B002B4ED0632B00F3188100230793CF
:1001700037AC082200213046F9F736FC059D009681
:100180002B461DAA2146584603F006FB854240F047
:100190007C83059A0023A35422EAE272CDE90C3352
:1001A0009DF86710039302920F93FEF7BABF2D21BB
:1001B0008DF86710FEF7A4BF169B1599ABEB030BE8
:1001C0001A465846F9F70EFD9AF80120054B0AB178
:1001D0000AF1010A4FF0000C28E600BFC01700200A
:1001E00088930020CDCCCCCC1BEE101A24AA584604
:1001F000FCF7B8FA00287FF418AA1B99269A0DF18B
:100200009C0A7CE6059B9DF867100F93CDE90233AD
:10021000CDE90C330793FEF784BF0E990598651856
:100220002D1ACC1AA542A8BF2546FFF74DBB089B47
:10023000049953F8042B089311804C46FEF7C2BD75
:1002400013F9042B0893D1170B46FEF7DBBF039A73
:10025000022122AB01931DAB009358461BABB0EEBD
:100260004A0B029203F0B4FC472D029A044600F0B8
:100270006181462D104405D12378302B00F06F8228
:100280001B9A1044B5EE40ABF1EE10FA40F04681F7
:1002900003461B1B0E93472D00F01081462D00F0E6
:1002A000B5811B9B0C930C9B412D03F1FF331B93DA
:1002B00000F0E5819DF82C200021002BB8BF0C9B9D
:1002C0008DF87820BABFC3F101032D222B22092B10
:1002D0008DF8792040F3DA810DF18F05DFF81CC429
:1002E0002A4610468CFB0321DA17C2EBA10202EB6F
:1002F0008201A3EB4101303100F8011C194663294A
:10030000134600F1FF32ECDC3033D9B2831E9D423C
:1003100002F8011C40F28B8213460DF17A0201E0D3
:1003200013F8011B02F8011B9D42F9D10DF1910355
:100330000DF17A021B1A13441EAA9B1A14930E9BEA
:10034000149A012B1A44059240F30382059B109ADC
:100350001344059326F48063059A43F480780023C0
:10036000CDE90C3322EAE2720F930292099B002B33
:1003700040F0B1809DF867100393FEF7D2BE20468F
:10038000FBF7F2FA02460590FEF720BF1BEE101AAB
:1003900024AA5846FCF7E6F9FEF7EDBD591C58466D
:1003A000F7F782FB0446002800F0CA810790E0E6D8
:1003B0001BEE101A24AA5846FCF7D4F900287FF443
:1003C00034A9269A0DF19C0AFFF749BA1BEE101AC0
:1003D00024AA5846FCF7C6F900287FF426A9DDE9CF
:1003E00025321B990DF19C0A49E606230393FFF77A
:1003F00083BB039B02215A1C2BE7039A032128E7A6
:100400001BA8B0EE4A0B03F0EBF9B4EE007B20EE34
:10041000070BB5EE400BF1EE10FA01D101231B934F
:10042000B348039BB3EE005B013B224604E0B5EE0C
:10043000400BF1EE10FA13D020EE050BFDEEC07B61
:10044000B3F1FF3F17EE901A415CB8EEE76B9446AC
:1004500030EE460B02F8011B194603F1FF33E6D1DB
:10046000B6EE006BB4EEC60BF1EE10FA00F3488165
:10047000B4EE460BF1EE10FA04D117EE903ADB071A
:1004800000F13E81002906DB4B1C1344302102F8A9
:10049000011B9342FBD1131B0E93FCE60B9C0E9B9E
:1004A000DDF82490DDF828801396E3189D42294654
:1004B00028BF194682460591FFF7D8B91B9B0C93BC
:1004C000DA1C02DB039A93420CDD0B9B023B0B937D
:1004D00023F02005E7E62D2100238DF86710039314
:1004E000FEF722BE0C9B0E9A9342C0F2BD80F0072D
:1004F0000C9B40F13281109A13440593710503D58A
:100500000C9B002B00F33581059B23EAE3730293D8
:1005100067230B9300230F930D9327E7229B8342BE
:10052000BFF4B7AE30215A1C22921970229B984218
:10053000F9D8AEE6F30700F1A780229BA9E624AA2A
:1005400058460591FCF70EF900287FF46EA896F83E
:1005500000C0269A059927A86544FFF7ECBB1BEE5F
:10056000101A24AA5846FCF7FDF800287FF45DA86D
:10057000269A0DF19C0AFFF76BB978238DF8693044
:1005800030238DF86830039B632B48F0020600F39C
:10059000A6800023079337AC18EE903A002B48F45E
:1005A00081782BDBB0EE48AB0B9B23F020050023BA
:1005B00009930B9B612B7FF4ADAAB0EE4A0B1BA8ED
:1005C00003F00EF9B4EE007B20EE070BB5EE400B06
:1005D000F1EE10FA01D101231B93464821E71BEEEF
:1005E000101A24AA5846FCF7BDF800287FF41DA86D
:1005F0001B9B269A0DF19C0AFFF74EB90B9B23F02B
:1006000020052D230993B1EE48ABD2E71B9A0C923B
:10061000002A06F0010340F30D8103990B4340F0DB
:10062000CF800C9B059366230B93720500F1A3808A
:10063000059B23EAE37302936CE71BEE101A24AACE
:100640005846FCF78FF800287EF4EFAF1B9C0E9BFA
:10065000269A1C1B0DF19C0AFFF736B958238DE72B
:1006600000220392FEF7DABB0E9B109A9A180C9B9D
:100670000592002B40F3AB8067230B93D5E70B9AD1
:100680000F32D2B2012118E6A018FBE5002940F094
:10069000A88030228DF87A200DF17B02303302F8E9
:1006A000013B1EABD31A149349E601331249CAF831
:1006B00004502A44072BCDE92532CAF800107FF7F1
:1006C00033AC1BEE101A24AA5846FCF74BF800284E
:1006D0007EF4ABAFDDE925320DF19C0A26E4591C0E
:1006E0005846F7F7E1F9044650B3079054E700BFC6
:1006F000AC1F0020C01F002088930020676666663C
:10070000CDF888C012F8011C90F80FC0614513465F
:100710000AD14FF0300E03F801EC229B591E2291B2
:1007200013F8011C8C45F6D0392916BF0131817AA6
:10073000C9B203F8011CAEE600239046079360E7B8
:100740001BEE102AB2F90C3043F040039381FEF700
:1007500016BCF5077FF5FEADF8E50593CEE6B5EEE0
:1007600040ABF1EE10FA3FF48BADC2F101021B92E7
:1007700087E567230B9313990B78FF2B79D000251E
:100780000C9A284603E001300131FF2B08D0934238
:1007900006DAD21A4B78002BF5D10B780135F4E745
:1007A0000C9213910D900F950F9A0D9B169913446F
:1007B000059A01FB0323059323EAE3730293D5E52E
:1007C000109BD3181944662305910B932DE7C3F1B1
:1007D00001031A4422EAE2730293672305920B9302
:1007E00098E60DF17A0259E7039BDDF80890DDF8F1
:1007F0001C800593B4E418EE903A002BB4BF2D2171
:100800009DF86710254C264BB8BF8DF8671028F06F
:100810008008FEF779BC039B0293059373239DF830
:10082000671003900F900D900B93FEF77ABC022394
:10083000149384E5039A134305D10123662202939E
:100840000B92059366E6109B01331A4422EAE27389
:100850000293662305920B935CE6089A99F801309F
:10086000894652F8041B089241EAE1710391FEF7B0
:10087000D3BA00230F930D9396E70C23CBF80030E7
:100880004FF0FF330493FEF781BB1BEE102A9389D0
:1008900043F040039381FEF7C8BE00BFE01F002075
:1008A0008C0C00202DE9F04F2DED028BADF5377D3E
:1008B0008B46B1F90C1002AF8C048146FA643B639D
:1008C00009D4DBF8643041F4005123F40053ABF851
:1008D0000C10CBF8643000231C460822194607F19F
:1008E0005800FB62A246F9F77FF83C647C62BC6367
:1008F0007C64834BD3F8E440FAF7A0FD07F158027B
:100900000346009207F15401FA6C4846A047051EC1
:10091000FB6C33DB2B44FB647B6D2E46002B00F01D
:10092000B680012D38D0252B40D0002DE1D0FB6CB6
:100930009E1BDBF80430741E002B40F39880DBF81C
:10094000001094F801C091F800E0A31C0AEB03002A
:10095000E64501F10101A3EB060204F10104A0EB5D
:10096000060040F09480DBF80430CBF80010013B27
:10097000AA42CBF80430DFDB8246BAE70133FB64DE
:1009800008224FF6FD73002107F158007B65F9F747
:100990002BF87B6D002B7AD05A4EF25C100700F1D9
:1009A0001C85252B40F0868001252E46F86C0024FE
:1009B0000278A046A2F12503411C552B67D8DFE839
:1009C00013F00A076600660066006600010766000D
:1009D00066006600660066000C060C060C060C0637
:1009E0000C060C060C060C060C060C0666006600CF
:1009F00066006600660066006600180666008E04E3
:100A0000C904180618061806660066006600660027
:100A1000820066006600BF0466006600660089000A
:100A200066006600660066006B0666006600DD060E
:100A300066006600660066006600180666009004A0
:100A4000CB04180618061806BE06D20682006600F9
:100A5000E706F306AC06C104DA06660066008B0002
:100A60007D00CA06660066006B0666007D0059467A
:100A70004846FCF7C3FD00283FF461AF7B6C002BB8
:100A800001F05280BBF80C305A0601F14D803B6CEE
:100A900043B13B6CD3F80080B8F1000F02D0404660
:100AA000F6F7FAFF786C07F53577BD46BDEC028B9B
:100AB000BDE8F08FFB6C01255E1E3AE72307E6D107
:100AC0004278084676E72207E1D1427844F00204F2
:100AD00008466FE744F00104F9640225DBF80430AE
:100AE000002B40F30884600640F10F846B1E032B3B
:100AF00001F2EB80DFE813F07B02F1014B0108000B
:100B0000489B0020111E0020484602F0C5FB0368E8
:100B10003B6208F1FF33B3F5AE7F40F25A856FF4C4
:100B2000AE7508EB05033B6140F25D18002607F542
:100B3000B87308EE109AC7E90566FE637E63FE612E
:100B4000BE6444F4F064BB621D464646DBF8001008
:100B50000A78A2F12B034E2B50D8DFE813F07E0366
:100B60004F007E034F004F00A300A600A600A60082
:100B7000A600A600A600A600A600A6004F004F00F3
:100B80004F004F004F004F004F0074030B030B0347
:100B90000B039E0394034F004F0084034F004F004C
:100BA0004F004F005D034F003A034F004F004F00CE
:100BB00033034F004F004F001E036D034F004F00E3
:100BC0004F004F004F004F004F0074030B030B0307
:100BD0000B039E0394034F004F0084034F004F000C
:100BE0004F004F005D034F003A034F004F004F008E
:100BF00033034F004F004F001E036D03A0056FD558
:100C0000386A037893426BD1C7E902457E6081461A
:100C100018EE106A4FF000085C4607E0216091F87A
:100C200000E099F8000086451CD1DA4619F8010F5A
:100C300045460AF1010B013108F10108002800F0D6
:100C400064866068013800286060E7DC2146304631
:100C5000FCF7D4FC30B9216899F8000091F800E065
:100C60008645E2D0A3463A6ABC683D612B46B14650
:100C7000BE6CFD68BD6401335D4602EB0308B346FC
:100C80002646144618F8011D2A464846FCF776FC0D
:100C90004445F7D13B693446AAEB030A5E46AB46AE
:100CA000BD6C20E0E00500F10185BB6CF96BD94219
:100CB00016D124F4C07405F8012B013EDBF8043092
:100CC000013B002B0AF1010ACBF8043040F36F839B
:100CD000DBF800300133CBF80030002E7FF436AF64
:100CE000BE6C18EE109A7B6B002B40F0DC82FB6B25
:100CF000013B012B41F21680731E062B40F2278622
:100D0000E3051BD5660501F1B58015F8011C6529C1
:100D100005F1FF330AF1FF360AD0452908D05A46BB
:100D20004846FCF72BFC15F8021CAAF10206AB1E84
:100D30005A464846B2461D46FCF720FC14F0100205
:100D40007FF4D7AD04F4C063B3F5806F2A7000F070
:100D5000D284BB69002B40F02C874846B96A002238
:100D6000F8F7D2FAE0073B6B00F1C985A10700F163
:100D7000C685B4EE400BF1EE10FA53F8044B80F147
:100D8000F486B7EEC00B3B6384ED000AA2E308F1E2
:100D9000FF33B3F5AE7F40F2A2836FF4AE7208EB7F
:100DA0000203FB6340F25D1807F5B8730022BE6BC7
:100DB000BB62594644F45864D3461D4692460A68BD
:100DC0001078A0F12B034D2B60D8DFE813F08202DE
:100DD0005F0082025F005F00CD02E001E001E00100
:100DE000E001E001E001E0016F026F025F005F00DF
:100DF0005F005F005F005F005F004E004E004E002E
:100E00004E004E004E005F005F005F005F005F001D
:100E10005F005F005F005F005F005F005F005F00DA
:100E20005F005F005F005F0076025F005F005F00B1
:100E30005F005F005F005F005F004E004E004E00ED
:100E40004E004E004E005F005F005F005F005F00DD
:100E50005F005F005F005F005F005F005F005F009A
:100E60005F005F005F005F0076020A2E0EDD24F453
:100E700038644B6805F8010B013B002B4B6040F3D5
:100E80008D8201320A60B8F1010898D1E005D046A0
:100E9000BE63DA468B4607D5BB6A9D4200F22284C8
:100EA000BB6A9D423FF4F3AD14F0100210D1B96A51
:100EB000BB6BFE6A2A704846B047A10640F1088421
:100EC0003B6B53F8042B10603B637B6C01337B64FA
:100ED000BB6AED1A4544AA440BE5B8F1000F08BF00
:100EE0004FF0FF38E00740F1958214F010037B6368
:100EF00040F07484210640F166863C6B54F8043B54
:100F0000FB63002B3FF4C3AD8020F6F7BDFDB86452
:100F1000002800F07887FB6BBA6C1A603A6CD588B1
:100F200093889D4280F052851068FB6B40F8253015
:100F30003B6C3C630135DD80BB6CBB6220233B62B4
:100F4000DBF80030B14E1B78F35C13F0080340F07F
:100F5000BB847C6A7E621D46FAF770FAA8423FF4B1
:100F60008DADDBE9003207F5B87013F8011B415570
:100F7000013A032CCBE9003205F1010507F16806BF
:100F800002D13368042B04D0082200213046F8F740
:100F90002BFD07F5B872B96C00962B46484602F057
:100FA000ABFB421C04463FF469AD002840F0788456
:100FB000BB6C186002F0FCFB002840F05C86AA4481
:100FC00008F1FF387B6B002B40F03386BB6CFA6B6B
:100FD0000433BB64002A00F02C86BA6A9D1A3B6A6F
:100FE000B3EBA50F40F256877D6B00F05CBCB8F107
:100FF000000F08BF4FF0FF38E00740F17B8214F08C
:101000001003BB6240F0F383210640F1ED853E6B97
:1010100056F8043B3B62002B3FF439AD8020F6F7D5
:1010200033FD0446002800F0EE863B6A3A6C1860F7
:10103000D58893889D4280F0DD8410683B6A40F833
:1010400025303B6C3E630135DD802023FC61BB61B4
:101050007E6AC7F83CA00025C246A046FAF7EEF922
:10106000A8423FF40BADDBE9003213F8011B013A53
:1010700007F5B870CBE90032032E05F101034155A5
:10108000BB6407F1600402D12368042B04D008225A
:1010900000212046F8F7A8FC07F5B872BB6C009455
:1010A0004146484602F028FB421C06463FF4E6ACA7
:1010B000002840F0CA82C8F80000054607F168031E
:1010C0000822002118467B63F8F78EFC50497B6BA1
:1010D000D1F8E0102A4648460D4607F15001A847CE
:1010E000012800F0D583002207F170039B5C002BE0
:1010F00000F0A185FB6BBA6C032E1344FB6300F078
:10110000CA830AF1FF3ABB6A5BB93B6A08F104087B
:101110003BB1FB69A8EB0304BB69B3EBA40F40F23E
:101120000584DBF80430002B4FF0000540F3968275
:10113000BAF1000F92D1D7F83CA07E624446BB6A58
:10114000002B7FF4D6AB23603B6A002B00F0C281FA
:10115000FB69BA69E11A8B1001339A4240F2BA81F5
:101160003C6A04312068F6F75BFF002800F0B2818A
:101170002060AFE121057FF5B3ADFB6BB96C5B1867
:101180007FF4AEADBB6424F4C074FB6393E5214BE4
:1011900024F4386433F916606BE604F41863B3F58D
:1011A000807F7FF49DAD7B6B012B7FF499AD302365
:1011B00005F8013B24F48074002344F40064013EEC
:1011C0007B6378E5BB6C062B40F074850723BB641A
:1011D00071E523057FF584AD04F4A063B3F5806F5A
:1011E00005D061057FF57CAD7B6B002B47D0A30557
:1011F00004D47B6BF9695B1AC7E9055324F478645E
:10120000002344F4C0747B6355E500BF111E002029
:10121000489B0020C43A0020FB6B002B00F0FF81AC
:10122000FB6B022B00F0B083BB6C012B00F0F18153
:10123000042B00F0EE8153E5BB6C072B40F03A85A0
:101240000823BB6437E5200500F1F981FB6B012B16
:101250007FF446AD0223FB632DE523067FF540AD09
:1012600024F0800427E5BB6C002B40F0CC817B6B25
:10127000B3B904F4E063B3F5E06F00F02085BE6C11
:1012800018EE109A33E5210500F1B781BB6C022BF3
:1012900040F010850323BB640DE520059CD56CE769
:1012A000BE6C18EE109A24F4807420E58D4B33F94F
:1012B0001660082E3FF7DBADE8E504F4C063B3F534
:1012C000007F7FF4E3AD24F4007444F4A06410269E
:1012D000CFE523067FF5DAAD24F08004C9E544F0BC
:1012E0000104DBF80430F964002B44F040044FF0B3
:1012F00000053FF7F8AB59464846FCF77FF9002850
:101300007FF4BCAB60063FF5F1ABDBF80020764E16
:101310001378F35C19077FF5E9ABDBF80430013B88
:10132000002B0AF1010ACBF8043002F101024ADD78
:10133000CBF800201378F35C19077FF5D7ABECE707
:1013400044F00104694BFB620823F964BB63032585
:10135000FFF7C4BB44F00104654BFB620A23F96448
:10136000BB630325FFF7BABB23057FF582AD16B932
:1013700044F400740826630500F1A681FB6B24F495
:1013800060741BB1013BFB6308F101084B68013B32
:10139000002B0AF1010A4B603FF773AD4846B96470
:1013A000FCF72CF9B96C00283FF46DAD6EE518EE32
:1013B000100A5946FCF722F900287FF491AC002E60
:1013C0007FF4C4AB8CE459464846FCF717F9002873
:1013D0007FF454ABDBF800209AE7DBF804200FE041
:1013E000DBF800301A78B25C110703F101037FF5D6
:1013F00080AADBF80420013ACBE900320AF1010AA5
:10140000002AEDDC59464846FCF7F8F80028E7D0FA
:10141000FFF76FBAE10600F1498314F0800400F091
:10142000AB833C6B54F8046BBE64002E3FF42FABCF
:101430002020F6F729FB0546002800F062843A6C6C
:1014400030609388D6889E4280F0A8821068BB6C7A
:1014500040F826303B6C3C630136DE802023FB6382
:10146000DBF80020204E1178715C080700F1AC8297
:1014700033462C4610462E46DBF80410BA6C013970
:10148000CBF80410411CCBF800103546017805F864
:10149000011B22B1FA6B2E1B964280F07A83B8F1C1
:1014A00001080BD0DBF8041000292E4640F3AE8370
:1014B000DBF800000178595C0907DDD5291B8A4457
:1014C00001314FF000032B70BB6C1BB1FB6B8B42E7
:1014D00000F294837B6C01337B64FFF70ABA00232C
:1014E000FB6361E4C43A0020111E0020D10B02000E
:1014F000F9720100E60600F1818114F0800400F029
:101500006D833C6B54F8046BBE64002E3FF4BFAA9D
:101510002020F6F7B9FA0546002800F0F2833A6C6D
:1015200030609388D6889E4280F07A821068BB6CC7
:1015300040F826303B6C3C630136DE802024DBF82B
:10154000002007F1700319461378CB5C002B3FF4A1
:101550009EAA08EE109AD7F84890C7F83CA02E46ED
:10156000A24610460C46DBF80410431C0139CBE9B7
:1015700000312946007801F8010BB9F1000F02D0C3
:101580008D1B55457AD20D46B8F101080AD0DBF81B
:101590000410002940F36A81DBF800000178615CE7
:1015A0000029E0D1544618EE109AD7F83CA0AE1BA3
:1015B0003FF46DAA4FF000032B70BB6C1BB1711C84
:1015C0008C4200F22D837B6C0133B2447B64FFF7C5
:1015D00090B900233B61FFF7A9BA14F08F0F7FF495
:1015E00056AA08EB880802EB4808A8F13008FFF774
:1015F00067BAF9640425FFF771BAFB6BB96C5B1825
:101600007FF444AEBEE5BB6C032B02D0052B7FF408
:1016100067ABBB6C0133DBB2BB64FFF74CBB7B6BCE
:10162000002B7FF401AE04F4E063B3F5E06F7FF4C8
:10163000FBAD012324F4F064FB63FFF73CBBFB6BC1
:10164000B96C5B187FF402AE9CE5831C40F05B84B0
:10165000DBF80430BD6C002B3FF700AD594648461F
:10166000FBF7CCFF00283FF463ADD7F83CA07E62C7
:101670004446002D3FF463ADFFF700BA4FEA4A0A33
:1016800030465146F6F7CCFC0646002800F0398378
:101690000544C9F8000077E744F40074BC4BFB62D2
:1016A0001023F964BB630325FFF718BA7B6B013382
:1016B0007B633B6924F08004002B3FF4FEAA3B6966
:1016C000013B3B61FFF7FABA24F4B064FFF7D1BBEA
:1016D000220740F1C7813B6B53F8042B3B6310702A
:1016E000FFF7F3BB15F8011C5A464846013DFBF7CE
:1016F00045FFFFF7D5BBFB697A6B93423FF42DABF7
:101700009A1A07F2C3239D4228BF07F2C225A149B6
:10171000284601F043FCFFF720BBE20600F13181CF
:10172000230700F1BA81660740F1B4823B6BF9648C
:1017300053F8042B3B63A2F800A0FFF7DAB82307A5
:101740007FF4A5A94278682A00F0868144F0040459
:101750000846FFF72FB98E4BFB620A23F964BB637F
:101760000325FFF7BBB98C4BFB620023F964BB6315
:101770000325FFF7B3B944F408748FE707F170004D
:1017800001F056FA44F04004F8640125FFF7A6B9C9
:1017900022077FF47CA942786C2A00F0578144F03C
:1017A00001040846FFF706B914F08F037FF46FA910
:1017B0003A6C002A00F0E781427844F08004084641
:1017C000FFF7F8B858EA04087FF461A942781024BA
:1017D0000846FFF7EFB8F964FFF7A7B800233B62AC
:1017E000BB62FB6307F15403BB64FFF7A9BB002393
:1017F000C7E906333B6207F1540429E4DBF8003003
:1018000007F1700211461A788A5C002A3FF43FA95A
:101810000133CBF80030DBF80430B8F1010F03F1ED
:10182000FF33CBF8043018BF0C4614D1FFF753BB7D
:10183000DBF800301A78A25C0133002A3FF44BAB8E
:10184000CBF80030DBF804300135013B4545CBF8DF
:1018500004303FF440AB002BEADC59464846FBF726
:10186000CDFE0028E4D0AA44FFF743B818EE100AD2
:101870005946FBF7C3FE00283FF48EAEB5425446EE
:1018800018EE109AD7F83CA07FF491AEFFF7F6B8A7
:1018900097F8502028E42368042B7FF432AC32E41C
:1018A000831C40F03983DBF80430002B40F3D781F0
:1018B000DBF800307A6A1B78D35C180703D4B8F1E0
:1018C000000F7FF449AB7C627B6B002B7FF411A887
:1018D000BA6C1360FB6B002B3FF4FCADBB6AD11AF2
:1018E0008B103A6A01339A427FF6F4ADFC6B0431F7
:1018F0002068F6F795FB00287FF43AACEAE553F848
:10190000042B82ED000B3B63E4E5FD68396A7E68D9
:1019100028464246A346BC6801F08CFC7B6BFB6109
:1019200024F42074013E0546FFF7C8B9F869D900D0
:101930001D46F6F775FBF861002800F064823A6AEC
:101940006B0000EB04081060BB61FFF7EABB022EDE
:1019500040F2C482032E3FF4D3A9043E5FFA86F816
:101960006FEA0803EE1815F8011D5A464846FBF7C2
:1019700005FEAE42F7D10AF1FF3AAAEB080AFFF7DB
:10198000BFB9F964FEF7B5BF0323FB63FFF793B953
:10199000D10B0200641D0020F97201004FF6F672AF
:1019A000934200F297823A6C08339BB21068F86356
:1019B00099007B63F6F734FB002800F07B823A6CD9
:1019C0007B6B9380106042E501217AE54FF6F67259
:1019D000934200F2938208339EB23B6CB1001868C8
:1019E000F6F71EFB3B6C002800F03E829E801860DC
:1019F000FFF79BBA4FF6F672934200F27F823A6C81
:101A000008339BB299001068BB64F6F709FBBB6C06
:101A1000002800F028823A6C93801060FFF70EBB1C
:101A20004FF6F672934200F255823A6C08339BB23D
:101A30001068F86399007B63F6F7F2FA002800F06B
:101A400039823A6C7B6B9380106070E5827844F049
:101A500002040230FEF7AEBF827844F00804023080
:101A6000FEF7A8BF630758D414F001027FF428AA38
:101A7000A6077FF525AAB34BF96A99424846BB6B86
:101A8000B96A00F03D8201F013FD3B6B53F8042B63
:101A90003B63C2E90001FFF718BA3B6BF96453F8E6
:101AA000042B3B6382F800A0FEF723BFDBF8003075
:101AB000A54E1A78B25C12073EF51BAF0133CBF886
:101AC0000030DBF80430B8F1010F03F1FF33CBF83D
:101AD000043008BF0AF1010A3EF40BAF012411E003
:101AE000DBF800301A78B25C150703F1010311D45A
:101AF000CBF80030DBF804300134013B4445CBF82F
:101B0000043007D0002BEBDC59464846FBF776FD46
:101B10000028E5D0A244FEF7ECBE3B6B53F8042B43
:101B20003B631080FFF7D1B93B6C002B00F06E8156
:101B30003B6CD3F80080DE8876B10024A8F1040560
:101B4000A14655F8043F1868F5F7A6FF01342B6845
:101B5000A642C3F80090F4D14FF0FF337B64B8F194
:101B6000000F7EF49CAFFEF79DBF78483B63F9F70A
:101B7000B7FF84ED000AADE43A6BFC6352F8045BF6
:101B80003A63BC646CE482B0CDE9023302AB3B64DF
:101B900012E67B63530020461946FB63F6F740FAD2
:101BA0000446002800F0AD80BB6C851918607B6B83
:101BB00075E47D6929460A2301314846F7F7B0FCF0
:101BC000BB69C21A9DE5D7E90C3253F8041B3A628F
:101BD000B9643B63BA62FA63FFF7B2B93B6BBC64AA
:101BE00053F8045B3B63AAE43B6BBA6A53F8044BBB
:101BF000BA61C7E907223B63FFF72ABABC6C2068C9
:101C0000F6F70EFA00287FF4B3AA63E45946484673
:101C10007B63FBF7F3FC7B6B00283FF449AC4DE49E
:101C200018681C46F6F7FCF900283FF4CCAC20609D
:101C3000C9E4002537E6BD6CD7F83CA07E62444677
:101C4000002D3FF47CAA013D07F5B8735A46595D53
:101C50004846FBF793FC002DF5D1FFF770BA5946C3
:101C60004846FBF7CBFC00283FF422AE7C62002DF7
:101C70007EF404AF28E67C62002D3FF425AE013DE2
:101C800007F5B8735A46595D4846FBF777FC002DB7
:101C9000F5D119E6E5073CD4A4073AD53B6BF964C6
:101CA00053F8042B3B634FEAEA73C2F800A0536079
:101CB000FEF71FBE18EE109A1E46FFF714B8012358
:101CC00024F4F064BB64FEF7F6BFB8F1010F38BF2F
:101CD0004FF0010814F001033AD1E50600F1368116
:101CE000240640F14C813B6B53F8045BBB64002D30
:101CF0003EF4CDAE4046F5F7C7FE0346002840F05F
:101D0000DC803B6C002B00F08180D3F80080DE8803
:101D100012E73B6BF96453F8042BC2F800A03B6355
:101D2000FEF7E7BD2B46BD6AAB427EF6B0AE1C4661
:101D300014F8011D5A464846FBF720FCAC42F7D187
:101D4000FEF7A5BED10B0200111E0020740A002070
:101D500014F010037B635ED00025FD63BD642E4646
:101D600000244B46C146A84625461C46F9F766FBAB
:101D7000A8423EF483AEDBE9003213F8011B013ABE
:101D8000CBE900327A6A07F5B870032A415505F1AC
:101D9000010307F1680502D12A68042A06D0082247
:101DA00000212846BB62F7F71FFEBB6A009507F5C6
:101DB000B87231462046BB6201F09EFC431C78623B
:101DC0003EF45CAEBB6A002840F047817A6B02B9F2
:101DD00032609A4409F1FF397B6B002B40F075812A
:101DE000BB6C002B00F07081FB6BF51AB8EBA50FF4
:101DF00000F26A8118464FEAC801F6F711F9F86354
:101E0000002840F05C813B6C002B2DD14FF0FF335C
:101E10007B64FEF747BE220640F18F803C6B54F88E
:101E2000043BBB64002B3EF432AE8020F5F72CFE61
:101E300006460028E7D0BB6C18603B6CDD889A88AA
:101E40009542C0F0B3804FF6F6718A4256D80832F8
:101E500093B23A6CFB6399001068F6F7E1F8FB6BFC
:101E6000002840F0AE803B6CDB883A6C1E46D2F80E
:101E7000008061E62B46BD6AAB427EF608AE1C468A
:101E800014F8011D5A464846FBF778FBAC42F7D1DF
:101E9000FEF7FDBD1046D9001E46F6F7C1F8B86240
:101EA0000028B0D04219BA64FA6B7D6B10607300E1
:101EB0003B62F8E4D7F83C803EE6396C2860CE8877
:101EC0008A889642C0F08E804FF6F6718A42386357
:101ED00040F2A5803B6CD3F800802DE6BA6A9542AB
:101EE0007EF6D5AD2C46BD6A14F8011D5A4648460B
:101EF000FBF744FBAC42F7D1FEF7C9BD2B46B4E774
:101F000001F0A6FBC1E5D8F800301D4601337FF48F
:101F1000D5A82A46FFF7E8B8BB6C186801F048FC62
:101F200000287FF4A8AE032CAA447FF449A83368A4
:101F3000042B7FF445A8FFF745B8D7E90C3253F8D6
:101F4000046B3B631546FA63BA6409E71C46DBF889
:101F50000430984539DDDBF800201A44CBF8002026
:101F6000594648461C44A8EB0308FBF747FB0028EA
:101F7000EDD0002C3EF482ADA244FEF7BABC3D6B1E
:101F800043462968CDF800B001224846FBF754FBD0
:101F9000044600283EF472AD0435BD647B6C013309
:101FA0007B64BB6C3B63A244FEF7A3BC1868BB6CAC
:101FB00040F825303B6C3C630135DD80FE63202515
:101FC000CEE63A6C93801060F1E7A3EB0803CBF800
:101FD0000430DBF8003044444344CBF80030A244E2
:101FE000FEF787BC0A68FA63FA6B42F826503A6C2F
:101FF0000136B6B2D6801946CDF800B0434601226C
:102000004846FBF719FB0446D8B18045C6D9286875
:102010002146F6F705F80028C0D02860BEE73B6CE3
:10202000083294B21A687A631046A100F5F7F8FFF7
:102030007A6BF86300285BD03B6C9C8018603B6B2C
:10204000D2E77B6CD7F83C80002B3FF475ADBBF832
:102050000C305B067EF51DAD6AE57A6A02321DD151
:10206000DBF80420002A1D463FF780AE5946204683
:10207000FBF7C4FAE0B9B9F1000F7FF477AE45463B
:10208000A146BB6C23B1FB6BF11AB5EBA10F27D8AE
:102090007B6B002B7EF42DACFFF71CBA9A447B6A55
:1020A000032B7FF497AE2B68042B7FF493AE93E65B
:1020B000A1462C464546002CE3D0FEF7DFBCBA6CA7
:1020C000461910604FEA48080436DBF80430002B4C
:1020D0004FF00005CADDB9F1000F7FF447AECEE73F
:1020E000BC6C2068F5F79CFF0028D1D02060CFE7BA
:1020F000904621E5436C70B505460C464BB153F84C
:10210000240080B1026843F824200023C0E903338F
:1021100070BD2122042101F08BFC03466864002875
:10212000EDD1002070BD012101FA04F6721D92006C
:10213000284601F07DFC0028F3D0C0E90146E4E721
:1021400031B1436C4A6853F82200086043F822100A
:10215000704700BF2DE9F0410E6980460F461D46CD
:1021600001F1140E0020DEF800108CB202FB0453C3
:10217000090C4FEA134C02FB01CC01309CB204EB7A
:102180000C4486424EF8044B4FEA1C45EBDC3DB153
:10219000BB68B34207DD07EB860301365D613E6134
:1021A0003846BDE8F081796840460131FFF7A2FF6B
:1021B0000446B0B13A69023207F10C0192000C30CA
:1021C000EEF730FED8F844307A6853F822103960C0
:1021D00043F82270274607EB860301365D613E61B6
:1021E000DEE7034B03482246BA2101F035FB00BF6E
:1021F000201B0020001D00202DE9F8431746274A28
:102200001E4608330C46092E82FB03124FEAE37385
:102210000546C3EB620339DD4FF0010C00214FEAA4
:102220004C0C634501F10101F9DC2846FFF762FF20
:10223000014668B3089B4361092F4FF00103036116
:1022400012DC0A340927BE420BDDF21BA61814F873
:10225000013B0A22303B2846FFF77CFFA64201469D
:10226000F5D10846BDE8F88304F10909C8463C44A5
:1022700018F8013B0A22303B2846FFF76BFFA045C8
:102280000146F5D1A7F108044C44DCE70021CCE776
:102290000A46034B0348D32101F0DEFA398EE338B6
:1022A000201B0020001D0020030C1B04D3B90004D8
:1022B000102310F07F4F04BF0002083310F0704F5E
:1022C00004BF0001043310F0404F04BF800002330C
:1022D000002805DB10F0804F03F1010308BF202325
:1022E000184670470023E4E7036813F0070208D09C
:1022F000D9071FD49A0722D55B0803600122104634
:10230000704799B209B91B0C1022D9B209B9083229
:102310001B0A190704BF1B090432990704BF9B0855
:102320000232D90703D45B0802F1010205D0036031
:10233000104670470022104670472022DFE79B08B6
:10234000022203601046704738B5436C04460D46C0
:102350004BB15868B0B102685A6000220123C0E94D
:102360000435C26038BD2122042101F061FB03461F
:1023700060640028EDD1094B0948002240F2451164
:1023800001F06AFA1C220121204601F051FB0028CD
:10239000F1D001220223C0E90123DEE7201B002047
:1023A000001D00202DE9F04F0E691569AE4285B081
:1023B0008846144605DB2A46234635460C46164613
:1023C0009846A3686168AF19BB42B8BF0131FFF7F7
:1023D00091FE0190002800F08780019B03F1140911
:1023E00009EB870AD14505D24B46002243F8042B5E
:1023F0009A45FBD808F1140808EB860B04F1140386
:10240000D8451A4603EB85055FD22B1B153B23F0FD
:10241000030304331534A54238BF0423CDE902A7D2
:10242000AC461F46924605E0090C29D1C34509F187
:10243000040948D958F8041B8DB2002DF4D0564633
:102440004C46002356F8041B22681FFA81FE90B206
:10245000090C05FB0E00120C034405FB012202EBE4
:1024600013429BB243EA0243B44544F8043B4FEAAB
:102470001243E7D849F8073058F8041C090CD5D0A6
:10248000D9F8003050461A464C4600260588120CF2
:1024900001FB052216449BB243EA064344F8043B81
:1024A00050F8045B22682D0C93B201FB053303EB5B
:1024B000164384454FEA1346E8D8C34549F8073028
:1024C00009F10409B6D8DDE902A7002F02DC05E016
:1024D000013F03D05AF8043D002BF9D0019B184668
:1024E0001F6105B0BDE8F08F034B0448019A4FF41B
:1024F000B17101F0B1F900BF201B0020001D0020C8
:1025000012F003032DE9F0411446064632D10D4680
:10251000A41020D0D6F84080B8F1000F33D0E307E4
:102520004FF0000707D4641015D0D8F80000A8B108
:102530008046E307F7D5424629463046FFF732FF8B
:10254000B5B16968736C641053F821202A6043F8B0
:1025500021500546E9D12846BDE8F0814246414672
:102560003046FFF71FFFC8F8000007608046E0E72D
:102570000546D8E7013B0F4A52F823200023FFF716
:10258000E9FD0546C4E701213046FFF7B3FD80466B
:1025900040B1012340F27122C0E9043200233064CB
:1025A0000360BCE7044B0548424640F2451101F088
:1025B00053F900BFE88E0020201B0020001D0020E2
:1025C0002DE9F0470D4614462F69AB68496807EBC3
:1025D00062177E1C9E4280464FEA621904DD5B0052
:1025E0009E4201F10101FADC4046FFF783FD84467B
:1025F000002852D0B9F1000F00F114020EDD09F1EC
:1026000005014FEA810E134600EB8101002043F8DB
:10261000040B8B42FBD1AEF114031A44296905F176
:10262000140314F01F0E03EB81012ED0CEF120090C
:1026300010464FF0000A1C6804FA0EF444EA0A043B
:1026400040F8044B53F8044B994224FA09FAF2D8A3
:102650004B1B153B23F00303043305F115008142A6
:1026600038BF0423BAF1000F18BF374642F803A061
:10267000D8F844306A68CCF8107053F822102960FA
:10268000604643F82250BDE8F087043A53F8040B43
:1026900042F8040F9942F9D8EAE7034B034862462F
:1026A0004FF4EF7101F0D8F8201B0020001D00202E
:1026B0000B6984460069C01A16D10CF1140C143150
:1026C0000CEB830210B401EB830301E0944508D2C4
:1026D00052F8044D53F8041D8C42F7D005D24FF048
:1026E000FF305DF8044B7047704701205DF8044BE4
:1026F000704700BF2DE9F84F0F691369FF1A002FCB
:102700000E4690467FD101F11405143202EB83028C
:1027100005EB830301E09D4278D253F8041D52F883
:10272000044DA142F7D069D37168FFF7E3FC8146FD
:10273000002877D03569D8F81020C76008F1140E4A
:1027400006F1140009F1140A06F110010EEB8202E1
:1027500000EB850756464FF0000C5EF8044B51F82D
:1027600004BFA3B21CFA8BFCACEB03034FEA144C7E
:10277000CCEB1B4C0CEB234C9BB243EA0C43724555
:1027800046F8043B4FEA2C4CE7D8A2EB0801153978
:1027900008F11508424521F0030404F1040438BF90
:1027A0000424204421F0030238BF0022874252440F
:1027B000544418D92646014651F8043B1CFA83FCC0
:1027C0004FEA2C4202EB13421FFA8CFC4CEA024304
:1027D0008F4246F8043B4FEA224CEDD8013F3F1AA6
:1027E00027F00307E21923B952F8043D013D002BFD
:1027F000FAD0C9F810504846BDE8F88F3346012793
:102800004646984690E7F9DB00278DE70021FFF761
:1028100071FC814668B101220023C9E904234846BE
:10282000BDE8F88F064B07484A4640F2452101F0C3
:1028300013F8034B03484A4640F2372101F00CF8E5
:10284000201B0020001D002082B08DED000B164BD8
:10285000019A1340A3F15073002B06DD00221946A4
:10286000104641EC100B02B070475B42B3F1A07F01
:102870004FEA235209DA4FF400231341002219468C
:10288000104641EC100B02B07047A2F114031E2B4E
:10289000DABF4FF00042DA40012200231946104609
:1028A00041EC100B02B070470000F07FF8B50469EE
:1028B00000F1140606EB8404271F54F8045C284634
:1028C000FFF7F2FCC0F120030A280B601BDDBE42BB
:1028D0000BD20B3854F8081C2ED145F07F5343F42B
:1028E00040130A4643EC102BF8BDB0F10B01F4D0B5
:1028F00005FA01F141F07F53002143F440130A46E9
:1029000043EC102BF8BDC0F10B0C25FA0CF1BE42C4
:1029100041F07F5338BF54F8081C00F1150034BF54
:1029200021FA0CF1002105FA00F0014343F44013B1
:102930000A4643EC102BF8BDC0F1200C854021FA6B
:102940000CF345EA0307A4F10805AE4201FA00F1D1
:102950003CBF54F80C0C20FA0CF047F07F5338BF02
:10296000014343F440130A4643EC102BF8BD00BF6B
:102970002DE9F043884683B0012157EC106B1546D2
:10298000FFF7B8FB0446002851D0C7F30A59C7F334
:102990001303B9F1000F01D043F48013002E01930B
:1029A00018D101A8FFF7A0FC019A6261012200F191
:1029B00020032261B9F1000F25D0A9F2334909EBB8
:1029C00003022046C3F13503C8F800202B6003B092
:1029D000BDE8F08368460096FFF786FC034610B317
:1029E000DDE90002C3F1200102FA01F10143DA40FE
:1029F00061610192002AA26114BF022201222261B8
:102A0000B9F1000FD9D1A3F23243C8F8003004EB7A
:102A100082031869FFF748FCC0EB421320462B6085
:102A200003B0BDE8F083009A6261019AE2E7034BCC
:102A30000348224640F20F3100F00EFF201B002019
:102A4000001D0020F0B583B00E4669460746FFF72B
:102A50002DFF01A9304655EC104BB0EE407BFFF73F
:102A600025FF33693A69D21ADDE900315B1A03EBBD
:102A70004213002B09DD17EE902A02EB035545ECBB
:102A8000174B87EE000B03B0F0BD10EE902A51EC0F
:102A9000100BC3EB033302EB035141EC100B87EE39
:102AA000000B03B0F0BD00BF0139491101F1010C69
:102AB000116902F1140303EB81018B4200EB8C0CD2
:102AC00017D210B5A0F1040E53F8044B4EF8044F82
:102AD0009942F9D88A1AA2F1150323F003030433AB
:102AE0001844844504D9002340F8043B8445FBD8AE
:102AF00010BD844505D9002340F8043B8445FBD82C
:102B00007047704703694A11934200F1140009DAD3
:102B100000EB830302E053F8042DC2B98342FAD8D4
:102B20000020704710DD11F01F010DD010B450F8D7
:102B3000224000EB820324FA01F28A4094420CD036
:102B400001205DF8044B704700EB8203E6E70120AB
:102B5000704753F8042D002AF2D18342F9D800209F
:102B60005DF8044B704700BF70B500294BD0064696
:102B70000C4610B1436B002B48D0636ED80734D598
:102B8000B4F90C30002B3ED02146304600F044F919
:102B9000E36A054633B1E169304698470028B8BF7B
:102BA0004FF0FF35A3891A063CD4216B41B104F1E3
:102BB0004003994202D03046F8F7ECFF002323632C
:102BC000616C21B13046F8F7E5FF00236364F6F746
:102BD0002FFE636E0022DB07A2811FD5A06DF8F7E0
:102BE000A5FEF6F72BFE284670BDA3899905CBD428
:102BF000A06DF8F79FFEB4F90C30002BC4D1656EC0
:102C000015F0010505D00025284670BDF6F7F2FD48
:102C1000B3E7A06DF8F792FE284670BDA06DF8F7F7
:102C20008DFEDBE721693046F8F7B4FFBDE700BF52
:102C300070B50C785E2C86461ED00022481C944647
:102C40000EF1FF330EF1FF0103F8012F8B42FBD190
:102C500084B18CF001010EF80410451C15F8013CFC
:102C60002D2B0ED05D2B03D01BB11C462846F2E75E
:102C7000284670BD013870BD01224C78881C9446EE
:102C8000DEE790F801C0BCF15D0FEED06445ECDCEE
:102C9000661C02300EEB060202F8011BA2EB0E03CB
:102CA000013B9C45F8DCACEB0403013B6445A8BF49
:102CB000002302359C19D1E72DE9F04707464C481F
:102CC0000E46354616F801EB10F80EC01CF0080C45
:102CD000F7D1BEF12D0F5AD0BEF12B0F03BF96F8DE
:102CE00000E06446AE1C64465BB1102B54D04FF03C
:102CF000FF38B8FBF3F803FB08FA6FEA0A0A9946B3
:102D000008E0BEF1300F5AD00A23DFF8E8804FF018
:102D1000050A99460025284605E02CD009FB00C08D
:102D2000012516F801EBAEF1300CBCF1090F06D904
:102D3000AEF1410CBCF1190F0BD8AEF1370C634565
:102D400010DDB5F1FF3FECD04045E6D94FF0FF353F
:102D5000E7E7AEF1610CBCF1190F03D8AEF1570CE7
:102D60006345EEDC6B1C0BD004B140420AB165B97F
:102D70001160BDE8F087D445D0DD4FF0FF35D0E7D6
:102D800022233B602846002AF3D0711EF0E796F814
:102D900000E00124AE1CA7E7BEF1300F21D130784E
:102DA00000F0DF00582816D14FF0100996F801E026
:102DB0004FF00F0A02366FF070484B46AAE733789F
:102DC00003F0DF03582BEFD008234FF0070A6FF012
:102DD000604899469EE799466FF070484FF00F0A99
:102DE00098E74FF00F0A6FF07048994692E700BFDE
:102DF000111E002099999919FFF75EBF10B4054C78
:102E00008446134620685DF8044B0A466146FFF786
:102E100053BF00BFD0A00020B1F90C202DE9F04134
:102E20000C461107804647D4636842F40062002BC9
:102E3000A2815EDDA56A002D58D00023D8F800607D
:102E4000C8F8003093B212F4805256D10123E169E0
:102E50004046A847431C67D0A389A56A5F0705D5EC
:102E60006368C01A236B0BB1E36BC01AE1690246B9
:102E700000234046A847411C41D1D8F80030002B20
:102E80003DD01D2B01D0162B56D1A389226922607B
:102E900023F4006300216160A381216BC8F8006006
:102EA00021B304F14003994202D04046F8F772FE84
:102EB00000202063BDE8F0812669BEB193B2256889
:102EC00026609A070CBF63690023AD1BA3600BE06B
:102ED0002B463246E169676A4046B847B0F1000CBC
:102EE000A5EB0C05664417DD002DF1DC0020BDE8E4
:102EF000F081E36B002B9DDCF8E7206DAEE7B4F9C1
:102F00000C302269226023F40063A3810022DB04D9
:102F10006260C2D52065C0E7A38943F040034FF04B
:102F2000FF30A381BDE8F081D8F80030002B93D0AA
:102F30001D2B06D0162B04D0A38943F04003A38198
:102F4000D5E7C8F80060D1E738B50C46054608B1AA
:102F5000436B03B3B4F90C0088B1636EDB0701D493
:102F600081050FD528462146FFF756FF636EDA0725
:102F7000054602D4A3899B0508D5284638BD0546D9
:102F8000284638BDA06DF8F7D5FCEBE7A06DF8F743
:102F9000D5FC284638BDF6F72DFCDBE70EB410B59E
:102FA0009DB06FF000411FABCDE9060104910949C6
:102FB00053F8042B0290084C0868019302A9059469
:102FC000FBF7CEFE029B00221A701DB0BDE8104038
:102FD00003B07047D0A000200802FFFF01F14003BA
:102FE0002DE9F0410C46096B994214D0666B7700CD
:102FF0003A46F5F721F8054640B300EB06080146CE
:1030000032464046EDF70EFFC4E90C57C4F8008085
:103010000020BDE8F0814FF48061F4F745FDA8B1D0
:1030200094F842304FF48062C4E90C0280F8FF3318
:1030300094F8413080F8FE3394F8402080F8FD2366
:1030400000F2FD3323600020BDE8F0814FF0FF3037
:10305000DFE700BF49B1FF2A02D80A70012070479C
:103060008A2303604FF0FF3070470846704700BF67
:1030700071B1034600EB010C01E0634506D01A462E
:10308000013311780029F8D1101A7047181A7047C7
:103090000846704700487047D09400202DE9F04F53
:1030A00083B00446FFF7F6FF40F2B1739C4240F351
:1030B000AC805C4A446082FB04516FF4F663E51710
:1030C000C5EBE11704EB030CC5EB61154FF4C871B8
:1030D000A4F2B276A4F26D7301FB17474FEAAC0C71
:1030E00040F26D1101FB06CC82FB0361DB17A3EB01
:1030F00061139C44B7FA87F35B0903EB43031B019D
:103100006FF4C86101936318A2FB03230CEBD31C7B
:10311000454E642303FB154504F00301024600F10C
:103120005008137A4A2B22D0442B30D153690CEB30
:1031300003049369D2F828904FEAE37EC4FB063E6D
:1031400013EB09034EEBE974C2E9083428329045C9
:10315000E7D1046A816C436AC26C8C429341B4BF6C
:10316000012300230360012003B0BDE8F08F546900
:1031700004EB0C0329B925B13B2CC8BF01335C1EFD
:10318000D7E7002FFBD13B2CC8BF0133F7E700295D
:103190003FD0DDF804A0254B9A44D368012B3FDDD6
:1031A0004FEA830BABF10809D144AAF1040463464A
:1031B000964654F8042FA1451344FAD1ABF1040B01
:1031C0007246DA441A4C03F1040984FB094ECE44DA
:1031D0004FEAE974C4EBAE04C4EBC404A9EB0409E0
:1031E0005469DAF800E0B4EB0909146904F1FF341A
:1031F00048BF09F10709C4EBC4044C44744502DB21
:10320000073C7445FCDA1C4493E7002003B0BDE89A
:10321000F08F019B002D0CBF9A464FF0300ABAE7A1
:103220006346CFE71F85EB5180510100A01C0020B1
:103230009324499241EA00039B0730B401D1032A49
:103240000FD801F1FF3C07E01CF8011F03F8011B38
:10325000541EC1B1224618460346002AF4D130BCA0
:1032600070470B46194653F8045BA5F1013424EA74
:10327000050414F0803FE4D1043A032A40F8045BCB
:103280001946EFD8DDE70244002CE8D003F8011B13
:103290009342FBD130BC704700487047389C0020F7
:1032A0002DE9F0430E46264987B00F680446904644
:1032B0001D4653B305AA3346019203212246CDF899
:1032C0000080384600F084FC059B326898428446B2
:1032D000C2F10002294609D2101A1CF8013B01F87C
:1032E000013B059B634500EB0C02F6D8944224DDBC
:1032F000A21A0A44302301F8013B9142FBD100237A
:103300001370284607B0BDE8F083BA6C00F12303C0
:103310009A4201DDFD6CCDE700F12409F96C4A46C3
:1033200038468DED020BF4F787FE05460028E8D0FD
:10333000C7E912909DED020BBCE70A46DFE700BF2C
:10334000D0A000202DE9F04F85B01F46574B0390C9
:103350008A4600920D462A4615F8014B1E5D16F06E
:103360000806F8D12D2C75D02B2C05BF2C78029691
:103370000296951C4FF0FF366FF0004B2FB1102FC7
:103380006FD0B8464FEAE77905E0302C74D04FF0A3
:103390000A08B946474642464B4630465946F4F776
:1033A000CBF90023019284460A461846194611E0DB
:1033B0008A4208BF84453DD000FB09F308FB013376
:1033C000A0FB08010B441EEB000043EBEE71012350
:1033D00015F8014BA4F1300EBEF1090F06D9A4F186
:1033E000410EBEF1190F0CD8A4F1370E774511DD4F
:1033F0005C1CEDD0844572EB0103D9D24FF0FF3352
:10340000E6E7A4F1610EBEF1190F03D8A4F1570E3F
:103410007745EDDC5A1C13D0029A12B1404261EBA1
:103420004101009A1AB1A3BB009BC3F800A005B0EC
:10343000BDE8F08F019B7345BEDA4FF0FF33C7E75D
:10344000039A22231360009B33B305F1FF3A304601
:103450005946E9E701232C780293951C4FF0004B65
:103460008CE7302C04D12B7803F0DF03582B08D0E5
:10347000B8464FF000098EE72B7803F0DF03582B96
:103480000FD14FF010086C784FF000090235474615
:1034900081E706468B46D8E73046594605B0BDE879
:1034A000F08F4FF00808B946474674E7111E002018
:1034B000FFF748BF2DE9F04F85B08B460192624A75
:1034C00003901E460D46294615F8014B135D13F077
:1034D0000803F8D12D2C00F082802B2C03BF2C7810
:1034E00002938D1C0293BEB1102E7DD04FEAE67A76
:1034F000324653464FF0FF304FF0FF31F4F71CF9DE
:1035000032460746884653464FF0FF304FF0FF31B2
:10351000B146F4F711F90AE0302C79D04FF00A09DE
:10352000DFF82881B24605224FF099374E464FF01A
:10353000000C6046614611E0414508BFB8423ED0EC
:1035400000FB0AF409FB0141A0FB090421441818FF
:1035500041EBE3714FF0010C15F8014BA4F130037E
:10356000092B05D9A4F14103192B0DD8A4F1370378
:103570009E4211DDBCF1FF3FEED0874278EB0104A3
:10358000DAD24FF0FF3CE7E7A4F16103192B03D82F
:10359000A4F157039E42EDDCBCF1FF3F14D0029B27
:1035A00013B1404261EB4101019B2BB1BCF1000F13
:1035B00012D1019BC3F800B005B0BDE8F08F934273
:1035C000BEDD4FF0FF3CC7E7039A22231360019B47
:1035D00060466146002BEFD005F1FF3BE9E7012390
:1035E0002C7802938D1C7EE7302C23D12B7803F0AE
:1035F000DF03582B1BD14FF010096C780F220235D6
:103600004FF0FF376FF070484FF0000A4E468EE7DC
:103610002B7803F0DF03582BEDD04FF00809B246AA
:1036200007224FF0FF376FF060484E467FE74FF0BC
:10363000000A5DE70F224FF0FF376FF07048B14688
:103640004FF0000A73E700BF111E002099999919E5
:10365000FFF730BF0000000001F0FF01102A2BDB54
:1036600010F0070F08D010F8013B013A8B422DD023
:1036700010F0070F42B3F6D1F0B441EA012141EA5C
:10368000014122F007047FF000070023F0E8025612
:10369000083C85EA010586EA010685FA47F5A3FAA2
:1036A00087F586FA47F6A5FA87F68EB9EED1F0BC13
:1036B00001F0FF0102F0070232B110F8013B013ABC
:1036C00083EA010313B1F8D1002070470138704735
:1036D000002D06BF35460338073815F0010F07D116
:1036E000013015F4807F02BF013015F4C03F013076
:1036F000F0BC0138704700BF70B582B00446069D2B
:1037000055B16AB10F480095D0F8E4602046B04743
:10371000431C10D002B070BD00F1F405002AF1D1B5
:10372000084B0095D3F8E46011460123064A204671
:10373000B047431CEED100228A232A60236002B0E6
:1037400070BD00BF489B0020740A002070B505467C
:1037500084B05BB11C4669B10E4B2846D3F8E060DB
:103760002346B047431C0FD004B070BD00F58274EF
:103770000029F1D1074A2346D2F8E06028460A46DC
:1037800001A9B047431CEFD100228A2322602B609D
:1037900004B070BD489B002010B582B0049CCDE9F8
:1037A00000344FF0FF3302F009FC02B010BD00BF3F
:1037B000002100F001B800BF10B500F007F9044681
:1037C00001F07CF8A0F11A03DBB2022B06D9A4F1B8
:1037D000090004288CBF0020012010BD012010BD6D
:1037E00030B482B08DED000B019A194C22F00043E9
:1037F0000021A342016021DC009C1C431ED0154C1B
:10380000144054B99FED107B20EE077B8DED007BBB
:10381000019A6FF0350122F0004322F0FF42DDE90A
:10382000004522F4E00242F07F551B1545F40015D7
:10383000A3F2FE33CDE900450B4403609DED000B80
:1038400002B030BC704700BF0000000000005043D1
:10385000FFFFEF7F0000F07F00B50B4C256814469A
:10386000EE681A4685B003460D464CB107490095EF
:10387000CDE901143046064901F05CF8EDF7C6FFCA
:1038800004490C46F3E700BFD0A00020E01A002056
:10389000F01A0020740A0020022932D00329C0F354
:1038A00007231DBFA0F1800283F08003D2B2C2B211
:1038B00003F15001C9B21F2906D84CF6D3718842D2
:1038C00069D94FF0FF30704703F13001C9B22429A4
:1038D0000ED84FF2A6418842F3D8D03BC3EBC313B6
:1038E000A2F1A10000EB4300304A32F8100070470B
:1038F000A13B072BE5D8DFE803F0483E342E29250D
:103900002119C2B29E2AC0F307210BD92332D2B2A9
:1039100080239F2994BF7039503103EB410303F09A
:10392000FF03C5E77E3AD2B27F23F2E7C02AC8D8A8
:103930001F4BA2F1A10033F810007047F12AC0D844
:103940001C4B19E0D82ABCD81B4B15E0F62AB8D876
:1039500002F540507047F32AB3D802F53E502030AC
:103960007047164B134413F8A13C002BA9D002F565
:103970007E4060307047124BA2F1A10033F8100076
:10398000002808BF4FF0FF3070470E4BA2F1A10096
:1039900033F810007047B03BC3EBC313A2F1A10092
:1039A00000EB4300084A32F81000704740700020D6
:1039B000342300209022002020220020C421002057
:1039C000082100204C2000207423002038B5054633
:1039D000B9B101F5957412492046F7F7B9FD28B938
:1039E00028460121BDE83840FFF756BF0D49204663
:1039F000F7F7AEFD38B928460221BDE83840FFF799
:103A00004BBF094CE7E709492046F7F7A1FD28B964
:103A100028460321BDE83840FFF73EBF284638BDA1
:103A2000881F00208C1F0020729C0020941F002003
:103A300038B5A1FB02148CBBF4F736F80546E0B1AB
:103A400050F8042C22F00302043A242A17D8132A2F
:103A50001AD91B2AC0E900441DD9242A14BF00F139
:103A6000100200F118024FF00003C0E9024404BF45
:103A700004614461C2E900339360284638BD2146A1
:103A8000F5F7B2FF284638BD02460023C2E90033ED
:103A90009360284638BD00F10802F6E7F7F746FDC7
:103AA0000C2300250360E8E72DE9F04F03690C695A
:103AB000A34283B0C0F28780013C01F11405A3004A
:103AC00000F11408009355F8243058F824200133ED
:103AD00081469A4208EB840005EB84070190B2FB13
:103AE000F3F63BD34FF0000CAE464046E246634649
:103AF0005EF804BB02681FFA8BFC06FB0C334FEA2E
:103B0000134C4FEA1B4B06FB0BCC9BB2AAEB0303F7
:103B10001FFA8CFA13FA82F3CAEB124202EB234229
:103B20009BB243EA0243774540F8043B4FEA224AFE
:103B30004FEA1C43DCD2009B58F8033073B9019B59
:103B4000043B984504D307E0984504F1FF3403D2C1
:103B500053F80429002AF7D0C9F810404846FEF768
:103B6000A7FD00282BDB01364146002355F8040B46
:103B7000D1F800C082B29A1A030C12FA8CF2C3EB8D
:103B80001C4303EB224392B242EA0342AF4241F8A4
:103B9000042B4FEA2343E9D258F8242008EB84038E
:103BA0006AB9043B984504D307E0984504F1FF3413
:103BB00003D253F80429002AF7D0C9F81040304640
:103BC00003B0BDE8F08F002003B0BDE8F08F00BF68
:103BD0002DE9F04F2DED028B8FB08DED020B019191
:103BE000816B1A9D059357EC106B0446934641B1C7
:103BF000C26B4A60012393408B60FEF7A1FA002359
:103C0000A363B7F10008B4BF012300232B60BE4BB0
:103C1000BCBF28F00048CDF80C8033EA080300F060
:103C20009F809DED028BB5EE408BF1EE10FA11D125
:103C3000059A012313601B9B002B00F03F82B34BBE
:103C40001B9A1360013B009300980FB0BDEC028BF0
:103C5000BDE8F08F0CAA0DA92046B0EE480BFEF788
:103C600087FE5FEA1853054640F09280DDE90C13A9
:103C70000B4403F23242202A40F3FA82C2F140029E
:103C800008FA02F803F21242D64048EA060207EEAA
:103C9000102AB8EE477B581E17EE906A53EC172B8C
:103CA0004FF0010AA6F1F8739FED913B9FED927BD7
:103CB0009FED935B06EE900A43EC122BB8EEE64BB9
:103CC000B7EE086B32EE466BA6EE037BA4EE057BE7
:103CD000FDEEC76BB5EEC07BF1EE10FA16EE907AF2
:103CE00008D5B8EEE66BB4EE476BF1EE10FA18BFEC
:103CF00007F1FF37162F00F24581854B03EBC70311
:103D000093ED007BB4EEC78BF1EE10FA57D5091A8C
:103D10000023B1F1010807F1FF370A9300F139815F
:103D200000230693002F52DA069B0497DB1B0693B1
:103D30007B420893019B092B4FF000074ED8052BBF
:103D400040F39D82043B01930026019B9A1E032AA7
:103D500000F22581DFE812F0AA03A7039D037E038A
:103D6000059AC8F3130842F20F7358EA0608136065
:103D70001ED11B9B002B00F09185664B00930833EE
:103D80001B9A009813600FB0BDEC028BBDE8F08F5A
:103D900018EE906AC6F31306A3F2FF3053EC182B0B
:103DA00046F07F530C994FF0000A43F440137BE731
:103DB0001B9B002B40F03B83574B009344E7091AB1
:103DC0000023B1F101080A9300F1E3800693002378
:103DD0000893019B0497092BB844B0D9002301260E
:103DE000019307964FF0FF399B460021E163CDF820
:103DF0002C902046FEF77EF90090002800F04085C8
:103E0000009BA363B9F10E0F00F2DC80002E00F0DE
:103E1000D980049B002B40F3DE833D4A03F00F0161
:103E200002EBC10292ED007B1A11DB0540F18283A7
:103E30003A4991ED086B02F00F02032088EE065B11
:103E40005AB13649D60704D591ED006B013027EE03
:103E5000067B521001F10801F4D185EE076B0A9B35
:103E60003BB1B7EE007BB4EEC76BF1EE10FA00F198
:103E7000AE8407EE900AB8EEE75BB1EE0C7BA5EEE0
:103E8000067B17EE902A51EC170BA2F15071B9F195
:103E9000000F00F08883049E4A46079B002B00F029
:103EA0004784B6EE003B1A4BFDEEC64B03EBC20C4B
:103EB000B8EEE47B36EE477B1CED026B83EE065BCF
:103EC00041EC160B14EE900A35EE465B0099B4EE09
:103ED000C75B3030F1EE10FA01F8010B00F3AC844F
:103EE000B7EE002BB2EE044B4FF0000C31E000BFF8
:103EF00061436F63A787D23FB3C8608B288AC63FF0
:103F0000FB799F501344D33F0000F07FC11700207E
:103F100018030020141F0020201F0020F0020020A2
:103F20000CF1010C94454DDA27EE047B25EE045B81
:103F3000FDEEC76B16EE903AB8EEE63B303337EE47
:103F4000437BB4EEC57BF1EE10FA01F8013B00F1C2
:103F5000738432EE476BB4EEC56BF1EE10FADFD529
:103F6000009A049602E08A4200F05084894611F8D3
:103F7000013D392BF7D00133DBB20B70049B0133C9
:103F8000049355E1091A0123B1F101080A937FF561
:103F9000C7AEC1F1010306934FF00008C2E6002648
:103FA000E66331462046FEF7A5F80090002800F0B1
:103FB0006784009BA3634FF0FF330B939946012363
:103FC000B34607930D9A002A55DB04990E2952DC5B
:103FD000B74BBBF1000F03EBC10393ED006B15DA98
:103FE000B9F1000F12DC40F0F282B1EE047B26EE54
:103FF000077BB4EEC78BF1EE10FACA464E4600F2CC
:104000006D82DDF800806FEA0B0B70E288EE067BB4
:10401000BDEEC77B009917EE103AB9F1010F03F11D
:104020003003B8EEC75B01F8013BA5EE468B00F00C
:104030003483B2EE044B012311E088EE067BBDEE23
:10404000C77B013317EE102A4B4502F13002B8EE60
:10405000C75B01F8012BA5EE468B00F01E8328EE0E
:10406000048BB5EE408BF1EE10FAE6D1049B0133E0
:1040700004938946DCE0079B43B3019B012B40F38B
:104080007682089B09F1FF3A534580F23F82089BF4
:10409000CDF820A0AAEB030217444FF0000AB9F1B3
:1040A000000FC0F22583069B09934B44C844069336
:1040B00001212046FEF748F906460CE07D4B0093AF
:1040C00000980FB0BDEC028BBDE8F08F069BDDF8C9
:1040D00020A0079E0993099B6BB1B8F1000F0ADD80
:1040E000434506991A46A8BF4246891A9B1A06916B
:1040F0000993A8EB0208089B63B1079B002B00F013
:10410000A782BAF1000F00F30482089BB3EB0A0206
:1041100040F0FF8201212046FEF716F9002F82466B
:1041200000F3AF80019B012B40F3878100230893AC
:104130000120002F40F0B180404410F01F0000F03B
:104140007A81C0F12002042A00F3888040F0F681D1
:10415000069B002B05DD29461A462046FEF730FA5D
:104160000546B8F1000F05DD514642462046FEF7F0
:1041700027FA82460A9B002B40F03F81B9F1000FDD
:1041800040F32581079B002B40F0A380049B013363
:104190000493DDF80080012707E0294600230A2266
:1041A0002046FDF7D7FF0137054651462846FFF761
:1041B0007BFCB94500F1300008F8010BEDDCB9F1EA
:1041C000000F009ACCBFCB464FF0010B034693443F
:1041D00000272946012220460193FEF7F1F95146B6
:1041E0000546FEF765FA002840F3AF811BF8013C55
:1041F000009A0BF1FF3B04E05A4500F0B1811BF837
:10420000013D392B0BF10109F6D001338BF8003059
:1042100051462046FDF794FF56B12FB1B74203D067
:1042200039462046FDF78CFF31462046FDF788FFD2
:1042300029462046FDF784FF002389F80030DDE998
:1042400004231A601B9B002B3FF4FEAC0098C3F8BC
:1042500000900FB0BDEC028BBDE8F08FC0F11C00E8
:10426000069B03440693099B0344099380446FE72C
:10427000C2F1200206FA02F207EE102A09E5012631
:1042800063E501463A462046FEF73AF9019B012BC9
:10429000824640F3C58100230893DAF810200AEB28
:1042A00082021069FEF700F8C0F1200044E700BF69
:1042B00018030020C0170020314600230A222046A0
:1042C000FDF748FF0B9B002B064640F3CE82049778
:1042D0009946099B002B05DD31461A462046FEF71C
:1042E0006FF90646089B002B40F0EB81B046029B1D
:1042F000009F03F001027B1E4B440893019B0A922E
:104300001343099351462846FFF7CEFB31468346B7
:104310002846FEF7CDF94246514681462046FEF733
:10432000E9F9C26801460BF13003002A42D1CDE918
:1043300006032846FEF7BCF9069902902046FDF7D1
:10434000FFFE029A079B1AB90999002900F07E82A4
:10435000B9F1000FC0F28381019949EA01090A9974
:1043600051EA090900F07B81002A00F3C681089A0E
:104370003B7007F101099742CB4600F0C481294602
:1043800000230A222046FDF7E5FE46450546314654
:104390004FF000034FF00A02204612D0FDF7DAFE7C
:1043A0004146064600230A222046FDF7D3FE4F462B
:1043B0008046A7E720460293FDF7C2FE029B01223A
:1043C000C6E7FDF7C7FE4F46064680469AE7019BC3
:1043D000022B71DC079B002B7FF47BAF049B5146C3
:1043E000013328460493FFF75FFBDDF800B000F1CE
:1043F00030030BF8013B0027EBE651462846FEF759
:1044000057F90028BFF6BAAE294600230A222046F3
:10441000FDF7A0FE049B5F1E079B0546002B7FF463
:104420004BAF0B9B002B40F318829946B1E6BC4B77
:1044300000930333A4E41C2012E7DDE90201002805
:104440007FF474AEC1F31302002A00F0F480029BE3
:1044500008936DE601230793049B5B4403F1010974
:10446000B9F1010FCC460B93B8BF4FF0010C0021FE
:10447000BCF1170FE1637FF7BCAC012004225200AE
:1044800002F114036345014600F10100F7D9E1632D
:10449000AFE401230793BBF1000F52DDCDF82CB040
:1044A000D946DC46E3E700230793D5E700230793CB
:1044B000F1E7DDF82C900497B9F1000F7FF4A1AD7E
:1044C00051464B4605222046FDF744FE01468246F2
:1044D0002846FEF7EDF800287FF793AD049B03F123
:1044E000010B009B3122984603F8012B00935146A3
:1044F0002046FDF725FE0BF10103DDF80090049343
:10450000CDF80080002E7FF48FAE91E6A3EB0A0A6F
:10451000C5E5314652462046FDF7F2FF2A460146E0
:1045200006462046FDF73EFF294605462046FDF794
:1045300007FEEAE50220B0EE485B81E4C0F13C00F2
:104540008EE64FF0010BD9464FE403D1019BDB0708
:104550003FF54CAED9461BF8013D302BFAD057E65B
:10456000049B009A013304933123137050E6BAF18F
:10457000000F00F0238102F23342069B099313449B
:10458000DDF820A00693904492E507EE900AB1EE84
:104590000C5BB8EEE77BA6EE075B15EE902A51ECBC
:1045A000150BA2F1507141EC150BB1EE047B36EE08
:1045B000477BB4EEC57BF1EE10FA00F33781B1EE24
:1045C000455BB4EEC57BF1EE10FA7FF5FBAC4FF026
:1045D000000A564615E500F0F580049B51495A4201
:1045E00002F00F0001EBC00191ED006B121128EEFB
:1045F000066B00F04281B0EE467B4B49002602205C
:10460000D30705D591ED005B0130012627EE057B30
:10461000521001F10801F3D1002E06FE076B1EE4D3
:10462000029B002B7FF437AEDDE90201C1F31302D8
:10463000002A40F037813D4A0A40002A00F0FA8003
:10464000069B01330693012308F1010808936FE5E7
:104650002946089A2046FDF753FF05465AE5002AE9
:1046600012DD2946012220460193FDF7A9FF51469C
:104670000546FEF71DF80028019B40F3E180392B29
:1046800000F0CA800BF13103B94609F8013B049BE5
:104690000133374604934646BAE538EE088BB4EE4C
:1046A000C68BF1EE10FA0ADCB4EE468BF1EE10FA8E
:1046B0007FF4DCAC17EE103AD8077FF5D7AC009A40
:1046C00054E471682046FDF715FD0746002800F008
:1046D000DE80336902339A0006F10C010C30ECF7EE
:1046E000A1FB394601222046FDF76AFF8046FEE520
:1046F000069BA3EB09030993DAE4392B00F08C80C5
:10470000B9460133C1E7049A01323746049246465E
:104710005FE529462046FDF7F3FE0546FAE400BFB3
:10472000201F002018030020F00200200000F07F6E
:104730005E4BFDEEC65B03EBC20C1CED023BB8EE1C
:10474000E57B36EE477B41EC160B15EE901A23EE17
:10475000063B00983031012A00F8011B00F08380ED
:10476000B2EE044B009B991827EE047BFDEEC76B5D
:1047700016EE903A303300F8013B8142B8EEE65B2A
:1047800037EE457BF0D1B6EE006B33EE065BB4EE50
:10479000C75BF1EE10FA3FF5E3AB36EE436BB4EED8
:1047A000C76BF1EE10FA7FF70DAC8946013919F8A5
:1047B000013C302BF9D0731C049339E50C9AC2F1FB
:1047C0003602DAE60220B0EE486BFFF748BBB9F1DB
:1047D000000F3FF4DAAE0B9A002A7FF7F3ABB2EE8C
:1047E000044B26EE046B013007EE900A049BB8EEF2
:1047F000E75BB1EE0C7BA6EE057B17EE90CA51ECA1
:10480000170B5E1EACF15071FFF747BB049B0133E1
:1048100004933123FFF7B1BB049BBB4601330493E0
:10482000392337460BF8013B4646E1E44FF0000AD6
:10483000564653E608927BE4731C04938946F7E4DA
:104840007FF422AFDA077FF51FAF18E7392BE3D0EB
:10485000B9F1000F3FF716AF16E7019B022B3FF7A8
:1048600028AE0497BAE501468DE7019B022B3FF77E
:1048700020AEDDF82C9004972BE50220FFF7EFBA6D
:104880000B4B0C48002240F2AF11FEF7E5FF084B3E
:1048900008483A4640F2EF21FEF7DEFF064B009350
:1048A000FFF7D2B9029B0893F7E400BF180300207A
:1048B000201B0020241F0020141F0020154B9842AD
:1048C00023D870B5144E4FF0000E40F6DB0403E021
:1048D00002F1010EA64516DC04EB0E0222F00103E4
:1048E00003EB620306EB4303521059785D88B3F87B
:1048F00004C041EA05218C446045E9D8884206D2CB
:10490000541EA645E8DDFF2070BDFF2070471878D3
:1049100070BD00BFEF010E00183B00200148F7F703
:1049200009B800BF68BF01200148F7F707B800BF0A
:1049300068BF01200EB410B583B005AB064C53F828
:10494000042B01930146206800F044F803B0BDE851
:10495000104003B0704700BFD0A000202DE9F84FF1
:104960004B6E9C0490462DD59368126843B38B46DA
:10497000064602F1080959E9025A5FEA9A0715D07A
:10498000043D002401E0A7420ED055F8041F5A460A
:10499000304601F05BFA431C04F10104F3D100231B
:1049A000C8E90133BDE8F88FD8F808302AF0030AC7
:1049B000A3EB0A03C8F8083009F10809002BDAD183
:1049C0000020ECE701F00CF80023C8E90133BDE852
:1049D000F88F00BF2DE9F04F2DED028BC5B00DF122
:1049E000500A834608EE101A164600210822504647
:1049F0001C460793F4F7F8FFBBF1000F04D0DBF877
:104A00003430002B00F0A08618EE102A536EDB071E
:104A100040F11385B2F90C108AB295040BD418EE4C
:104A2000103A41F4005199815B6E8AB218EE101A67
:104A300023F400534B66100740F1058118EE103A3D
:104A40001B69002B00F0FF8002F01A030A2B00F014
:104A50000A810023CDE91933CDE90D331BAA0C934C
:104A6000189291460B930593B0464446A84BD3F851
:104A7000E450F6F7E3FC2246034612A9CDF800A065
:104A80005846A847002800F04581C0F23981129AA3
:104A9000252A034601D01C44E8E7B4EB0806054686
:104AA00040F03C81002361788DF8433004F1010827
:104AB00006934FF0FF371E462B2408F10108A1F1A1
:104AC00020035A2B00F27881DFE813F0B50276015B
:104AD0007601B0027601760176016A0076017601F0
:104AE0007D028D02760188029702760192025B00B8
:104AF0005B005B005B005B005B005B005B005B00DE
:104B000076017601760176017601760176017601ED
:104B100076015C02840076017601760176017601E9
:104B200076017601760176017601E800760176015C
:104B3000760133027601DA02760176018B05760181
:104B400076017601760176017601760176017601AD
:104B500076015C028600760176017601CD02860040
:104B60007F007601C0027601FD02EA00ED027F00BF
:104B7000760133027C006905760176016B057601CA
:104B80007C00A1F13003002218F8011B02EB820225
:104B900003EB4202A1F13003092BF5D906928EE70F
:104BA0005846FEF779FB43680D931846F6F7DCFE8E
:104BB0000E9005465846FEF76FFB83680B93002D59
:104BC00040F0D68498F8001077E798F8001046F087
:104BD000200672E746F01006B40640F18E81079B6E
:104BE000073323F007031A46596852F8083B079227
:104BF0000A460029C0F27084791C00F0A28526F0D4
:104C00008001039153EA020100F03F840A2B72F104
:104C1000000180F0418530338DF80F31039E012370
:104C200004930DF20F14049BBB42B8BF3B460393A1
:104C3000002308939DF84330002B00F0CB80039BAA
:104C400001330393C6E018EE101A584618EE105AB6
:104C500001F040F8002840F05286AA8902F01A03B9
:104C60000A2B7FF4F6AE18EE101AB1F90E30002BB5
:104C7000FFF6EFAE4B6EDB0702D4970540F11286CC
:104C800018EE101A23463246584600F069FE059089
:104C9000059845B0BDEC028BBDE8F08F46F01006DC
:104CA00016F0200200F03681079B073323F007033C
:104CB00019465A6851F8083B079126F48061039120
:104CC000002100208DF84300781C00F0108203982A
:104CD00020F0800653EA020040F00882002F40F0E6
:104CE0003885002940F0D583039B13F0010304931A
:104CF00000F0118430238DF80F310DF20F1492E77C
:104D0000082200215046F4F76FFE01231C44ADE653
:104D1000489B0020B4EB080605461BD0199B1A9A45
:104D200001333244072BC9E900861A9219931CDD1E
:104D3000002A00F0A68318EE101A18AA5846FFF7AA
:104D40000DFE20BB0DF16C09059B33440593002D2E
:104D50007FF4A8AE1A9B002B40F0C18518EE103AE4
:104D60000022B3F90C30199215E009F10809EBE7BC
:104D700018EE101A18AA5846FFF7F0FD002800F0A8
:104D8000A680089B1BB108995846F6F703FF18EE5A
:104D9000103AB3F90C3018EE102A526E12F0010FCF
:104DA0009AB200F0A080500600F1B285059845B097
:104DB000BDEC028BBDE8F08F0029CBD000238DF82D
:104DC00043300123CDE903338DF8AC102BAC002325
:104DD00008931F4616F00203099302D0039B023387
:104DE000039316F084030A9305D1069B039A9D1A38
:104DF000002D00F37B82DDE91903411C9DF843205F
:104E000082B101220133C9F8042007290DF14302C0
:104E1000CDE91913C9F8002000F34A82084609F1C8
:104E200008090131099AE2B111AA0233C9F8002038
:104E300007294FF00202CDE91913C9F8042040F305
:104E40005082002B00F0438318EE101A18AA58461F
:104E5000FFF784FD002894D1DDE919030DF16C09F9
:104E6000411C0A9A802A00F08481049ABD1A002D00
:104E700000F3D781049AC9F8004013440729CDE90B
:104E80001913C9F8042040F36E81002B00F07582DD
:104E900018EE101A18AA5846FFF760FD00287FF494
:104EA00070AF1A9B0DF16C09750705D5069A039929
:104EB000541A002C00F36B82DDE90521039881422E
:104EC000ACBF521812180592002B7FF451AF08990D
:104ED00000231993002900F049815846F6F75AFE3D
:104EE0000DF16C09C1E59C053FF55DAF18EE104A68
:104EF000A06DF6F723FDA28955E7F006079A00F1A9
:104F00001F83710640F1198332F9043B0792DA17C7
:104F100011466EE616F01003079940F0098316F06B
:104F2000400000F001831A4651F8043B07919BB200
:104F3000C3E6079B1A4600238DF84330134653F807
:104F4000044B0393002C00F01284532900F0658376
:104F500016F0100540F061837B1C00F0B3843A46E4
:104F600029462046FEF778FB0890002800F09F8431
:104F7000031B039A049323EAE3732F4607920393D8
:104F8000089557E6432902D0F50640F12D83079D89
:104F90000822002116A82BACF4F726FD16AB55F815
:104FA000042B21465846FEF7D1FB034601330490FB
:104FB00000F0B384049B079523EAE3730393002373
:104FC0008DF8433003E7079B53F8042B0692002A21
:104FD00080F29C82069A5242CDE9062398F800108E
:104FE00046F0040669E598F800108DF8434064E542
:104FF00098F8001046F080065FE5424612F8011B63
:105000002A2900F09684A1F13003092B90464FF035
:1050100000073FF654AD18F8011B07EB870703EBB9
:105020004707A1F13003092BF5D948E598F800109E
:1050300046F0010641E59DF84330002B7FF4C2ADF8
:10504000202398F800108DF8433036E598F80010CA
:105050006C2903BF98F8011046F0200608F10108FA
:1050600046F0100629E598F80010682903BF98F863
:10507000011046F4007608F1010846F040061CE5F0
:1050800046F010030393039B13F0200200F0068206
:10509000079B073323F0070319465A6851F8083B6A
:1050A000079101210DE6079A46F00203039352F897
:1050B000043B079247F63002ADF84420B84A0C9200
:1050C00002210022FDE5B70600F14882F50600F155
:1050D0004683740600F1D583B00540F14083079BF9
:1050E000059953F8042B07931170BEE40396012928
:1050F0003FF48CAD022944AC11D10C9803F00F01A0
:105100001B09415C04F8011D43EA0273120953EACA
:105110000201F3D1039E44AB1B1B049383E503F010
:105120000701DB0843EA4273D208303153EA020533
:10513000204604F8011DF2D1039EF307EBD5302978
:10514000E8D03023023804F8013C44AB1B1A039E1C
:105150000493044667E5049B1B9401221C931A9355
:1051600019920DF16C0909F108099DE60DF16C0920
:105170007BE4069A039D551B002D7FF776AE102D1C
:1051800040F3BB83099418EE104A07E000F1020CCB
:1051900009F108091046103D102D1EDD8149C9F89E
:1051A0000010421C10331021072ACDE91923C9F839
:1051B0000410EBDD18AA002B74D0214658460DF1DF
:1051C0006C09FFF7CBFB00287FF4DBADDDE91903A9
:1051D000103D102D00F1010CE0DC099C714AC9F86A
:1051E00004502B44BCF1070FCDE919C3C9F80020C6
:1051F00040F39481002B00F01F8318EE101A18AAB8
:105200005846FFF7ABFB00287FF4BBAD049ADDE9FD
:105210001903BD1A002D00F101010DF16C097FF792
:1052200029AE102D29DD0994102718EE104A07E049
:1052300000F1020C09F108091046103D102D1ADD8D
:10524000421C58491033072AC9E90017CDE9192330
:10525000EEDD18AA03B3214658460DF16C09FFF79D
:105260007DFB00287FF48DADDDE91903103D102D85
:1052700000F1010CE4DC099C61464A4AC9F804507B
:105280002B440729CDE91913C9F8002000F3E78062
:1052900009F108090131EDE54FF0010C18460DF157
:1052A0006C09CAE74FF0010C18460DF16C0972E762
:1052B000002B00F0048118EE101A18AA5846FFF7C8
:1052C0004DFB00287FF45DADDDE919030DF16C099C
:1052D000411CA7E5022311AA1C931B9201210DF189
:1052E0006C09084609F10809411CBAE5102D40F384
:1052F000E582DDE919130F94084618EE104A07E01D
:1053000000F1020C09F108091046103D102D1DDDB9
:105310002549C9F80010421C10331021072ACDE995
:105320001923C9F80410EBDD18AA03B32146584627
:105330000DF16C09FFF712FB00287FF422ADDDE9C7
:105340001903103D102D00F1010CE1DC0F9C6046AB
:10535000154AC9F804502B440728CDE91903C9F8A8
:10536000002000F3C18009F10809411C46E51846F8
:105370004FF0010C0DF16C09C7E77607199353D56F
:10538000069A0399541A002C4EDD0DF16C09102C6D
:1053900040F3B082199918EE106A10250DE000BF95
:1053A000C01F002098930020083B0020881C09F1B2
:1053B00008091146103C102C1ADD4A1CB348103362
:1053C000072AC9E90005CDE91923EFDD18AA33B38F
:1053D00031465846FFF7C2FA00287FF4D2ACDDE927
:1053E0001913103C102C01F101000DF16C09E4DCE3
:1053F000A64AC9F8044023440728CDE91903C9F88F
:1054000000207FF759AD7BB118EE101A18AA584644
:10541000FFF7A4FA00287FF4B4AC1A9B4CE50120F6
:1054200019460DF16C09C5E7DDE9053203998A4299
:10543000ACBF9B185B18059349E5B2F90C108F05BA
:1054400018EE103A8AB23FF5E8AA18EE105A986D95
:10545000F6F770FAB5F90C108AB2FFF7DEBA002B36
:105460003FF479AE18EE101A18AA5846FFF776FAEC
:1054700000287FF486AC19991A9B01310DF16C0953
:10548000F8E419920DF16C095EE4002F7FF4C3ABD0
:10549000039E0027049744ACFFF7C5BB039B13F0A2
:1054A000100354D1039A12F0400000F06B81079969
:1054B0001A4651F8043B07919BB2012101E4099A75
:1054C000002A64D1184601210DF16C09C9E40121BB
:1054D00018460DF16C09C4E45B4262EB420203968C
:1054E0002D200121FFF7EEBB002B00F0888018EE85
:1054F000101A18AA5846FFF731FA00287FF441AC79
:10550000DDE919030DF16C09411C77E498F80010EE
:105510000793FFF7D2BA44ACFFF785BB09F108093E
:105520000CF101016046A0E416F4007240F097818E
:1055300051F8043B0791FFF7C0BBB30500F1888128
:1055400052F8043B0792DA171146FFF752BB07994E
:1055500051F8043B07910121FFF7B3BB079B059866
:1055600053F8041B0793C217C1E90002FFF77DBA85
:105570000B9B002B3FF426AB0B9B1B78002B3FF4BF
:1055800021AB98F8001046F48066FFF796BA022324
:1055900011AA1C931B9201200DF16C09A2E603963F
:1055A00071E53B4B0C9316F0200259D0079B073353
:1055B00023F0070318465A6850F8083B0790F40791
:1055C00009D553EA020006D08DF84510302146F087
:1055D00002068DF8441026F4806103910221FFF742
:1055E00070BB2C4B0C93DEE7079B012153F8042B77
:1055F00003918DF8AC20079304912BACDFE49DF868
:105600004320002A40F03281099A002A7FF462AEDA
:10561000184601210DF16C0927E40021082216A883
:105620001394F4F7E1F9791C00F0BC80002507948D
:105630002C460CE02BA95846FEF788F8421C204463
:1056400000F06B81B84208DC00F070810446139AC8
:10565000525916AB0435002AECD10494079CAFE0F4
:1056600016F0100307980CD116F0400405D01A4626
:1056700050F8043B07909BB2A1E716F4007240F08B
:10568000E18050F8043B079099E700BF083B0020F9
:10569000C01F0020AC1F00200399049744AC9E4615
:1056A00008EE90BA01F480664FF0000C234606E045
:1056B000BEF10A0F72F1000239D3A6462A46A64966
:1056C0001EEB020040F100000F46A1FB001424F085
:1056D000030101EB9401401ABEEB00014FF0CC3501
:1056E00062F1000405FB01F507FB0455A1FB07412E
:1056F0000D44052704F00101A1FB071B09186408EC
:10570000303103F8011C44EAC5740CF1010C013B73
:105710006D08002ECCD00B9909786145C8D1BCF139
:10572000FF0FC5D0BEF10A0F72F100026CD21C4609
:1057300044AB1B1B049F039E049318EE90BAFFF723
:1057400072BA0396FFF762BA5846F4F753F8FFF7B8
:105750005BB9012903967FF4CDACFFF75CBA079BD8
:10576000059953F8042B11600793FFF77EB9062FB4
:105770003B46039A794C079228BF06230493039370
:10578000FFF725BB039B079913F4007214BF51F870
:10579000043B51F8043B07911CBF0246DBB20121D8
:1057A000FFF78FBA16AB00930023194613AA584689
:1057B000FDF7F2FF03460133049000F0AE8013942E
:1057C000049B002B30D0632B63DC002308932BACAD
:1057D0000822002116A8F4F707F9049D16AB0093E0
:1057E00013AA2B4621465846FDF7D6FF854240F0C6
:1057F000AB80039B049A07930023A3541F4622EA1D
:10580000E2730393FFF716BA0E9A0D999B1A184686
:105810000893F4F7E7F90B99089B4A780AB101312C
:105820000B914FF0000C48E7039B0793049B0393F5
:105830001F460893FFF7FEB9012118460DF16C09C8
:10584000FFF713BB50F8043B07902246DBB2B6E6E5
:1058500012F9043B0792DA171146FFF7CAB951F85B
:10586000043B07910246DBB2FFF727BA01231C93E2
:1058700001210DF143031B930DF16C090B46FFF75A
:10588000CDBA079B059953F8042B07931180FFF7B6
:10589000ECB8591C5846F2F707F9044600283CD0EA
:1058A000089095E7886DF6F749F8FFF7E9B9039B8B
:1058B0000793CDE90377089FFFF7BCB919981A9BA6
:1058C000013045E5039B07932046F6F74DF820EAA3
:1058D000E0732F46049003930895FFF7ABB918EED9
:1058E000101A18AA5846FFF739F800283FF436AACC
:1058F000FFF74DBA199801307AE58C466EE46B6E6D
:10590000D90705D4AB899A0502D4A86DF6F716F825
:105910004FF0FF330593FFF749BA18EE102AB2F99A
:105920000C3043F040039381FFF735BA079C04978E
:1059300046E7079B98F8011053F8047B07939046BD
:1059400047EAE777FFF7B9B818EE102A938943F0D2
:1059500040039381FFF715BACDCCCCCCD41F0020E7
:1059600070B50C468989ADF58E6D21F00201ADF858
:105970001410616E1B91E189ADF81610E16909916F
:10598000616A0B911CA9029106914FF48061064651
:105990000491079118A80021CDE900320891F5F78C
:1059A000C3FFDDE9003202A93046FFF713F8051EF8
:1059B00007DB02A93046FDF7C7FA002818BF4FF0F1
:1059C000FF35BDF814305B0603D5A38943F04003CF
:1059D000A3811898F5F7AAFF28460DF58E6D70BDC6
:1059E0009368002B00F085802DE9F04FB1F90C3061
:1059F0000C461907804683B0174698B225D523690F
:105A00001BB310F002033D682DD04FF0000ADFF801
:105A1000C0B25646B9465E453346524628BF5B463D
:105A20004046002E52D0E169676AB847002856DD2B
:105A3000D9F808301B1A8244361AC9F80830002BEE
:105A4000E9D1002003B0BDE8F08F2146404600F0C8
:105A500041F9002840F03881B4F90C303D6898B223
:105A600010F00203D1D110F0010944D14E46009745
:105A700046B38205D4F808B040F18580B3455A4654
:105A800000F2B48010F4906F40F0C1802068019261
:105A90004946F3F72DFFA368019AA3EB0B01236896
:105AA000A1601344B24623600026009A9368A3EBDA
:105AB0000A03D1449360002BC3D0B4F90C0080B228
:105AC000002ED6D1D5E900960835D1E7D5E900A654
:105AD0000835A0E721464046FDF736FA88B3B4F909
:105AE0000C3043F040034FF0FF30A38103B0BDE81A
:105AF000F08F002070471E46BA469946184600951A
:105B00001F4666B3002832D04A46D4E90413206801
:105B1000A568B24228BF3246884204D905EB030B80
:105B20005A4500F3A780934264DCE169656A3A460E
:105B30004046A847B0F1000BD1DDB9EB0B09C9D045
:105B40000120DAF80830A3EB0B035F44A6EB0B0649
:105B5000CAF80830002B3FF474AF002ED2D1009A5F
:105B60005668134608320092002EF8D01F6832465D
:105B70000A213846FDF770FD002800F09C800130B6
:105B8000A0EB0709C0E720682369984216D862692C
:105B9000B24213D86FF00043B34228BF3346E169E5
:105BA00093FBF2F3676A02FB03F340464A46B847A9
:105BB000B0F1000A93DDA6EB0A0676E7B345DA46B4
:105BC00028BFB24652464946F3F792FEA3682268C0
:105BD000A3EB0A035244A3602260002BEBD12146C1
:105BE0004046FDF7B1F90028E5D078E72068B346D4
:105BF00032464CE739460192F3F77AFE019AA368E0
:105C00009B1AA360236813442360934695E7236897
:105C10002169A3EB010B636903EB430A0AEBDA7A10
:105C20000BF101034FEA6A0A33445345524684BFDD
:105C30009A46524643052CD511464046F1F734FFAB
:105C400000283BD05A4621690190EBF7EBF8A28976
:105C5000019B22F4906242F08002A28103EB0B00D0
:105C60002361AAEB0B03C4F814A0A3602060B34621
:105C700032460CE739465A46F3F73AFE23685B444E
:105C8000236021464046FDF75FF900283FF455AFF9
:105C900025E74046F2F7D0F903460028DED1216916
:105CA0004046F5F777FFB4F90C300C2223F080035F
:105CB000C8F8002015E7721C914626E70C22B4F9BB
:105CC0000C30C8F800200CE74FF0FF30BAE600BFF8
:105CD00000FCFF7F38B5314B1B6805460C4613B1FD
:105CE0005A6B002A4ED0B4F90C3018079AB21CD562
:105CF000216929B312F0010007D00020A06060697B
:105D00004042A06139B1002038BD950758BF606995
:105D1000A0600029F7D1120658BF0846F4D543F019
:105D20004003A3814FF0FF3038BDD1062ED5520776
:105D300014D4216943F00803A3819AB20029D9D170
:105D400002F42070B0F5007FD4D02146284600F040
:105D500047F9B4F90C3021699AB2CBE7216B51B104
:105D600004F14002914204D02846F5F713FFB4F93C
:105D70000C300022226321690022C4E9001223F0C2
:105D80002403D7E71846F3F735FDACE7092243F0C3
:105D900040032A604FF0FF30A38138BDD0A000201F
:105DA0002DE9F04782B0824688461446F5F746FB57
:105DB000012803D108F1FF33FE2B36D90DF1040978
:105DC000424604F15C0349465046FDF7BFFC421CC5
:105DD000064632D020B39DF804C0002509E02368B0
:105DE0005A1C226083F800C00135B54218D219F858
:105DF00001CFA368013B002BA360F0DAA769BB4287
:105E000061462246504602DBBCF10A0FE7D100F0A2
:105E100053F9431CE8D10646304602B0BDE8F0878E
:105E20004646304602B0BDE8F0875FFA88FC8DF840
:105E300004C006460DF10409CFE7A389304643F0BC
:105E40004003A38102B0BDE8F08700BF30B5536EB8
:105E500013F0010FB2F90C30144683B005469AB224
:105E600001D198051CD5900406D4626E43F400530A
:105E700042F40052A381626622462846FFF790FF53
:105E8000636EDA07054602D4A3899B0502D528462E
:105E900003B030BDA06DF5F751FD284603B030BD0D
:105EA000A06D0191F5F746FDB4F90C3001999AB255
:105EB000D9E700BF2DE9F04F8BB0DDE9158A149FBB
:105EC0000391814605921E46B8F1000F5CD0039BFA
:105ED000002B5ED0059B1D68002F6AD0741E4EB348
:105EE000039B0493043D002601950BE0039B2BBB11
:105EF000019B1A68002A3AD0BC455CD2013C631C65
:105F0000664617D0D8F800300293019BDAF8E050CB
:105F100053F8042F019307A943464846D8F804B024
:105F2000A847421C3AD000EB060CBC45DED9029BC8
:105F3000C8E9003B30460BB0BDE8F08F00280EDD0D
:105F4000049B019D18445A1E07A900F1FF3E11F859
:105F5000013B02F8013F7245F9D101950490059B80
:105F60001A6804321A60019B1A68002AC4D1039B84
:105F70000BB1059B1A600CF1FF3600223046C8F8C1
:105F800000200BB0BDE8F08F039B00F58678002B56
:105F9000A0D1059B4FF0FF371D689FE706468A2179
:105FA00000223046C9F80010C8F800200BB0BDE848
:105FB000F08F3E46BEE76646BCE700BF10B584B032
:105FC000054C0698009007980190044800680294D8
:105FD000FFF770FF04B010BD489B0020D0A0002048
:105FE0002DE9F0418B890C46990796B008D504F14C
:105FF00043030122C4E90432236016B0BDE8F081F6
:10600000B4F90E100029064625DB6A4600F0ACF80C
:1060100000281FDB019D05F47045A5F50055B5FA74
:1060200085F54FF480686D094FF4006741463046AE
:10603000F1F73AFDE0B1B4F90C30C4F8148043F044
:10604000800320602061A38135BB3B43A38116B050
:10605000BDE8F081A38913F0800519D04FF0400806
:106060000025414630462F46F1F71EFD0028E2D1BB
:10607000B4F90C309A05C0D423F0030304F14302B1
:1060800043F002030121C4E90421A3812260B4E7A3
:106090004FF480682F46C9E7B4F90E10304600F07F
:1060A00079F810B9B4F90C30CFE7A38923F00303D2
:1060B00043F001031BB2C8E7F8B50D461446064687
:1060C00010B1436B002B4CD0B4F90C20A369A36032
:1060D000170790B21BD52369CBB1EDB281042F46CF
:1060E00022D522686169D31A994229DD0133A1685A
:1060F0000139A160511C2160157062699A4227D054
:10610000A389DB0701D50A2D22D03846F8BD2146E8
:106110003046FFF7DFFD08BBB4F90C20236990B2CD
:10612000EDB281042F46DCD442F40052A281626EAB
:10613000616922F4005262662268D31A9942D5DC62
:1061400021463046FCF700FF40B922680123CEE724
:1061500021463046FCF7F8FE0028D6D04FF0FF3736
:10616000D3E7F3F747FBAFE770B50C46084D03469E
:106170000026204611461C462E60EBF739FB431CD7
:1061800000D070BD2B68002BFBD0236070BD00BF1A
:1061900024C1012038B5074D0022044608462A6074
:1061A000EBF72CFB431C00D038BD2B68002BFBD039
:1061B000236038BD24C1012081F0004102E000BF0E
:1061C00083F0004330B54FEA41044FEA430594EAB7
:1061D000050F08BF90EA020F1FBF54EA000C55EAF2
:1061E000020C7FEA645C7FEA655C00F0E2804FEAC3
:1061F0005454D4EB5555B8BF6D420CDD2C4480EAA5
:10620000020281EA030382EA000083EA010180EAD4
:10621000020281EA0303362D88BF30BD11F0004F22
:106220004FEA01314FF4801C4CEA113102D0404258
:1062300061EB410113F0004F4FEA03334CEA133393
:1062400002D0524263EB430394EA050F00F0A780AB
:10625000A4F10104D5F1200E0DDB02FA0EFC22FAA6
:1062600005F2801841F1000103FA0EF2801843FA9A
:1062700005F359410EE0A5F120050EF1200E012A8B
:1062800003FA0EFC28BF4CF0020C43FA05F3C018C9
:1062900051EBE37101F0004507D54FF0000EDCF142
:1062A000000C7EEB00006EEB0101B1F5801F1BD3EB
:1062B000B1F5001F0CD349085FEA30004FEA3C0CEF
:1062C00004F101044FEA445212F5800F80F09A80E5
:1062D000BCF1004F08BF5FEA500C50F1000041EBE9
:1062E000045141EA050130BD5FEA4C0C404141EBED
:1062F0000101013C28BFB1F5801FE9D291F0000FE8
:1063000004BF01460020B1FA81F308BF2033A3F196
:106310000B03B3F120020CDA0C3208DD02F1140C8D
:10632000C2F10C0201FA0CF021FA02F10CE002F1C8
:106330001402D8BFC2F1200C01FA02F120FA0CFCC1
:10634000DCBF41EA0C019040E41AA2BF01EB04510A
:10635000294330BD6FEA04041F3C1CDA0C340EDC08
:1063600004F11404C4F1200220FA04F001FA02F34B
:1063700040EA030021FA04F345EA030130BDC4F109
:106380000C04C4F1200220FA02F001FA04F340EAFE
:106390000300294630BD21FA04F0294630BD94F0AF
:1063A000000F83F4801306BF81F480110134013D96
:1063B0004EE77FEA645C18BF7FEA655C29D094EA07
:1063C000050F08BF90EA020F05D054EA000C04BF85
:1063D0001946104630BD91EA030F1EBF0021002070
:1063E00030BD5FEA545C05D14000494128BF41F00F
:1063F000004130BD14F580043CBF01F5801130BD73
:1064000001F0004545F0FE4141F470014FF00000FD
:1064100030BD7FEA645C1ABF194610467FEA655CAE
:106420001CBF0B46024650EA013406BF52EA033550
:1064300091EA030F41F4002130BD00BF90F0000F3E
:1064400004BF0021704730B54FF4806404F132047A
:106450004FF000054FF0000150E700BF90F0000F33
:1064600004BF0021704730B54FF4806404F132045A
:1064700010F0004548BF40424FF000013EE700BF2A
:1064800042004FEAE2014FEA31014FEA02701FBFBA
:1064900012F07F4393F07F4F81F06051704732F0EC
:1064A0007F4208BF704793F07F4F04BF41F4002143
:1064B000704730B54FF4607401F0004521F00041A1
:1064C0001CE700BF50EA010208BF704730B54FF02B
:1064D00000050AE050EA010208BF704730B511F02C
:1064E000004502D5404261EB41014FF4806404F164
:1064F00032045FEA915C3FF4D8AE4FF003025FEAEA
:10650000DC0C18BF03325FEADC0C18BF033202EB6D
:10651000DC02C2F1200300FA03FC20FA02F001FAC7
:1065200003FE40EA0E0021FA02F11444BDE600BF6A
:106530007BB972B90029BEBF00204FF0004106E0D0
:1065400008BF00281CBF6FF000414FF0FF30F1F78B
:106550006FBAADF1080C6DE904CE002909DB002B00
:106560001ADBF1F701F9DDF804E0DDE9022304B0FC
:106570007047404261EB4101002B1BDBF1F7F4F85F
:10658000DDF804E0DDE9022304B0404261EB4101A3
:10659000524263EB43037047524263EB4303F1F70C
:1065A000E3F8DDF804E0DDE9022304B0404261EBEA
:1065B00041017047524263EB4303F1F7D5F8DDF830
:1065C00004E0DDE9022304B0524263EB4303704769
:1065D00008B502460B4643EC172BB5EEC07BF1EE37
:1065E00010FA03D4BDE8084000F00AB8B1EE477BCA
:1065F00051EC170B00F004F8404261EB410108BD7B
:106600009FED0B6B41EC170B9FED0B5B27EE066BC1
:10661000BCEEC66BB8EE464BA4EE457BFCEEC77BEA
:1066200016EE101A17EE900A704700BFAFF3008005
:10663000000000000000F03D000000000000F041FC
:106640005FF800F05D1F00605FF800F0B11F0060B0
:086650005FF800F089170060FB
:04665800F8B500BFD2
:08665C0074C4FE7F0100000080
:106664000000000000000000000000000000000026
:106674000000000000000000000000000000000016
:106684000000000000000000000000000000000006
:1066940000000000000000000000000000000000F6
:1066A40000000000000000000000000000000000E6
:1066B40000000000000000000000000000000000D6
:1066C40000000000000000000000000000000000C6
:1066D40000000000000000000000000000000000B6
:1066E40000000000000000000000000000000000A6
:1066F4000000000000000000000000000000000096
:106704000000000000000000000000000000000085
:106714000000000000000000000000000000000075
:106724000000000000000000000000000000000065
:106734000000000000000000000000000000000055
:106744000000000000000000000000000000000045
:106754000000000000000000000000000000000035
:106764000000000000000000000000000000000025
:106774000000000000000000000000000000000015
:106784000000000000000000000000000000000005
:1067940000000000000000000000000000000000F5
:1067A40000000000000000000000000000000000E5
:1067B40000000000000000000000000000000000D5
:1067C40000000000000000000000000000000000C5
:1067D40000000000000000000000000000000000B5
:1067E40000000000000000000000000000000000A5
:1067F4000000000000000000000000000000000095
:106804000000000000000000000000000000000084
:106814000000000000000000000000000000000074
:106824000000000000000000000000000000000064
:106834000000000000000000000000000000000054
:106844000000000000000000000000000000000044
:106854000000000000000000000000000000000034
:106864000000000000000000000000000000000024
:106874000000000000000000000000000000000014
:106884000000000000000000000000000000000004
:1068940000000000000000000000000000000000F4
:1068A40000000000000000000000000000000000E4
:1068B40000000000000000000000000000000000D4
:1068C40000000000000000000000000000000000C4
:1068D40000000000000000000000000000000000B4
:1068E400182D4454FB21E9BFD221337F7CD90240C7
:1068F400D221337F7CD902C0000000000000008058
:10690400182D4454FB210940182D4454FB2109C07F
:1069140000000040FB21F93F000000002D44743EBC
:10692400000000809846F83C0000006051CC783BA1
:1069340000000080831BF0390000004020257A38D5
:10694400000000802282E336000000001DF3693558
:106954000080E03779C34143176E05B5B5B8934657
:10696400F5F93FE9034F384D321D30F94877825A23
:106974003CBF737FDD4F1575000000000000F03F41
:106984000000000000002440000000000000594006
:106994000000000000408F40000000000088C34059
:1069A40000000000006AF8400000000080842E41CE
:1069B40000000000D01263410000000084D797411A
:1069C4000000000065CDCD41000000205FA0024220
:1069D400000000E876483742000000A2941A6D4295
:1069E400000040E59C30A2420000901EC4BCD64288
:1069F40000003426F56B0C430080E03779C3414333
:106A040000A0D8855734764300C84E676DC1AB43A8
:106A1400003D9160E458E143408CB5781DAF1544C6
:106A240050EFE2D6E41A4B4492D54D06CFF08044A1
:106A3400F64AE1C7022DB544B49DD9794378EA44B6
:106A44004FBB610567ACDD3F182D4454FB21E93F82
:106A54009BF681D20B73EF3F182D4454FB21F93F71
:106A6400E2652F227F2B7A3C075C143326A6813CF7
:106A7400BDCBF07A8807703C075C143326A6913CA2
:106A8400BC89D897B2D29C3C33A7A8D523F6493900
:106A94003DA7F444FD0FA5329D978CCF08BA5B2522
:106AA400436FAC642806681133EC663AD9808439A4
:106AB40000000000C6A347340000000000000000EE
:106AC4002F385E3A4DEC88390000000074EE0A3429
:106AD40000000000000000000000000006000000AC
:106AE4000D00000013000000190000001F0000004A
:106AF40025000000300000003B00000045000000BD
:106B04004E000000570000005F0000006600000017
:106B14006D00000078000000810000001A000000F1
:106B24002000000024000000280000002C000000C9
:106B3400300000003900000041000000490000005E
:106B4400510000006F0000008F000000BB00000037
:106B5400D2000000E6000000FF000000FF0000007B
:106B640008000000010000000C000000010000000B
:106B740010000000010000001400000001000000EB
:106B8400180000000100000094900020989000205C
:106B94009C900020A0900020A4900020A8900020A9
:106BA400AC900020B0900020B4900020B890002059
:106BB400BC900020C0900020C4900020CC90002005
:106BC400D8900020E0900020A4900020E8900020BD
:106BD400F0900020F8900020009100200C910020FB
:106BE40014910020209100202C910020309100204D
:106BF40034910020389100203C91002040910020E5
:106C04004491002048910020509100205891002088
:106C1400609100206C9100207891002080910020E8
:106C24008C91002098910020A4910020BC91002018
:106C3400C0910020C4910020C4900020CC9000207A
:106C4400D8900020E0900020A4900020E89000203C
:106C5400F0900020F8900020009100200C9100207A
:106C64001491002020910020DC910020E09100206C
:106C7400740A0020740A0020740A0020740A002098
:106C8400740A00204E4F4D3A200000002020446931
:106C940072656374204144432072656164696E6760
:106CA40020696E2056203D20000000004552523AD3
:106CB40020000000FF007801800143028801870161
:106CC4008C018B01920191019501F60199019801C2
:106CD4009A013D029E012002A801A701AD01AC0169
:106CE400B001AF01B901B801BD01BC01BF01F70199
:106CF400C601C401C901C701CC01CA01DD018E016D
:106D0400F301F101F501F4013A02652C3C023B0266
:106D14003E02662C42024102530281015402860162
:106D24005602890157028A0159028F015B029001C0
:106D3400600293016302940168029701690296015B
:106D44006B02622C6F029C0172029D0175029F010D
:106D54007D02642C8002A6018302A9018802AE018F
:106D6400890244028A02B1018B02B2018C024502FB
:106D74009202B7017B03FD037C03FE037D03FF0343
:106D8400AC038603C203A303CC038C03CD038E039D
:106D9400CE038F03F203F903F803F703FB03FA03AB
:106DA400CF04C0047D1D632C511F591F531F5B1F4B
:106DB400551F5D1F571F5F1F781FF81F791FF91F8D
:106DC400B31FBC1FCC1FC31FE51FEC1FFC1FF31F09
:106DD4004E21322184218321612C602C762C752C48
:106DE40000190000A5DA00000000000074C00F4084
:106DF400C0000000000000000200000050851F4099
:106E040001000000340000000200000050851F4013
:106E140000000000010000000200000054851F4033
:106E240001000000350000000200000054851F40EE
:106E340000000000FF004000260018007C00000055
:106E44006100E01AE000E017F800E00700010130FB
:106E540032010106390101104A01012E79010106AE
:106E640082010104A0010106B3010104CD01011056
:106E7400DE010112F8010128220201124602010A70
:106E8400AD03DB03B103E011C303E009D803011828
:106E94003004E0205004B010600401228A0401365A
:106EA400C104010ED00401446105D026001E0196E0
:106EB400A01E015A001F0808101F0806201F0808FA
:106EC400301F0808401F0806601F0808701F4A0288
:106ED400721F5604761F64027A1F70027C1F7E02A2
:106EE400801F0808901F0808A01F0808B01F080288
:106EF400D01F0802E01F08027021F010D024E61A07
:106F0400302CD02F672C0106802C0164002D002624
:106F140041FFE01A1F1C1F1E1F1E1F1F1E1F1E1FC6
:106F24001F1C1F1E1F1E1F1F1E1F1E1F436F72725A
:106F3400656374696E672074696D6520647269663F
:106F44007400000025753A25753A25752025752F9E
:106F540025752F25752C20535A413A2025660000AB
:106F6400544D206275666665722061732072657186
:106F740075657374656400005A65706879722D4391
:106F84005249543A200000005A65706879722D46BF
:106F9400494E453A200000005A65706879722D57B1
:106FA40041524E3A2000000053747261746F436F73
:106FB400726520756E61626C6520746F20737461F4
:106FC40072742053442063617264000053747261CC
:106FD400746F436F726520737461727465642053B7
:106FE40044206361726400005443207265636569E0
:106FF40076656420746F6F20717569636B6C792199
:10700400204C617374205443206F766572777269E3
:107014007474656E00000000556E6B6E6F776E20A1
:107024006D65737361676520746F20726F75746525
:10703400000000004E756C6C2074656C65636F6DA8
:107044006D616E640000000043757272656E742099
:107054006D6F64653A2025752C20737562737461B5
:1070640074653A202575000042616420636F6D6D7C
:10707400616E6420617420544320706F7369746975
:107084006F6E20257500000052657365742063617E
:1070940075736564206279207761746368646F67CF
:1070A400000000005A657068797220636F6D6D206E
:1070B4006C6F73732074696D656F757400000000E4
:1070C4004361726420697320746F6F20736D616C07
:1070D4006C2E0D0A00000000466F726D617420442E
:1070E4006F6E650D0A000000466F726D6174204674
:1070F40061696C65640D0A0042616420636C757398
:1071040074657220636F756E740D0A004465766948
:10711400636520697320746F6F20736D616C6C0DEF
:107124000A00000057726974696E67204641542052
:10713400000000002E00000057726974696E672019
:10714400757063617365207461626C650D0A00007B
:1071540057726974696E6720726F6F740D0A00004C
:10716400466F726D617420646F6E650D0A000000D5
:10717400466F726D6174206661696C65640D0A0006
:1071840045584641540000005363686564756C6556
:107194002071756575652066756C6C0052485300E6
:1071A400524D44004D4350393830380043414C006F
:1071B4004D4D43353938334D410000004C534D3665
:1071C40044534F54520000003B000000525344000B
:1071D4004E434152000000006672616D655F636F4B
:1071E400756E742C6169725F74656D705F64656738
:1071F400432C68756D646974795F70657263656E3C
:10720400742C6873656E736F725F74656D705F6400
:107214006567432C707265735F6D622C696E74656B
:10722400726E616C5F74656D705F646567432C6D2D
:107234006F64756C655F7374617475732C6D6F64C2
:10724400756C655F6572726F722C7063625F7375C3
:1072540070706C795F562C6C736D3330335F74656A
:107264006D705F646567432C7063625F6865617409
:1072740065725F6F6E2C6D6167585F6D472C6D6131
:1072840067595F6D472C6D61675A5F6D472C616369
:1072940063656C585F6D672C616363656C595F6DE2
:1072A400672C616363656C5A5F6D672C63616C5F07
:1072B4006163746976652C726F6C6C5F6465672CAE
:1072C40070697463685F6465672C68656164696E7E
:1072D400675F6465672C6F7269656E746174696F4A
:1072E4006E5F7175616C6974790000006E616E0087
:1072F400696E66006F7666006CC00F40C0000000C7
:10730400504F0000ED4600000CFF00001300000089
:10731400000000000000000024851F400BFF000057
:1073240013000000000000000000000028851F403A
:107334000DFF00001300000000000000000000002A
:1073440020851F400A2524001300000012000000BD
:107354001200000001020300000000001C851F4011
:107364000000000000000000525334313A200000B5
:10737400456E746572696E6720464C00464C205712
:1073840061697420666F72204750532054696D659B
:1073940000000000456E746572696E6720464C5F9C
:1073A40049444C4500000000537461727454696D83
:1073B400655365636F6E64732055706461746564AE
:1073C40020746F3A2000000050756D702054656D74
:1073D4007020746F6F206C6F7700000053687574B1
:1073E40074696E6720646F776E204C504300000010
:1073F4004C617374204D6561737572656D656E744F
:107404002061743A200000004E657874204D656157
:10741400737572656D656E742073636865647565F4
:107424006C656420666F723A20000000456E7465D6
:1074340072696E6720464C5F5741524D55500000AB
:10744400464C2049646C6500456E746572696E67CC
:1074540020464C5F464C555348000000464C20578C
:1074640061726D7570000000456E746572696E67B7
:1074740020464C5F4D45415355524500464C2046ED
:107484006C757368000000005048412052656164C7
:107494002054696D656F7574000000005265636562
:1074A40069766564205048412042797465733A20B6
:1074B4000000000050756C736520436F756E743A5C
:1074C40020000000636F6C6C656374696E6720480C
:1074D4004B000000466C6F773A20000050756D70C9
:1074E4003120543A2000000050756D703220543A17
:1074F40020000000496E6C657420543A200000009E
:10750400456E746572696E6720464C5F53454E4400
:107514005F54454C454D4554525900004D656173C7
:1075240075726D656E74206572726F726564206F1A
:1075340075740000464C204D6561737572650000DA
:10754400496E204572726F722053756220537461C4
:107554007465000053687574646F776E2077617288
:107564006E696E6720726563656976656420696E0D
:1075740020464C0045786974696E6720464C0000CB
:10758400556E6B6E6F776E2073756273746174657C
:1075940020696E20464C0000205368757420646F87
:1075A400776E2C20456E746572696E6720534100B6
:1075B40053656E64696E6720736166657479206DC6
:1075C400657373616765000057616974696E67204C
:1075D4006F6E207361666574792061636B000000CF
:1075E4005341206C6F6F700053687574646F776ECD
:1075F400207761726E696E6720726563656976656E
:107604006420696E2053410045786974696E67206F
:1076140053410000556E6B6E6F776E207375627305
:107624007461746520696E205341000052533431F3
:1076340020726567656E65726174696F6E20696E2C
:1076440069746961746564005472616E736D697400
:107654002000000020525334312073616D706C653A
:1076640073000000456E746572696E6720534200B2
:107674005342206C6F6F700053656E64696E6720AF
:107684006D6F6465207265717565737420746F2005
:107694004F42430053687574646F776E207761724C
:1076A4006E696E6720726563656976656420696ECC
:1076B4002053420045786974696E67205342000084
:1076C400556E6B6E6F776E2073756273746174653B
:1076D40020696E20534200002559256D25642548F4
:1076E400254D255300000000456E746572696E6770
:1076F400204C50004C50206C6F6F700053687574B0
:10770400646F776E207761726E696E67207265634D
:10771400656976656420696E204C5000457869740B
:10772400696E67204C500000556E6B6E6F776E204B
:10773400737562737461746520696E204C50000027
:107744004C50435F000000002E72656164795F74E1
:107754006D000000556E61626C6520746F206F705F
:10776400656E20002C204C504320646174612077A6
:10777400696C6C206E6F7420626520777269747412
:10778400656E000057726974696E67204C5043201F
:10779400746F20003C544D3E0A000000093C4D73B8
:1077A400673E303C2F4D73673E0A0000093C496E2A
:1077B40073743E4C50433C2F496E73743E0A000070
:1077C400093C5374617465466C6167313E00000086
:1077D4005741524E0000000046494E45000000004B
:1077E4003C2F5374617465466C6167313E0A000036
:1077F400093C53746174654D657373313E00000038
:107804003C2F53746174654D657373313E0A0000F7
:10781400093C5374617465466C6167323E00000034
:107824003C2F5374617465466C6167323E0A0000F4
:10783400093C53746174654D657373323E000000F6
:107844003C2F53746174654D657373323E0A0000B6
:10785400093C4C656E6774683E0000003C2F4C6523
:107864006E6774683E0000003C2F544D3E0A0000D1
:107874003C4352433E30303030303C2F4352433E41
:107884000A0000005354415254000000454E440085
:10789400207772697474656E000000004F7574205F
:1078A4006F6620626F756E647320616374696F6EB6
:1078B40020666C6167206163636573730000000078
:1078C40054696D652C76616C69642C6672616D65B2
:1078D4005F636F756E742C6169725F74656D705F40
:1078E400646567432C68756D646974795F7065724B
:1078F40063656E742C6873656E736F725F74656D07
:10790400705F646567432C707265735F6D622C6988
:107914006E7465726E616C5F74656D705F646567CB
:10792400432C6D6F64756C655F7374617475732C2F
:107934006D6F64756C655F6572726F722C706362D3
:107944005F737570706C795F562C6C736D33303364
:107954005F74656D705F646567432C7063625F6814
:1079640065617465725F6F6E2C6D6167585F6D47FA
:107974002C6D6167595F6D472C6D61675A5F6D4768
:107984002C616363656C585F6D672C616363656C20
:10799400595F6D672C616363656C5A5F6D670000A6
:1079A400456E746572696E67204546004546206CD5
:1079B4006F6F700053687574646F776E20776172AF
:1079C4006E696E6720726563656976656420696EA9
:1079D4002045460045786974696E67204546000075
:1079E400556E6B6E6F776E20737562737461746518
:1079F40020696E204546000053656E64696E6720F9
:107A04005265636F7264733A20000000525334313C
:107A14005F0000002E637376000000002C20525398
:107A24003431206461742077696C6C206E6F74202B
:107A340062652073746F72656400000052533431C0
:107A4400206373762077696C6C206265206C6F67A5
:107A540067656420746F200052533431206572725C
:107A64006F7220666C61670052533431000000006D
:107A740053656E64696E6720525334312073616DAF
:107A8400706C65733A20000053656E64696E6720FC
:107A940042797465733A20002C00000054433A2064
:107AA4004368616E67696E6720466C757368696EBA
:107AB400672054696D65000054433A204368616E41
:107AC40067696E67205761726D557054696D650002
:107AD40054433A204368616E67696E672043796353
:107AE4006C6554696D65000054433A204368616EC7
:107AF40067696E67204E756D626572206F662053EC
:107B0400616D706C657320706572204379636C6578
:107B14000000000054433A204368616E67696E6751
:107B24002053616D706C657320746F2041766572AB
:107B34006167650048472062696E7320756E696DE0
:107B4400706C656D656E7465640000004C4720625E
:107B5400696E7320756E696D706C656D656E7465A4
:107B64006400000054433A204368616E6765205006
:107B74004841207265717565737465640000000086
:107B84002048694761696E5468726573686F6C64F4
:107B94003A0000002C2048694761696E4F6666739D
:107BA40065743A002C204C6F4761696E4F666673AA
:107BB40065743A0054433A20525334312072656755
:107BC400656E2072657175657374656400000000EC
:107BD40054433A20557064617465642042454D46AF
:107BE40020466C6F7720536574706F696E742074CF
:107BF4006F3A200054433A205570646174656420E0
:107C040050756D70204D696E2054656D7020746FD1
:107C14003A200000556E6B6E6F776E2054432072CD
:107C2400656365697665640050484120636F6E66DC
:107C340069672072616E6765206572726F723A209F
:107C4400000000002C2000005048412077696C6C33
:107C5400206E6F7420626520636F6E66696775724B
:107C640065640000237468726573682C000000006A
:107C74000D0000002368676F66662C00236C676F35
:107C840066662C0023736176650D00005048412020
:107C94004C6F204761696E20426173656C696E6543
:107CA400204F666673657420636F6D6D616E6465E5
:107CB400643A2000504841204869204761696E2099
:107CC400426173656C696E65204F666673657420E6
:107CD400636F6D6D616E6465643A200050484120A5
:107CE4004869204761696E205468726573686F6CD7
:107CF4006420636F6D6D616E6465643A20000000FA
:107D04004D736700496E7374000000004D6F646525
:107D14000000000041636B0041434B004E414B00A7
:107D24004C656E6774680000435243005341636BB3
:107D340000000000524141636B000000544D416358
:107D44006B0000004750530044617465000000005C
:107D54004C6F6E004C617400416C7400535A4100C6
:107D64005642415400000000446966660000000069
:107D74005175616C6974790025752F25752F2575EA
:107D84000000000025753A25753A257500000000AD
:107D940053746174654D6573733200005374617478
:107DA400654D65737333000053000000494D520064
:107DB4005357446174650000535756657273696F75
:107DC4006E0000005A50726F746F636F6C56657268
:107DD40073696F6E00000000494D41636B00000041
:107DE4004E41434B00000000544341636B000000CC
:107DF4003C4352433E0000003C2F4352433E0A00A2
:107E0400544D00004352495400000000554E4B4E5F
:107E14000000000053746174654D65737331000094
:107E2400300000005374617465466C616731000072
:107E34005374617465466C616732000053746174F5
:107E440065466C616733000000000000000000001C
:107E5400E1F50000E1F50000E1F50000E1F50000C6
:107E6400E1F50000E1F50000E1F50000E1F50000B6
:107E7400E1F500000000000000000000550D0000C6
:107E8400410D0000C9070000190D0000DD0D0000C0
:107E9400CD0C0000750C0000000000000000000084
:107EA400CD150100D9150100D1150100D916010025
:107EB400491E0100791D0100D51D0100751C01003A
:107EC4005518010089220100E91501005D15010022
:107ED400191F0100491501004D1501005515010038
:107EE400591501006D180100A9200100312001007D
:107EF400891B010041150100511501008921010070
:107F0400B11E01004D160100000000000000000039
:107F1400C5AE0000A5FF0000A1FF00009DFF00000A
:107F2400E9A00000F1A00000EDA0000099FF00000E
:107F3400000000000000000055D9000049DB0000EB
:107F440071D30000C9D4000091D3000035D40000DF
:107F5400B9D300004DD50000E5D400006DD3000076
:107F64000000000000000000210B0000750E00005E
:107F7400C9070000F90A0000150A0000A10A000060
:107F8400750A0000D10F0000791000000000000005
:107F940000000000550D0000410D0000C90700005D
:107FA400190D0000DD0D0000CD0C0000750C000063
:107FB4000000000000000000B90E0000F90E0000EF
:107FC400B50C00002D0D0000290E00005D0C000012
:107FD400050D00005D080000410F0000750B000056
:107FE400910B0000E5070000D10700000D08000018
:107FF4008D0C0000AD0B0000ED080000A509000089
:108004003509000099080000890D000000000000F7
:1080140000000000E1F5000049DB0000C907000092
:10802400CD070000E1F50000E1F50000E1F50000F6
:1080340000000000000000002DC400004DC400003A
:1080440000000000000000000597000015990000E2
:10805400D99800002198000085980000CD97000071
:108064004D9900003D9A0000799A0000559B00004C
:108074000000000000000000A1CE0000CDCE0000F2
:10808400C90700009DCE000059CE000065CE000057
:1080940085CE0000000000000000000069240100FB
:1080A4006D240100D92201005D280100A5340100DE
:1080B400252E0100B18900009924010075340100C6
:1080C400B5350100AD2E01006D0F0100CD2B01006F
:1080D400F923010005240100CD220100D122010071
:1080E400D522010011240100352401005924010086
:1080F400D92801007D240100B126010025290100B1
:10810400F92901000000000000000000F919000036
:10811400451D00001D160000D9000000B114000028
:108124002915000069000000751A0000591A0000A2
:10813400D8399D270054EA2A00A4781F007B9A1797
:108144002C2066756E6374696F6E3A20000000001F
:10815400617373657274696F6E20222573222066C1
:1081640061696C65643A2066696C65202225732216
:108174002C206C696E65202564257325730A000024
:1081840042616C6C6F6320737563636565646564D9
:10819400000000002F566F6C756D65732F64617459
:1081A400612F6A656E6B696E732F776F726B737074
:1081B4006163652F474E552D746F6F6C63686169F9
:1081C4006E2F61726D2D31312F7372632F6E65774F
:1081D4006C69622D63796777696E2F6E65776C6958
:1081E400622F6C6962632F7374646C69622F6764B5
:1081F400746F612D6765746865782E6300000000F4
:10820400000000000000000000000000000000006A
:10821400000000000000000000000000000000005A
:10822400000000000000000000000000000000004A
:10823400101112131415161718190000000000006D
:10824400001A1B1C1D1E1F0000000000000000007F
:10825400000000000000000000000000000000001A
:10826400001A1B1C1D1E1F0000000000000000005F
:1082740000000000000000000000000000000000FA
:1082840000000000000000000000000000000000EA
:1082940000000000000000000000000000000000DA
:1082A40000000000000000000000000000000000CA
:1082B40000000000000000000000000000000000BA
:1082C40000000000000000000000000000000000AA
:1082D400000000000000000000000000000000009A
:1082E400000000000000000000000000000000008A
:1082F400000000000000000000000000000000007A
:108304001F0000001C0000001F0000001E000000F1
:108314001F0000001E0000001F0000001F000000DE
:108324001E0000001F0000001E0000001F000000CF
:108334001F0000001D0000001F0000001E000000C0
:108344001F0000001E0000001F0000001F000000AE
:108354001E0000001F0000001E0000001F0000009F
:108364002F566F6C756D65732F646174612F6A6528
:108374006E6B696E732F776F726B73706163652FA9
:10838400474E552D746F6F6C636861696E2F61720F
:108394006D2D31312F7372632F6E65776C69622D89
:1083A40063796777696E2F6E65776C69622F6C6984
:1083B40062632F7374646C69622F6D707265632ECF
:1083C4006300000065256C64000000002573252E01
:1083D4002A640000257325302E2A64002B00000037
:1083E4002D000000252E32640000000025326400B8
:1083F400252E32642F252E32642F252E3264000060
:10840400256C7500592D256D2D2564002E2A7500C7
:10841400252E336400000000252E32643A252E32C6
:1084240064000000256C6C6400000000252E32649A
:108434003A252E32643A252E32640000252B30333F
:108444006C64252E326C6400303132333435363767
:1084540038396162636465666768696A6B6C6D6EFE
:108464006F707172737475767778797A0000000092
:1084740000202020202020202020282828282820F0
:1084840020202020202020202020202020202020E8
:108494002088101010101010101010101010101050
:1084A4001004040404040404040404101010101040
:1084B400101041414141414101010101010101010A
:1084C400010101010101010101010101101010105C
:1084D40010104242424242420202020202020202DC
:1084E4000202020202020202020202021010101030
:1084F4002000000000000000000000000000000058
:108504000000000000000000000000000000000067
:108514000000000000000000000000000000000057
:108524000000000000000000000000000000000047
:108534000000000000000000000000000000000037
:108544000000000000000000000000000000000027
:108554000000000000000000000000000000000017
:108564000000000000000000000000000000000007
:1085740000000000496E66696E69747900000000AD
:108584004E614E002F566F6C756D65732F64617468
:10859400612F6A656E6B696E732F776F726B737080
:1085A4006163652F474E552D746F6F6C6368616905
:1085B4006E2F61726D2D31312F7372632F6E65775B
:1085C4006C69622D63796777696E2F6E65776C6964
:1085D400622F6C6962632F7374646C69622F6474B4
:1085E4006F612E63000000004A495300534A495307
:1085F400000000004555434A500000006E6600002C
:10860400696E697479000000616E000030313233A4
:10861400343536373839414243444546000000007A
:1086240030313233343536373839616263646566E4
:1086340000000000286E756C6C290000494E46004D
:108644004E414E00545A0000474D54002531315BD1
:108654002D2B302D39412D5A612D7A5D256E000068
:108664002531315B412D5A612D7A5D256E00000064
:10867400256875256E3A256875256E3A2568752531
:108684006E0000004D256875256E2E256875256ED3
:108694002E256875256E00002F256875256E3A25F0
:1086A4006875256E3A256875256E00000030013026
:1086B40002300CFF0EFFFB301AFF1BFF1FFF01FFF0
:1086C4009B309C30B40040FFA8003EFF3E203FFF9B
:1086D400FD30FE309D309E300330DD4E05300630D7
:1086E4000730FC30142010200FFF3CFF1C301620F4
:1086F4005CFF26202520182019201C201D2008FF9F
:1087040009FF143015303BFF3DFF5BFF5DFF083070
:1087140009300A300B300C300D300E300F30103071
:1087240011300BFF1222B100D700F7001DFF6022A9
:108734001CFF1EFF662267221E2234224226402688
:10874400B000322033200321A50004FFA200A300BF
:1087540005FF03FF06FF0AFF20FFA70006260526E4
:10876400CB25CF25CE25C725C625A125A025B325F4
:10877400B225BD25BC253B201230922190219121A8
:1087840093211330000000000000000000000000EE
:108794000000000000000000000008220B228622D6
:1087A4008722822283222A2229220000000000003C
:1087B4000000000000000000000027222822AC0076
:1087C400D221D4210022032229220000000000002B
:1087D4000000000000000000000000000000202253
:1087E400A522122302220722612252226A226B222C
:1087F4001A223D221D2235222B222C2200000000A9
:10880400000000000000000000002B2130206F2633
:108814006D266A2620202120B6002C2200000000AC
:108824000000EF2500000000000000000000000030
:10883400000000010101010101010101010000002A
:108844000000000001010101010101010101010118
:108854000101010101010101010101010101000006
:1088640000000000000101010101010101010101F9
:1088740001010101010101010101010101010100E5
:108884009103920393039403950396039703980328
:1088940099039A039B039C039D039E039F03A003D8
:1088A400A103A303A403A503A603A703A803A90381
:1088B40000000000000000000000000000000000B4
:1088C400B103B203B303B403B503B603B703B803E8
:1088D400B903BA03BB03BC03BD03BE03BF03C00398
:1088E400C103C303C403C503C603C703C803C90341
:1088F40010041104120413041404150401041604CE
:108904001704180419041A041B041C041D041E046F
:108914001F0420042104220423042404250426041F
:108924002704280429042A042B042C042D042E04CF
:108934002F04000000000000000000000000000000
:108944000000000000000000000000000000000023
:10895400300431043204330434043504510436043D
:108964003704380439043A043B043C043D043E040F
:108974003F044004410442044304440445044604BF
:108984004704480449044A044B044C044D044E046F
:108994004F040000002502250C2510251825142558
:1089A4001C252C25242534253C25012503250F25AC
:1089B40013251B251725232533252B253B254B253F
:1089C40020252F25282537253F251D25302525251C
:1089D400382542259C4E1655035A3F96C0541B61B8
:1089E4002863F659229075841C83507AAA60E16347
:1089F400256EED656684A682F59B93682757A1656D
:108A040071629B5BD0597B86F498627DBE7D8E9BA0
:108A140016629F7CB788895BB55E09639766486870
:108A2400C7958D974F67E54E0A4F4D4F9D4F49505F
:108A3400F2563759D459015A095CDF600F617061ED
:108A440013660569BA704F757075FB79AD7DEF7D5E
:108A5400C3800E846388028B55907A903B53954E65
:108A6400A54EDF57B280C190EF78004EF158A26E48
:108A74003890327A28838B822F9C41517053BD5495
:108A8400E154E056FB59155FF298EB6DE4802D85B7
:108A940062967096A096FB970B54F353875BCF7046
:108AA400BD7FC28FE8966F535C9DBA7A114E93785E
:108AB400FC81266E185604551D6B1A853B9CE5599E
:108AC400A953666DDC748F954256914E4B90F29685
:108AD4004F830C99E153B655305B715F2066F366A2
:108AE4000468386CF36C296D5B74C8764E7A3498DC
:108AF400F1825B88608AED92B26DAB75CA76C599D6
:108B0400A660018B8A8DB2958E69AD53865112573A
:108B140030584459B45BF65E2860A963F463BF6CB3
:108B2400146F8E7014715971D5713F73017E768202
:108B3400D182978560905B921B9D6958BC655A6C85
:108B44002575F9512E596559805FDC5FBC62FA6561
:108B54002A6A276BB46B8B73C17F56892C9D0E9D3B
:108B6400C49EA15C966C7B8304514B5CB661C68148
:108B740076686172594EFA4F78536960296E4F7A5C
:108B8400F3970B4E1653EE4E554F3D4FA14F734F77
:108B9400A052EF5309560F59C15AB65BE15BD17924
:108BA40087669C67B6674C6BB36C6B70C2738D79C8
:108BB400BE793C7A877BB182DB8204837783EF833F
:108BC400D3836687B28A2956A88CE68F4E901E9767
:108BD4008A86C44FE85C116259723B75E581BD8297
:108BE400FE86C08CC5961399D599CB4E1A4FE3894E
:108BF400DE564A58CA58FB5EEB5F2A609460626096
:108C0400D0611262D0623965419B6666B068776D47
:108C140070704C758676757DA582F9878B958E96D6
:108C24009D8CF151BE521659B354B35B165D686105
:108C34008269AF6D8D78CB845788728AA793B89A6E
:108C44006C6DA899D986A357FF67CE860E9283527E
:108C540087560454D35EE162B9643C683868BB6BE0
:108C64007273BA786B7A9A89D2896B8D038FED907F
:108C7400A39594966997665BB35C7D694D984E980D
:108C84009B63207B2B6A7F6AB6680D9C5F6F725270
:108C94009D557060EC623B6D076ED16E5B841089EC
:108CA400448F144E399CF6531B693A6A84972A6898
:108CB4005C51C37AB284DC918C935B56289D226804
:108CC40005833184A57C0852C582E6747E4E834FA9
:108CD400A051D25B0A52D852E752FB5D9A552A58EA
:108CE400E6598C5B985BDB5B725E795EA3601F6107
:108CF4006361BE61DB636265D1675368FA683E6B8A
:108D0400536B576C226F976F456FB0741875E37689
:108D14000B77FF7AA17B217CE97D367FF07F9D80F4
:108D240066829E83B389CC8AAB8C8490519493954C
:108D34009195A2956596D39728991882384E2B540D
:108D4400B85CCC5DA9734C763C77A95CEB7F0B8D4A
:108D5400C196119854985898014F0E4F71539C55D1
:108D64006856FA574759095BC45B905C0C5E7E5E9B
:108D7400CC5FEE633A67D765E2651F67CB68C4686A
:108D84005F6A305EC56B176C7D6C7F754879635B79
:108D9400007A007DBD5F8F89188AB48C778DCC8E64
:108DA4001D8FE2980E9A3C9B804E7D500051935942
:108DB4009C5B2F628062EC643A6BA0729175477978
:108DC400A97FFB87BC8A708BAC63CA83A0970954C4
:108DD4000354AB555468586A708A27787567CD9EDA
:108DE4007453A25B1A8150860690184E454EC74EA6
:108DF400114FCA533854AE5B135F256051653D670C
:108E0400426C726CE36C78700374767AAE7A087B89
:108E14001A7DFE7C667DE7655B72BB53455CE85D4D
:108E2400D262E0621963206E5A86318ADD8DF8922F
:108E3400016FA6795A9BA84EAB4EAC4E9B4FA04FE8
:108E4400D1504751F67A7151F651545321537F53FF
:108E5400EB53AC558358E15C375F4A5F2F60506039
:108E64006D601F6359654B6AC16CC272ED72EF7716
:108E7400F880058108824E85F790E193FF97579912
:108E84005A9AF04EDD512D5C81666D69405CF26644
:108E9400756989735068817CC550E4524757FE5DFB
:108EA4002693A465236B3D6B34748179BD794B7B28
:108EB400CA7DB982CC837F885F89398BD18FD19168
:108EC4001F5480925D4E3650E5533A53D7729673D1
:108ED400E977E682AF8EC699C899D29977511A611B
:108EE4005E86B0557A7A7650D35B47908596324E3B
:108EF400DB6AE791515C485C98639F7A936C749742
:108F0400618FAA7A8A718896827C1768707E51680C
:108F14006C93F2521B54AB85138AA47FCD8EE190DF
:108F2400665388884179C24FBE50115244515355FB
:108F34002D57EA738B575159625F845F7560766170
:108F44006761A961B2633A646C656F664268136EC7
:108F540066753D7AFB7C4C7D997D4B7E6B7F0E83E1
:108F64004A83CD86088A638A668BFD8E1A988F9D04
:108F7400B882CE8FE89B87521F628364C06F999634
:108F840041689150206B7A6C546F747A507D40889C
:108F9400238A0867F64E3950265065507C51385262
:108FA4006352A7550F570558CC5AFA5EB261F8615F
:108FB400F36272631C69296A7D72AC722E73147831
:108FC4006F78797D0C77A9808B89198BE28CD28E8E
:108FD400639075937A965598139A789E43519F534C
:108FE400B3537B5E265F1B6E906E8473FE73437D6A
:108FF4003782008AFA8A50964E4E0B50E4537C54C2
:10900400FA56D159645BF15DAB5E275F3862456502
:10901400AF67566ED072CA7CB488A180E180F083B9
:109024004E86878AE88D3792C7966798139F944E29
:10903400924E0D4F485349543E542F5A8C5FA15FB2
:109044009F60A7688E6A5A7481789E8AA48A778BF7
:1090540090915E4EC99BA44E7C4FAF4F1950165051
:1090640049516C519F52B952FE529A53E3531154D1
:109074000E5489555157A2577D59545B5D5B8F5BE4
:10908400E55DE75DF75D785E835E9A5EB75E185FC7
:1090940052604C619762D862A7633B65026643667F
:1090A400F4666D6721689768CB695F6C2A6D696D9A
:1090B4002F6E9D6E327587766C783F7AE07C057DE5
:1090C400187D5E7DB17D15800380AF80B1805481B1
:1090D4008F812A8252834C8861881B8BA28CFC8CE2
:1090E400CA90759171923F78FC92A4954D9605981B
:1090F4009999D89A3B9D5B52AB52F7530854D55873
:10910400F762E06F6A8C5F8FB99E4B513B524A54B1
:10911400FD56407A7791609DD29E4473096F7081A9
:109124001175FD5FDA60A89ADB72BC8F646B0398DB
:10913400CA4EF0566457BE585A5A6860C7610F66E3
:1091440006663968B168F76DD5753A7D6E82429BC3
:109154009B4E504FC95306556F5DE65DEE5DFB6750
:10916400996C73740278508A9693DF885057A75E7F
:109174002B63B550AC508D510067C9545E58BB5930
:10918400B05B695F4D62A1633D68736B086E7D706F
:10919400C7918072157826786D798E65307DDC8371
:1091A400C188098F9B966452285750676A7FA18CA7
:1091B400B45142572A963A588A69B480B2540E5D23
:1091C400FC579578FA9D5C4F4A528B543E6428664E
:1091D4001467F567847A567B227D2F935C68AD9B78
:1091E400397B19538A513752DF5BF662AE64E66409
:1091F4002D67BA6BA985D1969076D69B4C6306935E
:10920400AB9BBF765266094E9850C253715CE860BE
:10921400926463655F68E671CA732375977B827E87
:109224009586838BDB8C78911099AC65AB668B6BE0
:10923400D54ED44E3A4F7F4F3A52F853F253E3553A
:10924400DB56EB58CB59C959FF59505B4D5C025E54
:109254002B5ED75F1D6007632F655C5BAF65BD65E3
:10926400E8659D67626B7B6B0F6C45734979C179C7
:10927400F87C197D2B7DA2800281F38196895E8A18
:10928400698A668A8C8AEE8AC78CDC8CCC96FC98B8
:109294006F6B8B4E3C4F8D4F5051575BFA5B48615F
:1092A40001634266216BCB6EBB6C3E72BD74D47598
:1092B400C1783A790C803380EA8194849E8F506C13
:1092C4007F9E0F5F588B2B9DFA7AF88E8D5BEB9601
:1092D400034EF153F7573159C95AA45B89607F6E25
:1092E400066FBE75EA8C9F5B0085E07B7250F46765
:1092F4009D82615C4A851E7E0E829951045C68637E
:10930400668D9C656E713E79177D05801D8BCA8EB6
:109314006E90C786AA901F50FA523A5C53677C70CD
:1093240035724C91C8912B93E582C25B315FF96031
:109334003B4ED653885B4B6231678A6BE972E073AC
:109344002E7A6B81A38D529196991251D7536A54F8
:10935400FF5B8863396AAC7D0097DA56CE53685454
:10936400975B315CDE5DEE4F0161FE62326DC07968
:10937400CB79427D4D7ED27FED811F8290844688D9
:109384007289908B748E2F8F31904B916C91C6960D
:109394009C91C04E4F4F45514153935F0E62D46729
:1093A400416C0B6E6373267ECD918392D45319590D
:1093B400BF5BD16D5D792E7E9B7C7E589F71FA5187
:1093C4005388F08FCA4FFB5C2566AC77E37A1C8226
:1093D400FF99C651AA5FEC656F69896BF36D966E50
:1093E400646FFE76147DE15D759087910698E65171
:1093F4001D5240629166D9661A6EB65ED27D727F46
:10940400F866AF85F785F88AA952D95373598F5EE8
:10941400905F5560E4926496B7501F51DD5220531B
:109424004753EC53E8544655315517566859BE59BD
:109434003C5AB55B065C0F5C115C1A5C845E8A5E08
:10944400E05E705F7F628462DB628C6377630766D1
:109454000C662D6676667E67A2681F6A356ABC6CE8
:10946400886D096E586E3C7126716771C7750177F6
:109474005D7801796579F079E07A117BA77C397D93
:109484009680D6838B8449855D88F3881F8A3C8ABD
:10949400548A738A618CDE8CA49166927E931894AC
:1094A4009C9698970A4E084E1E4E574E97517052EE
:1094B400CE573458CC58225B385EC560FE64616771
:1094C4005667446DB6727375637AB884728BB891BB
:1094D40020933156F457FE98ED620D69966BED7149
:1094E400547E77807282E689DF985587B18F3B5C22
:1094F400384FE14FB54F0755205ADD5BE95BC35F39
:109504004E612F63B0654B66EE689B69786DF16DB3
:109514003375B9751F775E79E679337DE381AF8260
:10952400AA85AA893A8AAB8E9B8F3290DD910797E0
:10953400BA4EC14E03527558EC580B5C1A753D5C1B
:109544004E810A8AC58F63966D97257BCF8A0898CA
:109554006291F356A853179039548257255EA86335
:10956400346C8A7061778B7CE07F70884290549170
:10957400109318938F965E74C49A075D695D706545
:10958400A267A88DDB966E6349671969C58317982E
:10959400C096FE88846F7A64F85B164E2C705D75F5
:1095A4002F66C4513652E252D359815F276010624C
:1095B4003F6574651F667466F2681668636B056EB2
:1095C40072721F75DB76BE7C5680F058FD887F89E9
:1095D400A08A938ACB8A1D90929152975997896554
:1095E4000E7A0681BB962D5EDC601A62A565146650
:1095F4009067F3774D7A4D7C3E7E0A81AC8C648D06
:10960400E18D5F8EA9780752D962A563426498629E
:109614002D8A837AC07BAC8AEA96767D0C82498750
:10962400D94E485143536053A35B025C165CDD5D25
:1096340026624762B06413683468C96C456D176D5F
:10964400D3675C6F4E717D71CB657F7AAD7BDA7DBC
:109654004A7EA87F7A811B823982A6856E8ACE8C47
:10966400F58D78907790AD9291928395AE9B4D5203
:109674008455386F367168518579557EB381CE7CB7
:109684004C565158A85CAA63FE66FD665A69D972A5
:109694008F758E750E795679DF79977C207D447DA0
:1096A4000786348A3B966190209FE7507552CC53CD
:1096B400E2530950AA55EE584F593D728B5B645CD6
:1096C4001D53E360F3605C6383633F63BB63CD64FA
:1096D400E965F966E35DCD69FD69156FE571894E4C
:1096E400E975F876937ADF7CCF7D9C7D6180498330
:1096F40058836C84BC84FB85C588708D01906D9003
:1097040097931C97129ACF5097588E61D3813585C1
:10971400088D2090C34F7450475273536F60496350
:109724005F672C6EB38D1F90D74F5E5CCA8CCF657C
:109734009A7D525396887651C363585B6B5B0A5C7F
:109744000D6451675C90D64E1A592A59706C518A2F
:109754003E551558A559F0605362C1673582556965
:109764004096C499289A534F0658FE5B1080B15C0A
:109774002F5E855F20604B613462FF66F06CDE6EA5
:10978400CE807F81D4828B88B88C00902E908A966C
:10979400DB9EDB9BE34EF05327592C7B8D914C9839
:1097A400F99DDD6E277053534455855B58629E6264
:1097B400D362A26CEF6F2274178A3894C16FFE8A49
:1097C4003883E751F886EA53E953464F5490B08FF3
:1097D4006A593181FD5DEA7ABF8FDA68378CF87295
:1097E400489C3D6AB08A394E585306566657C5623E
:1097F400A263E6654E6BE16D5B6EAD70ED77EF7A5B
:10980400AA7BBB7D3D80C680CB86958A5B93E3565D
:10981400C7583E5FAD659666806AB56B3775C78A73
:109824002450E57730571B5F65607A66606CF47589
:109834001A7A6E7FF48118874590B399C97B5C7559
:10984400F97A517BC4841090E979927A3683E15A8B
:1098540040772D4EF24E995BE05FBD623C66F16746
:10986400E86C6B8677883B8A4E91F392D099176A9D
:1098740026702A73E7825784AF8C014E4651CB5130
:109884008B55F55B165E335E815E145F355F6B5FEF
:10989400B45FF2611163A2661D676E6F52723A750E
:1098A4003A777480398178817687BF8ADC8A858D9E
:1098B400F38D9A9277950298E59CC5525763F47696
:1098C4001567886CCD73C38CAE937396256D9C58C5
:1098D4000E69CC69FD8F9A93DB751A905A58026809
:1098E400B463FB69434F2C6FD867BB8F2685B47D67
:1098F40054933F69706F6A57F7582C5B2C7D2A721A
:109904000A54E391B49DAD4E4E4F5C507550435292
:109914009E8C485424589A5B1D5E955EAD5EF75E3E
:109924001F5F8C60B5623A63D063AF68406C877820
:109934008E790B7AE07D4782028AE68A448E139000
:10994400B8902D91D8910E9FE56C5864E2647565CA
:10995400F46E84761B7B6990D193BA6EF254B95F2E
:10996400A4644D8FED8F449278516B582959555CFE
:10997400975EFB6D8F7E1C75BC8CE28E5B98B97014
:109984001D4FBF6BB16F3075FB964E511054355857
:109994005758AC59605C925F97655C67216E7B7623
:1099A400DF83ED8C1490FD904D9325783A78AA527C
:1099B400A65E1F577459126012505A51AC51CD51C2
:1099C40000521055545858585759955BF65C8B5DA6
:1099D400BC6095622D6471674368BC68DF68D776A4
:1099E400D86D6F6E9B6D6F70C871535FD875777942
:1099F400497B547B527BD67C717D3052638469856C
:109A0400E4850E8A048B468C0F8E03900F90199474
:109A140076962D98309AD895CD50D5520C5402583C
:109A24000E5CA7619E641E6DB377E57AF4800484AE
:109A340053908592E05C079D3F53975FB35F9C6DA5
:109A440079726377BF79E47BD26BEC72AD8A036879
:109A5400616AF851817A34694A5CF69CEB82C55B91
:109A640049911E7078566F5CC76066658C6C5A8C21
:109A7400419013985154C7660D924859A39085514B
:109A84004D4EEA5199850E8B58707A634B936269F7
:109A9400B499047E777557536069DF8EE3965D6CE5
:109AA4008C4E3C5C105FE98F0253D18C898079869F
:109AB400FF5EE565734E655182593F5CEE97FB4E40
:109AC4008A59CD5F8D8AE16FB0796279E75B7184E1
:109AD4002B73B171745EF55F7B639A64C371987C78
:109AE400434EFC5E4B4EDC57A256A960C36F0D7DFE
:109AF400FD803381BF81B28F9789A486F45D8A6229
:109B0400AD6487897767E26C3E6D36743478465A63
:109B1400757FAD82AC99F34FC35EDD629263576586
:109B24006F67C3764C72CC80BA80298F4D910D50EB
:109B3400F957925A856873696471FD72B78CF2584B
:109B4400E08C6A9619907F87E479E77729842F4F10
:109B540065525A53CD62CF67CA6C7D76947B957CEF
:109B640036828485EB8FDD66206F06721B7EAB83A5
:109B7400C199A69EFD51B17B7278B87B8780487BE2
:109B8400E86A615E8C80517560756B5162928C6E6F
:109B94007A769791EA9A104F707F9C624F7BA595D5
:109BA400E99C7A565958E486BC96344F24524A5359
:109BB400CD53DB53065E2C6491657F673E6C4E6C1F
:109BC4004872AF72ED735475417E2C82E985A98C7D
:109BD400C47BC69169711298EF983D6369666A7592
:109BE400E476D0784385EE862A535153265483591C
:109BF400875E7C5FB26049627962AB629065D46BC8
:109C0400CC6CB275AE769178D879CB7D777FA58010
:109C1400AB88B98ABB8C7F905E97DB980B6A387CE3
:109C240099503E5CAE5F8767D86B357409778E7F39
:109C34003B9FCA67177A39538B75ED9A665F9D818E
:109C4400F18398803C5FC55F6275467B3C90676892
:109C5400EB599B5A107D7E762C8BF54F6A5F196AFF
:109C6400376C026FE27468796888558A798CDF5E94
:109C7400CF63C575D279D7822893F2929C84ED86FE
:109C84002D9CC1546C5F8C655C6D1570A78CD38C56
:109C94003B984F65F6740D4ED84EE0572B59665AD3
:109CA400CC5BA851035E9C5E166076627765A765FF
:109CB4006E666E6D3672267B50819A8199825C8BBA
:109CC400A08CE68C748D1C964496AE4FAB64666B88
:109CD4001E8261846A85E890015C5369A8987A843D
:109CE40057850F4F6F52A95F455E0D678F79798154
:109CF40007898689F56D175F5562B86CCF4E697216
:109D0400929B06523B547456B358A4616E621A7106
:109D14006E59897CDE7C1B7DF09687655E80194ECA
:109D2400754F75514058635E735E0A5FC467264E73
:109D34003D8589955B96737C0198FB50C158567696
:109D4400A7782552A5771185867B4F50095947720C
:109D5400C77BE87DBA8FD48F4D90BF4FC952295A23
:109D6400015FAD97DD4F1782EA9203575563696B24
:109D74002B75DC88148F427ADF52935855610A623E
:109D8400AE66CD6B3F7CE9832350F84F05534654B0
:109D9400315849599D5BF05CEF5C295D965EB16278
:109DA40067633E65B9650B67D56CE16CF970327811
:109DB4002B7EDE80B3820C84EC84028712892A8A8B
:109DC4004A8CA690D292FD98F39C6C9D4F4EA14E66
:109DD4008D5056524A57A8593D5ED85FD95F3F62AD
:109DE400B4661B67D067D2689251217DAA80A8818E
:109DF400008B8C8CBF8C7E92329620542C981753F7
:109E0400D5505C53A858B264346767726677467A53
:109E1400E691C352A16C866B00584C5E54592C6772
:109E2400FB7FE151C6766964E878549BBB9ECB57AF
:109E3400B95927669A67CE6BE954D969555E9C81F6
:109E44009567AA9BFE67529C5D68A64EE34FC85374
:109E5400B9622B67AB6CC48FAD4F6D7EBF9E074E4E
:109E64006261806E2B6F138573542A67459BF35D83
:109E7400957BAC5CC65B1C874A6ED184147A0881DE
:109E840099598D7C116C2077D952225921715F72B6
:109E9400DB772797619D0B697F5A185AA5510D549A
:109EA4007D540E66DF76F78F9892F49CEA595D72C2
:109EB400C56E4D51C968BF7DEC7D6297BA9E7864CA
:109EC400216A028384595F5BDB6B1B73F276B27D7C
:109ED4001780998432512867D99EEE766267FF52C3
:109EE4000599245C3B627E7CB08C4F55B6600B7D3B
:109EF400809501535F4EB6511C593A723680CE910B
:109F0400255FE2778453795F047DAC85338A8D8E37
:109F14005697F367AE85539409610861B96C52761C
:109F2400ED8A388F2F55514F2A51C752CB53A55B19
:109F34007D5EA0608261D6630967DA67676E8C6DA7
:109F44003673377331755079D588988A4A909190D1
:109F5400F590C4968D871559884E594F0E4E898AAF
:109F64003F8F1098AD507C5E9659B95BB85EDA634A
:109F7400FA63C164DC664A69D8690B6DB66E947184
:109F84002875AF7A8A7F00804984C9848189218BAE
:109F94000A8E65907D960A997E619162326B836C1C
:109FA400746DCC7FFC7FC06D857FBA87F888656748
:109FB400B1833C98F7961B6D617D3D846A91714E27
:109FC4007553505D046BEB6FCD852D86A78929529F
:109FD4000F54655C4E67A86806748374E275CF8875
:109FE400E188CC91E29678968B5F8773CB7A4E8426
:109FF400A06365758952416D9C6E097459756B78BF
:10A00400927C8696DC7A8D9FB64F6E61C5655C86C0
:10A01400864EAE4EDA50214ECC51EE5B9965816886
:10A02400BC6D1F734276AD771C7AE77C6F82D28A4F
:10A034007C90CF91759618989B52D17D2B50985354
:10A044009767CB6DD0713374E8812A8FA396579CA0
:10A054009F9E60744158996D2F7D5E98E44E364FF3
:10A064008B4FB751B152BA5D1C60B2733C79D38245
:10A074003492B796F6960A97979E629FA666746B7B
:10A084001752A352C870C288C95E4B609061236F97
:10A0940049713E7CF47D6F80EE8423902C9342546E
:10A0A4006F9BD36A8970C28CEF8D3297B452415A38
:10A0B400CA5E045F17677C6994696A6D0F6F627288
:10A0C400FC72ED7B01807E804B87CE906D51939E18
:10A0D40084798B803293D68A2D508C54718A6A6B22
:10A0E400C48C0781D160A067F29D994E984E109C54
:10A0F4006B8AC185688500697E6E977855810000FA
:10A104000A00010002000300040005000600070025
:10A11400080009000A000B000C000D000E000F00DF
:10A12400100000000A000100020003000400050002
:10A1340006000700080009000A000B000C000D00CF
:10A144000E000F00100000002020202020202020DE
:10A1540020202020202020202020202020202020FB
:10A1640020202020202020202020202020202020EB
:10A174002020202020202020000000001F001C2080
:10A18400000000001421000002001624000000005A
:10A194001425000002001528000000001129000009
:10A1A4000000142A00000000182B00000000142CEA
:10A1B40000000000102D00000000142E000001001B
:10A1C4000C3000000900143A00000100183C0000A3
:10A1D4000200143F00000100034100001900155B58
:10A1E40000000000145C00000000115D000000008D
:10A1F400175E000000000F5F000000001760000001
:10A204000000036100001900157B00000000187CA9
:10A2140000000000117D00000000187E0000000016
:10A22400007F000020001CA00000000014A100001A
:10A23400000016A20000030019A60000000014A7E5
:10A244000000000017A80000000019A90000000089
:10A2540006AA0000000013AB0000000018AC0000C8
:10A26400000001AD0000000019AE0000000017AFAF
:10A274000000000019B00000000018B10000000048
:10A284000EB20000010017B40000000003B5000086
:10A29400000014B60000010017B8000000000EB959
:10A2A4000000000006BA0000000012BB000000001D
:10A2B4000EBC0000020014BF0000000003C0000038
:10A2C400160018D70000000003D80000060004DFC1
:10A2D4000000000003E00000160018F70000000072
:10A2E40003F800003F0004380100000003390100B6
:10A2F4000F00044901000000034A01004200048DDC
:10A3040001000000038E01000C00049B010000000A
:10A31400039C01000D0004AA0100010003AC01002C
:10A324000D0004BA0100000006BB0100000003BCDC
:10A334000100010004BE0100000003BF0100000091
:10A3440006C00100030003C40100000007C50100AA
:10A35400000003C60100010007C80100000003C992
:10A364000100010007CB0100000003CC0100230021
:10A3740004F00100000003F10100000007F20100F5
:10A38400000003F301002D00042102000000032259
:10A3940002001100043402000500033A02001A000E
:10A3A4000455020000000356020001000458020094
:10A3B4000000035902000000045A02000000035B7D
:10A3C40002000100045D02000200036002000100BB
:10A3D400046202000000036302000000046402003F
:10A3E4000000036502000100046702000000036826
:10A3F40002000400046D02000100036F020000006B
:10A4040004700200000003710200010004730200E2
:10A414000100037502000000047602000600037DBB
:10A4240002000000047E020001000380020000001C
:10A43400048102000000038202000100048402007F
:10A444000200038702000500048D02000400039249
:10A4540002000000049302000000069402000000C1
:10A46400049502000700039D02000100049F0200FE
:10A47400100005B00200110017C20200030005C657
:10A4840002000B0017D202000D0005E002000400D8
:10A4940017E50200060005EC0200000017ED0200BB
:10A4A400000005EE0200000017EF020010000B0090
:10A4B40003006F0003700300030005740300000031
:10A4C400177503000000037603000100057A0300FA
:10A4D4000000037B03000200147E03000000037FDE
:10A4E400030000001784030001000386030000003A
:10A4F400148703000000038803000200038C030098
:10A504000000038E03000100049003000000039187
:10A514000300100003A303000C0004B003000000B8
:10A5240003B10300200008D20300020003D5030096
:10A53400200018F60300000003F70300040004FCE5
:10A544000300000003FD03008400198204000000DE
:10A554000B83040004000A8804000100038A040039
:10A56400A500033105002500055905000000145A13
:10A5740005000500046005000000036105002500D6
:10A58400048705000100148905000000108A0500F5
:10A594000000198D05000100168F050000000B91C5
:10A5A40005002C0010BE050000000BBF05000000D4
:10A5B40014C0050000000BC10500010014C3050010
:10A5C40000000BC40500010014C6050000000BC701
:10A5D4000500000006D005001A0006EF0500030080
:10A5E40014F305000100010006000500180606002A
:10A5F4000200140906000100160B06000000140CEA
:10A6040006000100190E060001000B1006000A00E6
:10A61400141B06000000011C06000000141D0600A7
:10A624000200062006001F00054006000000064147
:10A63400060009000B4B060014000C60060009001C
:10A64400146A06000300066E060001000B70060083
:10A65400000006710600620014D40600000006D54E
:10A66400060000000BD60600060001DD060000000F
:10A6740019DE060000000BDF0600050005E50600F4
:10A6840001000BE70600010019E9060000000BEACF
:10A694000600030006EE060001000CF006000900A7
:10A6A40006FA0600020019FD0600010006FF060076
:10A6B4000000140007000D00010F07000000061041
:10A6C400070000000B1107000000061207001D0020
:10A6D4000B3007001A00064D070058000BA60700B0
:10A6E4000A0006B1070000000CC00700090006CAF2
:10A6F400070020000BEB0700080005F40700010029
:10A7040019F60700000014F70700020005FA070015
:10A7140000000BFD0700000016FE07000100060004
:10A72400080015000B1608000300051A08000000B5
:10A734000B1B080008000524080000000B25080076
:10A7440002000528080000000B290800040014304A
:10A7540008000E000640080018000B59080002000B
:10A76400145E08000000066008000A000670080075
:10A7740017001788080000000689080005000190EA
:10A78400080001000B980800070006A00800280034
:10A7940005C9080000000BCA0800170001E2080000
:10A7A40000000BE308001F00090309000000060471
:10A7B400090035000B3A09000000093B09000000BC
:10A7C4000B3C09000000063D09000000093E090099
:10A7D40002000B41090007000949090003000B4D61
:10A7E40009000000094E090001000650090000009C
:10A7F4000B51090006000658090009000B62090004
:10A8040001001464090001000C66090009001470B9
:10A8140009000000057109000000067209000E001D
:10A824000B81090000000982090001000685090066
:10A834000700068F0900010006930900150006AA07
:10A844000900060006B20900000006B6090003006C
:10A854000BBC0900000006BD0900000009BE090088
:10A8640002000BC10900030009C70900010009CB5C
:10A87400090001000BCD0900000006CE090000000C
:10A8840009D70900000006DC0900010006DF090001
:10A8940002000BE2090001000CE60900090006F0C1
:10A8A4000900010016F2090001000EF40900050078
:10A8B40019FA0900000016FB0900000006FC090053
:10A8C400000014FD090000000BFE090000000B014C
:10A8D4000A00010009030A00000006050A00050039
:10A8E400060F0A00010006130A001500062A0A00D2
:10A8F400060006320A00010006350A000100063887
:10A904000A0001000B3C0A000000093E0A00020094
:10A914000B410A0001000B470A0001000B4B0A001F
:10A9240002000B510A00000006590A000300065EEB
:10A934000A0000000C660A0009000B700A000100FE
:10A9440006720A0002000B750A00000014760A0061
:10A9540000000B810A00010009830A00000006853B
:10A964000A000800068F0A00020006930A00150078
:10A9740006AA0A00060006B20A00010006B50A008B
:10A9840004000BBC0A00000006BD0A00000009BE5A
:10A994000A0002000BC10A0004000BC70A000100F0
:10A9A40009C90A00000009CB0A0001000BCD0A0006
:10A9B400000006D00A00000006E00A0001000BE2D5
:10A9C4000A0001000CE60A00090014F00A00000065
:10A9D40016F10A00000006F90A0000000BFA0A004A
:10A9E40005000B010B00000009020B000100060525
:10A9F4000B000700060F0B00010006130B001500E7
:10AA0400062A0B00060006320B00010006350B0077
:10AA140004000B3C0B000000063D0B000000093E47
:10AA24000B0000000B3F0B00000009400B0000006E
:10AA34000B410B00030009470B000100094B0B00FD
:10AA440001000B4D0B0000000B550B0001000957D2
:10AA54000B000000065C0B000100065F0B00020007
:10AA64000B620B0001000C660B00090019700B004F
:10AA7400000006710B0000000E720B0005000B8233
:10AA84000B00000006830B00000006850B00050088
:10AA9400068E0B00020006920B00030006990B00C1
:10AAA4000100069C0B000000069E0B00010006A39B
:10AAB4000B00010006A80B00020006AE0B000B0001
:10AAC40009BE0B0001000BC00B00000009C10B0004
:10AAD400010009C60B00020009CA0B0002000BCDDD
:10AAE4000B00000006D00B00000009D70B0000008B
:10AAF4000CE60B0009000EF00B00020019F30B002A
:10AB0400050016F90B00000019FA0B0000000B00F9
:10AB14000C00000009010C0002000B040C000000F2
:10AB240006050C000700060E0C00020006120C00BD
:10AB34001600062A0C000F000B3C0C000000063D1A
:10AB44000C0000000B3E0C00020009410C00030045
:10AB54000B460C0002000B4A0C0003000B550C00C2
:10AB6400010006580C000200065D0C00000006609F
:10AB74000C0001000B620C0001000C660C000900C3
:10AB840014770C0000000E780C000600197F0C00EE
:10AB9400000006800C0000000B810C0000000982FC
:10ABA4000C00010014840C00000006850C00070052
:10ABB400068E0C00020006920C00160006AA0C0079
:10ABC400090006B50C0004000BBC0C00000006BD17
:10ABD4000C00000009BE0C0000000BBF0C000000BC
:10ABE40009C00C0004000BC60C00000009C70C00CF
:10ABF400010009CA0C0001000BCC0C00010009D5AE
:10AC04000C00010006DD0C00010006E00C00010050
:10AC14000BE20C0001000CE60C00090006F10C002C
:10AC240001000B000D00010009020D0001000604E3
:10AC34000D000800060E0D00020006120D0028008B
:10AC44000B3B0D000100063D0D000000093E0D0008
:10AC540002000B410D00030009460D000200094AE1
:10AC64000D0002000B4D0D000000064E0D0000000B
:10AC7400194F0D00000006540D00020009570D0085
:10AC840000000E580D000600065F0D0002000B6266
:10AC94000D0001000C660D0009000E700D00080087
:10ACA40019790D000000067A0D0005000B810D00D6
:10ACB400000009820D00010006850D001100069AAE
:10ACC4000D00170006B30D00080006BD0D000000BE
:10ACD40006C00D0006000BCA0D00000009CF0D00D0
:10ACE40002000BD20D0002000BD60D00000009D8A3
:10ACF4000D0007000CE60D00090009F20D0001002B
:10AD040014F40D00000006010E002F000B310E009C
:10AD1400000006320E0001000B340E000600163F40
:10AD24000E00000006400E00050005460E0000005F
:10AD34000B470E000700144F0E0000000C500E00CD
:10AD44000900145A0E00010006810E000100068459
:10AD54000E00000006860E000400068C0E0017008C
:10AD640006A50E00000006A70E0009000BB10E0098
:10AD7400000006B20E0001000BB40E00080006BD70
:10AD84000E00000006C00E00040005C60E00000000
:10AD94000BC80E0005000CD00E00090006DC0E00E6
:10ADA400030006000F00000019010F000200140444
:10ADB4000F000E0019130F00000014140F00000000
:10ADC40019150F0002000B180F000100191A0F00CB
:10ADD40005000C200F0009000E2A0F000900193489
:10ADE4000F0000000B350F00000019360F000000A3
:10ADF4000B370F00000019380F0000000B390F004B
:10AE04000000153A0F000000113B0F000000153C34
:10AE14000F000000113D0F000000093E0F0001006B
:10AE240006400F00070006490F0023000B710F00B6
:10AE34000D00097F0F0000000B800F000400148533
:10AE44000F0000000B860F00010006880F000400AD
:10AE54000B8D0F000A000B990F00230019BE0F0081
:10AE640007000BC60F00000019C70F00050019CE1C
:10AE74000F00010014D00F00040019D50F000300C7
:10AE840014D90F000100060010002A00092B10003D
:10AE940001000B2D100003000931100000000B32DB
:10AEA400100005000938100000000B3910000100E3
:10AEB400093B100001000B3D10000100063F10008B
:10AEC40000000C4010000900144A10000500065050
:10AED400100005000956100001000B581000010075
:10AEE400065A100003000B5E1000020006611000F9
:10AEF40000000962100002000665100001000967E5
:10AF040010000600066E100002000B711000030012
:10AF1400067510000C000B8210000000098310005D
:10AF240001000B85100001000987100005000B8D3E
:10AF340010000000068E10000000098F10000000B1
:10AF44000C9010000900099A100002000B9D1000DB
:10AF54000000199E1000010003A01000250003C783
:10AF64001000000003CD1000000003D010002A00E0
:10AF740014FB1000000005FC1000000003FD10008D
:10AF84000200060011004801064A120003000650A0
:10AF940012000600065812000000065A12000300B0
:10AFA400066012002800068A1200030006901200B0
:10AFB400200006B21200030006B81200060006C004
:10AFC4001200000006C21200030006C812000E00A0
:10AFD40006D81200380006121300030006181300E6
:10AFE40042000B5D130002001460130008000E6998
:10AFF40013001300068013000F00199013000900BA
:10B0040003A01300550003F81300050010001400FA
:10B014000000060114006B02196D16000000146E86
:10B0240016000000066F160010001C8016000000B9
:10B03400068116001900159B16000000119C1600CD
:10B04400000006A016004A0014EB160002000DEEE4
:10B054001600020006F11600070006001700110092
:10B064000B1217000200091517000000061F170035
:10B0740012000B32170001000934170000001435C8
:10B08400170001000640170011000B5217000100C1
:10B09400066017000C00066E170002000B72170002
:10B0A40001000680170033000BB41700010009B635
:10B0B400170000000BB71700060009BE17000700B1
:10B0C4000BC61700000009C7170001000BC91700C1
:10B0D4000A0014D41700020005D71700000014D882
:10B0E4001700020016DB1700000006DC1700000042
:10B0F4000BDD170000000CE0170009000EF017002C
:10B1040009001400180005001006180000001407B8
:10B11400180003000B0B18000200010E18000000B9
:10B124000B0F180000000C1018000900062018006E
:10B13400220005431800000006441800340006806D
:10B14400180004000B851800010006871800210070
:10B154000BA91800000006AA1800000006B0180089
:10B164004500060019001E000B20190002000923E7
:10B17400190003000B271900010009291900020016
:10B184000930190001000B321900000009331900BD
:10B1940005000B391900020019401900000014447D
:10B1A400190001000C4619000900065019001D0081
:10B1B400067019000400068019002B0006B019005F
:10B1C40019000CD0190009000EDA1900000019DE6C
:10B1D4001900210006001A0016000B171A000100BE
:10B1E40009191A0001000B1B1A000000141E1A0092
:10B1F400010006201A00340009551A0000000B56FD
:10B204001A00000009571A0000000B581A00060023
:10B214000B601A00000009611A0000000B621A009A
:10B22400000009631A0001000B651A000700096D8C
:10B234001A0005000B731A0009000B7F1A000000A6
:10B244000C801A0009000C901A00090014A01A00BE
:10B25400060005A71A00000014A81A0005000BB088
:10B264001A000D000ABE1A0000000BBF1A000F00DE
:10B274000B001B00030009041B00000006051B0053
:10B284002E000B341B00000009351B0000000B3698
:10B294001B000400093B1B0000000B3C1B000000CA
:10B2A400093D1B0004000B421B00000009431B0066
:10B2B400010006451B0007000C501B000900145A2E
:10B2C4001B00060019611B0009000B6B1B00080022
:10B2D40019741B000800147D1B0001000B801B0067
:10B2E400010009821B00000006831B001D0009A148
:10B2F4001B0000000BA21B00030009A61B00010099
:10B304000BA81B00010009AA1B0000000BAB1B00CB
:10B31400020006AE1B0001000CB01B00090006BAB7
:10B324001B002B000BE61B00000009E71B000000BC
:10B334000BE81B00010009EA1B0002000BED1B00D7
:10B34400000009EE1B0000000BEF1B00020009F2D5
:10B354001B00010014FC1B00030006001C0023005A
:10B3640009241C0007000B2C1C00070009341C00D6
:10B3740001000B361C000100143B1C0004000C40AF
:10B384001C000900064D1C0002000C501C000900A2
:10B39400065A1C001D0005781C000500147E1C00C4
:10B3A400010003801C00080003901C002A0003BD58
:10B3B4001C00020014C01C0007000BD01C0002007B
:10B3C40014D31C0000000BD41C000C0009E11C0069
:10B3D40000000BE21C00060006E91C0003000BED54
:10B3E4001C00000006EE1C0005000BF41C0000000D
:10B3F40006F51C00010009F71C0000000BF81C00F6
:10B40400010006FA1C00000004001D002B00052C9E
:10B414001D003E00046B1D000C0005781D0000009B
:10B4240003791D000000047A1D000200037D1D0045
:10B434000000047E1D000F00038E1D000000048F19
:10B444001D000B00059B1D0024000BC01D003F00C8
:10B4540003001E00950004961E000400039B1E00BA
:10B464000000049C1E000100039E1E000000049FB7
:10B474001E00000003A01E00750003181F00050035
:10B4840003201F00250003481F00050004501F006F
:10B49400000003511F00000004521F00000003536A
:10B4A4001F00000004541F00000003551F0000008B
:10B4B40004561F00000003571F00000003591F001B
:10B4C4000000035B1F000000035D1F000000035F1A
:10B4D4001F001E0003801F00070007881F000700CD
:10B4E40003901F00070007981F00070003A01F0018
:10B4F400070007A81F00070003B01F00010004B2E3
:10B504001F00000003B31F00000004B41F0000006C
:10B5140004B61F00010003B81F00030007BC1F008E
:10B52400000017BD1F00000003BE1F00000017BF6E
:10B534001F00020004C21F00000003C31F0000001C
:10B5440004C41F00000004C61F00010003C81F003C
:10B55400030007CC1F00000017CD1F00020003D01A
:10B564001F00010004D21F00010004D61F000100C7
:10B5740003D81F00030017DD1F00020003E01F00B3
:10B58400010004E21F00020003E51F00000004E6BE
:10B594001F00010003E81F00040017ED1F00020054
:10B5A40004F21F00000003F31F00000004F41F0056
:10B5B400000004F61F00010003F81F00030007FC4D
:10B5C4001F00000017FD1F0001001C0020000A00DE
:10B5D400010B2000040010102000050014162000A8
:10B5E4000100131820000000121920000000151A91
:10B5F40020000000131B20000100121D2000000089
:10B60400151E20000000131F20000000142020003D
:10B6140007001A28200000001B2920000000012A2E
:10B62400200004001C2F200000001430200008001B
:10B63400133920000000123A20000000143B2000BF
:10B6440003000F3F200001001441200002001844B1
:10B6540020000000154520000000114620000000D5
:10B66400144720000A001852200000001453200040
:10B6740000000F54200000001455200009001C5F36
:10B684002000000001602000040001662000090081
:10B694000E70200000000571200000000E742000D0
:10B6A4000500187A20000200157D20000000117E9C
:10B6B40020000000057F200000000E80200009000B
:10B6C400188A20000200158D20000000118E200031
:10B6D4000000059020000C0016A0200020000BD0D4
:10B6E40020000C000ADD200003000BE12000000014
:10B6F4000AE2200002000BE520000B0019002100E3
:10B7040001000802210000001903210003000807BA
:10B7140021000000190821000100040A2100000092
:10B72400080B21000200040E210001000810210072
:10B734000200041321000000191421000000081560
:10B744002100000019162100010018182100000032
:10B75400081921000400191E2100050008242100F5
:10B7640000001925210000000326210000001927EC
:10B7740021000000082821000000192921000000F0
:10B78400032A21000100082C21000100192E2100A8
:10B794000000042F210000000830210001000332C2
:10B7A40021000000083321000000043421000000BF
:10B7B400063521000300043921000000193A210054
:10B7C4000100043C21000100083E21000100184052
:10B7D4002100040008452100000004462100030064
:10B7E400194A21000000184B21000000194C2100C7
:10B7F4000100034E21000000194F210000000E50EB
:10B8040021000F000D6021002200038321000100AC
:10B814000D85210003000E8921000000198A2100F2
:10B824000100189021000400199521000400189AC1
:10B8340021000100199C2100030018A02100000030
:10B8440019A12100010018A32100000019A421005E
:10B85400010018A62100000019A72100060018AE57
:10B864002100000019AF21001E0018CE21000100A4
:10B8740019D02100010018D22100000019D32100A1
:10B88400000018D42100000019D521001E0018F46E
:10B8940021000B01190023000700150823000000F4
:10B8A400110923000000150A23000000110B2300D6
:10B8B4000000190C23001300182023000100192292
:10B8C40023000600152923000000112A230000008C
:10B8D400192B23005000187C23000000197D23003D
:10B8E4001D00189B2300180019B42300270018DC3E
:10B8F4002300050019E223004400194024000A0033
:10B904000E6024003B00199C24004D000EEA240024
:10B91400150019002500B60018B72500000019B855
:10B924002500080018C12500000019C225003500B3
:10B9340018F825000700190026006E00186F26006D
:10B94400000019702600F70015682700000011692F
:10B9540027000000156A27000000116B2700000073
:10B96400156C27000000116D27000000156E2700DC
:10B974000000116F270000001570270000001171EE
:10B984002700000015722700000011732700000033
:10B994001574270000001175270000000E7627009B
:10B9A4001D00199427002B0018C02700040015C59A
:10B9B4002700000011C62700000018C727001E003A
:10B9C40015E62700000011E72700000015E827000E
:10B9D400000011E92700000015EA2700000011EB20
:10B9E4002700000015EC2700000011ED27000000DF
:10B9F40015EE2700000011EF2700000018F02700C3
:10BA04000F0019002800FF00180029008200158388
:10BA14002900000011842900000015852900000078
:10BA240011862900000015872900000011882900CB
:10BA34000000158929000000118A29000000158BD7
:10BA440029000000118C29000000158D2900000038
:10BA5400118E29000000158F290000001190290083
:10BA6400000015912900000011922900000015938F
:10BA740029000000119429000000159529000000F8
:10BA8400119629000000159729000000119829003B
:10BA94000000189929003E0015D82900000011D98A
:10BAA4002900000015DA2900000011DB290000003C
:10BAB40018DC29001F0015FC2900000011FD2900D5
:10BAC400000018FE2900010119002B002F00183076
:10BAD4002B00140019452B00010018472B0005000A
:10BAE400194D2B00260019762B001F0019972B00E7
:10BAF400680003002C00700004712C000000037225
:10BB04002C00010004742C00000003752C000100BB
:10BB140004772C000400057C2C000100037E2C001B
:10BB2400650004E42C00000019E52C00050003EB7B
:10BB34002C0003000BEF2C00020003F22C00010088
:10BB440014F92C0003000EFD2C00000014FE2C0040
:10BB5400010003002D00250003272D000000032D04
:10BB64002D00000006302D003700056F2D00000069
:10BB740014702D0000000B7F2D00000006802D00A6
:10BB8400160006A02D00060006A82D00060006B02B
:10BB94002D00060006B82D00060006C02D00060084
:10BBA40006C82D00060006D02D00060006D82D007C
:10BBB40006000BE02D001F0014002E0001001302EC
:10BBC4002E00000012032E00000013042E000000BB
:10BBD40012052E00000014062E00020013092E0088
:10BBE4000000120A2E000000140B2E000000130C9B
:10BBF4002E000000120D2E000000140E2E0008006E
:10BC040010172E00000014182E000100101A2E0028
:10BC14000000141B2E000000131C2E000000121D37
:10BC24002E000000141E2E00010013202E00000020
:10BC340012212E00000015222E00000011232E00D8
:10BC4400000015242E00000011252E0000001526EA
:10BC54002E00000011272E00000015282E000000E1
:10BC640011292E000000142A2E000400052F2E0096
:10BC7400000014302E000900103A2E000100143C7C
:10BC84002E00030010402E00000014412E0000007E
:10BC940015422E00000014432E000C0019502E00F3
:10BCA400010014522E00020015552E0000001156FA
:10BCB4002E00000015572E00000011582E00000021
:10BCC40015592E000000115A2E000000155B2E009D
:10BCD4000000115C2E000000105D2E000000198091
:10BCE4002E001900199B2E00580019002F00D500B2
:10BCF40019F02F000B001C0030000000140130006C
:10BD0400020019043000000005053000000006069A
:10BD1400300000000D07300000001508300000005E
:10BD2400110930000000150A30000000110B30002A
:10BD34000000150C30000000110D30000000150E3D
:10BD440030000000110F300000001510300000001A
:10BD540011113000000019123000010015143000D8
:10BD640000001115300000001516300000001117F6
:10BD740030000000151830000000111930000000D8
:10BD8400151A30000000111B30000000101C300098
:10BD94000000151D30000000111E300001001920A4
:10BDA400300000000D21300008000B2A3000030091
:10BDB400092E300001001030300000000531300041
:10BDC40004001936300001000D3830000200053B34
:10BDD40030000000063C30000000143D300000003C
:10BDE400193E300001000641300055000B99300027
:10BDF4000100179B30000100059D30000100069FE3
:10BE04003000000010A03000000006A130005900EE
:10BE140014FB3000000005FC3000020006FF300077
:10BE24000000060531002A00063131005D0019903A
:10BE3400310001000E92310003001996310009000F
:10BE440006A031001F0019C03100230006F03100A4
:10BE54000F00190032001E000E2032000900192ABA
:10BE640032001D000E483200070019503200000055
:10BE74000E5132000E00196032001F000E80320095
:10BE84000900198A320026000EB132000E0019C0D2
:10BE940032003F0106003400BF1919C04D003F00B5
:10BEA40006004E0014520515A00000000616A0005E
:10BEB40076041990A400360006D0A400270005F8E3
:10BEC400A400050014FEA40001000600A5000B0157
:10BED400050CA6000000140DA60002000610A60022
:10BEE4000F000C20A6000900062AA600010003404A
:10BEF400A6002D00066EA60000000B6FA600000031
:10BF04000A70A60002001473A60000000B74A600B9
:10BF14000900147EA6000000057FA600000003802F
:10BF2400A6001B00059CA60001000B9EA6000100B4
:10BF340006A0A60045000DE6A60009000BF0A60029
:10BF4400010014F2A60005001700A700160005174B
:10BF5400A70008001720A70001000322A7000D0076
:10BF64000430A70001000332A7003D000570A700BC
:10BF740000000471A70007000379A7000E000588DC
:10BF8400A70000001789A7000100038BA700020087
:10BF9400048EA7000000068FA70000000390A700EE
:10BFA40004000495A70000000396A700180004AF3E
:10BFB400A700000003B0A7001A0003D0A7000100E7
:10BFC40004D3A700000004D5A700000003D6A700EF
:10BFD400030005F2A700020003F5A700010006F71D
:10BFE400A700000005F8A700010004FAA70000005C
:10BFF40006FBA70006000B02A80000000603A80029
:10C0040002000B06A80000000607A80003000B0BA3
:10C01400A8000000060CA80016000923A8000100CF
:10C024000B25A80001000927A80000001928A80072
:10C0340003000B2CA80000000E30A80005001936E0
:10C04400A80001001638A80000001939A800000053
:10C054000640A80033001474A80003000980A80057
:10C0640001000682A800310009B4A8000F000BC427
:10C07400A800010014CEA80001000CD0A8000900FB
:10C084000BE0A800110006F2A800050014F8A800AF
:10C09400020006FBA800000014FCA800000006FD36
:10C0A400A80001000BFFA80000000C00A900090073
:10C0B400060AA9001B000B26A9000700142EA900DC
:10C0C40001000630A90016000B47A9000A00095216
:10C0D400A9000100145FA90000000660A9001C006B
:10C0E4000B80A90002000983A90000000684A900AE
:10C0F4002E000BB3A900000009B4A90001000BB67F
:10C10400A900030009BAA90001000BBCA9000100A1
:10C1140009BEA900020014C1A9000C0005CFA900A2
:10C1240000000CD0A900090014DEA900010006E0FB
:10C13400A90004000BE5A900000005E6A900000021
:10C1440006E7A90008000CF0A900090006FAA900F6
:10C1540004000600AA0028000B29AA000500092FE4
:10C16400AA0001000B31AA0001000933AA00010052
:10C174000B35AA0001000640AA0002000B43AA00E6
:10C1840000000644AA0007000B4CAA000000094D59
:10C19400AA0000000C50AA000900145CAA000300C5
:10C1A4000660AA000F000570AA0000000671AA002C
:10C1B40005001977AA000200067AAA000000097B8C
:10C1C400AA0000000B7CAA000000097DAA00000060
:10C1D400067EAA0031000BB0AA00000006B1AA0036
:10C1E40000000BB2AA00020006B5AA0001000BB7BA
:10C1F400AA00010006B9AA0004000BBEAA000100AF
:10C2040006C0AA0000000BC1AA00000006C2AA00D2
:10C21400000006DBAA00010005DDAA00000014DE10
:10C22400AA00010006E0AA000A0009EBAA00000027
:10C234000BECAA00010009EEAA00010014F0AA0008
:10C24400010006F2AA00000005F3AA00010009F5A6
:10C25400AA0000000BF6AA0000000601AB000500CE
:10C264000609AB0005000611AB0005000620AB0073
:10C2740006000628AB0006000430AB00220003537E
:10C28400AB0000000454AB000600175BAB000000D9
:10C29400055CAB0003000460AB0008000569AB005B
:10C2A4000000176AAB0001000370AB004F0006C02A
:10C2B400AB00220009E3AB0001000BE5AB0000007A
:10C2C40009E6AB0001000BE8AB00000009E9AB0094
:10C2D400010014EBAB00000009ECAB0000000BED17
:10C2E400AB0000000CF0AB0009000600AC00A32B6F
:10C2F40006B0D700160006CBD70030000200D800E5
:10C30400FF070600F9006D010670FA0069000400D9
:10C31400FB0006000413FB000400061DFB000000E4
:10C324000B1EFB000000061FFB0009001829FB0080
:10C334000000062AFB000C000638FB000400063E41
:10C34400FB0000000640FB0001000643FB00010067
:10C354000646FB006B0017B2FB00100006D3FB007F
:10C364006A01113EFD000000153FFD000000194068
:10C37400FD000F000650FD003F000692FD00350051
:10C3840019CFFD00000006F0FD000B0016FCFD00B7
:10C39400000019FDFD0002000B00FE000F00141048
:10C3A400FE0006001517FE0000001118FE00000034
:10C3B4001419FE0000000B20FE000F001430FE00D4
:10C3C40000001031FE0001000F33FE00010015359E
:10C3D400FE0000001136FE0000001537FE000000CC
:10C3E4001138FE0000001539FE000000113AFE006D
:10C3F4000000153BFE000000113CFE000000153D4E
:10C40400FE000000113EFE000000153FFE0000008B
:10C414001140FE0000001541FE0000001142FE0024
:10C4240000001543FE0000001144FE000000144506
:10C43400FE0001001547FE0000001148FE00000048
:10C444001449FE0003000F4DFE0002001450FE00CC
:10C4540002001454FE0003001058FE000000155999
:10C46400FE000000115AFE000000155BFE000000F3
:10C47400115CFE000000155DFE000000115EFE0070
:10C484000000145FFE0002001862FE00000010634A
:10C49400FE0000001864FE0002001468FE000000A4
:10C4A4001669FE000000146AFE0001000670FE001A
:10C4B40004000676FE00860001FFFE000000140161
:10C4C400FF0002001604FF0000001405FF00020034
:10C4D4001508FF0000001109FF000000140AFF0006
:10C4E4000000180BFF000000140CFF000000100DEA
:10C4F400FF000000140EFF0001000C10FF000900F3
:10C50400141AFF000100181CFF000200141FFF0092
:10C5140001000321FF001900153BFF000000143C3B
:10C52400FF000000113DFF000000173EFF00000067
:10C534000F3FFF0000001740FF0000000341FF0011
:10C544001900155BFF000000185CFF000000115D7E
:10C55400FF000000185EFF000000155FFF000000F0
:10C564001160FF0000001461FF0000001562FF006D
:10C5740000001163FF0000001464FF000100066660
:10C58400FF0009000570FF0000000671FF002C0089
:10C59400059EFF00010006A0FF001E0006C2FF006A
:10C5A400050006CAFF00050006D2FF00050006DAF2
:10C5B400FF00020016E0FF00010018E2FF00000087
:10C5C40017E3FF00000019E4FF00000016E5FF0078
:10C5D400010019E8FF00000018E9FF00030019ED4D
:10C5E400FF00010001F9FF00020019FCFF00010037
:10C5F400060000010B00060D0001190006280001C9
:10C604001200063C00010100063F00010E00065026
:10C6140000010D00068000017A00140001010200EF
:10C624000E0701012C001937010108000D4001011A
:10C6340034000E75010103001979010110000E8AFE
:10C6440001010100198C01010200199001010C0083
:10C6540019A00101000019D001012C000BFD0101FA
:10C664000000068002011C0006A0020130000BE05D
:10C67400020100000EE102011A00060003011F007E
:10C684000E2003010300062D030113000D410301D5
:10C6940000000642030107000D4A03010000065092
:10C6A400030125000B7603010400068003011D002D
:10C6B400149F0301000006A00301230006C8030120
:10C6C400070014D0030100000DD10301040003008E
:10C6D40004014F00065004014D000CA004010900A0
:10C6E40003B00401230003D804012300060005015C
:10C6F4002700063005013300146F050100000370A4
:10C7040005010A00037C05010E00038C05010600E7
:10C71400039405010100039705010A0003A3050121
:10C724000E0003B30501060003BB0501010006006A
:10C7340006013601064007011500066007010700DF
:10C7440005800701050005870701290005B20701D7
:10C754000800060008010500060808010000060A92
:10C7640008012B00063708010100063C08010000FF
:10C77400063F080116001457080100000E5808016E
:10C7840007000660080116001977080101000E79F8
:10C7940008010600068008011E000EA70801080013
:10C7A40006E00801120006F4080101000EFB08016E
:10C7B40004000600090115000E1609010500141FE6
:10C7C40009010000062009011900143F09010000B5
:10C7D4000680090137000EBC0901010006BE0901EB
:10C7E40001000EC009010F000ED209012D00060040
:10C7F4000A0100000B010A0102000B050A010100F5
:10C804000B0C0A01030006100A01030006150A01B5
:10C81400020006190A011C000B380A0102000B3F32
:10C824000A0100000E400A01080014500A01080021
:10C8340006600A011C000E7D0A010100147F0A0132
:10C84400000006800A011C000E9D0A01020006C0B9
:10C854000A01070019C80A01000006C90A011B00E1
:10C864000BE50A0101000EEB0A01040014F00A01B1
:10C87400060006000B01350014390B0106000640C2
:10C884000B0115000E580B01070006600B01120086
:10C894000E780B01070006800B01110014990B019F
:10C8A40003000EA90B01060006000C0148000380DA
:10C8B4000C01320003C00C0132000EFA0C01050019
:10C8C40006000D0123000B240D0103000C300D01A3
:10C8D40009000E600E011E0006800E0129000BAB3C
:10C8E4000E01010010AD0E01000006B00E010100A2
:10C8F40006000F011C000E1D0F01090006270F0181
:10C90400000006300F0115000B460F010A000E51FE
:10C914000F01030014550F01040006700F011100EC
:10C924000B820F01030014860F01030006B00F01F0
:10C9340014000EC50F01060006E00F0116000900E1
:10C94400100100000B011001000009021001000099
:10C954000603100134000B3810010E0014471001B7
:10C9640006000E52100113000C66100109000B7032
:10C97400100100000671100101000B731001010089
:10C984000675100100000B7F1001020009821001DE
:10C994000000068310012C0009B0100102000BB343
:10C9A4001001030009B7100101000BB910010100C7
:10C9B40014BB1001010001BD1001000014BE1001E0
:10C9C40003000BC21001000001CD1001000006D0CD
:10C9D400100118000CF0100109000B0011010200F5
:10C9E4000603110123000B2711010400092C110176
:10C9F40000000B2D110107000C3611010900144031
:10CA04001101030006441101000009451101010050
:10CA14000647110100000650110122000B73110199
:10CA240000001474110101000676110100000B804E
:10CA340011010100098211010000068311012F0078
:10CA440009B3110102000BB61101080009BF11015D
:10CA5400010006C11101030014C5110103000BC933
:10CA64001101030014CD1101000009CE11010000D1
:10CA74000BCF110100000CD01101090006DA1101DD
:10CA8400000014DB1101000006DC1101000014DDBC
:10CA9400110102000EE11101130006001201110040
:10CAA400061312011800092C120102000B2F1201A7
:10CAB40002000932120101000B3412010000093591
:10CAC400120100000B361201010014381201050096
:10CAD4000B3E1201000006801201060006881201B6
:10CAE4000000068A12010300068F12010E00069F41
:10CAF4001201090014A91201000006B012012E004F
:10CB04000BDF1201000009E0120102000BE3120125
:10CB140007000CF0120109000B00130101000902C7
:10CB240013010100060513010700060F130101009C
:10CB3400061313011500062A130106000632130119
:10CB440001000635130104000B3B13010100063DEF
:10CB540013010000093E130101000B401301000002
:10CB6400094113010300094713010100094B130193
:10CB74000200065013010000095713010000065D6E
:10CB8400130104000962130101000B66130106007E
:10CB94000B7013010400060014013400093514015C
:10CBA40002000B38140107000940140101000B4274
:10CBB400140102000945140100000B461401000091
:10CBC400064714010300144B140104000C50140113
:10CBD4000900145A14010100145D140100000B5ED5
:10CBE40014010000065F14010200068014012F00E6
:10CBF40009B0140102000BB31401050009B91401B2
:10CC040000000BBA1401000009BB140103000BBFA0
:10CC14001401010009C1140100000BC21401010038
:10CC240006C41401010014C61401000006C714014F
:10CC340000000CD014010900068015012E0009AF74
:10CC4400150102000BB21501030009B81501030018
:10CC54000BBC1501010009BE150100000BBF150135
:10CC6400010014C11501160006D8150103000BDCE0
:10CC740015010100060016012F00093016010200FB
:10CC84000B3316010700093B160101000B3D160189
:10CC94000000093E160100000B3F1601010014417B
:10CCA400160102000644160100000C50160109008A
:10CCB400146016010C00068016012A000BAB160145
:10CCC400000009AC160100000BAD1601000009AE0E
:10CCD400160101000BB01601050009B6160100008B
:10CCE4000BB71601000006B81601000014B91601AE
:10CCF40000000CC016010900060017011A000B1DE4
:10CD0400170102000920170101000B22170103007B
:10CD14000926170100000B27170104000C30170126
:10CD240009000E3A17010100143C17010200193FD3
:10CD340017010000064017010600060018012B0029
:10CD4400092C180102000B2F1801080009381801DA
:10CD540000000B3918010100143B1801000003A066
:10CD640018013F000CE0180109000EEA1801080040
:10CD740006FF18010700060919010000060C190135
:10CD840007000615190101000618190117000930DA
:10CD9400190105000937190101000B3B19010100B4
:10CDA400093D190100000B3E19010000063F19015D
:10CDB4000000094019010000064119010000094260
:10CDC400190100000B431901000014441901020069
:10CDD4000C501901090006A01901070006AA19013F
:10CDE400260009D1190102000BD4190103000BDA42
:10CDF4001901010009DC190103000BE0190100000D
:10CE040006E11901000014E21901000006E319010A
:10CE1400000009E41901000006001A0100000B01DA
:10CE24001A010900060B1A0127000B331A01050029
:10CE340009391A010000063A1A0100000B3B1A01D5
:10CE44000300143F1A0107000B471A0100000650A3
:10CE54001A0100000B511A01050009571A010100BB
:10CE64000B591A010200065C1A012D000B8A1A01E3
:10CE74000C0009971A0100000B981A010100149A7A
:10CE84001A010200069D1A010000149E1A010400F2
:10CE940006B01A01480006001C010800060A1C011D
:10CEA4002400092F1C0100000B301C0106000B3864
:10CEB4001C010500093E1C0100000B3F1C01000081
:10CEC40006401C01000014411C0104000C501C010C
:10CED40009000E5A1C01120014701C010100067294
:10CEE4001C011D000B921C01150009A91C01000066
:10CEF4000BAA1C01060009B11C0100000BB21C01A5
:10CF0400010009B41C0100000BB51C01010006005E
:10CF14001D01060006081D010100060B1D01250068
:10CF24000B311D0105000B3A1D0100000B3C1D01D6
:10CF340001000B3F1D01060006461D0100000B47C2
:10CF44001D0100000C501D01090006601D010500B3
:10CF540006671D010100066A1D011F00098A1D01E3
:10CF640004000B901D01010009931D0101000B95A4
:10CF74001D01000009961D0100000B971D01000012
:10CF840006981D0100000CA01D01090006E01E0109
:10CF940012000BF31E01010009F51E01010014F734
:10CFA4001E01010006B01F0100000EC01F01140085
:10CFB40019D51F01070016DD1F01030019E11F0128
:10CFC400100014FF1F0100000600200199030D004A
:10CFD40024016E0014702401040006802401C3009F
:10CFE40006902F01600014F12F01010006003001AA
:10CFF4002E040130340108000600440146020600F4
:10D004006801380206406A011E000C606A010900CA
:10D01400146E6A01010006706A014E000CC06A01B8
:10D02400090006D06A011D000BF06A01040014F522
:10D034006A01000006006B012F000B306B01060033
:10D0440014376B010400193C6B01030005406B01AC
:10D05400030014446B01000019456B0100000C50DF
:10D064006B0109000E5B6B01060006636B01140083
:10D07400067D6B01120003406E013F000E806E01BD
:10D08400160014976E01030006006F014A000B4F4F
:10D094006F01000006506F01000009516F01360056
:10D0A4000B8F6F01030005936F010C0005E06F0106
:10D0B400010014E26F01000005E36F0100000BE4BE
:10D0C4006F01000009F06F01010006007001F717FD
:10D0D40006008801D50406008D01080005F0AF01A3
:10D0E400030005F5AF01060005FDAF0101000600D0
:10D0F400B00122010650B10102000664B10103002F
:10D104000670B1018B010600BC016A000670BC0107
:10D114000C000680BC0108000690BC010900199CA3
:10D12400BC0100000B9DBC010100149FBC01000068
:10D1340001A0BC0103000B00CF012D000B30CF0177
:10D1440016001950CF0173001900D001F500190021
:10D15400D10126001929D1013B000965D101010043
:10D164000B67D1010200196AD1010200096DD101D6
:10D1740005000173D10107000B7BD101070019835E
:10D18400D10101000B85D1010600198CD1011D00CC
:10D194000BAAD101030019AED1013C001900D20140
:10D1A40041000B42D20102001945D20100000EE0F9
:10D1B400D20113001900D30156000E60D3011800E8
:10D1C4000800D4011900041AD40119000834D40148
:10D1D4001900044ED40106000456D4011100086855
:10D1E400D40119000482D4011900089CD401000060
:10D1F400089ED401010008A2D401000008A5D401AE
:10D20400010008A9D401030008AED401070004B644
:10D21400D401030004BBD401000004BDD401060002
:10D2240004C5D4010A0008D0D401190004EAD401C9
:10D2340019000804D50101000807D5010300080DF1
:10D24400D50107000816D5010600041ED5011900F2
:10D254000838D5010100083BD50103000840D50179
:10D2640004000846D5010000084AD501060004520E
:10D27400D5011900086CD50119000486D5011900DF
:10D2840008A0D501190004BAD501190008D4D501A4
:10D29400190004EED50119000808D601190004226A
:10D2A400D6011900083CD60119000456D60119000C
:10D2B4000870D6011900048AD6011B0008A8D601FB
:10D2C400180018C1D601000004C2D601180018DBEA
:10D2D400D601000004DCD601050008E2D6011800DE
:10D2E40018FBD601000004FCD60118001815D7015C
:10D2F40000000416D7010500081CD70118001835D2
:10D30400D70100000436D7011800184FD7010000D8
:10D314000450D70105000856D7011800186FD7012B
:10D3240000000470D70118001889D7010000048A8E
:10D33400D70105000890D701180018A9D7010000EB
:10D3440004AAD701180018C3D701000004C4D701E8
:10D35400050008CAD701000004CBD70100000CCE99
:10D36400D70131001900D801FF010B00DA013600A2
:10D374001937DA0103000B3BDA013100196DDA01C8
:10D3840007000B75DA0100001976DA010D000B8431
:10D39400DA0100001985DA0101001487DA010400BA
:10D3A4000B9BDA0104000BA1DA010E000400DF017B
:10D3B4000900060ADF010000040BDF0113000B0063
:10D3C400E00106000B08E00110000B1BE001060061
:10D3D4000B23E00101000B26E00104000600E1013B
:10D3E4002C000B30E10106000537E10106000C407A
:10D3F400E1010900064EE1010000194FE1010000BE
:10D404000690E2011D000BAEE201000006C0E2013D
:10D414002B000BECE20103000CF0E201090016FF03
:10D42400E201000006E0E701060006E8E701030068
:10D4340006EDE701010006F0E7010E000600E80131
:10D44400C4000EC7E80108000BD0E8010600030081
:10D45400E90143000B44E9010600054BE901000022
:10D464000C50E9010900145EE90101000E71EC01A0
:10D474003A0019ACEC0100000EADEC01020016B04C
:10D48400EC0100000EB1EC0103000E01ED012C00D3
:10D49400192EED0100000E2FED010E000600EE0125
:10D4A40003000605EE011A000621EE010100062420
:10D4B400EE0100000627EE0100000629EE01090036
:10D4C4000634EE0103000639EE010000063BEE01CE
:10D4D40000000642EE0100000647EE010000064986
:10D4E400EE010000064BEE010000064DEE010200C5
:10D4F4000651EE0101000654EE0100000657EE014C
:10D5040000000659EE010000065BEE010000065D16
:10D51400EE010000065FEE0100000661EE0101006D
:10D524000664EE0100000667EE010300066CEE01DE
:10D5340006000674EE0103000679EE010300067E80
:10D54400EE0100000680EE010900068BEE011000DA
:10D5540006A1EE01020006A5EE01040006ABEE01F1
:10D56400100018F0EE0101001900F0012B00193031
:10D57400F001630019A0F0010E0019B1F0010E00D2
:10D5840019C1F0010E0019D1F00124000E00F101BF
:10D594000C00190DF101A00019E6F1011C0019108D
:10D5A400F2012B001940F20108001950F2010100A8
:10D5B4001960F20105001900F301FA0017FBF301E9
:10D5C40004001900F401D70219DDF6010F0019F067
:10D5D400F6010C001900F70173001980F7015800D7
:10D5E40019E0F7010B0019F0F70100001900F80128
:10D5F4000B001910F80137001950F80109001960DF
:10D60400F80127001990F8011D0019B0F801010074
:10D614001900F90153011960FA010D001970FA019A
:10D6240004001978FA0104001980FA01060019901F
:10D63400FA011C0019B0FA010A0019C0FA01050028
:10D6440019D0FA01090019E0FA01070019F0FA01EA
:10D6540006001900FB0192001994FB0136000CF03E
:10D66400FB01090006000002DFA60600A70238102D
:10D674000640B702DD000620B802811606B0CE02CD
:10D68400301D0600F8021D02060000034A130101C2
:10D69400000E00000120000E5F000B00010EEF00E1
:10D6A4000C5F104E154E2A4E314E364E3C4E3F4EB8
:10D6B400424E564E584E824E854E6B8C8A4E128286
:10D6C4000D5F8E4E9E4E9F4EA04EA24EB04EB34E58
:10D6D400B64ECE4ECD4EC44EC64EC24ED74EDE4E84
:10D6E400ED4EDF4EF74E094F5A4F304F5B4F5D4FB3
:10D6F400574F474F764F884F8F4F984F7B4F694F07
:10D70400704F914F6F4F864F964F1851D44FDF4F44
:10D71400CE4FD84FDB4FD14FDA4FD04FE44FE54FC8
:10D724001A50285014502A50255005501C4FF64FBB
:10D73400215029502C50FE4FEF4F115006504350AA
:10D74400475003675550505048505A5056506C50EB
:10D75400785080509A508550B450B250C950CA5035
:10D76400B350C250D650DE50E550ED50E350EE5069
:10D77400F950F550095101510251165115511451E6
:10D784001A5121513A5137513C513B513F5140516B
:10D7940052514C5154516251F87A69516A516E5147
:10D7A40080518251D8568C5189518F519151935146
:10D7B40095519651A451A651A251A951AA51AB51C8
:10D7C400B351B151B251B051B551BD51C551C95107
:10D7D400DB51E0515586E951ED51F051F551FE51BF
:10D7E40004520B5214520E5227522A522E523352C2
:10D7F40039524F5244524B524C525E5254526A5216
:10D804007452695273527F527D528D529452925285
:10D81400715288529152A88FA78FAC52AD52BC520C
:10D82400B552C152CD52D752DE52E352E652ED9870
:10D83400E052F352F552F852F95206530853387530
:10D844000D5310530F5315531A5323532F5331535E
:10D8540033533853405346534553174E49534D534E
:10D86400D6515E5369536E5318597B537753825381
:10D874009653A053A653A553AE53B053B653C353B4
:10D88400127CD996DF53FC66EE71EE53E853ED53E8
:10D89400FA5301543D5440542C542D543C542E54AA
:10D8A400365429541D544E548F5475548E545F5419
:10D8B40071547754705492547B54805476548454E5
:10D8C40090548654C754A254B854A554AC54C45468
:10D8D400C854A854AB54C254A454BE54BC54D854D1
:10D8E400E554E6540F551455FD54EE54ED54FA54D2
:10D8F400E2543955405563554C552E555C554555A4
:10D9040056555755385533555D5599558055AF542F
:10D914008A559F557B557E5598559E55AE557C55D9
:10D924008355A9558755A855DA55C555DF55C455AE
:10D93400DC55E455D4551456F7551656FE55FD5589
:10D944001B56F9554E565056DF71345636563256DC
:10D9540038566B5664562F566C566A568656805601
:10D964008A56A05694568F56A556AE56B656B456F9
:10D97400C256BC56C156C356C056C856CE56D156CA
:10D98400D356D756EE56F9560057FF560457095743
:10D9940008570B570D57135718571657C7551C5789
:10D9A4002657375738574E573B5740574F576957A5
:10D9B400C057885761577F5789579357A057B35714
:10D9C400A457AA57B057C357C657D457D257D3579B
:10D9D4000A58D657E3570B5819581D5872582158EE
:10D9E40062584B587058C06B52583D5879588558F6
:10D9F400B9589F58AB58BA58DE58BB58B858AE58A7
:10DA0400C558D358D158D758D958D858E558DC58A0
:10DA1400E458DF58EF58FA58F958FB58FC58FD58A9
:10DA240002590A5910591B59A66825592C592D59C0
:10DA3400325938593E59D27A555950594E595A5932
:10DA440058596259605967596C59695978598159BB
:10DA54009D595E4FAB4FA359B259C659E859DC5989
:10DA64008D59D959DA59255A1F5A115A1C5A095A2B
:10DA74001A5A405A6C5A495A355A365A625A6A5A8C
:10DA84009A5ABC5ABE5ACB5AC25ABD5AE35AD75AAA
:10DA9400E65AE95AD65AFA5AFB5A0C5B0B5B165BE8
:10DAA400325BD05A2A5B365B3E5B435B455B405B33
:10DAB400515B555B5A5B5B5B655B695B705B735B7E
:10DAC400755B785B88657A5B805B835BA65BB85B20
:10DAD400C35BC75BC95BD45BD05BE45BE65BE25BC7
:10DAE400DE5BE55BEB5BF05BF65BF35B055C075CC5
:10DAF400085C0D5C135C205C225C285C385C395C3F
:10DB0400415C465C4E5C535C505C4F5C715B6C5C8E
:10DB14006E5C624E765C795C8C5C915C945C9B5927
:10DB2400AB5CBB5CB65CBC5CB75CC55CBE5CC75C38
:10DB3400D95CE95CFD5CFA5CED5C8C5DEA5C0B5DD8
:10DB4400155D175D5C5D1F5D1B5D115D145D225DE0
:10DB54001A5D195D185D4C5D525D4E5D4B5D6C5DEB
:10DB6400735D765D875D845D825DA25D9D5DAC5D68
:10DB7400AE5DBD5D905DB75DBC5DC95DCD5DD35DE2
:10DB8400D25DD65DDB5DEB5DF25DF55D0B5E1A5E2D
:10DB9400195E115E1B5E365E375E445E435E405E18
:10DBA4004E5E575E545E5F5E625E645E475E755EA7
:10DBB400765E7A5EBC9E7F5EA05EC15EC25EC85E1B
:10DBC400D05ECF5ED65EE35EDD5EDA5EDB5EE25E95
:10DBD400E15EE85EE95EEC5EF15EF35EF05EF45EEB
:10DBE400F85EFE5E035F095F5D5F5C5F0B5F115F64
:10DBF400165F295F2D5F385F415F485F4C5F4E5F62
:10DC04002F5F515F565F575F595F615F6D5F735F51
:10DC1400775F835F825F7F5F8A5F885F915F875FE3
:10DC24009E5F995F985FA05FA85FAD5FBC5FD65FA2
:10DC3400FB5FE45FF85FF15FDD5FB360FF5F21606E
:10DC440060601960106029600E6031601B601560AF
:10DC54002B6026600F603A605A6041606A607760AA
:10DC64005F604A6046604D60636043606460426028
:10DC74006C606B60596081608D60E76083609A605E
:10DC840084609B60966097609260A7608B60E1609F
:10DC9400B860E060D360B460F05FBD60C660B5603A
:10DCA400D8604D6115610661F660F7600061F4604B
:10DCB400FA6003612161FB60F1600D610E614761EF
:10DCC4003E61286127614A613F613C612C61346196
:10DCD4003D614261446173617761586159615A6180
:10DCE4006B6174616F61656171615F615D615361F5
:10DCF4007561996196618761AC6194619A618A6189
:10DD04009161AB61AE61CC61CA61C961F761C861FF
:10DD1400C361C661BA61CB61797FCD61E661E361BC
:10DD2400F661FA61F461FF61FD61FC61FE6100620C
:10DD3400086209620D620C6214621B621E62216237
:10DD44002A622E6230623262336241624E625E62E5
:10DD540063625B62606268627C62826289627E6224
:10DD6400926293629662D46283629462D762D16251
:10DD7400BB62CF62FF62C662D464C862DC62CC62FA
:10DD8400CA62C262C7629B62C9620C63EE62F162DC
:10DD9400276302630863EF62F56250633E634D6379
:10DDA4001C644F6396638E638063AB637663A36383
:10DDB4008F6389639F63B5636B636963BE63E96360
:10DDC400C063C663E363C963D263F663C463166462
:10DDD400346406641364266436641D651764286419
:10DDE4000F6467646F6476644E642A659564936413
:10DDF400A564A9648864BC64DA64D264C564C76435
:10DE0400BB64D864C264F164E7640982E064E164D9
:10DE1400AC62E364EF642C65F664F464F264FA645F
:10DE24000065FD6418651C650565246523652B651F
:10DE3400346535653765366538654B7548655665AF
:10DE440055654D6558655E655D6572657865826585
:10DE540083658A8B9B659F65AB65B765C365C6653E
:10DE6400C165C465CC65D265DB65D965E065E165EE
:10DE7400F16572670A660366FB6573673566366625
:10DE840034661C664F664466496641665E665D6636
:10DE94006466676668665F666266706683668866DF
:10DEA4008E668966846698669D66C166B966C9662B
:10DEB400BE66BC66C466B866D666DA66E0663F6669
:10DEC400E666E966F066F566F7660F6716671E672D
:10DED4002667276738972E673F6736674167386735
:10DEE400376746675E676067596763676467896712
:10DEF4007067A9677C676A678C678B67A667A16789
:10DF04008567B767EF67B467EC67B367E967B867B6
:10DF1400E467DE67DD67E267EE67B967CE67C66709
:10DF2400E7679C6A1E684668296840684D683268DD
:10DF34004E68B3682B685968636877687F689F6820
:10DF44008F68AD6894689D689B688368AE6AB96899
:10DF54007468B568A068BA680F698D687E680169DD
:10DF6400CA680869D86822692669E1680C69CD68BD
:10DF7400D468E768D568366912690469D768E368C4
:10DF84002569F968E068EF6828692A691A692369CC
:10DF94002169C668796977695C6978696B695469CC
:10DFA4007E696E69396974693D6959693069616965
:10DFB4005E695D6981696A69B269AE69D069BF6980
:10DFC400C169D369BE69CE69E85BCA69DD69BB69A9
:10DFD400C369A7692E6A9169A0699C699569B46946
:10DFE400DE69E869026A1B6AFF690A6BF969F2690A
:10DFF400E769056AB1691E6AED69146AEB690A6A20
:10E00400126AC16A236A136A446A0C6A726A366ABB
:10E01400786A476A626A596A666A486A386A226A2A
:10E02400906A8D6AA06A846AA26AA36A976A17864C
:10E03400BB6AC36AC26AB86AB36AAC6ADE6AD16A86
:10E04400DF6AAA6ADA6AEA6AFB6A056B1686FA6A02
:10E05400126B166B319B1F6B386B376BDC76396B2D
:10E06400EE98476B436B496B506B596B546B5B6B0E
:10E074005F6B616B786B796B7F6B806B846B836B8D
:10E084008D6B986B956B9E6BA46BAA6BAB6BAF6B34
:10E09400B26BB16BB36BB76BBC6BC66BCB6BD36B37
:10E0A400DF6BEC6BEB6BF36BEF6BBE9E086C136C6E
:10E0B400146C1B6C246C236C5E6C556C626C6A6C07
:10E0C400826C8D6C9A6C816C9B6C7E6C686C736CCE
:10E0D400926C906CC46CF16CD36CBD6CD76CC56CD9
:10E0E400DD6CAE6CB16CBE6CBA6CDB6CEF6CD96C75
:10E0F400EA6C1F6D4D88366D2B6D3D6D386D196D55
:10E10400356D336D126D0C6D636D936D646D5A6D69
:10E11400796D596D8E6D956DE46F856DF96D156E24
:10E124000A6EB56DC76DE66DB86DC66DEC6DDE6DCE
:10E13400CC6DE86DD26DC56DFA6DD96DE46DD56D9C
:10E14400EA6DEE6D2D6E6E6E2E6E196E726E5F6ED2
:10E154003E6E236E6B6E2B6E766E4D6E1F6E436E2F
:10E164003A6E4E6E246EFF6E1D6E386E826EAA6E0F
:10E17400986EC96EB76ED36EBD6EAF6EC46EB26E5E
:10E18400D46ED56E8F6EA56EC26E9F6E416F116F89
:10E194004C70EC6EF86EFE6E3F6FF26E316FEF6E88
:10E1A400326FCC6E3E6F136FF76E866F7A6F786F37
:10E1B400816F806F6F6F5B6FF36F6D6F826F7C6FBA
:10E1C400586F8E6F916FC26F666FB36FA36FA16F3D
:10E1D400A46FB96FC66FAA6FDF6FD56FEC6FD46F82
:10E1E400D86FF16FEE6FDB6F09700B70FA6F1170FF
:10E1F40001700F70FE6F1B701A70746F1D701870B1
:10E204001F7030703E7032705170637099709270EC
:10E21400AF70F170AC70B870B370AE70DF70CB706B
:10E22400DD70D9700971FD701C71197165715571BA
:10E234008871667162714C7156716C718F71FB716A
:10E2440084719571A871AC71D771B971BE71D271B5
:10E25400C971D471CE71E071EC71E771F571FC7123
:10E26400F971FF710D7210721B7228722D722C726B
:10E27400307232723B723C723F72407246724B7221
:10E28400587274727E7282728172877292729672FE
:10E29400A272A772B972B272C372C672C472CE721B
:10E2A400D272E272E072E172F972F7720F50177370
:10E2B4000A731C7316731D7334732F7329732573B8
:10E2C4003E734E734F73D89E57736A73687370733B
:10E2D400787375737B737A73C873B373CE73BB73BC
:10E2E400C073E573EE73DE73A27405746F742574E2
:10E2F400F87332743A7455743F745F74597441748A
:10E304005C746974707463746A7476747E748B74E8
:10E314009E74A774CA74CF74D474F173E074E374F4
:10E32400E774E974EE74F274F074F174F874F774C9
:10E334000475037505750C750E750D7515751375D6
:10E344001E7526752C753C7544754D754A75497551
:10E354005B7546755A756975647567756B756D750A
:10E36400787576758675877574758A7589758275FD
:10E3740094759A759D75A575A375C275B375C375A6
:10E38400B575BD75B875BC75B175CD75CA75D275E1
:10E39400D975E375DE75FE75FF75FC750176F0754C
:10E3A400FA75F275F3750B760D7609761F76277676
:10E3B4002076217622762476347630763B7647763C
:10E3C400487646765C7658766176627668766976C3
:10E3D4006A7667766C7670767276767678767C7600
:10E3E4008076837688768B768E7696769376997613
:10E3F4009A76B076B476B876B976BA76C276CD76B1
:10E40400D676D276DE76E176E576E776EA762F86FC
:10E41400FB76087707770477297724771E772577A3
:10E4240026771B773777387747775A7768776B770C
:10E434005B7765777F777E7779778E778B77917740
:10E44400A0779E77B077B677B977BF77BC77BD777B
:10E45400BB77C777CD77D777DA77DC77E377EE7753
:10E46400FC770C781278267920782A7945788E788A
:10E47400747886787C789A788C78A378B578AA783A
:10E48400AF78D178C678CB78D478BE78BC78C578A4
:10E49400CA78EC78E778DA78FD78F4780779127935
:10E4A400117919792C792B794079607957795F79C9
:10E4B4005A79557953797A797F798A799D79A779C7
:10E4C4004B9FAA79AE79B379B979BA79C979D579F3
:10E4D400E779EC79E179E379087A0D7A187A197A8F
:10E4E400207A1F7A8079317A3B7A3E7A377A437A76
:10E4F400577A497A617A627A697A9D9F707A797AD1
:10E504007D7A887A977A957A987A967AA97AC87A67
:10E51400B07AB67AC57AC47ABF7A8390C77ACA7A4F
:10E52400CD7ACF7AD57AD37AD97ADA7ADD7AE17A62
:10E53400E27AE67AED7AF07A027B0F7B0A7B067B3D
:10E54400337B187B197B1E7B357B287B367B507B8A
:10E554007A7B047B4D7B0B7B4C7B457B757B657B9E
:10E56400747B677B707B717B6C7B6E7B9D7B987B04
:10E574009F7B8D7B9C7B9A7B8B7B927B8F7B5D7B54
:10E58400997BCB7BC17BCC7BCF7BB47BC67BDD7B98
:10E59400E97B117C147CE67BE57B607C007C077C5A
:10E5A400137CF37BF77B177C0D7CF67B237C277C29
:10E5B4002A7C1F7C377C2B7C3D7C4C7C437C547CAC
:10E5C4004F7C407C507C587C5F7C647C567C657CB2
:10E5D4006C7C757C837C907CA47CAD7CA27CAB7CC5
:10E5E400A17CA87CB37CB27CB17CAE7CB97CBD7CC4
:10E5F400C07CC57CC27CD87CD27CDC7CE27C3B9B2E
:10E60400EF7CF27CF47CF67CFA7C067D027D1C7D3A
:10E61400157D0A7D457D4B7D2E7D327D3F7D357D8B
:10E62400467D737D567D4E7D727D687D6E7D4F7D0A
:10E63400637D937D897D5B7D8F7D7D7D9B7DBA7DB3
:10E64400AE7DA37DB57DC77DBD7DAB7D3D7EA27DC9
:10E65400AF7DDC7DB87D9F7DB07DD87DDD7DE47DA3
:10E66400DE7DFB7DF27DE17D057E0A7E237E217EBB
:10E67400127E317E1F7E097E0B7E227E467E667E62
:10E684003B7E357E397E437E377E327E3A7E677EA0
:10E694005D7E567E5E7E597E5A7E797E6A7E697E76
:10E6A4007C7E7B7E837ED57D7D7EAE8F7F7E887EE5
:10E6B400897E8C7E927E907E937E947E967E8E7EE4
:10E6C4009B7E9C7E387F3A7F457F4C7F4D7F4E7F7B
:10E6D400507F517F557F547F587F5F7F607F687F75
:10E6E400697F677F787F827F867F837F887F877F4C
:10E6F4008C7F947F9E7F9D7F9A7FA37FAF7FB27F25
:10E70400B97FAE7FB67FB87F718BC57FC67FCA7F66
:10E71400D57FD47FE17FE67FE97FF37FF97FDC98C3
:10E72400068004800B801280188019801C80218050
:10E7340028803F803B804A804680528058805A809F
:10E744005F80628068807380728070807680798058
:10E754007D807F808480868085809B8093809A8062
:10E76400AD809051AC80DB80E580D980DD80C480B1
:10E77400DA80D6800981EF80F1801B812981238191
:10E784002F814B818B9646813E8153815181FC8040
:10E7940071816E81658166817481838188818A81BA
:10E7A40080818281A0819581A481A3815F819381ED
:10E7B400A981B081B581BE81B881BD81C081C2818A
:10E7C400BA81C981CD81D181D981D881C881DA81C9
:10E7D400DF81E081E781FA81FB81FE81018202828F
:10E7E400058207820A820D821082168229822B8278
:10E7F400388233824082598258825D825A825F8293
:10E804006482628268826A826B822E8271827782DB
:10E8140078827E828D829282AB829F82BB82AC821E
:10E82400E182E382DF82D282F482F382FA829383EA
:10E834000383FB82F982DE820683DC820983D98228
:10E844003583348316833283318340833983508301
:10E8540045832F832B831783188385839A83AA8305
:10E864009F83A283968323838E8387838A837C8377
:10E87400B58373837583A0838983A883F483138406
:10E88400EB83CE83FD830384D8830B84C183F78316
:10E894000784E083F2830D8422842084BD8338843A
:10E8A4000685FB836D842A843C845A85848477841A
:10E8B4006B84AD846E848284698446842C846F84E2
:10E8C40079843584CA846284B984BF849F84D9845A
:10E8D400CD84BB84DA84D084C184C684D684A184E4
:10E8E4002185FF84F484178518852C851F8515855B
:10E8F4001485FC8440856385588548854185028656
:10E904004B8555858085A485888591858A85A885CC
:10E914006D8594859B85EA8587859C8577857E852D
:10E924009085C985BA85CF85B985D085D585DD859E
:10E93400E585DC85F9850A8613860B86FE85FA85CE
:10E94400068622861A8630863F864D86554E548624
:10E954005F86678671869386A386A986AA868B8638
:10E964008C86B686AF86C486C686B086C98623885A
:10E97400AB86D486DE86E986EC86DF86DB86EF8688
:10E9840012870687088700870387FB861187098714
:10E994000D87F9860A8734873F8737873B87258722
:10E9A40029871A8760875F8778874C874E877487A3
:10E9B400578768876E875987538763876A8705886F
:10E9C400A2879F878287AF87CB87BD87C087D08781
:10E9D400D696AB87C487B387C787C687BB87EF87BD
:10E9E400F287E0870F880D88FE87F687F7870E8801
:10E9F400D28711881688158822882188318836881C
:10EA0400398827883B8844884288528859885E8898
:10EA140062886B8881887E889E8875887D88B588A1
:10EA24007288828897889288AE889988A2888D880F
:10EA3400A488B088BF88B188C388C488D488D8889B
:10EA4400D988DD88F9880289FC88F488E888F28806
:10EA540004890C890A89138943891E8925892A898D
:10EA64002B89418944893B89368938894C891D8998
:10EA740060895E89668964896D896A896F89748908
:10EA840077897E89838988898A8993899889A189E4
:10EA9400A989A689AC89AF89B289BA89BD89BF8998
:10EAA400C089DA89DC89DD89E789F489F889038AF0
:10EAB400168A108A0C8A1B8A1D8A258A368A418AFC
:10EAC4005B8A528A468A488A7C8A6D8A6C8A628A00
:10EAD400858A828A848AA88AA18A918AA58AA68A32
:10EAE4009A8AA38AC48ACD8AC28ADA8AEB8AF38A8A
:10EAF400E78AE48AF18A148BE08AE28AF78ADE8A5A
:10EB0400DB8A0C8B078B1A8BE18A168B108B178B85
:10EB1400208B338BAB97268B2B8B3E8B288B418B97
:10EB24004C8B4F8B4E8B498B568B5B8B5A8B6B8BE1
:10EB34005F8B6C8B6F8B748B7D8B808B8C8B8E8BB4
:10EB4400928B938B968B998B9A8B3A8C418C3F8CBE
:10EB5400488C4C8C4E8C508C558C628C6C8C788C84
:10EB64007A8C828C898C858C8A8C8D8C8E8C948CFE
:10EB74007C8C988C1D62AD8CAA8CBD8CB28CB38CB1
:10EB8400AE8CB68CC88CC18CE48CE38CDA8CFD8C96
:10EB9400FA8CFB8C048D058D0A8D078D0F8D0D8DE0
:10EBA400108D4E9F138DCD8C148D168D678D6D8DAC
:10EBB400718D738D818D998DC28DBE8DBA8DCF8DE2
:10EBC400DA8DD68DCC8DDB8DCB8DEA8DEB8DDF8D03
:10EBD400E38DFC8D088E098EFF8D1D8E1E8E108E8A
:10EBE4001F8E428E358E308E348E4A8E478E498EDD
:10EBF4004C8E508E488E598E648E608E2A8E638E13
:10EC0400558E768E728E7C8E818E878E858E848EC6
:10EC14008B8E8A8E938E918E948E998EAA8EA18ECF
:10EC2400AC8EB08EC68EB18EBE8EC58EC88ECB8E87
:10EC3400DB8EE38EFC8EFB8EEB8EFE8E0A8F058FB1
:10EC4400158F128F198F138F1C8F1F8F1B8F0C8F93
:10EC5400268F338F3B8F398F458F428F3E8F4C8F5A
:10EC6400498F468F4E8F578F5C8F628F638F648F6F
:10EC74009C8F9F8FA38FAD8FAF8FB78FDA8FE58F68
:10EC8400E28FEA8FEF8F8790F48F0590F98FFA8FD8
:10EC94001190159021900D901E9016900B90279036
:10ECA400369035903990F88F4F9050905190529003
:10ECB4000E9049903E90569058905E9068906F9058
:10ECC4007690A896729082907D90819080908A90A0
:10ECD40089908F90A890AF90B190B590E290E49015
:10ECE4004862DB90029112911991329130914A91CC
:10ECF40056915891639165916991739172918B9139
:10ED040089918291A291AB91AF91AA91B591B4915D
:10ED1400BA91C091C191C991CB91D091D691DF9113
:10ED2400E191DB91FC91F591F6911E92FF91149281
:10ED34002C92159211925E92579245924992649246
:10ED4400489295923F924B9250929C9296929392B3
:10ED54009B925A92CF92B992B792E9920F93FA92F8
:10ED640044932E93199322931A9323933A933593AE
:10ED74003B935C9360937C936E935693B093AC9364
:10ED8400AD939493B993D693D793E893E593D8939B
:10ED9400C393DD93D093C893E4931A941494139477
:10EDA40003940794109436942B94359421943A94B4
:10EDB4004194529444945B94609462945E946A94F3
:10EDC40029927094759477947D945A947C947E944B
:10EDD40081947F94829587958A9594959695989534
:10EDE4009995A095A895A795AD95BC95BB95B99512
:10EDF400BE95CA95F66FC395CD95CC95D595D4950A
:10EE0400D695DC95E195E595E295219628962E9682
:10EE14002F9642964C964F964B9677965C965E96B6
:10EE24005D965F96669672966C968D969896959674
:10EE34009796AA96A796B196B296B096B496B696B9
:10EE4400B896B996CE96CB96C996CD964D89DC9652
:10EE54000D97D596F99604970697089713970E97EA
:10EE640011970F971697199724972A9730973997E0
:10EE74003D973E97449746974897429749975C97A2
:10EE84006097649766976897D2526B977197799752
:10EE940085977C9781977A9786978B978F9790978A
:10EEA4009C97A897A697A397B397B497C397C69729
:10EEB400C897CB97DC97ED974F9FF297DF7AF69739
:10EEC400F5970F980C9838982498219837983D987E
:10EED40046984F984B986B986F987098719874985F
:10EEE4007398AA98AF98B198B698C498C398C698DE
:10EEF400E998EB9803990999129914991899219909
:10EF04001D991E99249920992C992E993D993E99E1
:10EF140042994999459950994B99519952994C99CB
:10EF2400559997999899A599AD99AE99BC99DF99F6
:10EF3400DB99DD99D899D199ED99EE99F199F299E6
:10EF4400FB99F899019A0F9A059AE299199A2B9AC2
:10EF5400379A459A429A409A439A3E9A559A4D9ABC
:10EF64005B9A579A5F9A629A659A649A699A6B9ABD
:10EF74006A9AAD9AB09ABC9AC09ACF9AD19AD39A07
:10EF8400D49ADE9ADF9AE29AE39AE69AEF9AEB9A97
:10EF9400EE9AF49AF19AF79AFB9A069B189B1A9B9D
:10EFA4001F9B229B239B259B279B289B299B2A9B5A
:10EFB4002E9B2F9B329B449B439B4F9B4D9B4E9B75
:10EFC400519B589B749B939B839B919B969B979B74
:10EFD4009F9BA09BA89BB49BC09BCA9BB99BC69BB1
:10EFE400CF9BD19BD29BE39BE29BE49BD49BE19B75
:10EFF4003A9CF29BF19BF09B159C149C099C139CDE
:10F004000C9C069C089C129C0A9C049C2E9C1B9C99
:10F01400259C249C219C309C479C329C469C3E9C75
:10F024005A9C609C679C769C789CE79CEC9CF09C2A
:10F03400099D089DEB9C039D069D2A9D269DAF9DE1
:10F04400239D1F9D449D159D129D419D3F9D3E9D69
:10F05400469D489D5D9D5E9D649D519D509D599D1D
:10F06400729D899D879DAB9D6F9D7A9D9A9DA49D60
:10F07400A99DB29DC49DC19DBB9DB89DBA9DC69DD1
:10F08400CF9DC29DD99DD39DF89DE69DED9DEF9D9D
:10F09400FD9D1A9E1B9E1E9E759E799E7D9E819E41
:10F0A400889E8B9E8C9E929E959E919E9D9EA59ED3
:10F0B400A99EB89EAA9EAD9E6197CC9ECE9ECF9EE1
:10F0C400D09ED49EDC9EDE9EDD9EE09EE59EE89E64
:10F0D400EF9EF49EF69EF79EF99EFB9EFC9EFD9E7F
:10F0E400079F089FB776159F219F2C9F3E9F4A9F9D
:10F0F400529F549F639F5F9F609F619F669F679F1E
:10F104006C9F6A9F779F729F769F959F9C9FA09FFD
:10F114002F58C76959906474DC51997100000042FA
:10F12400C8801F40B8821F40080000000000004251
:10F13400C4801F40B4821F400400000000C000428D
:10F1440024801F4014821F401000000000C00042B1
:10F1540028801F4018821F402000000000C0004289
:10F164002C801F401C821F404000000000C0004251
:10F1740034801F4024821F400001000000400042F0
:10F1840064811F4054831F4000040000004000427B
:10F1940080811F4070831F40000002000040004235
:10F1A4007C811F406C831F4000000100004000422E
:10F1B40068811F4058831F4000080000004000423F
:10F1C4003C811F402C831F4001000000004000428E
:10F1D40044811F4034831F4004000000004000426B
:10F1E40040811F4030831F40020000000040004265
:10F1F40048811F4038831F4008000000000000427F
:10F2040004811F40F4821F400000040000000042FB
:10F2140008811F40F8821F400000080000000042DF
:10F2240018811F4008831F40000080000000004236
:10F2340014811F4004831F4000004000000000426E
:10F2440000811F40F0821F400000020000000042C5
:10F25400FC801F40EC821F400000010000000042BF
:10F2640024811F4014831F4000000004000000425A
:10F2740028811F4018831F4000000008000000423E
:10F284001C811F400C831F4000000001000000424D
:10F2940020811F4010831F40000000020000004234
:10F2A400EC801F40DC821F40001000000000004280
:10F2B400F0801F40E0821F40002000000000004258
:10F2C40034811F4024831F4000000040000000429E
:10F2D40038811F4028831F400000008000800042C6
:10F2E40094801F4084821F400000040000C000423C
:10F2F40090801F4080821F400000008000800042F8
:10F30400A8801F4098821F400000800000800042B7
:10F31400A4801F4094821F4000004000004000422F
:10F324006C811F405C831F400010000000C000423D
:10F3340030801F4020821F408000000000400042B7
:10F34400B0811F40A0831F40000000200040004205
:10F35400AC811F409C831F4000000010004000420D
:10F3640084811F4074831F40000004000040004259
:10F3740088811F4078831F4000000800000000427D
:10F384002C811F401C831F4000000010000000421D
:10F3940030811F4020831F400000002000000042F5
:10F3A4000C811F40FC821F4000001000000000423E
:10F3B40010811F4000831F40000020000080004295
:10F3C400C8811F40B8831F400080000000800042B5
:10F3D400C4811F40B4831F400040000000800042ED
:10F3E400C0811F40B0831F40002000000080004205
:10F3F400BC811F40AC831F4000100000008000420D
:10F40400D0811F40C0831F400000020000800042E2
:10F41400CC811F40BC831F400000010000C000429B
:10F4240074801F4064821F400000000100C000423D
:10F4340080801F4070821F400000000800C000420E
:10F4440084801F4074821F400000001000C00042EE
:10F454006C801F405C821F400000400000C00042DE
:10F464007C801F406C821F400000000400C00042EA
:10F4740078801F4068821F400000000200C00042E4
:10F4840088801F4078821F40000000203100000067
:10F4940035000000CEFBFFFFCB030000010000009D
:10F4A4000000000034000000CEFBFFFFCB0300008F
:10F4B4000100000000000000020000000300000042
:10F4C4000400000006000000FB21F93FFB21094075
:10F4D4007CD91240FB2119407A6A1F407CD9224012
:10F4E400BBFD2540FB2129403A462C407A6A2F4037
:10F4F4005C4731407CD932409C6B3440BBFD354085
:10F50400DB8F3740FB2139401BB43A403A463C403C
:10F514005AD83D407A6A3F404C7E40405C47414067
:10F524006C1042407CD942408CA243409C6B4440C6
:10F53400AC344540BBFD4540CBC64640DB8F47401D
:10F54400EB584840FB214940050000001900000029
:10F554007D00000007080C0B06050F000D0E0102CC
:10F56400838407080C0B06050F000D0E010283842B
:10F57400FFFFFFFFFFFFFFFFFFFF8182090A00007B
:10F584000101000401000004013201010132020101
:10F59400011001010111010101120102010302061E
:10F5A400010301060112020202000001020200012D
:10F5B40002010001021000010222000102230001E5
:10F5C40000000000000000000221000102200001F0
:10F5D40000000000000000000130010101310101C0
:10F5E4000102000401030004000000000000000008
:10F5F40001210201012101010000000000000000BE
:10F6040000000000011002010000000000000000E2
:10F6140001130106011302060000000000000000AF
:10F6240000000000000000000101020101010101CD
:10F6340001000201010001010102020101020101B4
:10F64400000000000000000000000000012302018F
:10F6540000000000000000000120010153747261E9
:10F66400746F436F72655F4C5043206275696C64BC
:10F6740020000000417567203234203230323600D9
:10F6840032303A35393A313200000000436F6E6649
:10F6940069677572656420666F72207374616E6445
:10F6A400617264205A657068797220706F72740098
:10F6B4004C435F434F4C4C41544500004C435F4323
:10F6C40054595045000000004C435F4D4F4E455483
:10F6D400415259004C435F4E554D45524943000039
:10F6E4004C435F54494D45004C435F4D4553534192
:10F6F400474553004A616E00466562004D617200E1
:10F70400417072004D6179004A756E004A756C0053
:10F7140041756700536570004F6374004E6F760047
:10F72400446563004A616E75617279004665627270
:10F7340075617279000000004D6172636800000019
:10F74400417072696C0000004A756E65000000002B
:10F754004A756C7900000000417567757374000088
:10F7640053657074656D6265720000004F63746F59
:10F77400626572004E6F76656D626572000000000E
:10F78400446563656D6265720000000053756E0028
:10F794004D6F6E00547565005765640054687500BC
:10F7A400467269005361740053756E646179000098
:10F7B4004D6F6E64617900005475657364617900FE
:10F7C4005765646E657364617900000054687572EE
:10F7D4007364617900000000467269646179000015
:10F7E40053617475726461790000000025483A25FC
:10F7F4004D3A255300000000256D2F25642F2579EF
:10F804000000000025612025622025652025483A56
:10F81400254D3A255320255900000000414D000094
:10F82400504D000025612025622025652025483A99
:10F83400254D3A255320255A202559006D64000092
:10F8440025493A254D3A25532025700083F9A20015
:10F85400444E6E00FC291500D1572700DD34F50015
:10F8640062DBC0003C999500419043006351FE0067
:10F87400BBDEAB00B761C5003A6E2400D24D420036
:10F884004906E00009EA2E001C92D100EB1DFE009F
:10F8940029B11C00E83EA700F535820044BB2E00C8
:10F8A4009CE98400B4267000417E5F00D691390043
:10F8B400538339009CF439008B5F840028F9BD0020
:10F8C400F81F3B00DEFF97000F980500112FEF0093
:10F8D4000A5A8B006D1F6D00CF7E360009CB2700BE
:10F8E400464FB7009E663F002DEA5F00BA277500B9
:10F8F400E5EBC7003D7BF100F739070092528A001F
:10F90400FB6BEA001FB15F00085D8D0030035600F9
:10F914007BFC4600F0AB6B0020BCCF0036F49A00B1
:10F92400E3A91D005E619100081BE600859965004E
:10F93400A0145F008D40680080D8FF0027734D003D
:10F9440006063100CA561500C9A873007BE26000A0
:10F954006B8CC00000010000E0A000201200000039
:10F96400000600001C2200600A00000000020000E3
:10F97400B82100606200000000070000542100600C
:10F9840062000000EE03000054A1002012000000F9
:10F99400000004EE2CA10020280000000003000059
:10F9A40050210060000000000103090438210060B8
:10F9B4000000000002030904202100600000000090
:10F9C400030309047CA100200000000000000000E3
:10F9D40000000000000000003030303030303030A3
:10F9E4003030303030303030303030303030303013
:10F9F4003030303030303030303030303030303003
:10FA04003030303030303030000000000000000072
:10FA140000000000ACBF012014C001207CC0012004
:10FA240000000000000000000000000000000000D2
:10FA340000000000000000000000000000000000C2
:10FA440000000000000000000000000000000000B2
:10FA540000000000000000000000000000000000A2
:10FA64000000000000000000000000000000000092
:10FA74000000000000000000000000000000000082
:10FA84000000000000000000000000000000000072
:10FA94000000000000000000000000000000000062
:10FAA4000000000000000000010000000000000051
:10FAB4000E33CDAB34126DE6ECDE05000B00000016
:10FAC4000000000000000000000000000000000032
:10FAD4000000000000000000000000000000000022
:10FAE4000000000000000000000000000000000012
:10FAF4000000000000000000000000000000000002
:10FB040000000000000000000000000000000000F1
:10FB140000000000000000000000000000000000E1
:10FB240000000000000000000000000000000000D1
:10FB340001000000000000004A0000000000000076
:10FB440000000000000000000000000000000000B1
:10FB540000000000000000000000000000000000A1
:10FB64004A00000000000000000000000000000047
:10FB74000000000000000000000000000000000081
:10FB840000000000000000000029DE07007B9A1737
:10FB940000003A40980C0020000000000000000023
:10FBA4000000000000000000000000000000000051
:10FBB4000000000000000000000000000000000041
:10FBC4000000000000000000000000000000000031
:10FBD4000000000000000000000000000000000021
:10FBE400B018002000000000E8030000000000003E
:10FBF400D818002000000000E80300000000000006
:10FC0400008019408007002000000000BCBC0120D7
:10FC1400FCBB0120000000000000000040000000C8
:10FC24004000000040000000400000000000000010
:10FC340000000000000000000000000000000000C0
:10FC440000000000000000000000000000000000B0
:10FC5400D818002000000000E803000000000000A5
:10FC640000C01940D89A002000000000FCBC01200C
:10FC74003CBC01200000000000000000280000003F
:10FC840040000000280000004000000000000000C8
:10FC94000000000000000000000000000000000060
:10FCA4000000000000000000000000000000000050
:10FCB400D818002000000000E80300000000000045
:10FCC40000401940789A00200000000024BD012063
:10FCD4007CBC01200000000000000000280000009F
:10FCE4004000000028000000400000000000000068
:10FCF4000000000000000000000000000000000000
:10FD040000000000000000000000000000000000EF
:10FD1400181A002000000000E803000000000000A2
:10FD240000003F40D0200060000000000000000000
:10FD340000000000000000000000000000000000BF
:10FD440000000000000000000000000000000000AF
:10FD5400000000000000000000000000000000009F
:10FD6400000000000000000000000000000000008F
:10FD7400000000000000000000000000000000007F
:10FD8400000000000000000000000000000000006F
:10FD9400000000000000000000000000000000005F
:10FDA400000000000000000000000000000000004F
:10FDB400000000000000000000000000000000003F
:10FDC400000000000000000000000000000000002F
:10FDD400000000000000000000000000000000001F
:10FDE400000000000000000000000000000000000F
:10FDF40000000000000000000000000000000000FF
:10FE040000000000000000000000000000000000EE
:10FE140000000000000000000000000000000000DE
:10FE240000000000000000000000000000000000CE
:10FE340000000000000000000000000000000000BE
:10FE440000000000000000000000000000000000AE
:10FE5400181A002000000000E80300000000000061
:10FE640000803F408020006000000000000000008F
:10FE7400000000000000000000000000000000007E
:10FE8400000000000000000000000000000000006E
:10FE9400000000000000000000000000000000005E
:10FEA400000000000000000000000000000000004E
:10FEB400000000000000000000000000000000003E
:10FEC400000000000000000000000000000000002E
:10FED400000000000000000000000000000000001E
:10FEE400000000000000000000000000000000000E
:10FEF40000000000000000000000000000000000FE
:10FF040000000000000000000000000000000000ED
:10FF140000000000000000000000000000000000DD
:10FF240000000000000000000000000000000000CD
:10FF340000000000000000000000000000000000BD
:10FF440000000000000000000000000000000000AD
:10FF5400000000000000000000000000000000009D
:10FF6400000000000000000000000000000000008D
:10FF7400000000000000000000000000000000007D
:10FF8400000000000000000000000000000000006D
:10FF9400181A002000000000E80300000000000020
:10FFA40000C03F403020006000000000000000005E
:10FFB400000000000000000000000000000000003D
:10FFC400000000000000000000000000000000002D
:10FFD400000000000000000000000000000000001D
:10FFE400000000000000000000000000000000000D
:0CFFF40000000000000000000000000001
:02000004600397
:1000000000000000000000000000000000000000F0
:1000100000000000000000000000000000000000E0
:1000200000000000000000000000000000000000D0
:1000300000000000000000000000000000000000C0
:1000400000000000000000000000000000000000B0
:1000500000000000000000000000000000000000A0
:100060000000000000000000000000000000000090
:100070000000000000000000000000000000000080
:100080000000000000000000000000000000000070
:100090000000000000000000000000000000000060
:1000A0000000000000000000000000000000000050
:1000B0000000000000000000000000000000000040
:1000C0000000000000000000000000000000000030
:1000D00000000000312E30002C0100000718000045
:1000E000BDDA00000000000074C00F400C000000EA
:1000F000220000000100000048851F4001000000B0
:10010000300000000200000048851F400000000091
:1001100023000000010000004C851F40010000008A
:10012000FF000000FF0000000000000000000000D1
:1001300032024000260018007B000000061A000072
:10014000B1DA0000000000007CC00F400000000C8D
:100150001C0000000200000058851F400100000044
:10016000FF000000FF000000000000000000000091
:100170001D000000020000005C851F40010000001F
:10018000FF000000FF000000000000000000000071
:10019000FF004000260018007D0000003DCE00005A
:1001A00064BF0120803020200000000043000000D8
:1001B000000000000000000000000000000000003F
:1001C00000000000000000000000000043000000EC
:1001D000000000000000000000000000000000001F
:1001E00000000000000000000000000043000000CC
:1001F00000000000000000000000000000000000FF
:1002000000000000000000000000000043000000AB
:1002100000000000000000000000000000000000DE
:10022000000000000000000000000000430000008B
:1002300000000000000000000000000000000000BE
:10024000000000000000000000000000430000006B
:10025000000000000000000000000000000000009E
:10026000000000000000000000000000430000004B
:10027000000000000000000000000000000000007E
:100280000000000000000000000000002D0E020031
:1002900031A4010000000000101E0020D40A00203C
:1002A000740A0020740A0020740A0020740A0020D6
:1002B000740A0020740A0020740A0020740A0020C6
:1002C000740A0020FFFFFFFFFFFFFFFFFFFFFFFF9C
:1002D000FFFF0000010041534349490000000000B6
:1002E000000000000000000000000000000000000E
:1002F0000000000000004153434949000000000095
:1003000000000000000000000000000000000000ED
:1003100000000000000000000000000000000000DD
:10032000B49C0020B49C0020BC9C0020BC9C0020FD
:10033000C49C0020C49C0020CC9C0020CC9C0020AD
:10034000D49C0020D49C0020DC9C0020DC9C00205D
:10035000E49C0020E49C0020EC9C0020EC9C00200D
:10036000F49C0020F49C0020FC9C0020FC9C0020BD
:10037000049D0020049D00200C9D00200C9D002069
:10038000149D0020149D00201C9D00201C9D002019
:10039000249D0020249D00202C9D00202C9D0020C9
:1003A000349D0020349D00203C9D00203C9D002079
:1003B000449D0020449D00204C9D00204C9D002029
:1003C000549D0020549D00205C9D00205C9D0020D9
:1003D000649D0020649D00206C9D00206C9D002089
:1003E000749D0020749D00207C9D00207C9D002039
:1003F000849D0020849D00208C9D00208C9D0020E9
:10040000949D0020949D00209C9D00209C9D002098
:10041000A49D0020A49D0020AC9D0020AC9D002048
:10042000B49D0020B49D0020BC9D0020BC9D0020F8
:10043000C49D0020C49D0020CC9D0020CC9D0020A8
:10044000D49D0020D49D0020DC9D0020DC9D002058
:10045000E49D0020E49D0020EC9D0020EC9D002008
:10046000F49D0020F49D0020FC9D0020FC9D0020B8
:10047000049E0020049E00200C9E00200C9E002064
:10048000149E0020149E00201C9E00201C9E002014
:10049000249E0020249E00202C9E00202C9E0020C4
:1004A000349E0020349E00203C9E00203C9E002074
:1004B000449E0020449E00204C9E00204C9E002024
:1004C000549E0020549E00205C9E00205C9E0020D4
:1004D000649E0020649E00206C9E00206C9E002084
:1004E000749E0020749E00207C9E00207C9E002034
:1004F000849E0020849E00208C9E00208C9E0020E4
:10050000949E0020949E00209C9E00209C9E002093
:10051000A49E0020A49E0020AC9E0020AC9E002043
:10052000B49E0020B49E0020BC9E0020BC9E0020F3
:10053000C49E0020C49E0020CC9E0020CC9E0020A3
:10054000D49E0020D49E0020DC9E0020DC9E002053
:10055000E49E0020E49E0020EC9E0020EC9E002003
:10056000F49E0020F49E0020FC9E0020FC9E0020B3
:10057000049F0020049F00200C9F00200C9F00205F
:10058000149F0020149F00201C9F00201C9F00200F
:10059000249F0020249F00202C9F00202C9F0020BF
:1005A000349F0020349F00203C9F00203C9F00206F
:1005B000449F0020449F00204C9F00204C9F00201F
:1005C000549F0020549F00205C9F00205C9F0020CF
:1005D000649F0020649F00206C9F00206C9F00207F
:1005E000749F0020749F00207C9F00207C9F00202F
:1005F000849F0020849F00208C9F00208C9F0020DF
:10060000949F0020949F00209C9F00209C9F00208E
:10061000A49F0020A49F0020AC9F0020AC9F00203E
:10062000B49F0020B49F0020BC9F0020BC9F0020EE
:10063000C49F0020C49F0020CC9F0020CC9F00209E
:10064000D49F0020D49F0020DC9F0020DC9F00204E
:10065000E49F0020E49F0020EC9F0020EC9F0020FE
:10066000F49F0020F49F0020FC9F0020FC9F0020AE
:1006700004A0002004A000200CA000200CA000205A
:1006800014A0002014A000201CA000201CA000200A
:1006900024A0002024A000202CA000202CA00020BA
:1006A00034A0002034A000203CA000203CA000206A
:1006B00044A0002044A000204CA000204CA000201A
:1006C00054A0002054A000205CA000205CA00020CA
:1006D00064A0002064A000206CA000206CA000207A
:1006E00074A0002074A000207CA000207CA000202A
:1006F00084A0002084A000208CA000208CA00020DA
:1007000094A0002094A000209CA000209CA0002089
:10071000A4A00020A4A00020ACA00020ACA0002039
:10072000FFFFFFFF000002000000000003000000C8
:10073000ACBF0120B0930020E81F0020E81F00207C
:100740008095002012010002EF020140C0168304D0
:1007500080020102030100003CC1012008190020B1
:1007600000000000E803000000000000000000009E
:10077000464C4F4154530000524143485554530096
:100780004C50430000000000524154530000000050
:10079000280000000001040001000000000000002B
:1007A000020157494E55534200000000000000006E
:1007B000000000000000000012034D00530046003E
:1007C0005400310030003000F80000003230313782
:1007D000303930312C30303030303000302E310074
:1007E0000C030000000000000000000000000000FA
:1007F00000000000000029080000000000000000C8
:1008000000000000000000000000000000000000E8
:1008100000000000000000000000000000000000D8
:1008200000000000000000000000000000000000C8
:1008300000000000000000000000000000000000B8
:1008400000000000000000000000000000000000A8
:100850000000000000000000000000000000000098
:100860000000000000000000000000000000000088
:100870000000000000000000000000000000000078
:100880000000000000000000000000000000000068
:100890000000000000000000000000000000000058
:1008A0000000000000000000000000000000000048
:1008B0000000000000000000000000000000000038
:1008C0000000000000000000000000000000000028
:1008D0000000000000000000000000000000000018
:1008E0000000000000000000000000000000000008
:1008F00000000000000000000000000000000000F8
:1009000000000000000000000000000000000000E7
:1009100000000000000000000000000000000000D7
:1009200000000000000000000000000000000000C7
:1009300000000000000000000000000000000000B7
:1009400000000000000000000000000000000000A7
:100950000000000000000000000000000000000097
:100960000000000000000000000000000000000087
:100970000000000000000000000000000000000077
:100980000000000000000000000000000000000067
:100990000000000000000000000000000000000057
:1009A0000000000000000000000000000000000047
:1009B0000000000000000000000000000000000037
:1009C0000000000000000000000000000000000027
:1009D0000000000000000000000000000000000017
:1009E0000000000000000000000000000000000007
:1009F00000000000000000000000000000000000F7
:100A000000000000000000000000000000000000E6
:100A100000000000000000000000000000000000D6
:100A200000000000000000000000000000000000C6
:100A300000000000000000000000000000000000B6
:100A400000000000000000000000000000000000A6
:100A50000000000000000000000000000000000096
:100A60000000000000000000000000000000000086
:100A70000000000000000000000000000000000076
:100A80000000000000000000000000000000000066
:100A90000000000000000000000000000000000056
:100AA0000000000000000000000000000000000046
:100AB0000000000000000000000000000000000036
:100AC0000000000000000000000000000000000026
:100AD0000000000000000000000000000000000016
:100AE0000000000000000000000000000000000006
:100AF00000000000000000000000000000000000F6
:100B000000000000000000000000000000000000E5
:100B100000000000000000000000000000000000D5
:100B200000000000000000000000000000000000C5
:100B300000000000000000000000000000000000B5
:100B400000000000000000000000000000000000A5
:100B50000000000000000000000000000000000095
:100B60000000000000000000000000000000000085
:100B70000000000000000000000000000000000075
:100B80000000000000000000000000000000000065
:100B90000000000000000000000000000000000055
:100BA0000000000000000000000000000000000045
:100BB0000000000000000000000000000000000035
:100BC0000000000000000000000000000000000025
:100BD0000000000000000000000000000000000015
:100BE0000000000000000000000000000000000005
:100BF00000000000000000000000000000000000F5
:100C000000000000000000000000000000000000E4
:100C100000000000000000000000000000000000D4
:100C200000000000000000000000000000000000C4
:100C300000000000000000000000000000000000B4
:100C400000000000000000000000000000000000A4
:100C50000000000000000000000000000000000094
:100C60000000000000000000000000000000000084
:100C70000000000000000000000000000000000074
:100C80000000000000000000000000000000000064
:100C90000000000000000000000000000000000054
:100CA0000000000000000000000000000000000044
:100CB0000000000000000000000000000000000034
:100CC0000000000000000000000000000000000024
:100CD0000000000000000000000000000000000014
:100CE0000000000000000000000000000000000004
:100CF00000000000000000000000000000000000F4
:100D000000000000000000000000000000000000E3
:100D100000000000000000000000000000000000D3
:040D200000000000CF
:100D2400FFFFFFFFFFFFFFFFFFFFFFFFFFFFFFFFCF
:100D3400FFFFFFFFFFFFFFFFFFFFFFFFFFFFFFFFBF
:100D4400FFFFFFFFFFFFFFFFFFFFFFFFFFFFFFFFAF
:100D5400FFFFFFFFFFFFFFFFFFFFFFFFFFFFFFFF9F
:100D6400FFFFFFFFFFFFFFFFFFFFFFFFFFFFFFFF8F
:100D7400FFFFFFFFFFFFFFFFFFFFFFFFFFFFFFFF7F
:100D8400FFFFFFFFFFFFFFFFFFFFFFFFFFFFFFFF6F
:100D9400FFFFFFFFFFFFFFFFFFFFFFFFFFFFFFFF5F
:100DA400FFFFFFFFFFFFFFFFFFFFFFFFFFFFFFFF4F
:100DB400FFFFFFFFFFFFFFFFFFFFFFFFFFFFFFFF3F
:100DC400FFFFFFFFFFFFFFFFFFFFFFFFFFFFFFFF2F
:100DD400FFFFFFFFFFFFFFFFFFFFFFFFFFFFFFFF1F
:100DE400FFFFFFFFFFFFFFFFFFFFFFFFFFFFFFFF0F
:100DF400FFFFFFFFFFFFFFFFFFFFFFFFFFFFFFFFFF
:100E0400FFFFFFFFFFFFFFFFFFFFFFFFFFFFFFFFEE
:100E1400FFFFFFFFFFFFFFFFFFFFFFFFFFFFFFFFDE
:100E2400FFFFFFFFFFFFFFFFFFFFFFFFFFFFFFFFCE
:100E3400FFFFFFFFFFFFFFFFFFFFFFFFFFFFFFFFBE
:100E4400FFFFFFFFFFFFFFFFFFFFFFFFFFFFFFFFAE
:100E5400FFFFFFFFFFFFFFFFFFFFFFFFFFFFFFFF9E
:100E6400FFFFFFFFFFFFFFFFFFFFFFFFFFFFFFFF8E
:100E7400FFFFFFFFFFFFFFFFFFFFFFFFFFFFFFFF7E
:100E8400FFFFFFFFFFFFFFFFFFFFFFFFFFFFFFFF6E
:100E9400FFFFFFFFFFFFFFFFFFFFFFFFFFFFFFFF5E
:100EA400FFFFFFFFFFFFFFFFFFFFFFFFFFFFFFFF4E
:100EB400FFFFFFFFFFFFFFFFFFFFFFFFFFFFFFFF3E
:100EC400FFFFFFFFFFFFFFFFFFFFFFFFFFFFFFFF2E
:100ED400FFFFFFFFFFFFFFFFFFFFFFFFFFFFFFFF1E
:100EE400FFFFFFFFFFFFFFFFFFFFFFFFFFFFFFFF0E
:100EF400FFFFFFFFFFFFFFFFFFFFFFFFFFFFFFFFFE
:100F0400FFFFFFFFFFFFFFFFFFFFFFFFFFFFFFFFED
:100F1400FFFFFFFFFFFFFFFFFFFFFFFFFFFFFFFFDD
:100F2400FFFFFFFFFFFFFFFFFFFFFFFFFFFFFFFFCD
:100F3400FFFFFFFFFFFFFFFFFFFFFFFFFFFFFFFFBD
:100F4400FFFFFFFFFFFFFFFFFFFFFFFFFFFFFFFFAD
:100F5400FFFFFFFFFFFFFFFFFFFFFFFFFFFFFFFF9D
:100F6400FFFFFFFFFFFFFFFFFFFFFFFFFFFFFFFF8D
:100F7400FFFFFFFFFFFFFFFFFFFFFFFFFFFFFFFF7D
:100F8400FFFFFFFFFFFFFFFFFFFFFFFFFFFFFFFF6D
:100F9400FFFFFFFFFFFFFFFFFFFFFFFFFFFFFFFF5D
:100FA400FFFFFFFFFFFFFFFFFFFFFFFFFFFFFFFF4D
:100FB400FFFFFFFFFFFFFFFFFFFFFFFFFFFFFFFF3D
:100FC400FFFFFFFFFFFFFFFFFFFFFFFFFFFFFFFF2D
:100FD400FFFFFFFFFFFFFFFFFFFFFFFFFFFFFFFF1D
:100FE400FFFFFFFFFFFFFFFFFFFFFFFFFFFFFFFF0D
:100FF400FFFFFFFFFFFFFFFFFFFFFFFF00000000F9
:1010040000000000000000000000000000000000DC
:1010140000000000000000000000000000000000CC
:1010240000000000000000000000000000000000BC
:1010340000000000000000000000000000000000AC
:10104400000000000000000000000000000000009C
:10105400000000000000000000000000000000008C
:10106400000000000000000000000000000000007C
:10107400000000000000000000000000000000006C
:10108400000000000000000000000000000000005C
:10109400000000000000000000000000000000004C
:1010A400000000000000000000000000000000003C
:1010B400000000000000000000000000000000002C
:1010C400000000000000000000000000000000001C
:1010D400000000000000000000000000000000000C
:1010E40000000000000000000000000000000000FC
:1010F40000000000000000000000000000000000EC
:1011040000000000000000000000000000000000DB
:1011140000000000000000000000000000000000CB
:1011240000000000000000000000000000000000BB
:1011340000000000000000000000000000000000AB
:10114400000000000000000000000000000000009B
:10115400000000000000000000000000000000008B
:10116400000000000000000000000000000000007B
:10117400000000000000000000000000000000006B
:10118400000000000000000000000000000000005B
:10119400000000000000000000000000000000004B
:1011A400000000000000000000000000000000003B
:1011B400000000000000000000000000000000002B
:1011C400000000000000000000000000000000001B
:1011D400000000000000000000000000000000000B
:1011E40000000000000000000000000000000000FB
:1011F40000000000000000000000000000000000EB
:1012040000000000000000000000000000000000DA
:1012140000000000000000000000000000000000CA
:1012240000000000000000000000000000000000BA
:1012340000000000000000000000000000000000AA
:10124400000000000000000000000000000000009A
:10125400000000000000000000000000000000008A
:10126400000000000000000000000000000000007A
:10127400000000000000000000000000000000006A
:10128400000000000000000000000000000000005A
:10129400000000000000000000000000000000004A
:1012A400000000000000000000000000000000003A
:1012B400000000000000000000000000000000002A
:1012C400000000000000000000000000000000001A
:1012D400000000000000000000000000000000000A
:1012E40000000000000000000000000000000000FA
:1012F40000000000000000000000000000000000EA
:1013040000000000000000000000000000000000D9
:1013140000000000000000000000000000000000C9
:1013240000000000000000000000000000000000B9
:1013340000000000000000000000000000000000A9
:101344000000000000000000000000000000000099
:101354000000000000000000000000000000000089
:101364000000000000000000000000000000000079
:101374000000000000000000000000000000000069
:101384000000000000000000000000000000000059
:101394000000000000000000000000000000000049
:1013A4000000000000000000000000000000000039
:1013B4000000000000000000000000000000000029
:1013C4000000000000000000000000000000000019
:1013D4000000000000000000000000000000000009
:1013E40000000000000000000000000000000000F9
:1013F40000000000000000000000000000000000E9
:1014040000000000000000000000000000000000D8
:1014140000000000000000000000000000000000C8
:1014240000000000000000000000000000000000B8
:1014340000000000000000000000000000000000A8
:101444000000000000000000000000000000000098
:101454000000000000000000000000000000000088
:101464000000000000000000000000000000000078
:101474000000000000000000000000000000000068
:101484000000000000000000000000000000000058
:101494000000000000000000000000000000000048
:1014A4000000000000000000000000000000000038
:1014B4000000000000000000000000000000000028
:1014C4000000000000000000000000000000000018
:1014D4000000000000000000000000000000000008
:1014E40000000000000000000000000000000000F8
:1014F40000000000000000000000000000000000E8
:1015040000000000000000000000000000000000D7
:1015140000000000000000000000000000000000C7
:1015240000000000000000000000000000000000B7
:1015340000000000000000000000000000000000A7
:101544000000000000000000000000000000000097
:101554000000000000000000000000000000000087
:101564000000000000000000000000000000000077
:101574000000000000000000000000000000000067
:101584000000000000000000000000000000000057
:101594000000000000000000000000000000000047
:1015A4000000000000000000000000000000000037
:1015B4000000000000000000000000000000000027
:1015C4000000000000000000000000000000000017
:1015D4000000000000000000000000000000000007
:1015E40000000000000000000000000000000000F7
:1015F40000000000000000000000000000000000E7
:1016040000000000000000000000000000000000D6
:1016140000000000000000000000000000000000C6
:1016240000000000000000000000000000000000B6
:1016340000000000000000000000000000000000A6
:101644000000000000000000000000000000000096
:101654000000000000000000000000000000000086
:101664000000000000000000000000000000000076
:101674000000000000000000000000000000000066
:101684000000000000000000000000000000000056
:101694000000000000000000000000000000000046
:1016A4000000000000000000000000000000000036
:1016B4000000000000000000000000000000000026
:1016C4000000000000000000000000000000000016
:1016D4000000000000000000000000000000000006
:1016E40000000000000000000000000000000000F6
:1016F40000000000000000000000000000000000E6
:1017040000000000000000000000000000000000D5
:1017140000000000000000000000000000000000C5
:1017240000000000000000000000000000000000B5
:1017340000000000000000000000000000000000A5
:101744000000000000000000000000000000000095
:101754000000000000000000000000000000000085
:101764000000000000000000000000000000000075
:101774000000000000000000000000000000000065
:101784000000000000000000000000000000000055
:101794000000000000000000000000000000000045
:1017A4000000000000000000000000000000000035
:1017B4000000000000000000000000000000000025
:1017C4000000000000000000000000000000000015
:1017D4000000000000000000000000000000000005
:1017E40000000000000000000000000000000000F5
:1017F40000000000000000000000000000000000E5
:1018040000000000000000000000000000000000D4
:1018140000000000000000000000000000000000C4
:1018240000000000000000000000000000000000B4
:1018340000000000000000000000000000000000A4
:101844000000000000000000000000000000000094
:101854000000000000000000000000000000000084
:101864000000000000000000000000000000000074
:101874000000000000000000000000000000000064
:101884000000000000000000000000000000000054
:101894000000000000000000000000000000000044
:1018A4000000000000000000000000000000000034
:1018B4000000000000000000000000000000000024
:1018C4000000000000000000000000000000000014
:1018D4000000000000000000000000000000000004
:1018E40000000000000000000000000000000000F4
:1018F40000000000000000000000000000000000E4
:1019040000000000000000000000000000000000D3
:1019140000000000000000000000000000000000C3
:1019240000000000000000000000000000000000B3
:1019340000000000000000000000000000000000A3
:101944000000000000000000000000000000000093
:101954000000000000000000000000000000000083
:101964000000000000000000000000000000000073
:101974000000000000000000000000000000000063
:101984000000000000000000000000000000000053
:101994000000000000000000000000000000000043
:1019A4000000000000000000000000000000000033
:1019B4000000000000000000000000000000000023
:1019C4000000000000000000000000000000000013
:1019D4000000000000000000000000000000000003
:1019E40000000000000000000000000000000000F3
:1019F40000000000000000000000000000000000E3
:101A040000000000000000000000000000000000D2
:101A140000000000000000000000000000000000C2
:101A240000000000000000000000000000000000B2
:101A340000000000000000000000000000000000A2
:101A44000000000000000000000000000000000092
:101A54000000000000000000000000000000000082
:101A64000000000000000000000000000000000072
:101A74000000000000000000000000000000000062
:101A84000000000000000000000000000000000052
:101A94000000000000000000000000000000000042
:101AA4000000000000000000000000000000000032
:101AB4000000000000000000000000000000000022
:101AC4000000000000000000000000000000000012
:101AD4000000000000000000000000000000000002
:101AE40000000000000000000000000000000000F2
:101AF40000000000000000000000000000000000E2
:101B040000000000000000000000000000000000D1
:101B140000000000000000000000000000000000C1
:101B240000000000000000000000000000000000B1
:101B340000000000000000000000000000000000A1
:101B44000000000000000000000000000000000091
:101B54000000000000000000000000000000000081
:101B64000000000000000000000000000000000071
:101B74000000000000000000000000000000000061
:101B84000000000000000000000000000000000051
:101B94000000000000000000000000000000000041
:101BA4000000000000000000000000000000000031
:101BB4000000000000000000000000000000000021
:101BC4000000000000000000000000000000000011
:101BD4000000000000000000000000000000000001
:101BE40000000000000000000000000000000000F1
:0C1BF400000000000000000000000000E5
:040000056000100087
:00000001FF
