:0200000460009A
:100000004643464200000156000000000103030081
:1000100000000000000000000000000000000000E0
:1000200000000000000000000000000000000000D0
:1000300000000000000000000000000000000000C0
:1000400000000000010408000000000000000000A3
:100050000000800000000000000000000000000020
:100060000000000000000000000000000000000090
:100070000000000000000000000000000000000080
:10008000EB04180A063204260000000000000000FD
:10009000050404240000000000000000000000002F
:1000A0000000000000000000000000000000000050
:1000B0000604000000000000000000000000000036
:1000C0000000000000000000000000000000000030
:1000D00020041808000000000000000000000000DC
:1000E0000000000000000000000000000000000010
:1000F0000000000000000000000000000000000000
:10010000D8041808000000000000000000000000F3
:100110000204180804200000000000000000000095
:1001200000000000000000000000000000000000CF
:10013000600400000000000000000000000000005B
:1001400000000000000000000000000000000000AF
:10015000000000000000000000000000000000009F
:10016000000000000000000000000000000000008F
:10017000000000000000000000000000000000007F
:10018000000000000000000000000000000000006F
:10019000000000000000000000000000000000005F
:1001A000000000000000000000000000000000004F
:1001B000000000000000000000000000000000003F
:1001C000000100000010000001000000000000001D
:1001D000000001000000000000000000000000001E
:1001E000000000000000000000000000000000000F
:1001F00000000000000000000000000000000000FF
:10020000FFFFFFFFFFFFFFFFFFFFFFFFFFFFFFFFFE
:10021000FFFFFFFFFFFFFFFFFFFFFFFFFFFFFFFFEE
:10022000FFFFFFFFFFFFFFFFFFFFFFFFFFFFFFFFDE
:10023000FFFFFFFFFFFFFFFFFFFFFFFFFFFFFFFFCE
:10024000FFFFFFFFFFFFFFFFFFFFFFFFFFFFFFFFBE
:10025000FFFFFFFFFFFFFFFFFFFFFFFFFFFFFFFFAE
:10026000FFFFFFFFFFFFFFFFFFFFFFFFFFFFFFFF9E
:10027000FFFFFFFFFFFFFFFFFFFFFFFFFFFFFFFF8E
:10028000FFFFFFFFFFFFFFFFFFFFFFFFFFFFFFFF7E
:10029000FFFFFFFFFFFFFFFFFFFFFFFFFFFFFFFF6E
:1002A000FFFFFFFFFFFFFFFFFFFFFFFFFFFFFFFF5E
:1002B000FFFFFFFFFFFFFFFFFFFFFFFFFFFFFFFF4E
:1002C000FFFFFFFFFFFFFFFFFFFFFFFFFFFFFFFF3E
:1002D000FFFFFFFFFFFFFFFFFFFFFFFFFFFFFFFF2E
:1002E000FFFFFFFFFFFFFFFFFFFFFFFFFFFFFFFF1E
:1002F000FFFFFFFFFFFFFFFFFFFFFFFFFFFFFFFF0E
:10030000FFFFFFFFFFFFFFFFFFFFFFFFFFFFFFFFFD
:10031000FFFFFFFFFFFFFFFFFFFFFFFFFFFFFFFFED
:10032000FFFFFFFFFFFFFFFFFFFFFFFFFFFFFFFFDD
:10033000FFFFFFFFFFFFFFFFFFFFFFFFFFFFFFFFCD
:10034000FFFFFFFFFFFFFFFFFFFFFFFFFFFFFFFFBD
:10035000FFFFFFFFFFFFFFFFFFFFFFFFFFFFFFFFAD
:10036000FFFFFFFFFFFFFFFFFFFFFFFFFFFFFFFF9D
:10037000FFFFFFFFFFFFFFFFFFFFFFFFFFFFFFFF8D
:10038000FFFFFFFFFFFFFFFFFFFFFFFFFFFFFFFF7D
:10039000FFFFFFFFFFFFFFFFFFFFFFFFFFFFFFFF6D
:1003A000FFFFFFFFFFFFFFFFFFFFFFFFFFFFFFFF5D
:1003B000FFFFFFFFFFFFFFFFFFFFFFFFFFFFFFFF4D
:1003C000FFFFFFFFFFFFFFFFFFFFFFFFFFFFFFFF3D
:1003D000FFFFFFFFFFFFFFFFFFFFFFFFFFFFFFFF2D
:1003E000FFFFFFFFFFFFFFFFFFFFFFFFFFFFFFFF1D
:1003F000FFFFFFFFFFFFFFFFFFFFFFFFFFFFFFFF0D
:10040000FFFFFFFFFFFFFFFFFFFFFFFFFFFFFFFFFC
:10041000FFFFFFFFFFFFFFFFFFFFFFFFFFFFFFFFEC
:10042000FFFFFFFFFFFFFFFFFFFFFFFFFFFFFFFFDC
:10043000FFFFFFFFFFFFFFFFFFFFFFFFFFFFFFFFCC
:10044000FFFFFFFFFFFFFFFFFFFFFFFFFFFFFFFFBC
:10045000FFFFFFFFFFFFFFFFFFFFFFFFFFFFFFFFAC
:10046000FFFFFFFFFFFFFFFFFFFFFFFFFFFFFFFF9C
:10047000FFFFFFFFFFFFFFFFFFFFFFFFFFFFFFFF8C
:10048000FFFFFFFFFFFFFFFFFFFFFFFFFFFFFFFF7C
:10049000FFFFFFFFFFFFFFFFFFFFFFFFFFFFFFFF6C
:1004A000FFFFFFFFFFFFFFFFFFFFFFFFFFFFFFFF5C
:1004B000FFFFFFFFFFFFFFFFFFFFFFFFFFFFFFFF4C
:1004C000FFFFFFFFFFFFFFFFFFFFFFFFFFFFFFFF3C
:1004D000FFFFFFFFFFFFFFFFFFFFFFFFFFFFFFFF2C
:1004E000FFFFFFFFFFFFFFFFFFFFFFFFFFFFFFFF1C
:1004F000FFFFFFFFFFFFFFFFFFFFFFFFFFFFFFFF0C
:10050000FFFFFFFFFFFFFFFFFFFFFFFFFFFFFFFFFB
:10051000FFFFFFFFFFFFFFFFFFFFFFFFFFFFFFFFEB
:10052000FFFFFFFFFFFFFFFFFFFFFFFFFFFFFFFFDB
:10053000FFFFFFFFFFFFFFFFFFFFFFFFFFFFFFFFCB
:10054000FFFFFFFFFFFFFFFFFFFFFFFFFFFFFFFFBB
:10055000FFFFFFFFFFFFFFFFFFFFFFFFFFFFFFFFAB
:10056000FFFFFFFFFFFFFFFFFFFFFFFFFFFFFFFF9B
:10057000FFFFFFFFFFFFFFFFFFFFFFFFFFFFFFFF8B
:10058000FFFFFFFFFFFFFFFFFFFFFFFFFFFFFFFF7B
:10059000FFFFFFFFFFFFFFFFFFFFFFFFFFFFFFFF6B
:1005A000FFFFFFFFFFFFFFFFFFFFFFFFFFFFFFFF5B
:1005B000FFFFFFFFFFFFFFFFFFFFFFFFFFFFFFFF4B
:1005C000FFFFFFFFFFFFFFFFFFFFFFFFFFFFFFFF3B
:1005D000FFFFFFFFFFFFFFFFFFFFFFFFFFFFFFFF2B
:1005E000FFFFFFFFFFFFFFFFFFFFFFFFFFFFFFFF1B
:1005F000FFFFFFFFFFFFFFFFFFFFFFFFFFFFFFFF0B
:10060000FFFFFFFFFFFFFFFFFFFFFFFFFFFFFFFFFA
:10061000FFFFFFFFFFFFFFFFFFFFFFFFFFFFFFFFEA
:10062000FFFFFFFFFFFFFFFFFFFFFFFFFFFFFFFFDA
:10063000FFFFFFFFFFFFFFFFFFFFFFFFFFFFFFFFCA
:10064000FFFFFFFFFFFFFFFFFFFFFFFFFFFFFFFFBA
:10065000FFFFFFFFFFFFFFFFFFFFFFFFFFFFFFFFAA
:10066000FFFFFFFFFFFFFFFFFFFFFFFFFFFFFFFF9A
:10067000FFFFFFFFFFFFFFFFFFFFFFFFFFFFFFFF8A
:10068000FFFFFFFFFFFFFFFFFFFFFFFFFFFFFFFF7A
:10069000FFFFFFFFFFFFFFFFFFFFFFFFFFFFFFFF6A
:1006A000FFFFFFFFFFFFFFFFFFFFFFFFFFFFFFFF5A
:1006B000FFFFFFFFFFFFFFFFFFFFFFFFFFFFFFFF4A
:1006C000FFFFFFFFFFFFFFFFFFFFFFFFFFFFFFFF3A
:1006D000FFFFFFFFFFFFFFFFFFFFFFFFFFFFFFFF2A
:1006E000FFFFFFFFFFFFFFFFFFFFFFFFFFFFFFFF1A
:1006F000FFFFFFFFFFFFFFFFFFFFFFFFFFFFFFFF0A
:10070000FFFFFFFFFFFFFFFFFFFFFFFFFFFFFFFFF9
:10071000FFFFFFFFFFFFFFFFFFFFFFFFFFFFFFFFE9
:10072000FFFFFFFFFFFFFFFFFFFFFFFFFFFFFFFFD9
:10073000FFFFFFFFFFFFFFFFFFFFFFFFFFFFFFFFC9
:10074000FFFFFFFFFFFFFFFFFFFFFFFFFFFFFFFFB9
:10075000FFFFFFFFFFFFFFFFFFFFFFFFFFFFFFFFA9
:10076000FFFFFFFFFFFFFFFFFFFFFFFFFFFFFFFF99
:10077000FFFFFFFFFFFFFFFFFFFFFFFFFFFFFFFF89
:10078000FFFFFFFFFFFFFFFFFFFFFFFFFFFFFFFF79
:10079000FFFFFFFFFFFFFFFFFFFFFFFFFFFFFFFF69
:1007A000FFFFFFFFFFFFFFFFFFFFFFFFFFFFFFFF59
:1007B000FFFFFFFFFFFFFFFFFFFFFFFFFFFFFFFF49
:1007C000FFFFFFFFFFFFFFFFFFFFFFFFFFFFFFFF39
:1007D000FFFFFFFFFFFFFFFFFFFFFFFFFFFFFFFF29
:1007E000FFFFFFFFFFFFFFFFFFFFFFFFFFFFFFFF19
:1007F000FFFFFFFFFFFFFFFFFFFFFFFFFFFFFFFF09
:10080000FFFFFFFFFFFFFFFFFFFFFFFFFFFFFFFFF8
:10081000FFFFFFFFFFFFFFFFFFFFFFFFFFFFFFFFE8
:10082000FFFFFFFFFFFFFFFFFFFFFFFFFFFFFFFFD8
:10083000FFFFFFFFFFFFFFFFFFFFFFFFFFFFFFFFC8
:10084000FFFFFFFFFFFFFFFFFFFFFFFFFFFFFFFFB8
:10085000FFFFFFFFFFFFFFFFFFFFFFFFFFFFFFFFA8
:10086000FFFFFFFFFFFFFFFFFFFFFFFFFFFFFFFF98
:10087000FFFFFFFFFFFFFFFFFFFFFFFFFFFFFFFF88
:10088000FFFFFFFFFFFFFFFFFFFFFFFFFFFFFFFF78
:10089000FFFFFFFFFFFFFFFFFFFFFFFFFFFFFFFF68
:1008A000FFFFFFFFFFFFFFFFFFFFFFFFFFFFFFFF58
:1008B000FFFFFFFFFFFFFFFFFFFFFFFFFFFFFFFF48
:1008C000FFFFFFFFFFFFFFFFFFFFFFFFFFFFFFFF38
:1008D000FFFFFFFFFFFFFFFFFFFFFFFFFFFFFFFF28
:1008E000FFFFFFFFFFFFFFFFFFFFFFFFFFFFFFFF18
:1008F000FFFFFFFFFFFFFFFFFFFFFFFFFFFFFFFF08
:10090000FFFFFFFFFFFFFFFFFFFFFFFFFFFFFFFFF7
:10091000FFFFFFFFFFFFFFFFFFFFFFFFFFFFFFFFE7
:10092000FFFFFFFFFFFFFFFFFFFFFFFFFFFFFFFFD7
:10093000FFFFFFFFFFFFFFFFFFFFFFFFFFFFFFFFC7
:10094000FFFFFFFFFFFFFFFFFFFFFFFFFFFFFFFFB7
:10095000FFFFFFFFFFFFFFFFFFFFFFFFFFFFFFFFA7
:10096000FFFFFFFFFFFFFFFFFFFFFFFFFFFFFFFF97
:10097000FFFFFFFFFFFFFFFFFFFFFFFFFFFFFFFF87
:10098000FFFFFFFFFFFFFFFFFFFFFFFFFFFFFFFF77
:10099000FFFFFFFFFFFFFFFFFFFFFFFFFFFFFFFF67
:1009A000FFFFFFFFFFFFFFFFFFFFFFFFFFFFFFFF57
:1009B000FFFFFFFFFFFFFFFFFFFFFFFFFFFFFFFF47
:1009C000FFFFFFFFFFFFFFFFFFFFFFFFFFFFFFFF37
:1009D000FFFFFFFFFFFFFFFFFFFFFFFFFFFFFFFF27
:1009E000FFFFFFFFFFFFFFFFFFFFFFFFFFFFFFFF17
:1009F000FFFFFFFFFFFFFFFFFFFFFFFFFFFFFFFF07
:100A0000FFFFFFFFFFFFFFFFFFFFFFFFFFFFFFFFF6
:100A1000FFFFFFFFFFFFFFFFFFFFFFFFFFFFFFFFE6
:100A2000FFFFFFFFFFFFFFFFFFFFFFFFFFFFFFFFD6
:100A3000FFFFFFFFFFFFFFFFFFFFFFFFFFFFFFFFC6
:100A4000FFFFFFFFFFFFFFFFFFFFFFFFFFFFFFFFB6
:100A5000FFFFFFFFFFFFFFFFFFFFFFFFFFFFFFFFA6
:100A6000FFFFFFFFFFFFFFFFFFFFFFFFFFFFFFFF96
:100A7000FFFFFFFFFFFFFFFFFFFFFFFFFFFFFFFF86
:100A8000FFFFFFFFFFFFFFFFFFFFFFFFFFFFFFFF76
:100A9000FFFFFFFFFFFFFFFFFFFFFFFFFFFFFFFF66
:100AA000FFFFFFFFFFFFFFFFFFFFFFFFFFFFFFFF56
:100AB000FFFFFFFFFFFFFFFFFFFFFFFFFFFFFFFF46
:100AC000FFFFFFFFFFFFFFFFFFFFFFFFFFFFFFFF36
:100AD000FFFFFFFFFFFFFFFFFFFFFFFFFFFFFFFF26
:100AE000FFFFFFFFFFFFFFFFFFFFFFFFFFFFFFFF16
:100AF000FFFFFFFFFFFFFFFFFFFFFFFFFFFFFFFF06
:100B0000FFFFFFFFFFFFFFFFFFFFFFFFFFFFFFFFF5
:100B1000FFFFFFFFFFFFFFFFFFFFFFFFFFFFFFFFE5
:100B2000FFFFFFFFFFFFFFFFFFFFFFFFFFFFFFFFD5
:100B3000FFFFFFFFFFFFFFFFFFFFFFFFFFFFFFFFC5
:100B4000FFFFFFFFFFFFFFFFFFFFFFFFFFFFFFFFB5
:100B5000FFFFFFFFFFFFFFFFFFFFFFFFFFFFFFFFA5
:100B6000FFFFFFFFFFFFFFFFFFFFFFFFFFFFFFFF95
:100B7000FFFFFFFFFFFFFFFFFFFFFFFFFFFFFFFF85
:100B8000FFFFFFFFFFFFFFFFFFFFFFFFFFFFFFFF75
:100B9000FFFFFFFFFFFFFFFFFFFFFFFFFFFFFFFF65
:100BA000FFFFFFFFFFFFFFFFFFFFFFFFFFFFFFFF55
:100BB000FFFFFFFFFFFFFFFFFFFFFFFFFFFFFFFF45
:100BC000FFFFFFFFFFFFFFFFFFFFFFFFFFFFFFFF35
:100BD000FFFFFFFFFFFFFFFFFFFFFFFFFFFFFFFF25
:100BE000FFFFFFFFFFFFFFFFFFFFFFFFFFFFFFFF15
:100BF000FFFFFFFFFFFFFFFFFFFFFFFFFFFFFFFF05
:100C0000FFFFFFFFFFFFFFFFFFFFFFFFFFFFFFFFF4
:100C1000FFFFFFFFFFFFFFFFFFFFFFFFFFFFFFFFE4
:100C2000FFFFFFFFFFFFFFFFFFFFFFFFFFFFFFFFD4
:100C3000FFFFFFFFFFFFFFFFFFFFFFFFFFFFFFFFC4
:100C4000FFFFFFFFFFFFFFFFFFFFFFFFFFFFFFFFB4
:100C5000FFFFFFFFFFFFFFFFFFFFFFFFFFFFFFFFA4
:100C6000FFFFFFFFFFFFFFFFFFFFFFFFFFFFFFFF94
:100C7000FFFFFFFFFFFFFFFFFFFFFFFFFFFFFFFF84
:100C8000FFFFFFFFFFFFFFFFFFFFFFFFFFFFFFFF74
:100C9000FFFFFFFFFFFFFFFFFFFFFFFFFFFFFFFF64
:100CA000FFFFFFFFFFFFFFFFFFFFFFFFFFFFFFFF54
:100CB000FFFFFFFFFFFFFFFFFFFFFFFFFFFFFFFF44
:100CC000FFFFFFFFFFFFFFFFFFFFFFFFFFFFFFFF34
:100CD000FFFFFFFFFFFFFFFFFFFFFFFFFFFFFFFF24
:100CE000FFFFFFFFFFFFFFFFFFFFFFFFFFFFFFFF14
:100CF000FFFFFFFFFFFFFFFFFFFFFFFFFFFFFFFF04
:100D0000FFFFFFFFFFFFFFFFFFFFFFFFFFFFFFFFF3
:100D1000FFFFFFFFFFFFFFFFFFFFFFFFFFFFFFFFE3
:100D2000FFFFFFFFFFFFFFFFFFFFFFFFFFFFFFFFD3
:100D3000FFFFFFFFFFFFFFFFFFFFFFFFFFFFFFFFC3
:100D4000FFFFFFFFFFFFFFFFFFFFFFFFFFFFFFFFB3
:100D5000FFFFFFFFFFFFFFFFFFFFFFFFFFFFFFFFA3
:100D6000FFFFFFFFFFFFFFFFFFFFFFFFFFFFFFFF93
:100D7000FFFFFFFFFFFFFFFFFFFFFFFFFFFFFFFF83
:100D8000FFFFFFFFFFFFFFFFFFFFFFFFFFFFFFFF73
:100D9000FFFFFFFFFFFFFFFFFFFFFFFFFFFFFFFF63
:100DA000FFFFFFFFFFFFFFFFFFFFFFFFFFFFFFFF53
:100DB000FFFFFFFFFFFFFFFFFFFFFFFFFFFFFFFF43
:100DC000FFFFFFFFFFFFFFFFFFFFFFFFFFFFFFFF33
:100DD000FFFFFFFFFFFFFFFFFFFFFFFFFFFFFFFF23
:100DE000FFFFFFFFFFFFFFFFFFFFFFFFFFFFFFFF13
:100DF000FFFFFFFFFFFFFFFFFFFFFFFFFFFFFFFF03
:100E0000FFFFFFFFFFFFFFFFFFFFFFFFFFFFFFFFF2
:100E1000FFFFFFFFFFFFFFFFFFFFFFFFFFFFFFFFE2
:100E2000FFFFFFFFFFFFFFFFFFFFFFFFFFFFFFFFD2
:100E3000FFFFFFFFFFFFFFFFFFFFFFFFFFFFFFFFC2
:100E4000FFFFFFFFFFFFFFFFFFFFFFFFFFFFFFFFB2
:100E5000FFFFFFFFFFFFFFFFFFFFFFFFFFFFFFFFA2
:100E6000FFFFFFFFFFFFFFFFFFFFFFFFFFFFFFFF92
:100E7000FFFFFFFFFFFFFFFFFFFFFFFFFFFFFFFF82
:100E8000FFFFFFFFFFFFFFFFFFFFFFFFFFFFFFFF72
:100E9000FFFFFFFFFFFFFFFFFFFFFFFFFFFFFFFF62
:100EA000FFFFFFFFFFFFFFFFFFFFFFFFFFFFFFFF52
:100EB000FFFFFFFFFFFFFFFFFFFFFFFFFFFFFFFF42
:100EC000FFFFFFFFFFFFFFFFFFFFFFFFFFFFFFFF32
:100ED000FFFFFFFFFFFFFFFFFFFFFFFFFFFFFFFF22
:100EE000FFFFFFFFFFFFFFFFFFFFFFFFFFFFFFFF12
:100EF000FFFFFFFFFFFFFFFFFFFFFFFFFFFFFFFF02
:100F0000FFFFFFFFFFFFFFFFFFFFFFFFFFFFFFFFF1
:100F1000FFFFFFFFFFFFFFFFFFFFFFFFFFFFFFFFE1
:100F2000FFFFFFFFFFFFFFFFFFFFFFFFFFFFFFFFD1
:100F3000FFFFFFFFFFFFFFFFFFFFFFFFFFFFFFFFC1
:100F4000FFFFFFFFFFFFFFFFFFFFFFFFFFFFFFFFB1
:100F5000FFFFFFFFFFFFFFFFFFFFFFFFFFFFFFFFA1
:100F6000FFFFFFFFFFFFFFFFFFFFFFFFFFFFFFFF91
:100F7000FFFFFFFFFFFFFFFFFFFFFFFFFFFFFFFF81
:100F8000FFFFFFFFFFFFFFFFFFFFFFFFFFFFFFFF71
:100F9000FFFFFFFFFFFFFFFFFFFFFFFFFFFFFFFF61
:100FA000FFFFFFFFFFFFFFFFFFFFFFFFFFFFFFFF51
:100FB000FFFFFFFFFFFFFFFFFFFFFFFFFFFFFFFF41
:100FC000FFFFFFFFFFFFFFFFFFFFFFFFFFFFFFFF31
:100FD000FFFFFFFFFFFFFFFFFFFFFFFFFFFFFFFF21
:100FE000FFFFFFFFFFFFFFFFFFFFFFFFFFFFFFFF11
:100FF000FFFFFFFFFFFFFFFFFFFFFFFFFFFFFFFF01
:10100000D10020434D1600600000000000000000E9
:10101000201000600010006000100360000000005D
:1010200000000060001C030000000000FFFFFFFF45
:10103000FFFFFFFFFFFFFFFFFFFFFFFFFFFFFFFFC0
:10104000FFFFFFFFFFFFFFFFFFFFFFFFFFFFFFFFB0
:10105000FFFFFFFFFFFFFFFFFFFFFFFFFFFFFFFFA0
:10106000FFFFFFFFFFFFFFFFFFFFFFFFFFFFFFFF90
:10107000FFFFFFFFFFFFFFFFFFFFFFFFFFFFFFFF80
:10108000FFFFFFFFFFFFFFFFFFFFFFFFFFFFFFFF70
:10109000FFFFFFFFFFFFFFFFFFFFFFFFFFFFFFFF60
:1010A000FFFFFFFFFFFFFFFFFFFFFFFFFFFFFFFF50
:1010B000FFFFFFFFFFFFFFFFFFFFFFFFFFFFFFFF40
:1010C000FFFFFFFFFFFFFFFFFFFFFFFFFFFFFFFF30
:1010D000FFFFFFFFFFFFFFFFFFFFFFFFFFFFFFFF20
:1010E000FFFFFFFFFFFFFFFFFFFFFFFFFFFFFFFF10
:1010F000FFFFFFFFFFFFFFFFFFFFFFFFFFFFFFFF00
:10110000FFFFFFFFFFFFFFFFFFFFFFFFFFFFFFFFEF
:10111000FFFFFFFFFFFFFFFFFFFFFFFFFFFFFFFFDF
:10112000FFFFFFFFFFFFFFFFFFFFFFFFFFFFFFFFCF
:10113000FFFFFFFFFFFFFFFFFFFFFFFFFFFFFFFFBF
:10114000FFFFFFFFFFFFFFFFFFFFFFFFFFFFFFFFAF
:10115000FFFFFFFFFFFFFFFFFFFFFFFFFFFFFFFF9F
:10116000FFFFFFFFFFFFFFFFFFFFFFFFFFFFFFFF8F
:10117000FFFFFFFFFFFFFFFFFFFFFFFFFFFFFFFF7F
:10118000FFFFFFFFFFFFFFFFFFFFFFFFFFFFFFFF6F
:10119000FFFFFFFFFFFFFFFFFFFFFFFFFFFFFFFF5F
:1011A000FFFFFFFFFFFFFFFFFFFFFFFFFFFFFFFF4F
:1011B000FFFFFFFFFFFFFFFFFFFFFFFFFFFFFFFF3F
:1011C000FFFFFFFFFFFFFFFFFFFFFFFFFFFFFFFF2F
:1011D000FFFFFFFFFFFFFFFFFFFFFFFFFFFFFFFF1F
:1011E000FFFFFFFFFFFFFFFFFFFFFFFFFFFFFFFF0F
:1011F000FFFFFFFFFFFFFFFFFFFFFFFFFFFFFFFFFF
:10120000FFFFFFFFFFFFFFFFFFFFFFFFFFFFFFFFEE
:10121000FFFFFFFFFFFFFFFFFFFFFFFFFFFFFFFFDE
:10122000FFFFFFFFFFFFFFFFFFFFFFFFFFFFFFFFCE
:10123000FFFFFFFFFFFFFFFFFFFFFFFFFFFFFFFFBE
:10124000FFFFFFFFFFFFFFFFFFFFFFFFFFFFFFFFAE
:10125000FFFFFFFFFFFFFFFFFFFFFFFFFFFFFFFF9E
:10126000FFFFFFFFFFFFFFFFFFFFFFFFFFFFFFFF8E
:10127000FFFFFFFFFFFFFFFFFFFFFFFFFFFFFFFF7E
:10128000FFFFFFFFFFFFFFFFFFFFFFFFFFFFFFFF6E
:10129000FFFFFFFFFFFFFFFFFFFFFFFFFFFFFFFF5E
:1012A000FFFFFFFFFFFFFFFFFFFFFFFFFFFFFFFF4E
:1012B000FFFFFFFFFFFFFFFFFFFFFFFFFFFFFFFF3E
:1012C000FFFFFFFFFFFFFFFFFFFFFFFFFFFFFFFF2E
:1012D000FFFFFFFFFFFFFFFFFFFFFFFFFFFFFFFF1E
:1012E000FFFFFFFFFFFFFFFFFFFFFFFFFFFFFFFF0E
:1012F000FFFFFFFFFFFFFFFFFFFFFFFFFFFFFFFFFE
:10130000FFFFFFFFFFFFFFFFFFFFFFFFFFFFFFFFED
:10131000FFFFFFFFFFFFFFFFFFFFFFFFFFFFFFFFDD
:10132000FFFFFFFFFFFFFFFFFFFFFFFFFFFFFFFFCD
:10133000FFFFFFFFFFFFFFFFFFFFFFFFFFFFFFFFBD
:10134000FFFFFFFFFFFFFFFFFFFFFFFFFFFFFFFFAD
:10135000FFFFFFFFFFFFFFFFFFFFFFFFFFFFFFFF9D
:10136000FFFFFFFFFFFFFFFFFFFFFFFFFFFFFFFF8D
:10137000FFFFFFFFFFFFFFFFFFFFFFFFFFFFFFFF7D
:10138000FFFFFFFFFFFFFFFFFFFFFFFFFFFFFFFF6D
:10139000FFFFFFFFFFFFFFFFFFFFFFFFFFFFFFFF5D
:1013A000FFFFFFFFFFFFFFFFFFFFFFFFFFFFFFFF4D
:1013B000FFFFFFFFFFFFFFFFFFFFFFFFFFFFFFFF3D
:1013C000FFFFFFFFFFFFFFFFFFFFFFFFFFFFFFFF2D
:1013D000FFFFFFFFFFFFFFFFFFFFFFFFFFFFFFFF1D
:1013E000FFFFFFFFFFFFFFFFFFFFFFFFFFFFFFFF0D
:1013F000FFFFFFFFFFFFFFFFFFFFFFFFFFFFFFFFFD
:10140000814205D051F8043B40F8043B8242F9D8B0
:10141000704700BF044A05494FF0000342F8043BFF
:101420009142FBD8704700BFC0A60020A0C3012096
:101430002DE98848BFF34F8F00BF00BF00BF00BF3A
:1014400000F000FA684B0822C3F8542100BF00BF27
:1014500000BF00BF00BF00BF00BF00BF00BF00BF94
:1014600000BF00BF00BF00BF00BF00BF5F4A6049B0
:101470006048FFF7C5FF604A60496148FFF7C0FF59
:10148000604CFFF7C7FF4FF470004FF0E0210023DE
:101490005D4AC1F8880D44F823200133B02BFAD1FE
:1014A0005A4B80215A4A03F8011B9342FBD14FF05B
:1014B000E0254D4E4FF08039DFF884B1DFF884A18C
:1014C0004FF0FF31C5F8084D0027C6F80491C6F863
:1014D00000B1C6F8F490C6F8F0A0D5F8243DDFF8C6
:1014E000688143F4E0234B4AC5F8243DD8F81C300A
:1014F00023F07F0343F04003C8F81C30D8F82430B1
:1015000023F07F0343F04003C8F824309166D1668E
:101510001167516700F09EF93F4B4049A363404B70
:10152000E36363236B610323AF612B613D4BC5F81C
:10153000203DD5F8FC3D43F08073C5F8FC3D3A4BA7
:101540001A6842F001021A605B680B6000F0CCFB85
:10155000C6F804913548C6F800B1C6F8F490C6F84C
:10156000F0A000F041FDD8F86C10314B314A41F445
:101570004051C8F86C101F60C3F80871C3F81871A7
:10158000C3F82871C3F83871936BDB0708D442F6AF
:101590001563294951651365936B43F00103936308
:1015A000244A264C936843F00113936000F0DAF963
:1015B00000F01EF900F01CFD00F0C4FB00F044F93F
:1015C0002368132BFCD900F055FC2368B3F5967FF4
:1015D000FBD300F03DF900F039F900F0F9FC00F020
:1015E0000BFD30BFFDE700BF00800D403843020017
:1015F0002822006000000000C0A600206465026090
:101600000000002000A4002029F2000000E400E017
:10161000A0E400E000C00A4029D1000014C301206A
:101620002DD1000000002020001000E00046C32360
:101630000040084000400D400000C05618C3012083
:101640001B1018200C0D111300C00F40054B4FF458
:101650002A01054A05485A641864054A9963954663
:10166000FFF7E6FE00C00A40FFABAAAA0700200071
:101670000080052043690A4A03EB011010B4037A85
:10168000084C02EB0313D3E901321460C2681A60FC
:1016900003690BB142691A605DF8044B704700BFE3
:1016A000B08A002061F801004369027E03EB021258
:1016B00092F808C08C451CD01A7AFF2A19D09142A2
:1016C00010B5044616D01A7EFF2A06D00121D3E9B0
:1016D000002312681A4201D1217610BD064B052263
:1016E000204603EB0C135B681A60FFF7C3FF2176FB
:1016F000F3E770470021EAE7B08A002043690A4A0D
:1017000003EB011010B490F82830084C02EB0313DF
:10171000D3E901321460C26A1A60036B0BB1426BE9
:101720001A605DF8044B7047B08A002061F8010030
:101730004369427E03EB021292F828C08C451ED00A
:1017400093F82820FF2A1AD0914210B5044617D0EA
:1017500093F83820FF2A06D00121D3E9002312682C
:101760001A4201D1617610BD064B0522204603EBDB
:101770000C135B681A60FFF7C1FF6176F3E77047EF
:101780000021EAE7B08A0020164942698B6B23F4F6
:101790007C0343F4802370B58B630446124DD2E979
:1017A00000130A681A4303690A60022200211A61C1
:1017B0000E4A19619A6401225A629D624FF43035D3
:1017C000DD624FF001159E6C1E6519629D651A6100
:1017D000017EFFF74FFF617E2046BDE87040FFF7B6
:1017E0008DBF00BF00C00F40B80B05053B3728195F
:1017F000104BA020104AD96E41F4403110B4D96684
:1018000040F23764D96E41F44071D96654649064F3
:10181000936C1B06FCD4094A40F23761A023516443
:101820009364936C13F08003FBD1054A13705DF849
:10183000044B704700C00F4000400C4000800C403B
:1018400052C30120704700BF704700BF704700BF00
:1018500000BF704710B44FF0E0230021102431483E
:10186000C3F8941DC3F89C4D1124C3F8A00D2E4855
:10187000C3F89C4D1224C3F8A00D2C48C3F89C4D0E
:101880002B4AC3F8A00D2B4C42F015022A48C3F88E
:101890009C4DC3F8A00D294C2948C3F89C4DC3F8B2
:1018A000A00D284CC3F89C2D2748284AC3F8A04D0A
:1018B000C3F89C0DC3F8A02D02F5A022244C0C32D5
:1018C0002448C3F89C4DC3F8A02D234AC3F89C0DAF
:1018D000224CC3F8A02D02F14062C3F89C4D204871
:1018E000C3F8A02D0C32C3F89C0DC3F8A02D00BF87
:1018F00000BF00BF00BF00BF0122C3F8942DBFF39B
:101900004F8FBFF36F8FC3F8501FBFF34F8FBFF3DD
:101910006F8FD3F8142D5DF8044B42F44032C3F8B6
:10192000142D70473F000010250008070900100023
:10193000A0C3012013002000210002071400002092
:1019400025000813090000101600202027000B13A3
:1019500017000040180000602F000B0719000070EE
:101960001A000080F0B5B84B1822B84E0120B84FCD
:1019700083B0C3F85C62B749C3F86072B64DC3F870
:101980006462A6F53046B54CC3F86862C3F86C5281
:10199000C3F87052C3F87452C3F8785248F20C7509
:1019A000DA661A675A679A67DA67C3F88020C3F85D
:1019B0008420C3F88820C1F82C03A94AC1F8300359
:1019C000C1F83403C1F83803C1F83C03C1F850032F
:1019D000A169A44B0A40A448A4491343A44AA361A3
:1019E000D4F8843043F00C03C4F884304FF0FF3453
:1019F000036843F00203036003682B404FF4005573
:101A00001A439C4B026044608A689B4C13409B4A7B
:101A100043F000538360C36823F07803C360036A14
:101A2000134023430362036A1340954A2343954CB2
:101A300043628262C2620022D1F8B83023F03F03D1
:101A400043F00103C0F8B830D1F8BC308E4923F020
:101A50003F0343F00103C0F8BC3040F2056302616C
:101A600005660467C0F88030456644670224C0F804
:101A70008430036823F0020303608161834B84494F
:101A8000C46143F8042B8B42FBD1774A136843F0BF
:101A900001031360136813F00103FBD17A4802219C
:101AA00040F2F564906140F29940D16140F26641A4
:101AB000C2F8004242F20144C2F810127549C2F85D
:101AC0002002C2F8301240F235417348C2F8344265
:101AD000C2F84012714CC2F8500242F20120704923
:101AE000C2F854120121C2F86042C2F864025E4892
:101AF000C2F8A030C2F8A430C2F8B0104369DA07C7
:101B0000FCD5012300244FF4803257494361C0F8CB
:101B1000A040C0F8A420C0F8B0304B69DB07FCD56A
:101B2000012300244FF400304F4A4B61C1F8A0401C
:101B3000C1F8A400C1F8B0305369DF07FCD5012318
:101B40000024584848495361C2F8A040C2F8A40094
:101B5000C2F8B0304B69DE07FCD5D1F8003145F64C
:101B60000D5221209BB24861934265D100244FF46D
:101B7000802201233C48C1F8A040C1F8A420C1F84C
:101B8000B0304369DD07FCD501234FF40004002188
:101B9000354A4361C0F8A040C0F8A410C0F8B03086
:101BA0005369DC07FCD501234FF400044FF4803067
:101BB0002D495361C2F8A040C2F8A400C2F8B03069
:101BC0004B69D807FCD501234FF400044FF40030D3
:101BD000254A4B61C1F8A040C1F8A400C1F8B0305B
:101BE0005369D907FCD501234FF400042D481E4941
:101BF0005361C2F8A040C2F8A400C2F8B0304B69EB
:101C0000DA07FCD5D1F8003145F60D5221209BB200
:101C10004861934250D008254FF400042249002027
:101C2000224B234A009015705A1A0123214822445E
:101C300000F0D2F903B0F0BD1E4B0022C3E9002230
:101C4000C3E9022203B0F0BD00801F40F9B00100DB
:101C5000F910010000841F40F970010000C00F401E
:101C6000FFFCFF1F000300A000402A4000802A4024
:101C70001200FFFFFF37F7004000008000FFF07CFC
:101C8000FF000F8363000200F05AF05A00422A401E
:101C900000432A409F041830EB06180A3806180A39
:101CA00006320126040003000000007000000070EE
:101CB00053C3012028C101204FF400044FF48022B7
:101CC00001230848C1F8A040C1F8A420C1F8B030F1
:101CD0004369DB07FCD5012310254FF08074436175
:101CE0009CE700BF00402A40F0B4154A40274FF45B
:101CF00080314FF480564FF400554FF4404443F286
:101D00004200136913F0020F0ED113F4005F0FD0DD
:101D100013F4805F0ED0002BF3DA13F4803F0BD165
:101D20005B060BD5F0BC7047946151619061E8E7A8
:101D30005561E6E75661E4E79161E2E75761E0E764
:101D400000800D403F4A03203F49F3EE095AD2F884
:101D500080304FF0000C9FED3D6A23F001039FEDB2
:101D60003C5A30B4C2F88030C2F89000D1F8E0108C
:101D7000384DCBB2384C39482B6007EE903A0B0DFA
:101D8000C1F30B21F8EEE77A06EE903A07EE101A4F
:101D9000334BB8EEC77A2160F8EEE66A314937EE88
:101DA000C66A37EEC55A76EEC76A77EEE57A26EE52
:101DB000266AC3ED006A25EE265AD2F8803067EE17
:101DC000A64AC0ED007AC6EE275A274885EE276A54
:101DD000C4EEA76A75EE875AFCEEE55A36EE076A3E
:101DE00015EE904ABCEEC66A43EA045376EE877A53
:101DF000C2F8803016EE103AD2F89041FCEEE77A45
:101E000001EA0341214317EE903AC2F89011C3F35F
:101E10000B03D2F890110B431449C2F89031D2F859
:101E2000803043F00203C2F88030114B80F840C08C
:101E3000C1F840314FF0E023012230BCC3F8082143
:101E4000704700BF00810D4000441F400000AA42BF
:101E50000000B44284C2012080C2012088C2012057
:101E60008CC201200000FF0F00E400E000A400206D
:101E700015F40000314B40F6617210B5C3F8202113
:101E800040F2044400F0ACF82D4A2E49D2F88030DC
:101E90002D4843F00303C2F880302C4BC1F8604159
:101EA00002681A4203D1D1F8A8319A071BD0254AFB
:101EB0004FF00041244B5963D2F8403143F0020304
:101EC000C2F84031D2F840319B07FBD44FF40030C8
:101ED0004FF0E0211C4B4FF00042C1F88C0219205A
:101EE0009A6300F06DF8184A4FF08040154C0021BD
:101EF00090630A20164B11604FF42072C4F8A801B9
:101F0000184600F061F84FF4800203464FF4810058
:101F100040F243111860C4F858311A640D4B0E4A50
:101F2000C4F84811C3F804224FF0E0224FF4003106
:101F30000123C2F80C11C4F8403110BD00800D40DF
:101F400000C00F4000002E4000900D40001C1E00FD
:101F50000000002000A40020FDF5000008B50E4B95
:101F60001B6E9B0700D4FBBE72B60C4B00200C4AC4
:101F7000C3F8400103F160430A49A3F55F231164EC
:101F80009D46BFF34F8F4FF400130748074ADB69A4
:101F900002609B68984700BF00441F4000002E402D
:101FA00000C00A400300200000802020000012EB47
:101FB000F8B500BFF8BC08BC9E46704700000000A2
:101FC0005FF800F0CDE700005FF800F0D176010087
:101FD0005FF800F0B99501005FF800F051060100CC
:101FE0005FF800F06DFD00005FF800F0DDE4000038
:101FF0005FF800F011F100005FF800F0F9E900006F
:1020000045000000D1000000D5000000D5120000FE
:102010002515000019160000CD1600009D170000C0
:10202000B1450000199B000051C90000F9C900002A
:1020300080C00F40000000031900000010000000E5
:10204000E8841F4001000000FF000000FF000000C6
:102050000000000000000000180000001000000058
:10206000E4841F4001000000FF000000FF000000AA
:1020700000000000000000001F00000055D000001C
:1020800070C00F40000C00001100000011000000A3
:10209000E0841F40020000002C000000120000003D
:1020A000E0841F400100000010000000110000004B
:1020B000DC841F40020000002D0000001200000020
:1020C000DC841F40010000001E00000049D0000019
:1020D00070C00F40C000000012000000130000009C
:1020E000D0841F4001000000FF000000FF0000003E
:1020F00000000000000000001300000013000000BA
:10210000CC841F4001000000FF000000FF00000021
:1021100000000000000000001C0000003DD0000096
:102120001603550053004200200053006500720062
:10213000690061006C000000180354006500650030
:102140006E00730079006400750069006E006F0016
:102150000403090409026200030100C032080B00F5
:10216000020202010009040000010202010005242C
:1021700000100105240101010424020605240600C3
:10218000010705820310001009040100020A000083
:102190000007050302400000070584024000000913
:1021A00004020002FF6AFF000705810240000107E8
:1021B000050102400001000009026200030100C0A5
:1021C00032080B00020202010009040000010202B1
:1021D0000100052400100105240101010424020668
:1021E000052406000107058203100005090401000B
:1021F000020A00000007050302000200070584022E
:102200000002000904020002FF6AC70007058102FC
:102210000002010705010200020100000A06000297
:08222000EF0201400100000083
:1022280000000000000000000000000000000000A6
:102238000000000000000000000000000000000096
:102248000548064B1B1AD90F01EBA301491002D010
:10225800034B03B118477047C0A60020C0A6002052
:102268000000000008B5054B1BB105490548AFF350
:102278000080BDE80840FFF7E3BF00BF0000000092
:10228800DCC10120001C036010B500F5005494F86F
:10229800B03BFE2B09D0FF2B1AD093B1012B09D1EB
:1022A8000E48BDE810400CF06DBC0D48BDE810406C
:1022B8000CF06ABC0B480CF085FC002384F8B03B9A
:1022C80010BD09480CF060FC012384F8B03B10BD38
:1022D8000648BDE810400CF057BC00BF4013002072
:1022E80048130020741300203413002068130020C2
:1022F8000EF06EBC0EF06CBC2DE9F04F00F50055E9
:102308008DB0044695F8B03B002B56D142F6644692
:10231800301805F001F8D24903A80DF0A7FE03A96B
:1023280009A80DF0C1FE311906A804F0A5FC06A9FC
:1023380009A80EF047F80068002800F08F810CF01B
:1023480023FC06A80DF0FEFE09A80DF0FBFE03A86D
:102358000DF0F8FE204602F039FD95F8B03B072B4A
:102368000CD8013B062B00F20D83DFE813F04B017C
:10237800DF00D600C900950029007201FE2B00F08D
:10238800CF81FF2B40F0D181204601F0D5FE42F6E7
:102398006440204404F064FC4EF67460B149204463
:1023A80004F560440DF086FF0023AF48C4F8803E72
:1023B8000DB0BDE8F04F0CF0E7BB04F0FDF8CCE73A
:1023C8001121AA4810F044F904F5304704F5804A71
:1023D800A7480DF013FC204601F0AEFE4BF6D0598D
:1023E800DAF8943C0026D7F8741E204604EB090856
:1023F80091FBF3F103F09EFB1521C7F8746E09AF4A
:102408009C4810F025F99A48D8E900230DF078FC8B
:1024180097480DF0F3FBDAF8982C3C2354F80900A0
:10242800D8F80410C2FB03013A4609F0C5FC42F68D
:10243800A8000221204497E80C000CF0DDFC2121C3
:102448008D4810F005F900230A229DF826108848C7
:102458000DF0F0FB0121894810F0FAF800230A2258
:102468009DF8251082480DF0E5FB0121834810F006
:10247800EFF800230A229DF824107D480DF0DAFBBE
:102488007B480DF0BBFB02237D4885F8B03B0CF080
:102498007BFB0DB0BDE8F08F7A480CF079FF00287F
:1024A80000F04A81DFF8FCA1002704F53046DFF888
:1024B800D481DAF800304BF6806B86F8787E03F525
:1024C8007A790DE0DAF800309945C0F0458196F840
:1024D800783E0A2B00F04381B7F5805F00F03F811A
:1024E80040460CF055FF0028ECD040460CF0A2FF07
:1024F800E319C0B2013786F8780E03F80B00E1E75C
:102508000421204601F002FE002840F078815E4850
:102518000DB0BDE8F04F0CF035BB0321204601F0AB
:10252800F5FD002840F036815848F1E702212046A1
:1025380001F0ECFD002800F0F1804BF6D05609F0D0
:102548006BFD42F65C4804F580472644A04407F535
:102558004B69C6E900011D214D4810F079F844483F
:10256800D6E900230DF0CCFB41480DF047FB0121D3
:1025780004200EF0B9FA0421404600F0B5FFD9ED69
:10258800007AB4EEE70AF1EE10FA0BD406214046C1
:1025980000F0AAFFD9ED007AB4EEE70AF1EE10FADE
:1025A80040F184803B4920460CF010F911212F4856
:1025B8004BF6D05910F04CF82D480DF01FFB204673
:1025C80001F0BAFD15212B480DF1240810F040F850
:1025D8002748D6E900230DF093FB25480DF00EFBA4
:1025E800D7F8982C3C2354F809007168C2FB030102
:1025F800424609F0E1FB42F6A8000221204498E88F
:102608000C001AE724480CF0BDFA95F8B13B002BF2
:102618003FF43FAF2146684601F0B2FD04F530466D
:102628000098022106F6C853C6F8C80D42F6A8005D
:10263800BDF804202044A6F8CC2D9DF8062086F885
:10264800CE2D0CCB0CF0D8FB02230D4885F8B03BFF
:10265800AEE6204601F070FD104859E710486EE6D6
:10266800FC0C0020740A0020080F0020700D0020C8
:1026780070950020840D00209C0D0020241500205A
:10268800280D002080950020100E0020F00D00205D
:102698003C0D00205C0D0020100D0020D40E002001
:1026A8009C93002018C30120000048C3404608211D
:1026B80000F01AFF5FED047A04F53046D7F8A03C25
:1026C800B4EEE70A06F6E85807EE903AF1EE10FA8B
:1026D80088ED000AF8EEE77A05DDB4EEE70AF1EED8
:1026E80010FA00F1428106F5676696ED007A77EEFA
:1026F800877AF4EEC07AF1EE10FA00F13181D7F85A
:102708009C2C42F6A8000321D31720440CF054FB5C
:102718000323A04885F8B03B0CF036FA9E48F7E64C
:10272800204601F009FD9D4842E69D480CF04AFA12
:10273800002385F8B03BACE604F5304604F5804745
:10274800D6F8743ED7F8902C9A4276DDD6F87C3EBF
:10275800642B67DC9348DBE693480CF033FA934824
:102768000CF010FA394692480DF03CFA90480DF0FA
:1027780045FA96F8783E0A2B69D0D6F87C3E04F5DF
:1027880080478C480133C6F87C3E0CF09DFED6F895
:10279800743ED7E704F5304700212420854E0EF01B
:1027A800A3F9D7F8481E05200EF01EFDC8200EF02C
:1027B8001DF9D7F84C1E06200EF016FD00227E49A2
:1027C80030460CF0C3FE4FF4FA700EF00FF94FF4D8
:1027D800FA632046B36002F033F904F5804342F609
:1027E800A8000421D3F8A42C2044D3170CF0E4FA51
:1027F8000423724885F8B03B0CF0C6F994E605222C
:10280800002304F530446B4885F8B02BC4F8743EB7
:102818000CF05AFE6A480CF0B7F909F0FDFBC4F851
:10282800D80D74E6674920460BF0D4FF0022072331
:10283800C6F87C2E85F8B03B8CE700220623624858
:10284800C6F87C2E85F8B03B0CF09EF97EE74BF677
:102858008163E2190020394604F58047D0542046A8
:1028680002F004F8D7F8942CD6F8741E204602F02B
:1028780069F80D2155480FF0EBFED6F85C1E4C4860
:102888000DF0B0F94A480DF0B9F9204601F0CCFC3A
:10289800D6F8743ED7F8941C93FBF1F201FB123280
:1028A8001AB10133C6F8743E4CE7494806F6FC589D
:1028B8000CF068F9204601F07FFD062188ED000A3A
:1028C80044480FF0C5FE98ED000A02213848B7EEDB
:1028D800C00A0DF031FA36480DF090F9D7F8943C5B
:1028E800D6F8741E204691FBF3F101F0C5FD0921CD
:1028F80039480FF0ADFE06F6DC5302212C4893ED63
:10290800000AB7EEC00A0DF017FA29480DF076F95B
:10291800092132480FF09CFE06F55E630221244827
:1029280093ED000AB7EEC00A0DF006FA20480DF044
:1029380065F909212A480FF08BFE06F6E4530221B7
:102948001B4893ED000AB7EEC00A0DF0F5F91848D8
:102958000DF054F9204601F03FFCD6F8743EA0E78C
:10296800002124200EF0C0F8C9E6012124200EF031
:10297800BBF8D7F8A03C98ED000A07EE903AF8EEBD
:10298800E77AB0E617480CF0FFF8012385F8B03B6A
:102998007FE500BFC00D0020D40D0020E80E002008
:1029A800140F0020C80E00201C0E0020300E00203E
:1029B800709500208095002020A10700DC0D0020E4
:1029C800FC0D0020B00E0020940E0020480E0020C0
:1029D800580E0020680E0020700E00207C0E00208B
:1029E800880E0020040D002000207047704700BFAB
:1029F800036D0BB101207047406D003818BF0120EE
:102A0800704700BF10B50446806D18B114F0C8FFB8
:102A18000023A365236D2BB104F11800BDE8104015
:102A280008F074BB636D002BF6D110BD10B50446D9
:102A3800806D00B110BD4FF4807014F0A9FFA0653F
:102A4800B0B10022236D02703BB101464FF4807291
:102A5800184607F0ABFFA06D10BD636D002BE9D0E1
:102A680001464FF48072184605F038FFA06D10BD7E
:102A7800014B1846A36510BD51C3012038B5056D3B
:102A88006DB10BB1002038BD1146284606F0B4FFE1
:102A98000028F7D02846BDE8384007F04FB9446D04
:102AA800002CEFD0204604F0C7FE0028EAD02046CC
:102AB800BDE8384005F03ABD8A79A2F150031B06FB
:102AC80022D402F26C72F0B54B7985B0046D0133F3
:102AD8000D798E784F78DBB209784CB12046019693
:102AE8000095CDE90271022107F0BCF805B0F0BDF0
:102AF800406D0028FAD001960095CDE902710221B7
:102B080005F058FC05B0F0BD0020704710B504462C
:102B1800006D80B1037813F0700F00D110BD002153
:102B280006F06AFF606D0028F8D000220023BDE897
:102B3800104004F081BE606D0028EFD090F831306D
:102B480013F0500FEAD000220023BDE8104004F033
:102B580073BE00BF036D10B50C4682B02BB30DF1E8
:102B6800060201A9184606F0EDFA38B3BDF804309C
:102B7800BDF8062053EA020120D0C2F3451C02F03A
:102B88001F00D20AC3F34311400084F801C0A270A9
:102B98005A0A013903F01F0302F5EA622070012086
:102BA80061712371A27102B010BD406D30B10DF199
:102BB800060201A904F0E6FC0028D7D1002002B0E3
:102BC80010BD00BF036D10B50C4682B02BB30DF1DC
:102BD800060201A9184606F0A5FA38B3BDF8043074
:102BE800BDF8062053EA020120D0C2F3451C02F0CA
:102BF8001F00D20AC3F34311400084F801C0A27039
:102C08005A0A013903F01F0302F5EA622070012015
:102C180061712371A27102B010BD406D30B10DF128
:102C2800060201A904F09CFC0028D7D1002002B0BC
:102C380010BD00BF006990B10368154A1B69934233
:102C480025D1036D63B1187810F0080007D0D86952
:102C58005B69C01A48BF6FF000407047184670475C
:102C6800436D002BFAD093F8310010F00800F6D02D
:102C7800186919685A69401A5B6862EB0303B0F176
:102C8800004F73F10003EAD36FF000407047184714
:102C9800290E0000036973B11A68084952698A420B
:102CA80007D1186D08B106F033BD586D18B104F09E
:102CB800ADBD184610474FF0FF3070475D0C00005F
:102CC800036923B31968134A10B58C6882B094421B
:102CD80014D1186D48B101220DF1070106F044FC2A
:102CE80090B19DF8070002B010BD586D0028F8D0CB
:102CF80001220DF1070104F0B9FCF1E701220DF101
:102D080007011846A047EBE74FF0FF30EBE74FF01D
:102D1800FF307047B50C0000036963B11A680749B2
:102D280092698A4208D1186D08B106F095BF586DAE
:102D380008B105F0C9B9704718461047050D0000DD
:102D480000B5006983B08DF8071060B10368104AB8
:102D5800DB68934215D1036D43B101220DF10701E0
:102D6800184607F025F803B05DF804FB406D00280D
:102D7800F9D001220DF1070105F04AFC03B05DF816
:102D880004FB01220DF10701984703B05DF804FB2D
:102D98002D0D0000036D13B1586900217047436D74
:102DA80013B1D3E90001704718461946704700BFB0
:102DB800036D13B1D86900217047436D13B1D3E98E
:102DC8000401704718461946704700BFF0B595B022
:102DD80000224FF47A74244F1831054604A88DF860
:102DE8000C200097CDE90124CDE9122208F0FAF968
:102DF800129B002B2DD05C2000260DF0AFFF019B0D
:102E080004464660C36004A9029B183040F8083C99
:102E18009DF80C3000F8043C144B40F8183C144B57
:102E280040F8103C08F030F9124B4FF47A72A76062
:102E38002B606368A66501336E602E73AA602C61EF
:102E480063600D4B04A8009308F060F9284615B09C
:102E5800F0BD139B002BCED1064A2B732A602B6141
:102E6800C5E90134EDE700BF281900204C190020FE
:102E7800A8190020FC18002010180020036D13B1B9
:102E8800184606F045BC406D08B104F0BFBC4FF0D1
:102E9800FF307047836C13B1184606F039BCC06C1C
:102EA80008B104F0B3BC4FF0FF307047036D33B185
:102EB8001B7813F0700F14BF012000207047406D7D
:102EC80030B190F8313013F0500F14BF01200020BA
:102ED800704700BF036D13B1184606F045BB406D3F
:102EE80008B104F0C3BB4FF0FF307047836C00B5E6
:102EF80083B063B101220DF10701184606F034FBD7
:102F080001280CD19DF8070003B05DF804FBC06CE4
:102F180028B101220DF1070104F0A8FBF0E74FF0FA
:102F2800FF30F1E7036D13B1184606F095BE406D0A
:102F380008B105F0C9B87047836C13B1184606F09C
:102F48008BBEC06C08B105F0BFB87047036D13B1F4
:102F5800184606F02DBF406D08B105F059BB704703
:102F6800836C13B1184606F023BFC06C08B105F096
:102F78004FBB704700B5836C83B08DF8071043B121
:102F880001220DF10701184606F012FF03B05DF8A3
:102F980004FBC06C0028F9D001220DF1070105F0EF
:102FA80037FB03B05DF804FB8A79A2F150031B06D6
:102FB80022D402F26C72F0B54B7985B0046D0133FE
:102FC8000D798E784F78DBB209784CB1204601969E
:102FD8000095CDE90271042106F044FE05B0F0BD6C
:102FE800406D0028FAD001960095CDE902710421C0
:102FF80005F0E0F905B0F0BD00207047836C53B1CF
:10300800187810F008000DD0D8695B69C01A48BF5D
:103018006FF000407047C36CA3B193F8310010F013
:10302800080000D17047186919685A69401A5B6826
:1030380062EB0303B0F1004F73F10003F2D36FF0BA
:10304800004070471846EDE7036D53B1187810F04B
:1030580008000DD0D8695B69C01A48BF6FF00040FE
:103068007047436DA3B193F8310010F0080000D108
:103078007047186919685A69401A5B6862EB03035C
:10308800B0F1004F73F10003F2D36FF000407047C6
:103098001846EDE70369D3B10E4810B41C68E4681C
:1030A80084420FD1186D18B15DF8044B06F080BE4C
:1030B800586D18B15DF8044B05F0AABA00205DF808
:1030C800044B7047184623465DF8044B1847002008
:1030D800704700BF2D0D000038B504460C4B806DBD
:1030E800236018B114F05CFC0023A365236D04F180
:1030F80018054BB1284608F009F8064B2846A36086
:1031080008F004F8204638BD636D002BF2D1F4E7CF
:103118004C1900201018002038B504460E4B806D5D
:10312800236018B114F03CFC0023A365236D04F15F
:1031380018056BB1284607F0E9FF084B2846A3603D
:1031480007F0E4FF20465C210DF00AFE204638BD5A
:10315800636D002BEED1F0E74C1900201018002009
:1031680030B4029C11469C4634B1012C1CD0022C70
:103178000ED0002030BC7047056DF5B14FF0FF331D
:10318800934274EB0C04F4D3284630BC06F034BCEC
:10319800026D0AB3D36959184CF10003002BE8D12A
:1031A800104630BC06F028BC026D62B1536959184C
:1031B8004CF10003002BDCD1F2E7406D0028D8D099
:1031C80030BC04F039BB406D0028D2D0D0E90023D0
:1031D8008A184CEB0303F3E7406D0028C9D0D0E907
:1031E800042330BC8A184CEB030304F025BB00BF52
:1031F80070B5244B044605690360002D32D06E6813
:10320800013E6E6076BB2B681F4ADB6A93422FD162
:10321800A86D10B114F0C4FBAE652B6D23B305F196
:10322800180007F073FF2569E5B12B68174A5B683A
:10323800934224D1164BA86D2B6018B114F0B0FB43
:103248000023AB652B6D05F11806A3B1304607F0D6
:103258005DFF104B3046AB6007F058FF5C212846F5
:103268000DF07EFD204670BD6B6D002BD7D1DAE7DF
:1032780028469847D7E76B6D002BE7D1E9E7284642
:103288009847EFE7FC180020E5070000F90E00005A
:103298004C1900201018002070B5264B044605690B
:1032A8000360002D32D06E68013E6E6076BB2B68DD
:1032B800214ADB6A934233D1A86D10B114F070FB38
:1032C800AE652B6D43B305F1180007F01FFF2569A4
:1032D800E5B12B68194A5B68934228D1184BA86D51
:1032E8002B6018B114F05CFB0023AB652B6D05F166
:1032F8001806C3B1304607F009FF124B3046AB60E1
:1033080007F004FF5C2128460DF02AFD2046142111
:103318000DF026FD204670BD6B6D002BD3D1D6E78E
:1033280028469847D3E76B6D002BE3D1E5E728469D
:103338009847EBE7FC180020E5070000F90E0000AD
:103348004C1900201018002038B50D4604460121FC
:10335800E8B20DF005FC4FF47A7025600DF046FBDD
:10336800204638BD08B5012105200DF0F9FB0121E3
:1033780006200DF0F5FB012124200DF0F1FB0121C1
:1033880002200DF0EDFB012104200DF0E9FB0121E5
:1033980025200DF0E5FB012120200DF0E1FB0121A6
:1033A80021200DF0DDFB052119200DF0D9FB0521A9
:1033B8001A200DF0D5FB4FF47A700DF017FB0121A0
:1033C8000A200DF0CDFB012109200DF0C9FB0021D9
:1033D8001B200DF0C5FB012109200DF085FB6420A1
:1033E8000DF004FB054803F09FFA0C200DF012F9CC
:1033F8002020BDE808400DF03DB900BF2095002011
:1034080010B5124C8CB0A646EC46BEE80F00ACE8EE
:103418000F009EE803004FF441728CE803006946F0
:103428000A2000F069F804F1180C06ACBCE80F009B
:103438000FC49CE803004FF4327284E8030006A925
:103448000A2000F059F80CB010BD00BF4804002055
:1034580070B5214D0221214C0A202A4600F0E2F8DD
:10346800224604210A2000F0DDF8224606210A201F
:1034780000F0D8F8224608210A2000F0D3F80A21E3
:103488002246084600F0CEF80C210A20144A00F023
:10349800C9F822460E210A2000F0C4F8224610215D
:1034A8000A2000F0BFF82A4612210A2000F0BAF8D4
:1034B8000C4A14210A2000F0B5F80023F02202215A
:1034C8000A2000F0EDF80023FF2202210A20BDE8BF
:1034D800704000F0E5B800BF00A00FE8808789D0F1
:1034E80000008EB0808789D402220A20C9B200F079
:1034F800A3B800BF0DF06CBB70B50E460021154691
:1035080004460DF0F1FA214B02221B685A66D86D69
:1035180010F4F81FFBD02A0A596F5A66D86D10F4B8
:10352800F81FFBD0EDB25A6F5D66DA6D12F4F81F22
:10353800FBD05A6F301F06F1140C50F8041F0A0E06
:103548005A66DA6D12F4F81FFBD0C1F307425D6FBB
:103558005A66DA6D12F4F81FFBD0C1F307225D6FCB
:103568005A66DA6D12F4F81FFBD0C9B25A6F596661
:10357800DA6D12F4F81FFBD084455A6FDDD120466E
:103588000121BDE870400DF0AFBA00BF20950020C2
:1035980008B5030248BF40F07F4002292DED028B99
:1035A80008D001290FD09FED138AB0EE480ABDEC70
:1035B800028B08BD08EE100ABAEECB8AB0EE480AB4
:1035C800BDEC028B08BD08EE100A1C210A48BAEEB1
:1035D800E58A0FF03DF802210848B7EEC80A0CF05A
:1035E800ABFB06480CF00AFBB0EE480ABDEC028BB8
:1035F80008BD00BF000000002C06002070950020C8
:1036080010B584B094461C4607238DF8061002AA0C
:103618006946ADF804C0009403F0C8FA029804B0F3
:1036280010BD00BF8C46022113460CFA01FC0CF5B4
:10363800FE72FFF7E5BF00BFF0B5002383B00E466A
:1036480017468DF801304FF4007304464FF040756B
:10365800ADF8023061F07F0369468DF8003004232D
:103668000DEB030203F0A2FA0423694620460095F5
:103678000DEB030203F09AFA9DF804305B06F3D5CC
:10368800B60000230321204606F10C02FFF7B8FF1D
:10369800394620F07F4003B0BDE8F040FFF778BF1F
:1036A80000B5944683B09E4604238DF801C04FEAC6
:1036B8001C2C8DF8031001AA69468DF800E08DF8DE
:1036C80002C003F073FA9DF8040003B05DF804FB30
:1036D80038B500F5005595F8B03BFE2B09D0FF2B07
:1036E80020D0A3B1012B0BD11148BDE838400BF015
:1036F80049BA00F021FD0F48BDE838400BF044BA44
:103708000D480BF05FFA002385F8B03B38BD04463E
:103718000A480BF039FA204600F00EFD012385F81F
:10372800B03B38BD0648BDE838400BF02DBA00BFA5
:103738008810002090100020BC1000207C10002071
:10374800B01000200DF044BA38B500F5005595F8D2
:10375800B03B032B07D8013B0446022B51D8DFE8C6
:1037680003F0330F2100FE2B33D0FF2B38D121205B
:1037780000210DF0B9F92948BDE838400BF004BA2A
:1037880027480BF001FA201D09F064FE42F6A80054
:1037980000233C22052120440BF00EFB032385F86F
:1037A800B03B38BD1F480BF0EDF995F8183C012BDC
:1037B80021D0E3B10521204600F0A8FC0028F0D074
:1037C800022385F8B03B38BD1748BDE838400BF0F8
:1037D800D9B900F0B1FC1548BDE838400BF0D4B9B0
:1037E80013480BF0EFF9002385F8B03B38BD0223EE
:1037F80085F8183CDEE7022285F8B03B85F8182CDE
:10380800D8E700F099FC012121200DF06DF9094855
:103818000BF0BAF9022385F8B03B38BD9C0F0020A5
:10382800440F00205C0F0020740F00207C0F002044
:10383800A80F00202C0F00200DF0CAB970B500F5B4
:103848000056054696F8B04BFE2C2BD0FF2C24D002
:103858008CB1012C08D11F480BF094F92146284659
:1038680000F054FC30BB70BD1B480BF0ABF90023D3
:1038780086F8B03B70BD19480BF086F9284600F071
:103888005BFC42F6A80000230022012128440BF02B
:1038980093FA012386F8B03B70BD1148BDE870402B
:1038A8000BF072B90F480BF06FF92846BDE870406D
:1038B80000F042BC0C480BF067F9281D09F0C4FC65
:1038C80042F6A80021463C2228440023BDE8704067
:1038D8000BF072BA0410002054100020F80F0020DA
:1038E80048100020281000200C1000200DF070B99E
:1038F800064A13780133DBB2052B137004D100207C
:10390800034B012110701970704700BF5AC3012082
:1039180055C3012010B5174B04464EF6746023605A
:1039280020440CF00FFC4BF6646020440CF00AFCB9
:1039380042F66440204403F07FF90F4B204640F8DC
:10394800503B0CF0FFFB04F144000CF0FBFB04F1CE
:1039580038000CF0F7FB04F128000CF0F3FB04F13D
:103968001C000CF0EFFB04F110000CF0EBFB204600
:1039780010BD00BFA01A0020E417002010B50D48A4
:103988000AF0B8FE0B480AF007FF0A480BF0A6F841
:10399800094C08480AF0B8FE064800F0E3FA237814
:1039A8002BB901200DF022F82378002BF9D0002341
:1039B800237010BD88A8002055C3012010B5064CFF
:1039C8000DF006F9204600F0EDFA2046034A0449B6
:1039D800BDE810400EF08EBF88A80020349B002060
:1039E800F51600002DE9F043734D87B0734C40F293
:1039F800EE28734FDFF81C922E680EF0A7FE23788E
:103A0800002B00F0C2803B78DB0740F1BE802B68BA
:103A1800D9F800209B1A0E2B40F2B78069496846F6
:103A28000CF024FB694603A80CF03EFB664903A88A
:103A38000CF0D0FC65490CF0CDFC65490CF0CAFCD3
:103A4800014664480CF0A8F862480CF0D7F803A8BF
:103A58000CF078FB68460CF075FB00224FF4E1315E
:103A68005D480BF073FD4FF480525C495A480BF0E7
:103A7800DBFE4FF480525A4957480BF0EFFE594885
:103A88000BF082F8584BDFED596A0022D3ED007A2B
:103A98009FED577AF8EE677A67EEA67A67EE877A2F
:103AA800FCEEE77A17EE903AB3F5004F7BD301327C
:103AB8005B08082AF8D148F2010447F6FF734FF46F
:103AC80007624C49B1F88C016FEA40406FEA5040F8
:103AD80080B2A1F88C010820A1F88E01B1F8880104
:103AE80080B240F08000A1F888014FF40050A1F89E
:103AF80024010020A1F8262140F60802A1F822415D
:103B0800A1F82A01A1F82E31A1F83201A1F8360155
:103B1800A1F83A01A1F83E01B1F88801364C80B20B
:103B280002433648A1F88821354A23801060354B76
:103B3800354AC3F8E4214FF480534FF0E0224FF4A4
:103B48000070324CA1F84431A1F84631C2F80C019A
:103B580023782BB901200CF049FF2378002BF9D0EA
:103B68000023237023782BB901200CF03FFF237822
:103B7800002BF9D00023264823700AF0A1FD244821
:103B880007B0BDE8F04300F047B82B6822789B1BCC
:103B980032B1B3F5FA6F3FF641AF0EF0D7FD2CE71F
:103BA8004345FAD93AE712019BB242F400625C42FB
:103BB80092B2A4B285E700BF18C301205FC30120F9
:103BC8005EC30120F08F00200890002034090020F7
:103BD800149000207095002040960020F49B01204E
:103BE800F4AB012020900020189500200050C34716
:103BF800BD37063500C03D4040C30120D116000046
:103C0800289B002000A4002021CC000055C30120DF
:103C180088A8002028C3012010B5044642F65C405D
:103C280082B020440190FFF79DFB0198FFF7E8FB65
:103C38000198FFF70DFC04F5804310204FF49642DD
:103C48000021C3F8400DC3F83C0D44F64850204409
:103C580015F04EFE43F6904105484FF4805221443A
:103C68000BF0E2FD034802B0BDE8104022F064BC4E
:103C780080950020A0960020062906D800EB410177
:103C88004EF688630122CA52704701480AF09ABF6B
:103C9800301200202DE9F0439DB00C4605469F499F
:103CA80001A80CF0E3F9A4F16501122914D8DFE8A2
:103CB80011F01E002C003A00130048004C00500080
:103CC80013005800670013001300130013001300BB
:103CD8007500EC00F6002501914928460AF076FDAA
:103CE80001A80CF02FFA01201DB0BDE8F0838D4A21
:103CF80005F580438C481288C3F8902C0AF044FFDD
:103D0800894928460AF05EFDEAE7864A05F58043B8
:103D180086489288C3F89C2C0AF036FF83492846C7
:103D28000AF050FDDCE77F4A05F580438048927928
:103D3800C3F8982C0AF028FF7D4928460AF042FD6E
:103D4800CEE77C480AF03EFFCAE77B480AF03AFF14
:103D5800C6E7744B05F5804593F83E30C5F8A03C9E
:103D6800BEE7704A05F58043744892F84020C3F8CE
:103D7800A42C0AF009FF714928460AF023FDAFE791
:103D8800684A05F580436E485288C3F8942C0AF0B7
:103D9800FBFE6B4928460AF015FDA1E7614B05F5C6
:103DA8008048684904A8B3F8422016AFA8F8A82CA0
:103DB800B3F84420B3F84630A8F8AA2C0122A8F892
:103DC800AC3C88F8AE2C0CF051F904A90AA80CF008
:103DD8006BF95D4907A80CF049F907A90AA80CF086
:103DE800F1FA04460A22B8F8A81C0DA80CF0E6F966
:103DF8000DA9204613AC0CF0E5FA0646534910A865
:103E08000CF034F910A930460CF0DCFA06460A2208
:103E1800B8F8AA1C20460CF0D1F92146304619AE54
:103E28000CF0D0FA81464A4938460CF01FF9394659
:103E380048460CF0C7FAB8F8AC1C80460A2230464F
:103E48000CF0BCF9314640460CF0BCFA0168002978
:103E580061D028460AF0B6FC30460CF073F93846B3
:103E68000CF070F920460CF06DF910A80CF06AF906
:103E78000DA80CF067F907A80CF064F90AA80CF073
:103E880061F904A80CF05EF92AE705F580430122E0
:103E98003049284683F8AF2C0AF094FC20E705F552
:103EA8003043204A13AC2C4903F63468926C03F66D
:103EB800386319AEC8F800201A6016AF20460CF017
:103EC800D5F8214630460CF0EFF898ED000A0221AB
:103ED80038460CF0B5F9394630460CF073FA0168EB
:103EE800B9B128460AF06EFC38460CF02BF930467A
:103EF8000CF028F920460CF025F9F1E644F6B04814
:103F0800084B13AC19AEA844DB6C1449C8F8003050
:103F1800D3E71349E5E712499BE700BF740A00207D
:103F2800A815002040C101207C1400204C1400205A
:103F380064140020C8140020E0140020301400206D
:103F4800A8140020F81400201415002028150020BB
:103F58003815002048150020641500208815002019
:103F68009C9300204EF688634EF689624EF6966C56
:103F780003440244844400B54FF0000E12F8011CBB
:103F880049B159780131C9B20129597003D902F8E8
:103F980001EC83F801E0023302326345EED15DF8AB
:103FA80004FB00BFF8B502224E4B4F4907460AF002
:103FB800F1FA4E4B42F65C400D213B6007F5804616
:103FC80038440025FFF7C0F942F6644020224849EA
:103FD8003844484C02F018FE01200A234649C6F826
:103FE800940C0F20C6F89C3C3C22C6F8A43C06F56D
:103FF8004B63C6F8980C6FF01D00C6F8902C44224D
:10400800A6F8AE5CC6F8A00C06F6B44019602146C6
:104018000CF00AFE442206F6F840A11807F53044D1
:104028000CF002FE1023354AC6F83C3DC6F8403D68
:10403800C6F8443D04F6FC53314904F638661A6064
:10404800002304F62C62C4F8245EC4F8285E1360CA
:1040580004F563622B48136004F634621160402251
:10406800316004F63C610B6004F564610B6004F692
:10407800446108604BF66460C4F8482EC4F84C2EBE
:1040880004F65862C4F8505E3844C4F8545E1E49B9
:104098001360C4F85C5EC4F8605E0BF0E7FF4FF095
:1040A8007C5204F567634EF6746029461A6007F57A
:1040B8005043C4F8745E3844C4F87C5EC3F80057B3
:1040C8000BF0D4FF07F560433846C3F8805EC3F8A9
:1040D800845EC3F8885EC3F88C5EC3F8905EA3F86C
:1040E800945EF8BD7095002040960020A01A00202C
:1040F800E0950020780400200000A0C1ABAA264467
:104108009A99F9400000F041740A0020062908B580
:104118000AD800EB410101F5604393F8880E10B10D
:104128000022A3F8882E08BD02480AF04BFD0020A3
:1041380008BD00BF3012002008B5002105200DF091
:1041480053F8002106200DF04FF8002108460CF026
:1041580007FD002101200CF003FD002101200CF0D7
:10416800C3FC002104200CF0BFFC002124200CF02B
:10417800BBFC00210220BDE808400CF0B5BC00BF24
:1041880038B50D46044607F047FF05F58045224639
:10419800C11707F011FE6378D5F8981C5A183B2A06
:1041A80009DC93FBF1F001FB103300212046D21A01
:1041B8002170627038BDA378162B05D80133002210
:1041C8002046A370627038BD23790022204601334F
:1041D800A2706270237138BD10B500F53044DFED70
:1041E800117A04F6DC5393ED007AB4EEE77AF1EE37
:1041F80010FA0BDC04F55E64DFED0A7A94ED007AC0
:10420800B4EEE77AF1EE10FA05DC10BD00210520C6
:104218000CF06AFCEEE700210620BDE810400CF027
:1042280063BC00BF0000964270B50021044605201B
:104238005D4E0CF0D9FF5D495D4B48683268A3FBC1
:1042480002324FF4FA73920C03FB02F24B681B1A0A
:104258009A42FBD8202504F5304429200CF082F935
:10426800D4F8243E013D1844C4F8240EF5D107EED5
:10427800900A04F55F63B3EE025B04F62C6CB8EEAB
:10428800E77B04F6346104F63C6205209FED446B3D
:1042980087EE064B93ED007AD4F8483E06EE903A46
:1042A80004F64463B7EEC77AF8EEE66AA4EE457BF7
:1042B800B7EEC77B8CED007AD1ED007A37EE677ADE
:1042C800F0EE667A82ED007A93ED006AE7EE467AC0
:1042D800FDEEE77A17EE901AC4F8481E0CF084FF3A
:1042E8000A200CF083FB294606204FF4FA750CF0DF
:1042F8007BFF2E492E4B48683268A3FB0232920C92
:1043080005FB02F24B681B1A9A42FBD8202517209E
:104318000CF028F9D4F8283E013D1844C4F8280EBA
:10432800F5D107EE900A04F55F63B3EE025B04F67D
:104338003861B8EEE77B04F5636604F5646206202D
:104348009FED176B87EE064B93ED007AD4F84C3E41
:1043580007EE903A04F64463F8EEE76AB7EEC77AD8
:10436800A4EE457BB7EEC77B86ED007AD1ED007AE7
:1043780037EE677AF0EE667A82ED007A93ED006A9E
:10438800E7EE467AFDEEE77A17EE901AC4F84C1E6F
:104398000CF02AFFC4F8245EC4F8285E70BD00BF84
:1043A8000000000000FEFF401C950020001000E007
:1043B80083DE1B430000000010B52D4C02220123B0
:1043C800492120460AF044FE94F8A22094F8A3005C
:1043D800824225D2531CA118DBB2897E984284F808
:1043E800A23020D92344B3EE044B02329B7E84F8DA
:1043F800A22003EB012307EE903A9FED172BB8EEAE
:10440800E76B9FED173B86EE027B9FED175B37EE60
:10441800437B27EE047B87EE050BB7EEC00B10BD80
:104428009FED140A10BD0902B3EE044BFF3107EEED
:10443800901A9FED092BB8EEE77B9FED093B87EEBD
:10444800026B9FED095B36EE437B27EE047B87EE1C
:10445800050BB7EEC00B10BD0000000080FFCF4079
:104468009A9999999999B93F9A9999999999E93FF6
:10447800A09600205802C3422DE9F04FF64FD7F816
:1044880000803B68A3EB0803092B2DED0C8B83B050
:1044980000F2EB814FF0000A81460E46D34654469F
:1044A800554619200AF1010A0CF05CF803461A2057
:1044B8001D440CF057F8034626201C440CF052F813
:1044C8003B688344A3EB0803092BEAD909F53E436B
:1044D80009EB460695FBFAF594FBFAF407EE905AB9
:1044E800019306F5104806F52047B8EEE75B07EE9E
:1044F800904A09F5304442F65C45B8EEE76B06F59C
:1045080030469FEDC39B9BFBFAFB85EE094B07EEFC
:1045180090BA04F5616A04F6046B86EE095BB8EE9E
:10452800E77B9FEDBDDB9FEDBE2B9FEDBFCB87EEFD
:104538000D3B9FEDBFBB9FEDC0AB9FEDC18B24EE44
:10454800026B25EE027BB7EEC66BB7EEC77B83ED39
:10455800006AB7EEC33B8BED007A8AED003A07F0AC
:104568005BFDD4F8D82D019B801AA8F848081820BC
:10457800D3ED007AFCEEE77A17EE903AA8F8A03A65
:10458800DBED007AFCEEE77A17EE903AA8F8F83CF3
:104598000BF0E8FF07EE900A04F608632720B8EE50
:1045A800E76B86EE0D7BB7EEC77B83ED007ADAED1D
:1045B800007AFCEEE77A17EE903AA8F8503F0BF035
:1045C800D1FF07EE900A04F618631620B8EEE76BE1
:1045D8009FED9D5B26EE0C6B86EE097B27EE057B37
:1045E800B7EEC77B83ED007AB7EEC77A27EE0B7B71
:1045F800BCEEC77B17EE103AA7F8A8310BF0B2FF54
:1046080007EE900A04F61C631520B8EEE76B26EE59
:104618000C6B86EE097B37EE077BB7EEC77B83ED25
:10462800007AB7EEC77A27EE0B7BBCEEC77B17EE96
:10463800103AA7F800340BF095FF07EE900A04F63D
:10464800F4532820B8EEE76B26EE0C6B86EE097B58
:1046580037EE077BB7EEC77B83ED007AB7EEC77AF4
:1046680027EE0B7BBCEEC77B17EE103AA7F858363F
:104678000BF078FF07EE900A04F55F634846B8EE42
:10468800E76B9FED735B26EE0C6B86EE097B27EEDE
:10469800057BB7EEC77B83ED007AB7EEC77A27EEC6
:1046A8000B7BBCEEC77B17EE103AA7F8B038FFF7C4
:1046B80083FEDFED6A7A04F6FC5305EB090060EE31
:1046C800277A042183ED000AFCEEE77A17EE903A88
:1046D800A7F8083BD4F8483EA7F8603DD4F84C3E0C
:1046E800A7F8B83FFEF700FFB7EEC07A04F6DC5330
:1046F80005EB0900062137EE0A7B83ED000ABCEEC4
:10470800C77B17EE103A9BB207EE103AB8EEC77B9C
:1047180027EE087BBCEEC77B17EE103AA6F81032DE
:10472800FEF7E2FEB7EEC07A04F55E6305EB09001A
:10473800082137EE0A7B83ED000ABCEEC77B17EE33
:10474800103A9BB207EE103AB8EEC77B27EE087B0B
:10475800BCEEC77B17EE103AA6F86834FEF7C4FE25
:10476800B7EEC07A04F6E85305EB09000C2137EEE2
:104778000A7B83ED000ABCEEC77B17EE103A9BB2AA
:1047880007EE103AB8EEC77B27EE087BBCEEC77B76
:1047980017EE103AA6F8C036FEF7A6FEB7EEC07AB6
:1047A80004F6EC5305EB09000A2104F6E45437EE4D
:1047B8000A7B83ED000ABCEEC77B17EE103A9BB26A
:1047C80007EE103AB8EEC77B27EE087BBCEEC77B36
:1047D80017EE103AA6F81839FEF786FEB7EEC07A3B
:1047E80084ED000A37EE0A7BBCEEC77B17EE103A61
:1047F8009BB207EE103AB8EEC77B27EE087BBCEEFB
:10480800C77B17EE103AA6F8703B29E0AFF300809B
:104818000000000000FEAF4021B0726891EDF03F4B
:1048280000000000004CDD406666666666660A4069
:104838000000000000408F406666666666127140A0
:10484800000000000000594046B6F3FDD4F81740B8
:104858004A0C022B87161B4018C3012000007A441B
:1048680003B0BDEC0C8BBDE8F08FFFDE2DE9F04105
:1048780080464DF280274CF680604FF480624744B2
:104888002E49404408F5304515F032F84FF480625F
:104898002A49384615F02CF84BF6806028494DF225
:1048A80080644044264E15F053F9444413F052F8FE
:1048B8002349C5F8500E002015F04AF913F046F8C0
:1048C800B7EEC00B05F658631D49002083ED000ABA
:1048D80015F03EF913F03EF81949C5F8540E0020BA
:1048E80015F036F913F03AF8C5F85C0E4DF2842548
:1048F800454405E013F02EF844F8040DAC4209D005
:104908003146002015F024F90028F3D14FF0FF308C
:10491800BDE8F0814CF68465094E454405E013F086
:1049280019F847F8040DBD4206D03146002015F0AD
:104938000FF90028F3D1E9E70120E9E719FCFFFFA7
:104948002C1400202DE9F04F00F5804B83B04DF278
:104958007C6E9146DBF8407D86440191002F21DD75
:104968000EEB870744F6B4464DF27C28754606449C
:1049780000228044DFF8C0A0BC4645F8042F336805
:1049880056F8044FA3420BDA534408EB8404002181
:1049980000EB830353F8047FA3423944FAD129601A
:1049A8006545EAD1DBF83C5D002D23DD4DF2BC61A5
:1049B80044F6F8444CF67C664FF0000A014404447F
:1049C8000644DFF878C001EB850541F804AF236899
:1049D80054F8042F93420BDA634406EB8208002252
:1049E80000EB830353F8047F43453A44FAD10A6045
:1049F800A942EAD1019B44F6485547F2C82493FBE3
:104A0800F9F300EB43031D441C44002335F813203D
:104A18005EF8041F1144DEF8402025F8131034F81E
:104A280013100A4424F8132003F59673B3F5965F20
:104A3800ECD103B0BDE8F08F9F3400409F330040B5
:104A48002DE9F04700F580449CB094F8AE3C002B6B
:104A58007FD0B4F8A83C0021B3F5806F84F8AE1C71
:104A680009D2B4F8AA3CB3F5805F04D2B4F8AC3CE0
:104A7800B3F5805F70D3C74901A80BF0F7FA01A915
:104A880007A80DF134090BF00FFB002104A810AFA3
:104A98000BF0ECFA04A907A80DF14C080BF092FCF6
:104AA8000446BD490AA80BF0E1FA0AA9204616AE49
:104AB8000BF088FC0446002148460BF0D7FA49461B
:104AC800204619AD0BF07EFC0446B34938460BF07E
:104AD800CDFA394620460BF075FC044600214046C5
:104AE8000BF0C4FA414620460BF06CFC0446AB4977
:104AF80030460BF0BBFA314620460BF063FC044607
:104B0800A74928460BF0B2FA294620460BF05AFC72
:104B18000068002800F02D810AF054F828460BF0B0
:104B280011FB30460BF00EFB40460BF00BFB3846F2
:104B38000BF008FB48460BF005FB0AA80BF002FB3C
:104B480004A80BF0FFFA07A80BF0FCFA01A80BF079
:104B5800F9FA1CB0BDE8F0870DF1340910AF16AEB4
:104B68000DF14C08484619AD0BF080FA64200BF0A3
:104B78003DFF8C4938460BF079FA394630460BF040
:104B880093FA0A22B4F8A81C40460BF017FB4146DA
:104B980030460BF017FC8246834928460BF066FA2C
:104BA800294650460BF00EFC014648460BF064FBC4
:104BB80028460BF0C7FA40460BF0C4FA30460BF013
:104BC800C1FA38460BF0BEFADDF834A0BAF1000F8E
:104BD80000F0D180504616F043FE51460246734815
:104BE8000AF0B2FF724930460BF040FA31462846C7
:104BF8000BF05AFA494628460BF0E4FB00680028F7
:104C080000F0C58009F0C0FF28460BF09BFA30463B
:104C18000BF098FA64200BF0E9FE664938460BF071
:104C280025FA394630460BF03FFA0A22B4F8AA1C96
:104C380040460BF0C3FA414630460BF0C3FB8246B0
:104C4800594928460BF012FA294650460BF0BAFB90
:104C5800014648460BF010FB28460BF073FA404615
:104C68000BF070FA30460BF06DFA38460BF06AFA22
:104C7800DDF834A0BAF1000F00F08680504616F037
:104C8800EFFD5146024649480AF05EFF4A49304660
:104C98000BF0ECF9314628460BF006FA494628464F
:104CA8000BF090FB006800286CD009F06DFF2846D7
:104CB8000BF048FA30460BF045FA64200BF096FEEC
:104CC8003E4938460BF0D2F9394630460BF0ECF93C
:104CD8000A22B4F8AC1C40460BF070FA4146304644
:104CE8000BF070FB0446304928460BF0BFF9294603
:104CF80020460BF067FB014648460BF0BDFA2846F4
:104D08000BF020FA40460BF01DFA30460BF01AFA69
:104D180038460BF017FA0D9C94B3204616F0A0FD08
:104D28002146024621480AF00FFF254930460BF07C
:104D38009DF9314628460BF0B7F9494628460BF04D
:104D480041FB0068D0B109F01FFF28460BF0FAF9C3
:104D580030460BF0F7F964200BF048FE062219499B
:104D680012480AF0F1FE48460BF0ECF91CB0BDE819
:104D7800F0871548D0E6DFF850A02BE71248E2E7A5
:104D8800114CCAE7104890E7DFF83CA076E70E48D8
:104D980038E700BFBC150020D815002034090020D2
:104DA800DC150020F815002004160020809500204E
:104DB8007016002008160020481600201016002043
:104DC80020160020181600209C930020844642F6E6
:104DD800A800002301220621604410B50CF56044A8
:104DE80009F0EAFFD4F8843E03B110BD07F014F9C6
:104DF800C4F8840E10BD00BF2DE9F04186B01F46EF
:104E08000646884668466A4914460BF02FF96849F1
:104E180068460BF04FFA002F40F3C38007EB870179
:104E28002246012304EB8101158A1432002D14BF98
:104E3800002303F001038A42F6D1002B40F0B18031
:104E4800351D01210222284608F080F85949684694
:104E58000BF086FA694603A80BF026F903AA01218C
:104E6800284608F083F803A80BF06CF95049684607
:104E780006F500560BF01EFA01220221284608F01A
:104E880065F84D4968460BF015FA694603A80BF01A
:104E98000BF903AA0221284608F068F803A80BF0CA
:104EA80051F9434968460BF005FA012203212846C7
:104EB80008F04CF896ED1C0A68460BF06FFA2C21A6
:104EC80068460BF05BFA96ED1B0A68460BF066FA2B
:104ED8002C2168460BF052FA96ED1D0A68460BF035
:104EE8005DFA694603A80BF0DFF803AA03212846F8
:104EF80008F03CF803A80BF025F92D4968460BF09B
:104F0800D9F94146284609F03FFA2846B9B209F0CE
:104F18000FFA002F25DD00262178284609F0E8F948
:104F280061682846143409F02FFA34F80C1C284616
:104F3800013609F0FDF934F80A1C284609F0F8F999
:104F480034F8081C284609F0F3F934F8061C2846FA
:104F580009F0EEF934F8041C284609F0E9F9B742DB
:104F6800DAD1162115480DF073FB394614480AF0BA
:104F780039FE13480AF042FE0F2112480DF068FB73
:104F88000F48C7EB07110AF02DFE0D480AF036FE50
:104F9800284609F0A3F868460BF0D4F806B0BDE837
:104FA800F081351D01222846114607F0CFFF51E751
:104FB800740A0020EC130020FC13002004140020C5
:104FC800709500201C14002070B5CAB00546B04981
:104FD800144601A80BF04AF807F01EF8CDE93A018B
:104FE8003AA815F003F8AB4A034632213DA815F05C
:104FF80051FF3DA904A80BF039F804A907A80BF044
:1050080053F801A907A80BF0DDF906460A22217812
:105018000AA80BF0D3F80AA930460BF0D3F901A976
:105028000BF0D0F906460A2261680DA80BF0DCF8EF
:105038000DA930460BF0C6F901A90BF0C3F90646D5
:10504800022110A894ED020BB7EEC00B0BF0F8F894
:1050580010A930460BF0B6F901A90BF0B3F90646D2
:10506800022113A894ED040BB7EEC00B0BF0E8F87F
:1050780013A930460BF0A6F901A90BF0A3F90646CF
:10508800022116A894ED060BB7EEC00B0BF0D8F86A
:1050980016A930460BF096F901A90BF093F90646CC
:1050A800022119A894ED080BB7EEC00B0BF0C8F855
:1050B80019A930460BF086F901A90BF083F90646C9
:1050C80002211CA894ED0A0BB7EEC00B0BF0B8F840
:1050D8001CA930460BF076F901A90BF073F90646C6
:1050E8000A22216B1FA80BF07FF81FA930460BF08E
:1050F80069F901A90BF066F906460A22616B22A834
:105108000BF072F822A930460BF05CF901A90BF0FC
:1051180059F90646022125A894ED0E0BB7EEC00BEF
:105128000BF08EF825A930460BF04CF901A90BF0CD
:1051380049F90646022128A894ED100BB7EEC00BDA
:105148000BF07EF828A930460BF03CF901A90BF0CA
:1051580039F906460A22A16C2BA80BF045F82BA9B1
:1051680030460BF02FF901A90BF02CF906460A225C
:10517800E16C2EA80BF04EF82EA930460BF022F960
:1051880001A90BF01FF906460A22216D31A80BF080
:1051980041F831A930460BF015F901A90BF012F9C5
:1051A80006460A22616D34A80BF034F834A930465B
:1051B8000BF008F901A90BF005F906460A22A16DC2
:1051C80037A80BF027F837A930460BF0FBF801A9F0
:1051D8000BF0F8F806460A22E16D3AA80BF01AF827
:1051E8003AA930460BF0EEF801A90BF0EBF8216E66
:1051F80004460A223DA80BF00DF83DA920460BF005
:10520800E1F8014628460AF04FFF3DA80AF09AFF48
:105218003AA80AF097FF37A80AF094FF34A80AF0D2
:1052280091FF31A80AF08EFF2EA80AF08BFF2BA859
:105238000AF088FF28A80AF085FF25A80AF082FF4F
:1052480022A80AF07FFF1FA80AF07CFF1CA80AF01A
:1052580079FF19A80AF076FF16A80AF073FF13A8B9
:105268000AF070FF10A80AF06DFF0DA80AF06AFF97
:105278000AA80AF067FF07A80AF064FF04A80AF062
:1052880061FF01A80AF05EFF28464AB070BD00BF62
:105298002C1400206C10002030B597B0114604463D
:1052A8001D4606A80AF000FF6846DDE91A23CDE985
:1052B800002314F09BFE0F4A0346322109A815F07B
:1052C800E9FD09A903A80AF0D1FE03A906A80BF075
:1052D80079F829460BF076F8014620460AF0E4FEF4
:1052E80003A80AF02FFF06A80AF02CFF204617B0E3
:1052F80030BD00BF6C1000202DE9F04FA7B0054667
:10530800CB490FA80AF0B2FECA4912A80AF0AEFEAD
:1053180006F082FE0FAA12ABCDE90001294606A8C5
:10532800FFF7BAFF12A80AF00DFF0FA80AF00AFF4C
:10533800069A002A00F0738344F20223BE4912A899
:1053480005F0FEFF249B002B00F0A6825C200024C1
:105358000BF004FD139AB94B00F11808C26082469D
:10536800149A16A9036002619DF8542044600275DE
:10537800B34ADFF81C938260404605F085FEDAF8F0
:10538800042016A8CAF858400132CDF84890CAF847
:105398000420AC4ACAF8082005F0B8FEDAF8002064
:1053A800A949126B8A4240F04783DAF85020002A54
:1053B80000F08882A5490FA80AF058FE0FA912A884
:1053C8000AF072FE06A912A80AF0FCFF006800287D
:1053D80000F0388309F0D8FB12A80AF0B3FE05F5EF
:1053E80030460FA80AF0AEFE09A9281D09F016F8E4
:1053F80006F6DC529FED967A0746D2ED007AF4EE77
:10540800C77AF1EE10FA00F32682BBEE0E7AF4EEBC
:10541800C77AF1EE10FA54BF0122002206F55E6148
:105428009FED8B7AD1ED007AF4EEC77AF1EE10FA9F
:1054380000F31382BBEE0E7AF4EE477AF1EE10FA1F
:1054480048BF002206F6E8519FED827AD1ED007A36
:10545800F4EEC77AF1EE10FA07DCBBEE0E7AF4EE42
:10546800C77AF1EE10FA40F1CB8206F55F62B3EE2F
:10547800027AD2ED007AF4EEC77AF1EE10FA00F370
:10548800F3810022B2EE0C7AF4EEC77AF1EE10FA4C
:1054980054BF4FF0010B4FF0000B0CAC6E49039258
:1054A80020460AF0E3FD6D4920460AF059FF6C4991
:1054B80020460AF055FF6B4920460AF051FF039A2F
:1054C800002A00F0E481684920460AF049FF67494C
:1054D80020460AF045FF664920460AF041FF06F6D5
:1054E800DC52022112A892ED000A0AF0A9FE12A9C4
:1054F80020460AF031FF12A80AF024FE2C2112A837
:105508000AF002FE12A920460AF026FF12A80AF0A5
:1055180019FE06F55E62022112A892ED000A06F64F
:10552800E8560AF08DFE12A920460AF015FF12A8C7
:105538000AF008FE2C2112A80AF0E6FD12A920465E
:105548000AF00AFF12A80AF0FDFD96ED000A0221F2
:1055580012A80AF075FE12A920460AF0FDFE12A84C
:105568000AF0F0FD434920460AF0FAFE4249204677
:105578000AF0F6FEBBF1000F00F071813F492046AA
:105588000AF0EEFE05F500553D4920460AF0E8FE12
:105598003C4920460AF0E4FE95ED1C0A022112A8B7
:1055A8000AF04EFE12A920460AF0D6FE12A80AF00A
:1055B800C9FD2C2112A80AF0A7FD12A920460AF05D
:1055C800CBFE12A80AF0BEFD95ED1B0A022112A817
:1055D8000AF036FE12A920460AF0BEFE12A80AF00A
:1055E800B1FD2C2112A80AF08FFD12A920460AF05D
:1055F800B3FE12A80AF0A6FD95ED1D0A022112A815
:105608000AF01EFE12A920460AF0A6FE12A80AF009
:1056180099FD1D4920460AF0A3FE1C4920460AF0C0
:105628009FFE0A22394612A80AF0C8FD32E000BFE0
:10563800D4100020DC100020249701204C190020F1
:10564800A819002028190020D107000018110020EF
:10565800000070420000484228110020301100204C
:105668004011002054110020641100207411002002
:105678008411002094110020A41100206C11002036
:10568800B4110020C4110020D4110020E41100201E
:105698001018002012A920460AF05EFE12A80AF08F
:1056A80051FDC44920460AF05BFEC34920460AF072
:1056B80057FEC24920460AF053FE0C99002900F013
:1056C800C581DAF800500846039116F0C9F8BC4EB7
:1056D8000246EB680399B34240F0DB81DAF85000E8
:1056E800002800F0E78004F063FBDAF80050EB686C
:1056F800B34240F0C981DAF85000002800F0CC81AC
:105708000522B04904F054FBDAF800500999EB6817
:10571800B34240F0B381DAF85000002800F0C681A7
:105728003A4604F045FBDAF80050EF680022B74229
:10573800ADF8162040F09C81DAF85000002800F0FF
:10574800708102220DF1160104F032FBDAF80050E4
:10575800EF68B74240F08581DAF85000002800F081
:10576800B0810322984904F023FBDAF80050EA6A72
:10577800964EB24240F07281DAF8580020B112F029
:105788000FF90022CAF85820DAF85020002A00F051
:105798005F81404605F0BAFCDAF80450013DCAF8CA
:1057A8000450BDBBDAF80020D26AB24240F0A381AF
:1057B800DAF8580018B112F0F3F8CAF85850DAF8C5
:1057C8005020002A00F08B81404605F09FFCDAF853
:1057D80000207F4952688A4240F096817D4BDAF872
:1057E8005800CAF8003020B112F0DAF80022CAF8DE
:1057F8005820DAF85020002A00F08081404605F051
:1058080085FC4046CAF8089005F080FC50465C21AB
:105818000BF0A6FA06A912A80AF046FC6E490FA8D2
:105828000AF024FC0FA912A80AF0CCFD0068002891
:1058380000F00A8109F0A8F90FA80AF083FC12A861
:105848000AF080FC20460AF07DFC06A80AF07AFCE3
:1058580027B0BDE8F08F0022E0E50022F2E55F49BD
:1058680020460AF07DFD8DE60CAC5D494FF0000B3B
:1058780020460AF0FBFB5B4920460AF071FD5A49B5
:1058880020460AF06DFD594920460AF069FD58493D
:1058980020460AF065FD1AE6DDF894A0BAF1000F7B
:1058A8007FF454ADDFF8549116A8CDF8489005F070
:1058B8002DFC0CE0DAF8540000283FF436AF02F073
:1058C800A7FE12E7DAF85420002A7FF473AD0CAC77
:1058D800484909A80AF0CAFB09A90FA80AF0E4FB7D
:1058E80006A920460AF0E0FB21460FA80AF06AFD47
:1058F8000546414912A80AF0B9FB12A928460AF040
:1059080061FD0068002800F0E88009F05BF912A842
:105918000AF018FC20460AF015FC0FA80AF012FC41
:1059280009A80AF00FFCBAF1000F8ED0DAF804408B
:10593800013CCAF80440002C87D1DAF8002023493A
:10594800D26A8A4240F0E980DAF8580018B112F0B9
:1059580027F8CAF85840DAF85020002A00F0D78013
:105968000AF1180005F0D2FBDAF80020184952684D
:105978008A4240F0D580174ADAF85800CAF8002061
:1059880020B112F00DF80022CAF85820DAF8502099
:105998000AF11804002A00F0A880204605F0B6FB9A
:1059A8002046CAF8089005F0B1FB5C2150460BF080
:1059B800D7F94AE7F0110020FC110020041200205A
:1059C8002D0D00001812002020120020E50700000D
:1059D800F90E00004C190020241200206411002048
:1059E80028110020301100204011002054110020FF
:1059F8006C110020E8100020F8100020101800207A
:105A080006F55F61B3EE027AD1ED007AF4EEC77A5B
:105A1800F1EE10FA7FF736AD4FF0000B3DE5424A44
:105A28008AE4DAF8540000283FF4A1AE02220DF10E
:105A3800160102F0EDFD89E65046904700283FF434
:105A480046AFB7E43848C5E43748F3E6364938E6A0
:105A5800DAF85420002A7FF49CAE9DE65046904721
:105A68009AE6032231495046B847DAF800507EE6F4
:105A780002220DF116015046B84767E63A465046ED
:105A88009847DAF8005050E60522294950469847C9
:105A98003AE65046984728E6DAF8540000283FF4DA
:105AA80044AE0522224902F0B3FD2DE6DAF854008F
:105AB80000283FF43AAE3A4602F0AAFDDAF8005060
:105AC80033E6DAF8540000283FF451AE03221749B0
:105AD80002F09EFDDAF8005049E6134815E7DAF8B7
:105AE8005420002A7FF470AE71E6DAF85420002AB8
:105AF8007FF453AF54E75046904768E6DAF85420ED
:105B0800002A7FF47BAE7CE65046904782E6DAF8BE
:105B18005420002A7FF424AF26E75046904723E715
:105B28005046904791E600BF9C9300202012002029
:105B3800181200202DE9F04F04468BB00B46C049DF
:105B480004F53044029004A803930AF08FFA04F68F
:105B5800DC539FEDBC7AD3ED007AF4EEC77AF1EE10
:105B680010FA3DDCBBEE0E7AF4EEC77AF1EE10FACD
:105B780054BF0123002304F55E629FEDB27AD2ED93
:105B8800007AF4EEC77AF1EE10FA27DCBBEE0E7A53
:105B9800F4EE477AF1EE10FA48BF002304F6E85213
:105BA8009FEDA97AD2ED007AF4EEC77AF1EE10FAF9
:105BB80007DCBBEE0E7AF4EEC77AF1EE10FA40F18C
:105BC8000A8104F55F63B3EE027AD3ED007AF4EE4E
:105BD800C77AF1EE10FA05DD00250CE00023DDE7B9
:105BE8000023C8E7B2EE0C7AF4EEC77AF1EE10FAA9
:105BF80054BF01250025029B022201211E1D3046AB
:105C080007F0A4F904F6DC5304A893ED000A0AF09F
:105C1800C5FB2C2104A80AF0B1FB04F55E6304A8B7
:105C280093ED000A0AF0BAFB2C2104A80AF0A6FB9F
:105C380004F6E85304A893ED000A0AF0AFFB04A9A0
:105C480007A80AF031FA012107AA304607F08EF9B1
:105C580007A80AF077FA7A4904A80AF02BFB002D66
:105C680000F0D98001220221304607F06FF9029F27
:105C780004A807F5005507F5804A95ED1C0A0AF0B7
:105C88008DFB2C2104A80AF079FB95ED1B0A04A8CA
:105C98000AF084FB2C2104A80AF070FB95ED1D0A7C
:105CA80004A80AF07BFB04A907A80AF0FDF907AAD3
:105CB8000221304607F05AF907A80AF043FA60496A
:105CC80004A80AF0F7FAD4F8D81D304608F05CFBAF
:105CD800DAF8442D002A40F3B08049F648044FF022
:105CE800000B3C445D462188304608F021FB0BF14F
:105CF800010BDAF8441D258004F516745945F2DCC9
:105D0800039B002B40F39780029A44F648590027DA
:105D180002EB43034B4491440193DAF8401DDAF84F
:105D28003C0D0144002974DDC84600240BF1010B29
:105D3800B8F80010304608F0FBFADAF83C1DDAF83B
:105D4800400D0BEB04020134A8F80070014408F57B
:105D58001678A142ECDCDAF8441D002952DD09F579
:105D68009645002402F101082988304608F0E0FA37
:105D780008EB040BDAF8441D01342F8005F516757D
:105D8800A142F1DC09F10209019B9945C5D1039CA7
:105D980011212E480CF05CFC21462D4809F022FF09
:105DA8002B4809F02BFF0F212A480CF051FC5946CB
:105DB800274809F017FF264809F020FF304608F069
:105DC8008DF9DDE90201FFF797FA04A80AF0BAF99C
:105DD8000BB0BDE8F08F04F55F62B3EE027AD2ED46
:105DE800007AF4EEC77AF1EE10FA1ADD0025002BDE
:105DF8003FF401AF029B01221E1D1146304607F0F9
:105E0800A5F8FFE609F10209019B9346994584D15B
:105E1800BDE75A469FE702223046114607F096F83A
:105E280025E7B2EE0C7AF4EEC77AF1EE10FA54BF19
:105E380001250025DBE70024AAE74FF0000B5FE708
:105E4800740A002000007042000048428C130020B1
:105E5800709500201C1400202DE9F04F00F56045D6
:105E6800A1B006460F46D5F87C3E002B00F0008115
:105E7800D5F8803EB3F5967F80F2FA800133D5F8E5
:105E8800742E4FF000090CACC5F8803E0DF14008A7
:105E98006D4B0393002A00F0B98144F202236B4949
:105EA800204605F04DFA1E9B002B00F0CD815C20AA
:105EB80000250AF053FF0D9A83464560C2604146AB
:105EC8000E9A183040F8082C9DF83C2000F8042C55
:105ED8005F4A40F8182C5F4A40F8102C05F0D4F8B7
:105EE800DBF80420039B40460132CBF858500C9352
:105EF800CBF80420584ACBF8082005F007F9B9F187
:105F0800000F07D0D9F80420013AC9F80420002A64
:105F180000F0B181DBF800205049126B8A4240F052
:105F2800D982DBF85020002A00F0738231463A46C5
:105F38002046FFF749F80C9E002E00F05582DBF84A
:105F48000050304615F08CFCDFF82091EF680246CF
:105F58004F4540F0AF82DBF85000002800F0588130
:105F6800314603F025FFDBF80050EE684E4540F05F
:105F78005D81DBF85000002800F0A082012238493A
:105F880003F016FFDBF80050EA6A364EB24240F0E2
:105F98005881DBF8580020B111F002FD0022CBF83F
:105FA8005820DBF85020002A00F02B820BF1180053
:105FB80005F0ACF8DBF80450013DCBF80450002D97
:105FC8003BD1DBF80020D26AB24240F0A282DBF873
:105FD800580018B111F0E4FCCBF85850DBF8502009
:105FE800002A00F008820BF1180005F08FF8DBF8A2
:105FF80000201D4952688A4240F0A782144ADBF803
:106008005800CBF8002020B111F0CAFC0022CBF8D0
:106018005820DBF850200BF11805002A00F089827F
:10602800284605F073F8039B2846CBF8083005F09E
:106038006DF85C2158460AF093FE20460AF082F873
:1060480021B0BDE8F08F00BF101800202497012070
:106058004C190020A819002028190020D107000099
:10606800840A0020E5070000F90E00002D0D00004D
:106078004EF674690CACA24906A809F0F7FFB144C2
:10608800A04909A809F0F2FF05F0C6FF09AB06AA66
:10609800CDE9000131462046FFF7FEF82146484683
:1060A8000AF0F2F820460AF04DF809A80AF04AF872
:1060B80006A80AF047F80023D5F8742EC5F8803EE4
:1060C800002A00F0A48144F202238F49204605F0FB
:1060D80037F91E9B002B00F031815C204FF0000A3D
:1060E8000AF03CFE0D9A0DF140088346C260183054
:1060F8000E9A414640F814AC40F8082C9DF83C2014
:1061080000F8042C814A40F8182C814A40F8102CD9
:1061180004F0BAFFDBF804207E4B40460132CBF88E
:1061280058A00393CBF804207B4A0C93CBF80820A3
:1061380004F0ECFFDBF80020DFF8F8A1126B524501
:1061480040F05481DBF85020002A00F0AD817349FB
:1061580009A809F08BFF09A9204609F0A5FF4946BF
:1061680020460AF02FF90068002800F0CC8108F0DA
:106178000BFD204609F0E6FF09A809F0E3FF68498E
:10618800204609F073FF0C99002900F0BE81DBF866
:10619800002008460491D368DFF89C91059315F018
:1061A8005FFB059B024604994B4540F0B581DBF83F
:1061B8005000002800F09F8103F0FAFD204609F006
:1061C800C1FFDBF80020D3684B4540F0AB81DBF81A
:1061D8005000002800F083810122524903F0E8FDB5
:1061E800DBF80020D5F8801E126B01315245C5F846
:1061F800801E00F0E6805846904700287FF496AE4F
:10620800D5F8742ED946002A7FF447AE464A44E6AC
:10621800DBF8540000283FF4B7AE314602F0F8F935
:10622800DBF80050EE684E453FF4A3AE01223D492D
:106238005846B047DBF800503C4EEA6AB2423FF499
:10624800A8AE58469047B5E6DDF87CB0BBF1000F24
:106258007FF42DAE039B40460C9304F057FFB9F131
:10626800000F3FF4EDAED9F80420013AC9F8042034
:10627800002A7FF4E5AED9F800202C49D26A8A4278
:1062880040F06681D9F8580020B111F089FB00224E
:10629800C9F85820D9F85020002A00F0508109F197
:1062A800180004F033FFD9F80020214952688A42C7
:1062B80040F05781154AD9F85800C9F8002020B194
:1062C80011F06EFB0022C9F85820D9F8502009F1C6
:1062D8001805002A00F03F81284604F017FF039BA9
:1062E8002846C9F8083004F011FF48465C210AF036
:1062F80037FDBBF1000F7FF40DAE21B0BDE8F08F84
:10630800A0130020A8130020249701204C19002076
:10631800A81900201018002028190020D0130020E8
:1063280054120020840A00209C930020E5070000F6
:10633800F90E0000D10700002D0D0000DDF87CB03B
:10634800BBF1000F7FF4C9AE0DF14008904B4046F9
:1063580003930C9304F0DAFE8E4906A809F086FE32
:1063680006A909A809F0A0FE494609A80AF02AF8D2
:1063780081468949204609F079FE214648460AF0B7
:1063880021F80068002800F0C28008F01BFC2046B5
:1063980009F0D8FE09A809F0D5FE06A809F0D2FE32
:1063A800D5F8802E0132C5F8802EBBF1000F3FF4DE
:1063B80027AFDBF80020DFF8F8A1126B52457FF415
:1063C8001AAFDBF85020002A7FF4B0ADDBF8542078
:1063D800002A3FF415AF31463A462046FEF7F4FD51
:1063E8000C9E002E7FF4ABAD6C4EA8E55846904746
:1063F8000028B1D0ABE6DBF85420002A7FF4F3ADD7
:10640800F5E5DBF85420002A7FF4D0ADD2E5634AE5
:1064180059E6DBF85420002A7FF488ADDBF8044005
:10642800013CCBF80440002C7FF40AAEDBF80020D6
:106438005B49D26A8A4272D1DBF8580018B111F070
:10644800AFFACBF85840DBF85020002A00F09080D3
:106458000BF1180004F05AFEDBF80020514952688D
:106468008A4240F09080504ADBF85800CBF8002070
:1064780020B111F095FA0022CBF85820DBF8502013
:106488000BF11804002A79D0204604F03FFE039B44
:106498002046CBF8083004F039FE5C21584621B07C
:1064A800BDE8F04F0AF05CBCDBF85420002A7FF40A
:1064B8004EAE51E731465846B84754E5DBF854002C
:1064C80000283FF461AD0122384902F0A1F8DBF859
:1064D800005059E55846904700289FD026E5DBF83C
:1064E800540000283FF47EAE0122304902F090F8B3
:1064F800DBF8002076E6DBF8540000283FF45EAEB7
:1065080002F086F85AE6254831E624493FE6234852
:106518003BE7584690476AE5584698474EE658463E
:10652800904799E70122214958469847DBF800200F
:1065380058E6DBF85420002A7FF472AD73E5D9F8E9
:106548005420002A7FF4ABAEADE65846904774E578
:1065580048469047A7E6D9F85420002A7FF4BCAEF5
:10656800BDE648469047BBF1000F3FF4C6AED1E404
:10657800DBF85420002A7FF46BAF6DE7DBF854207A
:10658800002A81D183E7584621B0BDE8F04F104773
:1065980010180020E8100020B01300209C93002061
:1065A800E5070000F90E00004C190020840A0020BD
:1065B800D1070000000000002DE9F04100F560451A
:1065C800ACB095F8943E002B00F08A80002300F5CB
:1065D8008048044642F66446A5F8943E0AAF98F807
:1065E800AF3C002B40F086800644002231463846F6
:1065F80000F06EFC05F010FDD5F8843E002203F58E
:106608009673834272EB0101C0F2888004F550460C
:10661800D6F8003703EB83039DF828204DF2047861
:1066280004EB830303F8082005F0F6FCD6F80027EE
:10663800D5F8843E4DF208719FED5D3B9DED0C6BE6
:106648009DED107B9DED0E4B36EE036BC01A37EEB9
:10665800037B02EB820324EE034B013204EB83033A
:10666800B2F5967F26EE036B58504DF20C7127EE6B
:10667800037BBCEEC66BBCEEC44B9FED4F2B9DED70
:10668800125B16EE100ABCEEC77B25EE025B585271
:106698004DF20E7114EE100A58524DF2107117EEA9
:1066A800100ABCEEC55B58524DF2127115EE100A75
:1066B80058524DF2147117985852C6F800273DD019
:1066C80004F5005393F8B13B9BBB42F6A8000023A6
:1066D80001220621204408F06FFBD5F8843E13B14F
:1066E8002CB0BDE8F08105F097FCC5F8840E2CB0FD
:1066F800BDE8F0812644324808F046FA384631466B
:1067080000F0D6FE0A9800284CD008F03DFA38462A
:1067180009F018FD002388F8AF3C66E704F55046F9
:1067280005F07AFCD6F80037C01A0138C5F8840E8F
:1067380070E739462046FFF78FFBC6E705F06CFC8B
:10674800D6F80037014604EB08022046FEF754FB52
:106758001C4904A809F08AFC0A22D6F8001701A8E7
:1067680009F02CFD01A904A809F02CFE164909F02E
:1067780031FE014607A809F097FC0798A0B108F078
:1067880003FA07A809F0DEFC01A809F0DBFC04A85D
:1067980009F0D8FC0023C6F8003705F03DFCC5F821
:1067A800840E8DE70948B0E70848E8E7AFF30080B2
:1067B80000000000000059400000000000004940AF
:1067C800C00F0020DC0F0020E80F00209C93002061
:1067D8000AF0FEB990F81CC04160BCF1020FC2601B
:1067E80001D18368184708F04BBD00BFF0B40468B6
:1067F80040F201251E462561A3B121B311F8015BC2
:10680800013B6566256FAF0707D41546013E676FE4
:106818001AB105F8017B2A4604686569ED07F1D5C8
:10682800002BEAD16EB10368196F8907FAD41146B3
:10683800013E5B6F002AF5D001F8013B0A46002EA5
:10684800F1D1F0BC704790F83C50D9E7324B33494E
:1068580030B5D3E911542079C8771A6C95F804C07B
:1068680081F81CC0087752B1B2F5004F23D32C49E8
:1068780011442A4A1964D07682F81BC030BD1968C1
:106888000F24D86C8C6540F20134CA610C614FF456
:106898007C544C6103210468246883F83D10214B23
:1068A8009C4226D1037F4260022BC26026D18368B6
:1068B800BDE8304018472D68E98B090422D492B20C
:1068C800EA832168EC8BA4B2EC82CC8B240405D536
:1068D800CC8BC2F3080204F47E442243CA83CA8BD9
:1068E80092B2CA8200210D4A1964D07682F81BC080
:1068F80030BD23461146BDE830401847BDE830405A
:1069080008F0BEBCE98BC2F3080E92B201F47E41D6
:1069180041EA0E01E983D4E72095002000800E406B
:106928000180FFFFB545000043682DE9F04FD3E92A
:106938000041814D4FF0B80A22684FF0020822EA60
:1069480001027E492260AA6911407D4A0A43AA6170
:1069580090F810E07B4A03EB0E0603EB8E0E317CB9
:1069680002EB01118968C1F800A090F811C003EB8F
:106978000C050CF10A0C95F8241002EB011189683A
:10698800C1F800A0817C03EB010903EB810199F8B0
:1069980038B002EB0B1BDBF808B0CBF800A0D4F83A
:1069A80000A05F684AEA070AC4F800A0347CDEF851
:1069B80014E002EB04146468C4F800E095F824407D
:1069C80053F82CC002EB04146468C4F800C0C96B07
:1069D80099F8384002EB0412526811609A6C99F8E1
:1069E800441011601A6A317F5B6B116095F8302092
:1069F8001A600F220368C3F810809A65C27C002AC7
:106A080031D072B6C37CDC0708D54FF0E021446969
:106A1800D1F8802122408262C1F88021990708D5E7
:106A28004FF0E0218469D1F884212240C262C1F884
:106A380084215A0708D54FF0E021C469D1F888218C
:106A480022400263C1F888211F0708D54FF0E021D2
:106A5800046AD1F88C2122404263C1F88C21DE06F9
:106A680055D462B60368384C8268A24259D0324A7B
:106A7800846092693549C2F30116C2F38262344DCB
:106A880051F826100132B1FBF2F2AA4231D80022A5
:106A9800C260002403211C610724596201211A6481
:106AA8001C661961C37C13B3DD0704D5816A4FF0F6
:106AB800E022C2F800119C0704D5C16A4FF0E02219
:106AC800C2F80411590704D5016B4FF0E022C2F84F
:106AD80008111A0704D5416B4FF0E022C2F80C11D7
:106AE800DB0604D5826B4FF0E023C3F81021BDE824
:106AF800F08F1849A1FB0251090DB2FBF1F2A24235
:106B080088BF0131B1F5817F0DD3134AC0E74FF03B
:106B1800E022416AD2F890310B408363C2F8903189
:106B28009FE7C268B5E70229B1D902394C082202A9
:106B380042EA04420A43ABE700C00F40CFFFFFE33D
:106B480010000008B08A002000093D00C41A002087
:106B5800FF083D0083DE1B43FF7F7F000BB1FFF77B
:106B680045BE70474368D3E900120968114200D155
:106B7800704710B502680446002005211061227C88
:106B88001344187C09F0ECFF627C63680521134408
:106B980093F8240009F0E4FF6368A27C05211344FC
:106BA800BDE8104093F8380009F0DABFF8B51C4684
:106BB8000F4600210646013C154609F095FF4FFA9D
:106BC80084FCBCF1000F16DB0CF101030D4CF81826
:106BD800E91810F8013D22685366D36D13F4F81FC5
:106BE800FBD00CF1FF3C536F4FFA8CFC01F8013DD0
:106BF800BCF1FF3FEDD130460121BDE8F84009F076
:106C080073BF00BF2095002070B50E4609490446A1
:106C1800154609F02BFA41F2140000212044C4E97A
:106C2800036509F023FA002104F5815009F01EFAE2
:106C3800204670BD780B002010B504460021007C6A
:106C480009F052FF04F5815009F07CFA41F2140072
:106C5800204409F077FA204609F074FA204610BD5E
:106C680010B504460121007C09F07AFF207C002140
:106C7800BDE8104009F038BF0B4641F2140110B5C9
:106C88000446194409F010FA204610BD000000001F
:106C9800D1ED177A10B52DED108BB8EEE78BD1ED4D
:106CA800187A86B00C46B8EEE7FBD1ED137AB0EE51
:106CB800480BB8EEE7EBD1ED147AB0EE4F1BB8EE07
:106CC800E7CBD1ED167AB8EEE7BBD1ED157AB8EE81
:106CD800E7DB0FF091FB28EE086B2FEE0FFBB0EE11
:106CE800409BB1EE4B8B36EE0F0BB5EE400BF1EE41
:106CF80010FA00F19480B1EEC01BB0EE480B8DED98
:106D0800046B0FF079FBB0EE40AB0FF075FD8DED25
:106D1800000BB0EE490B0FF0BBFDB0EE408BB0EEB0
:106D28004A0B0FF0B5FD28EE0C1B2DEE488B21EE1B
:106D3800001B9DED007B8DED020BB0EE490BA7EE1D
:106D48000E1B8DED001B0FF057FDA0EE0C8B20EEF7
:106D58000D0B9DED025B9DED001BA5EE001BB1EE3A
:106D6800480B0FF049FB9FED327B9FED335B9DEDA8
:106D7800046B20EE070B80EE057BB5EEC07BF1EED1
:106D880010FA03D59FED2E5B37EE057BABEE0B6B50
:106D98009FED274B9FED285B84ED1E7B2AEE04AB0D
:106DA80029EE049B8AEE057B89EE054B3FEE06FB38
:106DB800B5EE40FBF1EE10FA84ED1C7B84ED1A4B26
:106DC80026D4B1EECF7BB7EE005B9FED1F4B37EEBD
:106DD800447BB0EEC76B86EE047B35EE477BB5EEA1
:106DE800C07BF1EE10FA0BD4B4EE457BF1EE10FA4D
:106DF80035FE077B84ED207B06B0BDEC108B10BD03
:106E08009FED137B84ED207B06B0BDEC108B10BD8D
:106E1800B0EE4F0B0FF0C4FBB0EE407BD3E78DED27
:106E2800006B0FF0BDFBB0EE401B9DED006B64E7FF
:106E38000000000000806640182D4454FB210940E2
:106E480000000000008076400000000000408F40F5
:106E5800000000000000000030B5054685B00C4673
:106E6800FAB9E16801A800230D2209F017F8E068D3
:106E78000322154903685B689847E06801221349B3
:106E880003685B68984701A9284609F029F901A811
:106E980009F058F9284605B030BDE06803685B6919
:106EA8009847E06803681B6998470028F5D1E068AF
:106EB8000322054903685B689847E0680122034993
:106EC80003685B689847CCE76C0B00200416002029
:106ED8002DE9F04F1446BDB08B468822002181462B
:106EE80012F006FD2246594603A8FFF7B5FF059B99
:106EF800002B00F04F810DF124083CAF444620469A
:106F08000C34002109F0B2F8BC42F8D12C2103A8B6
:106F180009F034FA00222C2103A809F099FA421C3E
:106F2800034600F08A8006AC0022461C03A92046CE
:106F38000DF1CC0A09F0B0FA2146404609F0A4F94F
:106F4800204609F0FFF832462C2103A809F080FA00
:106F58000CAA034615460192B3F1FF3F324603A936
:106F6800204603F1010668D009F096FA2146284622
:106F78000C3509F089F9204609F0E4F832462C214D
:106F880003A809F065FA55450346E5D101234046B3
:106F980089F8003009F0D6FAC9F80400019809F018
:106FA800D7FAB7EEC00A0FA889ED020B09F0D0FA9C
:106FB800B7EEC00A12A889ED040B09F0C9FAB7EEBA
:106FC800C00A15A889ED060B09F0C2FAB7EEC00A87
:106FD80018A889ED080B09F0BBFAB7EEC00A1BA880
:106FE80089ED0A0B09F0AEFAC9F830001EA809F0BD
:106FF800A9FAC9F8340021A809F0AAFAB7EEC00A1C
:1070080024A889ED0E0B09F0A3FAB7EEC00A27A849
:1070180089ED100B09F096FAC9F848002AA809F07A
:1070280091FAC9F84C002DA809F08CFAC9F850005B
:1070380030A809F087FAC9F8540000222C2103A8C7
:1070480009F006FA421C034600F0AB8006AC0022A9
:10705800461C03A9204609F01FFA2146404609F0BC
:1070680013F9204609F06EF832462C2103A809F0DE
:10707800EFF90CAA034615460192B3F1FF3F3246D9
:1070880003A9204603F1010600F08B8009F004FAF9
:10709800214628460C3509F0F7F8204609F052F841
:1070A80032462C2103A809F0D3F9BD420346E4D1A6
:1070B8000123404639AC89F8003009F043FAC9F891
:1070C8000400019809F044FAB7EEC00A0FA889ED48
:1070D800020B09F03DFAB7EEC00A12A889ED040BBD
:1070E80009F036FAB7EEC00A15A889ED060B09F0C3
:1070F8002FFAB7EEC00A18A889ED080B09F028FA8C
:10710800B7EEC00A1BA889ED0A0B09F01BFAC9F8EB
:1071180030001EA809F016FAC9F8340021A809F0B1
:1071280017FAB7EEC00A24A889ED0E0B09F010FA79
:10713800B7EEC00A27A889ED100B09F003FAC9F8C1
:1071480048002AA809F0FEF9C9F84C002DA809F052
:10715800F9F9C9F8500030A809F0F4F9C9F8540051
:1071680033A809F0EFF9C9F8580036A809F0EAF988
:10717800C9F85C00204609F0E5F9C9F860005846EE
:107188004946FFF785FD204608F0DCFF4445A4F199
:107198000C040BD103A808F0D5FF48463DB0BDE864
:1071A800F08F99F8003039AC002BE8D1204608F070
:1071B800C9FF4445A4F10C04F8D1EBE72DE9F043ED
:1071C800064691B00D4601E05B699847E868036898
:1071D8001B6998470446E8680368002CF4D15B688B
:1071E800032245499847E868012244490368444F07
:1071F8005B689847E868DFF818810368DFF814913E
:10720800DB6898472146304608F030FF00230D22FE
:10721800E96801A808F042FE01A809F067F9039B94
:1072280033B3394604A808F021FF04A901A809F0DE
:10723800DFF868B104A808F085FF01A9404608F006
:10724800ABFC404608F0DAFC01A808F07BFFDDE75C
:10725800494607A808F00AFF07A901A809F0C8F8D5
:1072680080B107A808F06EFF04A808F06BFFE4E7F8
:1072780001A808F067FF304609F038F9304611B028
:10728800BDE8F0831F490AA808F0F0FE0AA901A882
:1072980009F0AEF848B10AA808F054FF07A808F0AA
:1072A80051FF04A808F04EFFC7E717490DA808F0DA
:1072B800DDFE0DA901A809F09BF804460DA808F009
:1072C80041FF0AA808F03EFF07A808F03BFF04A802
:1072D80008F038FF002CB0D1B3683BB901A930469B
:1072E80009F03AF801A808F02DFF8FE70749304662
:1072F80009F036F8F2E700BF400B00200416002022
:10730800440B0020500B00205C0B0020680B002071
:10731800709500204C0B0020F0B50446C06887B07B
:10732800002203684DF67C5102264A4FDB699847D4
:107338004FF49673E0684FF4006204F1140183601F
:1073480008F072FA4FF4006204F61401E06808F0DD
:1073580085FA0121207C09F003FC0021207C09F03A
:10736800C3FB642009F042FB0121207C09F0BCFB2F
:107378004FF47A7009F03AFB00230D22E168684661
:1073880008F08CFD394603A808F070FE03A968468A
:1073980009F070F8054603A808F0D4FE01356846E0
:1073A8004ED108F0CFFE012E04D047E0E068036814
:1073B8005B699847E06803681B6998470028F5D11E
:1073C8004FF47A7004F5815509F010FB214603A8A3
:1073D800FFF7F4FE03A9284608F056FF03A808F0B3
:1073E800B1FE04F580539B6A7BB9214603A8FFF7D9
:1073F800E5FE03A9284608F047FF03A808F0A2FE07
:1074080003E0E06803685B699847E06803681B6904
:1074180098470028F5D1E06803220F4903685B68A4
:107428009847E06801220D4903685B689847E0685F
:107438000368DB6807B0BDE8F040184701269BE702
:1074480041F214006946204408F016FF684608F027
:1074580079FEAFE7700B00206C0B002004160020AB
:10746800F8B516680C460546CF68D6B1304614F014
:10747800F7F93B680246314638465B689847E0684A
:107488000122094903685B689847E0680368DB687C
:107498009847284600230D22E16808F0FFFC28469B
:1074A800F8BD024EE2E700BF041600209C930020BE
:1074B80030B5054685B00C4603E0E06803685B69B3
:1074C8009847E06803681B6998470028F5D10D497B
:1074D80001A808F0CBFD01AA21462846FFF7C0FF06
:1074E80001A808F02FFEE0680322074903685B68DB
:1074F8009847E0680122054903685B689847284671
:1075080005B030BD3C0B00206C0B00200416002099
:1075180070B500F1240384B08C46044601AD1646CC
:1075280093E8070085E807004FEA4C122946206ACD
:1075380001F068FB012806D132462946206A01F08D
:1075480045FB04B070BD002004B070BD10B5044602
:1075580000F0BAFD002384F8313084F8333010BDD0
:1075680038B514460D46002200F12401006A01F0E6
:107578002DFB034620B1428901202A801B892380E4
:1075880038BD00BF38B514460D46002200F124016D
:10759800006A01F01BFB034620B1C28901202A8042
:1075A8009B89238038BD00BF38B50D4690F831104F
:1075B80009B1002038BD3822044612F099F9012398
:1075C80040222562184684F8333084F8312038BDCB
:1075D800F0B40D460978202903D115F8014F202C65
:1075E800FBD0156095602C782F2C11D084B16E1CBF
:1075F8003C2C1D4F35462AD8212C12D804F1FF3CCB
:10760800BCF11E0F16D80020F0BC704715F8014FCA
:10761800202CFBD02F2CF9D01D601146F0BC01F0B6
:10762800C3B9A4F1220C5FFA8CFC27FA0CFC1CF0FD
:10763800010FE8D12E2C01D0202C0DD116F8014BCA
:10764800002CE5D02F2CE3D03C2C3546D4D95C2C2B
:10765800D9D003D97C2CD6D09660EFE73E3C012CDC
:10766800FAD80020F0BC7047012100052DE9F04F41
:1076780090F8333083B00546DC0774D558060F46BA
:10768800904640F1B080D5E90023D5E9041018EB05
:10769800020443F10003A14270EB0303C0F0A98088
:1076A800B8F1000F5BD0464605F11809D5E900325C
:1076B800D5F820A0DAF838441C40C4F3080B002C95
:1076C80070D1134370D195F831305A064CBFDAF8AF
:1076D8003424EA69AA619AF84504023ADAF82C14C3
:1076E800630A824001EB54211144BBF1000F45D1DC
:1076F800B6F5007F42D3DAF81C2291423ED0B6F5A7
:10770800806F58D34FF0010B0BFA00FBABEB030B68
:10771800730A9B4528BF9B4691424FEA4B240AD8DF
:1077280001EB0B039A4206D20AF50470019103F0AB
:107738001BFE0199B8B1DAF814025B460268D2F868
:1077480014A03A46D04770B123462744D5E9001221
:107758005B1842F10002361BC5E90032A8D1404649
:1077680003B0BDE8F08F95F832304FF0FF3043F0AA
:10777800020385F8323003B0BDE8F08FCBF5007412
:1077880000220AF50470B44228BF344603F018FEFC
:107798000028E8D000EB0B012246384609F044FAED
:1077A8002346D2E7AA6996E795F833305B060ED5EB
:1077B800AA6901328EE7DAF814023A4603681B69AF
:1077C80098470028CFD04FF400731C46BDE74A46BF
:1077D8005046A96901F058FA0028C4DB0CD0D5F846
:1077E80020A0AA6977E795F8313019077FF558AFD7
:1077F80049E7A1EB020853E795F8313013F0500F31
:10780800B1D0A8EB06084046AAE700BFF0B583B0A0
:107818000122044685690DF10701D0E90067FFF7E9
:1078280025FF0128A5610CBF9DF807004FF0FF3028
:10783800C4E9006703B0F0BD2DE9F04F1F4690F88A
:10784800313083B00446D0F81880002B51D016464A
:10785800D0E9001CBC4508BF91425CD056EA07023B
:107868004DD01D0704D5D0E90402B042BA4140D337
:1078780094F83320751ED4F820A0019247F1FF3008
:107888009AF845240932D2B2C2F1200ED540A2F1AD
:10789800200900FA0EFB20FA09F045EA0B0505431A
:1078A8000198400633D4481E20FA02F24CF1FF300A
:1078B80051EA0C0C00FA0EFE20FA09F042EA0E0218
:1078C80042EA000201D0954229D25B064CBFDAF8A1
:1078D8003434E369A36104F1180906E0A169013DA4
:1078E800206A01F0D1F9002803DD4A46002DF5D1C0
:1078F80007E00020C4F8188003B0BDE8F08F00232B
:1079080083610120C4E9006703B0BDE8F08FE36933
:107918002B44A361F5E7012003B0BDE8F08FAD1A51
:10792800D9E700BF2DE9F04F174690F831208FB006
:107938000546002A40F0D7808B4691F8311011F0A7
:10794800500F00F0D08003F003019A46032900F09D
:10795800CA80013103F0080041EA00030293002FB6
:1079680000F0CB80396901F10E08B649A1FB08186F
:10797800DBE900104FEAD808014308F102085FFA72
:1079880088F805D000200021CBF81820CBE90001A9
:107998000024029B264643F040030393202206A9B5
:1079A8005846FFF763FE00B3202840F09C809DF9FD
:1079B80018209DF81830002AC0F2A28034B9DBF8EC
:1079C8000020A2F12009DBF818200192444501D2D9
:1079D8000134E4B2002B00F01381202206A9584696
:1079E8000026FFF743FE0028DED11AF4007F7AD084
:1079F800029B9B0777D5002F75D0444517D2DDF839
:107A080004A0202206A95846FFF730FE631C002870
:107A180061D0202867D12CB9DBF80020DBF818A04A
:107A2800A2F12009DCB2A045EBD8CDF804A0382299
:107A3800002128469BF8334011F05AFFDBF820302C
:107A4800C4F38014019A2B620823002685F82C4081
:107A580085F831303B68C5E909297B60BE81B8F1FA
:107A6800000F33D008F1FF39B346DFF8DCA15FFA25
:107A780089F9012259462846FFF74AFD044690B382
:107A880090F90020002A2EDB2022002111F030FF7F
:107A9800002E00F0BC80BBF1010F00F0D780C1239D
:107AA800A3461E3404F81E3CBB8938461BB9D7E9E7
:107AB80001239A4205D003F0C1FC2BF8020FA3451D
:107AC800F2D101365FFA86FBD845D2D8284600F0B5
:107AD800FBFA06460DE05846DBF8186000F024FB78
:107AE800002840F0918000231E4685F8313085F843
:107AF800333030460FB0BDE8F08F4FF0030847E74A
:107B080056BB444538BF0024852B7FF447AF314628
:107B180038222846012611F0EBFE9DF81C209DF81E
:107B2800193085F8303002F03703D20658BF43F0D9
:107B3800080385F83130DBF80030DBF82020203BE3
:107B48002A62DBF81820C5E909239BF83330C3F310
:107B5800801385F82C3021E7C02B28D0C12B7FF467
:107B68003CAF3A4606A9284600F092FEE8B1BB8928
:107B7800DBB9D7E901329A4217D11AF4006FB2D1B2
:107B88001AF4884F70D195F8333098076CD41AF4EA
:107B9800806FA8D11AF4804FABD02846D5E90423CA
:107BA800FFF74AFE0028A4D19DE70646F6E6029BA9
:107BB80085F833309DF819309B0702D5039B85F86B
:107BC80033300B9BEB61DDE90823C5E90423DDE9CC
:107BD8000C23C5E90223002FCFD04FF000033A69E8
:107BE800BB813B687B609DF81B309A427FF4F5AE01
:107BF800BE8ABDF81C30F61AB6FA86F67609CDE6C6
:107C0800002F7FF4F2AE6EE7CBF818600BE7852300
:107C1800237085F8309084F80190DAF80030002B52
:107C280046D00DF113020DF1160105A89847BDF8CD
:107C380014306381BDF8163023819DF81330237505
:107C48003FE700BF898888888CBD0120C02384F85D
:107C580001B02370029B63F07F0385F833303B69E2
:107C6800E370BB8AA3802CE795F83130D9063FF53D
:107C78003AAF13F001017FF436AF1AF4806F89D060
:107C880095F8332092077FF52EAF002B3FF42BAFEA
:107C9800D5E90032134304D000220023A961C5E9C5
:107CA8000023284600F042FC00283FF41CAF20E7E0
:107CB80045F621436381E381638202E72DE9F043BE
:107CC800002597B0994690F8313001921495ADF897
:107CD8001450002B3ED191F831300F4613F0500F5D
:107CE80038D01378044616462F2B37D04FF00008AB
:107CF80001AB02AA31462046FFF76AFC50B3019E49
:107D08003378002B3ED0002302AA39462046FFF7DD
:107D180009FEF8B1A44608AD04F13007DCF800000C
:107D28000CF1100C5CF80C1CAE465CF8082C1035F5
:107D38005CF8043CBC45AEE80F00EFD1DCF800006D
:107D480008AF2860204600F0BFF984F8318084F835
:107D58003380CDE7002017B0BDE8F08316F8011F87
:107D68002F29FBD00196B1B9382220463D6A11F07F
:107D7800BFFD012340222562184684F8333084F879
:107D88003120E8E74B4602AA39462046FFF7CAFDEC
:107D980017B0BDE8F0833822002108A83D6A11F029
:107DA800A7FD012308AF10958DF8533040238DF8B7
:107DB80051309BE719B101F58961FFF77FBF08468C
:107DC800704700BF90F8313063B991F8313013F043
:107DD800500F07D00B6813F01F0C03D113466246EF
:107DE800FFF7A0BD002070478169F8B50446006A16
:107DF80001B10131012200F00DFE0128054632D9FA
:107E080001230146206A1A4600F064FE064650B374
:107E1800A3695BB394F83320510612D5591CA942C3
:107E280018D022F04002E16984F8332005E0206A86
:107E380000F04CFF3946B0B1A3694F1C99423A464D
:107E4800F5D34FF0FF322946206A00F03FFF50B1CA
:107E5800A16911B93046A561F8BD2A46206A00F02B
:107E680035FF0028F6D100263046F8BD94F83330A7
:107E780043F0400384F83330ECE700BF90F8333028
:107E88009A0736D5C16970B50546A1B900242146BF
:107E980007E0037803F07F03037095F830308B42D6
:107EA80029D3013401222846FFF732FBE1B200282A
:107EB800EFD1002070BD5B06006A34D590F84534D8
:107EC800D5E902240933013ADBB244F1FF34C3F1A6
:107ED800200CDA40203B04FA0CFC24FA03F342EAB3
:107EE8000C021A430023013200F0F4FD0028CDD122
:107EF800DFE70020704700232C6A85F831302046E0
:107F080085F8333003F030FA0028D2D004F5047035
:107F180003F02AFA0028CCD0D4F840040368BDE85E
:107F280070401B6A184700F0F1FE0028AED1C0E788
:107F380090F83130DB0601D40020704710B50022DC
:107F480088B000230446FFF777FC08E020281BD1FF
:107F58009DF900309DF80020002B15DB32B120225E
:107F680069462046FFF782FB0028EFD194F83330AA
:107F78000822204643F0020384F8312084F8333085
:107F8800FFF77CFF08B010BD002008B010BD00BF8F
:107F98002DE9F0414FF0000882B04A4F06464446AA
:107FA800414600223046FFF7B3FA054630B1017862
:107FB800C02969D0C1292BD0852909D096F832303B
:107FC800002043F0010386F8323002B0BDE8F081AA
:107FD80096F8313003F0370383803B6883B10DF1A5
:107FE80003020DF1060101A89847BDF80630AB81E0
:107FF8002B82BDF80430EB816B829DF803306B75E2
:10800800326A92F8103243F0010382F8103229786C
:10801800A1F185000022B0FA80F0400901E00422B5
:10802800A95CE303012A02F1010243EA540311FAAD
:1080380083F39CB201D10028F1D11F2AF0D908F1AD
:10804800010896F830305FFA88F18B42A9D20122F4
:1080580006F12401306A00F0B9FD0028AED0356A77
:108068004480284603F080F90028A7D005F504705D
:1080780003F07AF90028A1D0D5F8400403681B6AF8
:1080880098470028A1D199E796F8333013F0400FAC
:10809800437814BF43F0020303F0FD034370D6E9AD
:1080A8000401D6E90732C5E90201D6E902016B618C
:1080B800C5E9060192F8103243F0010382F8103244
:1080C8002978A5E78CBD012038B590F8313043B345
:1080D80090F93320044690F83330002A0CDB056A07
:1080E800284603F041F978B994F83230002043F07B
:1080F800010384F8323038BD03F07F0380F8333051
:10810800BDE83840FFF744BF05F5047003F02CF9CB
:108118000028E9D0D5F8400403681B6A984700286E
:10812800E2D0012038BD00BF70B590F83130054667
:108138005A064CD480682B6AD3F83C341844B0F102
:10814800806F01D3002070BD2846FFF74DFE002840
:10815800F8D0286A0024AE6990F84534023E9E4063
:10816800D0F82C341E443119052200F5047001346E
:1081780003F026F94FF4007200210028E2D011F034
:10818800B7FB286A012390F8452493409C42EAD320
:1081980095F831305B0615D495F8332062F07F02EC
:1081A800D5E9023185F83320D0F83C249B1841F1F9
:1081B8000000AB60D5E90431E8609B1841F100018B
:1081C800C5E904312846BDE87040FFF77DBF006A65
:1081D80000F0A2FEAFE700BF70B5044690F831008A
:1081E8009CB0002310F0180F0C931A9303D0206A48
:1081F8000B6A984202D000201CB070BD40F60123E3
:108208006846FFF75BFD0028F5D0A44604F1300668
:108218000EADDCF800000CF1100C5CF80C1CAE463E
:108228005CF8082C10355CF8043CB445AEE80F0047
:10823800EFD1DCF8000009AA04F1240328609DF8B6
:10824800305007CA83E8070094F83330204684F892
:10825800305063F07F0384F83330FFF735FF002890
:10826800C9D00021022208230EA815918DF86B2091
:108278008DF86930FFF702FEBEE700BF38B591F808
:10828800313013F0500F02D10025284638BD40F692
:1082980002230446FFF746FB0028F5D010232046AA
:1082A80084F83130FFF740FF05460028ECD0A1697B
:1082B800002200232046E161FFF7BEFAC12294F8AC
:1082C800313084F83320002BDFD04123204684F856
:1082D8003330BDE83840FFF75BBE00BFF0B500257E
:1082E80097B01F4690F831300192ADF814501495AC
:1082F800002B46D191F831300E4613F0500F40D084
:108308001378044611462F2B3ED001AB02AA204613
:10831800FFF75EF9002834D0019B1B78002B41D071
:10832800002302AA31462046FFF7FCFA30B947B3CA
:1083380002AA31462046FFF7A1FF10B3A44608ADB4
:1083480004F13006DCF800000CF1100C5CF80C1C91
:10835800AE465CF8082C10355CF8043CB445AEE831
:108368000F00EFD1DCF8000008AE28602046FFF7C8
:10837800EDF8019901AB02AA2046FFF729F9002878
:10838800CAD1002017B0F0BD013101910B782F2B15
:10839800FAD0316A08A8FFF707F90028F1D0019947
:1083A80008AEB2E702AA31462046FFF767FF17B0CA
:1083B800F0BD00BF2DE9F04F0E4690F8311083B0A4
:1083C80009079DF830B09DF834909DF838809DF8E5
:1083D8003C7040F18580A2F2BC7294B27F2C7FD8A9
:1083E8005A1E0B2A7CD80BF1FF321E2A78D8B8F116
:1083F8003B0F98BFB9F1170F8CBF4FF0010A4FF030
:10840800000A3B2F88BF4AF0010ABAF1000F67D172
:1084180005460193FFF758FE002861D0019B51469D
:108428004BEA431B7B0817F001074BEA4424D34669
:1084380043EA481818BF6427A4B248EAC92806F0D6
:1084480001091FFA88F800222846FFF761F800287A
:1084580046D090F800C0BCF1850F45D00CF1400320
:10846800DBB2012B3CD8ACF185010023B1FA81F1D4
:10847800490902E0042310F803C04FEACB32012B6C
:1084880003F1010342EA5B021CFA82F21FFA82FB43
:1084980001D10029EED11F2BEDD90AF1010A95F877
:1084A80030305FFA8AF18B42CDD2012205F12401E6
:1084B800286A00F08BFB98B12C6AA0F802B020461D
:1084C80002F052FF60B104F5047002F04DFF38B1BC
:1084D800D4F8400403681B6A03B0BDE8F04F18479E
:1084E800002003B0BDE8F08F95F831302A6A03F018
:1084F8003703838092F8103243F0010382F8103278
:10850800B9F1000F02D0A0F810804482B20703D559
:108518000775A0F808804481730703D54775A0F84C
:108528000C80C48190F800C09DE700BF90F83330FC
:108538009A0762D570B5C56982B00446A5B313F031
:10854800400634D0006AA26890F845C4013AE16850
:108558000CF1090C41F1FF315FFA8CFCCCF1200ED3
:1085680022FA0CF2ACF1200C01FA0EFE21FA0CFCF6
:10857800A16942EA0E0242EA0C02013219B3013D36
:108588006D1A01312A44019172BB63F07F032046C2
:1085980094ED007B84F8333084ED027B84ED047B1A
:1085A800FFF792FD02B070BD012002B070BD816975
:1085B80061B90195C1612946206A00F0A7FBC8B1DD
:1085C80094F83330E1E70195E161DDE701AA006A3B
:1085D800019600F059FB00280CDB10D1019D002DFD
:1085E800E9D194F83330D0E70023019900F072FA0A
:1085F8000028E5D1002002B070BD002070474FF080
:10860800FF32A169206A00F061FB0028E6D1F1E79A
:108618002DE9F04390F8333083B004469D0740F1CC
:10862800A18091461A070E4600F19580B9F1000F16
:1086380000F0288123684D46206AA169D0F83824C3
:1086480002EA0308C8F30807B8F1000F40F0948065
:10865800002900F0D48094F833305B0640F1EC80B8
:1086680090F845C4D4E902320CF1090C013B5FFAD9
:108678008CFC42F1FF32CCF1200E23FA0CF3ACF162
:10868800200C02FA0EFE22FA0CFCE26943EA0E0301
:1086980043EA0C031344994280F0D5800131A1616B
:1086A80090F845240239D0F82C3491401944B5F596
:1086B800007FC0F08A80B5F5806FC0F0A6800123E6
:1086C80093406A0AA3EB0803934228BF1346D0F8E5
:1086D8001C228A424FEA432809D35F18BA4206D2BD
:1086E800002280F810224FF0FF32C0F81C22D0F888
:1086F800140232460768BF6AB84798B343464644EF
:10870800A5EB0805D4E90072D4E90401DB1942F1AC
:10871800000298429141C4E9003207D294F833101C
:1087280061F07F01C4E9043284F83310002D83D14D
:10873800D4E9020198429141C0F09680534B1B68DE
:10874800002B00F09D8094F83330484663F07F0397
:1087580084F833300DE0D0E90423FFF76DF80028E2
:108768007FF464AF94F83230002043F0010384F8BA
:10877800323003B0BDE8F08390F8452402394FEA5F
:108788005828D0F82C34914041441944002F8ED0F9
:10879800C7F50078012200F50470A84528BFA8464F
:1087A80002F00EFE0028DDD03844474442463146E8
:1087B80008F03AFAB7F5007F206A9FD100F50470F7
:1087C80002F0D2FD002899D1CCE762686369009273
:1087D8000193226923689342DDE900239A4112D26A
:1087E800012200F5047002F0EBFD0028BAD02A46F9
:1087F80031463844A84608F017FA2B467FE7E16966
:1088080049B3A1614CE70522EBE7D0F81C328B4253
:1088180006D1002380F810324FF0FF33C0F81C3225
:10882800D0F81402324603685B6A9847002899D04A
:108838004FF40073984662E704F1180200F024FA36
:1088480000288FDB04D12046FFF7CEFA002889D014
:10885800A169206A24E72046FFF7C6FA002881D0DC
:10886800A169206AE1611BE794F833104846C4E91E
:10887800023261F07F0384F8333003B0BDE8F0833F
:10888800484676E7D4E9003252E700BF8CBD0120A4
:108898002DE9F0410C46154601F11E08AB89284622
:1088A80034F8027F1BB9D5E901239A420ED002F0B1
:1088B800C5FD02F087FE0646384602F083FE864272
:1088C80009D14445EAD10120BDE8F081B7FA87F023
:1088D8004009BDE8F0810020BDE8F0812DE9F04FA6
:1088E80090F8313083B08846002B4FD090F8303064
:1088F8000746012B53D9013A0B464FF0020A0024D0
:108908008E18DFF8A0B00022514638460193FEF7D2
:10891800FFFD00283AD00278C12A37D1054600F178
:108928001E09019B35F8020F24B300F5105292B2CC
:10893800B2F5806F2AD20BEA8424C0F309002043E1
:1089480000F580301946324602F09EFD0346E8B134
:1089580000244D45E6D10AF1010A97F830205FFA64
:108968008AFA5245CFD2A3EB08009846002388F82C
:1089780000300FE000F5205292B2B2F5006F02D33A
:108988000028DFD1EFE7B2F5806F06D30023184641
:1089980088F8003003B0BDE8F08F0446D9E700201E
:1089A800E4E700BF00FC0F0070B50C4600234FF64B
:1089B800FF75226819461E46A3812361626017E08D
:1089C80002F03CFDA84222D002F0FCFD2369F2032C
:1089D800A189013342EA5602060A236152FA80F05D
:1089E80083B2C0F34E0040EAC33016FA80F086B274
:1089F80020460029E4D1D4E901239A42E0D1206934
:108A0800A6820138FE288CBF0020012070BD0020FE
:108A180070BD00BF2DE9F84F07468A4691460029E8
:108A280042D0A1F10208D7F83034434542D908F0C2
:108A380007030125C8F3C80B9D40EDB246464446DE
:108A4800D7F82C140022384601EB143102F0B8FC98
:108A5800E8B10BF1FF3B834400F2FF101BF8011F44
:108A68000AE04A452BD0A04510D0D7F83054A5428B
:108A780014D913F0FF050CD0013429424FEA4503FD
:108A8800A4EB0602EDD0A0452646EED10120BDE8B4
:108A9800F88F58454FF00105E0D101E00026344633
:108AA80001254FF0000BCBE7D0F82084D7F83034FD
:108AB8004345BCD84FF000080125C346BEE7BAF1CC
:108AC800000F04D1B9F1010F08BFC7F82064B01C2A
:108AD800BDE8F88F2DE9F8438046881E15461E46E6
:108AE8008318D8F83024934237D8CEBBD8F820342E
:108AF800834288BFC8F8200400F007030124D8F88F
:108B08002C74C0F3C8099C4007EB1031E4B2012271
:108B180040468F1802F054FCF8B109F1FF3E864434
:108B280000F2FF101EF801CF1CEA040F8CEA040CB7
:108B38004FEA440414BF01220022B2420DD0013D85
:108B48008EF800C018D014F0FF04EDD17045A1468E
:108B58004FF00104E6D13946D9E70020BDE8F88393
:108B6800D8F820148B42C7D98142C5D3934228BF75
:108B78000023C8F82034BFE70120BDE8F88300BF10
:108B8800F8B5D0F8303401338B4201D20020F8BD5B
:108B980007460C4600F50476002505E0D7F8303482
:108BA80001350133A342F1D3D7F82414002230460B
:108BB80001EBD41102F004FCA4000028E6D0C4F3B1
:108BC80008040459631CE9D1681CF8BD38B50C4683
:108BD8000B6890F845C400F50470D0F82812023BE1
:108BE800656803FA0CF3294003EB5123D0F81C12F3
:108BF800194402F0E5FB18B16368C3F3080318448D
:108C080038BD00BF2DE9F8430C46D0F83834496820
:108C18000B4011446160134490F8451401F10902B6
:108C2800D2B2D3402BB380465D1E00F5047905E02F
:108C38002368013D03F1010323601AD3267A002E2D
:108C4800F6D1D8F8303432462768484601339F4277
:108C580012D8D8F8241401EBD71102F0B1FBBF00E9
:108C680050B1C7F30807C3595A1C09D0013D236006
:108C7800E4D20120BDE8F8834FF0FF30BDE8F88367
:108C88003046BDE8F88300BF38B5D0F8303401333A
:108C98008B4202D24FF0FF3038BD0C46D0F8241476
:108CA800154600F50470002201EBD41102F088FB90
:108CB8000028EFD0A400C4F3080403595A1C02D0BA
:108CC80001202B6038BD002038BD00BF01291BD909
:108CD80038B5D0F830340C4601338B4201D200202D
:108CE80038BDD0F82414154600F50470012201EBB4
:108CF800D41102F065FB03460028F0D0A40001203F
:108D0800C4F308041D5138BD00207047D0F8303432
:108D18000133994201D9002070472DE9F04F0546EB
:108D280083B00C4600F504790F464FF00008D5F8DB
:108D38002414002248464FEAD41B01EBD41102F058
:108D48003FFB90B1A300C3F30803C2580193531C1F
:108D580016BF16464FF0000A4FF0010A012C04D93D
:108D6800D5F830240132944203D9002003B0BDE87D
:108D7800F08FD5F8241401224846594402F020FB0C
:108D88000028F2D0019B40F80380BAF1000F12D0FE
:108D98000134B44208D00023E21B39462846FFF7C5
:108DA80099FE0028E1D03746D5F830340133B34274
:108DB800DBD33446BBE7621C534639462846D21BF0
:108DC80003B0BDE8F04FFFF785BE00BF2DE9F843BB
:108DD80000250646D0F82C1400F504782C4600220D
:108DE80040464F1C02F0ECFAA8B100F1FF3E04F532
:108DF8008059D6F8300405E079B90834844209D29C
:108E08004C4516D01EF8011FFF29F5D10834083546
:108E18008442F5D3401BBDE8F88308220123194298
:108E28004FEA430C18BF0135013A5FFA8CF3F6D1CB
:108E3800E3E73946D3E700BFF8B500234FF0FF3624
:108E480000F504771546C0F84014044641601A46F8
:108E5800C0F81412194680F844340370C66080F8CC
:108E68001032C0F81C62384602F0AAFA042D0DD858
:108E7800064658B1BDB16B1E00EB031393F8BE2133
:108E880012F07F0202D193F8C2310BB90020F8BD6D
:108E980000EB05163846D6F8B651294602F090FA86
:108EA80006460028F2D005221A49F01C10F0D8FD19
:108EB8000028EBD196F86C30092BE7D1336D0146C9
:108EC8002B44C4F82434736DC4F82834B36D2B4490
:108ED8000125C4F82C34F36DC4F83034336EC4F86B
:108EE800343496F86D20C4F82004204602F10903B2
:108EF80084F8452405FA03F35A1EC4F83C34C4F830
:108F080038242A46FFF786FD4023284684F844344F
:108F1800F8BD00BF200B002010B50446D0F834146B
:108F2800FFF72EFE94F845340933DBB2984010BDA4
:108F380070B590F9023082B00446002B0DDBA568AD
:108F480005F1280002F010FA00283BD163780020D0
:108F580043F00103637002B070BD80680122A1690B
:108F6800283002F02DFA0028F0D0A58805F00F056A
:108F78006B0100EB4515C35CE52BE7D023781B0795
:108F880001D5E369EB61236A15491A0C6B830E68F6
:108F9800AA8266B10DF103020DF1060101A8B047DE
:108FA800BDF80430BDF806202B836B82EA82A378D3
:108FB800A56803F07F0305F12800A37002F0D4F937
:108FC8000028C3D005F50E7002F0CEF90028BDD0F8
:108FD800286803681B6A98470028B7D0BBE700BF1A
:108FE8008CBD0120024638B552F8105F04468068EF
:108FF800294601F037FE50B155B123690135AB421E
:10900800A37818BF03F0BF0363F07F03A37038BDD4
:10901800A37843F04003F7E7F8B5047814F0200488
:1090280004D11A4B054642699A4202D300273846B2
:10903800F8BDFFF7D7FF07460028F7D0A8682E69C4
:109048008279023E416996400E440179A9B12146D0
:1090580006E010F04DFCA868E1B202798A420BD90B
:10906800314405222830013402F0AAF94FF4007285
:1090780000210028EDD1D9E782794FF4007369699E
:109088003846934011FA83F36B61F8BD00FE1F0068
:1090980010B5044680680A462830A16902F090F9A4
:1090A80020B1A38803F00F0300EB431010BD00BFED
:1090B80010B5037804462BB1FFF73AFF002323705D
:1090C800A37010BD002301202370A37010BD00BF42
:1090D80038B5037805460C4613B1FFF729FFF0B100
:1090E800A8680022A969283002F06AF9B8B1AA88EC
:1090F80002F00F0200EB421352015D688058996834
:10910800DA6820606560A160E26018695D69996944
:10911800DA69206101206561A161E26138BD002042
:1091280038BD00BF30B589B00D4614466946FFF713
:10913800CFFF28B1BDF81020BDF80E302A8023805B
:1091480009B030BD30B589B00D4614466946FFF701
:10915800BFFF28B1BDF81820BDF816302A8023803B
:1091680009B030BD0B7813F0700F01D100207047A3
:10917800F0B540F6022389B00D46044601F0F0F838
:1091880038B1012210232046A2702370FFF744FF54
:1091980010B9002009B0F0BD2269237822626BB1B2
:1091A800636933B1A378002223F02003C4E90422C1
:1091B800A3702046FFF7BCFE0028EAD0A068012271
:1091C800A169283002F0FCF80028E2D0B4F804C005
:1091D80010220CF00F0C4FEA4C1300EB4C1C8CF8CF
:1091E8000B20C058A768236A97F806E09E1EDCF893
:1091F8000410DCF80820DCF80C3006FA0EF6EE460F
:10920800AEE80F00DCF81000DCF81410DCF81820C9
:10921800DCF81C30AEE80F007B6907F1280001225A
:10922800F1184FF02033CDF80130CDF80530ADF806
:10923800093002F0C5F884460028AAD02E27EE4649
:109248008DF800707646BEE80F00CCF80000CCF828
:109258000410CCF80820CCF80C308DF80170BEE86A
:109268000F00CCF81000CCF81410CCF81820CCF86B
:109278001C302B6A1A0CADF81A30ADF814200FCE3A
:10928800CCF82000CCF82410CCF82820CCF82C30CE
:109298000FCECCF83000CCF83410CCF83820CCF80D
:1092A8003C30A46804F1280002F05EF800283FF47E
:1092B80070AF04F50E7002F057F800283FF469AF5C
:1092C800206803681B6A09B0BDE8F040184700BF72
:1092D8002DE9F041002694B0984603780192ADF844
:1092E80014600B96002B41D10B780D4613F0700FCC
:1092F8003CD01378044616462F2B3BD0002728E095
:10930800019E3678002E50D001F02AF8034602AAB2
:10931800294620462BB9B8F1000F27D0FFF722FFC6
:1093280020B3A6460DF12C0CBEE80F00ACE80F00E8
:10933800BEE80F00ACE80F00DEF8005020462378A6
:10934800CCF800500BB1FFF7F3FD019E0BAD277071
:10935800A770314601AB02AA204601F04DF9064636
:1093680002AA294600232046002EC9D1002014B0A5
:10937800BDE8F0810136019633782F2BFAD0AD681D
:10938800242200210BA810F0B3FA0D95EB79102BCD
:1093980003D0202B0FD00C2BE8D120238DF82C30B4
:1093A80001230BAD8DF82E30A8E702AAFFF7DAFEED
:1093B80014B0BDE8F0814023F0E700BF2DE9F0418B
:1093C800002594B09846037801920295ADF838507C
:1093D800002B37D10B780E4613F0700F32D013786C
:1093E800044615462F2B31D000271EE0019D2D780D
:1093F800002D40D000F0B4FFA6460DF1080C08B3CC
:1094080066462578BEE80F00ACE80F00BEE80F00FE
:10941800ACE80F00DEF800302046CCF800300DB183
:10942800FFF786FD019D2770A770294601AB0BAA9F
:10943800204601F0E1F805460BAA314600232046F4
:10944800002DD3D1002014B0BDE8F081013501957D
:1094580029782F29FAD0A9B9B5682422204610F016
:1094680047FAA560EB79102B03D0202B22D00C2BC8
:10947800E8D120221FE043460BAA00F071FF14B088
:10948800BDE8F081B6682422002102A810F030FA65
:109498000496F379102B03D0202B03D00C2BD1D1B9
:1094A800202300E040238DF80830012302AE8DF818
:1094B8000A3099E74022012322701846A370C2E7B8
:1094C80019B101F58961FFF779BF0846704700BFF8
:1094D800CB6870B50D46044693B906780EB11846A8
:1094E80070BD8D682422314610F002FAA560EB7930
:1094F800102B18D0202B10D00C2B14D0304670BD58
:109508002422002110F0F4F901201023A070237008
:10951800D5E90223A260236270BD40220123227094
:109528001846A37070BD2022F8E700BF70B5057813
:109538000DB1002070BD0E4604462422294610F0C5
:10954800D7F9A660F379102B0BD0202B03D00C2B66
:1095580007D0284670BD4022012322701846A37008
:1095680070BD2022F8E700BF2DE9F04F2DED028BEA
:10957800837883B00546DF0740F18C808846017800
:1095880092460E0700F191808C0608D583685A89A7
:109598004369C3EB42139BB29A4528BF9A46BAF176
:1095A800000F00F0AF806A6905F11003880656467F
:1095B8004FF0000908EE103AAF68C2F3080B3DD52A
:1095C800396A01EB5221BBF1000F51D1B6F5007F8A
:1095D8004ED37A6B91424BD0B6F5806FC0F0828043
:1095E8002878730A800605D43879A0EB09008342ED
:1095F80028BF034691424FEA43240CD8C818824238
:1096080009D207F12800CDE9001301F0ADFEDDE92C
:10961800001300283ED0F86A026857694246B847E6
:10962800002837D06A69361BA04422446A6169D091
:109638002978C2F3080BAF688806C1D497F805905B
:1096480009EA5229BBF1000F36D1B9F1000F33D125
:10965800002A33D14A064CBF3A6A2A6A2A61023A7A
:10966800B8797969824049441144BBF1000FADD003
:10967800CBF50074002207F12800B44228BF344615
:1096880001F09EFE30B100EB0B012246404607F088
:10969800CBFAC7E76B784FF0FF3043F002036B70EB
:1096A80003B0BDEC028BBDE8F08FC36942699B1A19
:1096B8009A4528BF9A4672E72A69D0E70B0705D56D
:1096C800AA78540602D52A690132C7E718EE102A8B
:1096D8003846296901F014FB0028DBDB0CD0AF68A1
:1096E8002A69BCE7F86A424603681B69984700285C
:1096F800D0D04FF4007495E72B7813F0700FC9D0D1
:10970800AAEB060A504603B0BDEC028BBDE8F08F09
:1097180070B582B0012204460DF10701D0E9045664
:10972800FFF722FF01280CBF9DF807004FF0FF301C
:10973800C4E9045602B070BD436913F4F07F30B534
:10974800044683B0C3F3431509D0012907D1203358
:109758004361A068383000EB451003B030BD0122EA
:109768000DF107012046FFF7FFFE40B2012803D1A3
:1097780063691F336361ECE70020EEE72DE9F041F0
:1097880003789AB0002613F0180F0896119606D0A1
:10979800174683688A6804460D469A4203D000201B
:1097A8001AB0BDE8F081FFF7C3FBA6460DF1440CE3
:1097B800BEE80F00ACE80F00BEE80F00ACE80F00F1
:1097C800DEF800303246A169CCF80030A36803F116
:1097D800280001F0F5FD0028E1D0A288EC4694F8B5
:1097E800008002F00F0200EB421E5201DEF8041066
:1097F8008058DEF80C30DEF80820ACE80F00DEF800
:109808001410DEF81820DEF81C30DEF81000ACE882
:109818000F0018F008033A46294640F09B8008A834
:10982800FFF756FD0028BAD0109EBDF82430002559
:109838000E990122A3809DF82330A068E3700B9B4A
:109848002830A161E3608DF820508DF8225001F096
:10985800B7FD0028A3D0A38803F00F0300EB431043
:10986800DDF80D30C0F80D30DDF81130C0F81130DA
:10987800DDF81530C0F81530DDF81930C0F81930AA
:10988800BDF81D30A0F81D309DF81F30C3779DF836
:109898000B30C372002E3BD0A068B31E2A468179D4
:1098A80028308B4050F8141C194401F089FD0546F6
:1098B80000283FF474AF006A6F46696AAA6AEB6AC7
:1098C8000FC7286B696BAA6BEB6B0FC73146A06893
:1098D80001F038FA00283FF462AFA068236A827961
:1098E8002830023B50F8141C93400122194401F01F
:1098F80067FD064600283FF452AF6D460FCD306233
:109908007162B262F3620FCD30637163B263F36365
:1099180000210222082311A819918DF846208DF8FC
:10992800443000F0D3FE00283FF439AFA46804F1B6
:10993800280001F019FD00283FF431AF04F50E703E
:1099480001F012FD00283FF42AAF206803681B6A63
:10995800984725E740F601236046FFF72FFD0028CA
:109968007FF463AF1BE700BF0378DA0601D4002059
:109978007047436930B5044683B033B18378002219
:1099880023F02003C0E90422837000230FE0636101
:10999800A3686A0138339A5C03EB4513EAB1E52AF8
:1099A80004D02E2A02D0DB7A1B0722D5636913F470
:1099B800F07FC3F3431503F12003E8D101220DF131
:1099C80007012046FFF7D0FD40B2012803D16369A3
:1099D8001F336361DCE763785BB9A378082220460C
:1099E80043F002032270A37003B0BDE8304000F0DA
:1099F8006DBE002003B030BD2DE9F0410378044668
:109A08000769002B39D00D464169A94242D0002D83
:109A180037D018072AD5E269AA422ED3D4F808C04D
:109A28006E1EA2789CF8060012F0400F00F10900A3
:109A3800C0B226FA00F630D14A1EC24009B1964299
:109A48002FD25B064CBFDCF82030236A236104F177
:109A5800100806E02169013EA06801F051F90028CC
:109A68000BDD4246002EF5D1A2780CE09A06D5D53A
:109A7800A3685B89B5EB431FF6D900202761BDE8D1
:109A8800F0818278056122F0200201206561A270D0
:109A9800BDE8F0810120BDE8F081236A33442361E9
:109AA800F1E7B61AD3E700BF2DE9F0410E46154697
:109AB80000212422044698469DF818700FF018FFDC
:109AC800B068336A00F13802A58005F00F0502EB93
:109AD8004512C4E90203D17A0B0711D401F017012A
:109AE8002170D37A13F0180F02D141F008012170C8
:109AF80008F00303E770012B38D0022B06D0F3B12E
:109B0800002318462370A370BDE8F0810323217851
:109B1800CD06F5D4CE07F3D408F0080118F4806F09
:109B280043EA0103A370416B958AA161518B41EA15
:109B3800054112D019BB63F07F03A37010E018F43D
:109B4800806FDDD108F0080343F00103A370416B77
:109B5800938AA161518B41EA03412162D369E36190
:109B680018F4804F04D10120BDE8F0810223CEE72C
:109B7800E1692046FFF740FF0028F4D1C0E701F073
:109B8800E1F80028BCD0A378D5E700BF0378002B04
:109B980045D12DE9F0470B7884B00C4613F0700FCF
:109BA80030D04B6913F01F052CD106469046A946C4
:109BB80001220DF10F012046C3F3431A5F09FFF795
:109BC800D3FC40B24FEA4A1201281BD16369A1684D
:109BD8001F3301F1380C63611CF802200CEB4A1C9E
:109BE80082B12E2A12D0A2F1E500B0FA80F0400925
:109BF80060B99CF80B1011F0080E12D00F2907D08D
:109C08000546D5E7002004B0BDE8F0870025CFE77A
:109C18005106CDD502F01F059CF80D90C8E700202D
:109C2800704785B10CF10A0101E01CF8012F4FEAD9
:109C3800CE13614543EA5E0352FA83F35FFA83FE6B
:109C4800F3D1CE45DED14346BAB22146304600951F
:109C5800FFF72AFFD7E700BF03780BB1FFF768B912
:109C6800012070472DE9F0470E46017882B00907B8
:109C78009DF828709DF82C909DF830A09DF83480B0
:109C880018D5A2F2BC7294B27F2C13D85A1E019335
:109C98000B2A0FD87A1E1E2A0CD8BAF13B0F98BF90
:109CA800B9F1170F06D8B8F13B0F03D80546FFF7EF
:109CB8003FF918B9002002B0BDE8F087A868012272
:109CC800A969283001F07CFB0028F3D0019B4FEAFA
:109CD8005802A98847EA4313F70701F00F0142EA3F
:109CE8004A1243EA442300EB41109BB242EAC922DC
:109CF80048BF4382B40792B208D518F0010803821E
:109D0800C28118BF4FF0640880F80D80710701D533
:109D18000383C282AC6804F1280001F025FB002807
:109D2800C8D004F50E7001F01FFB0028C2D02068CF
:109D380003681B6A02B0BDE8F047184783789B07A1
:109D480027D5036A10B5044682B0ABB1016911BBCF
:109D5800019301621946A06800F0F4FFB0B1A3783E
:109D6800616963F07F032278E161A37022B1204624
:109D7800FFF7DEF802B010BD012002B010BD6FF091
:109D880070422169A06800F0CDFF68B9002002B0D8
:109D980010BD00207047002301AA8068019300F0DD
:109DA800AFFF0028F2DBEAD1019B002BD7D0D1E727
:109DB8002DE9F047837805469C0777D5884619072B
:109DC800914600F1B5806B6913EB09026ED2B9F1C7
:109DD800000F40D04F464FF0000AA868C3F30806AA
:109DE8002969447914EA53243FD1002E3DD1002932
:109DF8006ED0AA78520676D5EA699A4273D90131AB
:109E0800296102398279436991401944B7F5007F85
:109E180053D3B7F5806F70D303797A0A1B1B93422B
:109E280028BF1346426B8A424FEA432407D35E1881
:109E3800B24204D24FF0FF3280F828A04263C06AD1
:109E480042460668B66AB04780B36B693F1BA044B8
:109E580023446B61C1D1EA699A4276D2AA7848460E
:109E6800EB6162F07F03AB7025E0827902394369C8
:109E7800914019442144002EC8D0C6F5007401222F
:109E8800BC4228BF3C46283001F09AFA70B13044F1
:109E980026442246414606F0C7FEB6F5007FA8686C
:109EA800D3D1283001F060FA0028CED16B78002099
:109EB80043F001036B70BDE8F087C6F500746A696A
:109EC800EB69BC4228BF3C469A4205D30522DAE733
:109ED800296A21B3296194E7AB7813F0200F14BFE6
:109EE80005220122CFE705F1100200F009FF002842
:109EF800DCDB24D0A868296983E7436B8B4204D153
:109F08004FF0FF3380F828A04363C06A42460368D5
:109F18005B6A98470028C9D04FF4007495E7284633
:109F2800FFF760F80028C1D02969A868296268E7A6
:109F3800C169FFF761FD00287FF445AFB6E7284601
:109F4800FFF750F80028D5D1B0E7054B1B682BB1B7
:109F5800AB78484663F07F03AB70ACE74846AAE7A6
:109F68008CBD01202DE9F04F84468DB0144615684C
:109F780098460646894603AF01934FF0000EBCE8A9
:109F88000F000FC7BCE80F000FC7DCF80030656092
:109F98003B604346A4F80CE0002B3FD04FF0010A89
:109FA800A9EB0A0103A889B24901FFF725FD50B3BF
:109FB800002103A8FFF7C0FB074620B300250DE0EA
:109FC80001F03CFA8046584601F0FCFA83464046C8
:109FD80001F0F8FA834516D10D2D18D0EAB23946AA
:109FE8003046013500F0FAFBA38983462046002B52
:109FF800E6D1D4E901329342E2D1BBFA8BF04009B1
:10A008000DB0BDE8F08F00200DB0BDE8F08F0AF16B
:10A01800010A019B5FFA8AFA5345C1D20120EFE792
:10A028002DE9F04F07468DB016469A460DF10C0CF7
:10A0380002F1150402F1200501914FF000090FCF3C
:10A04800ACE80F000FCFACE80F003B68CCF800304D
:10A058004FEAC91314F8012F43EA5903A54252FAEB
:10A0680083F35FFA83F9F3D133684FF00008736024
:10A07800A6F80C80BAF1000F4ED00127019B03A867
:10A08800D91B89B24901FFF7B7FC002855D0002138
:10A0980003A8FFF751FB00284FD0059A574500F158
:10A0A800010B4FF0010492F828304FF0000543F0FF
:10A0B800010382F828304FF00F030CBF47F040022D
:10A0C8003A46C3724FF00003027003734FF0000367
:10A0D80080F80D90438306E0ABF8000001340135A9
:10A0E8000BF1020BE4B2B08918B9D6E901239A4200
:10A0F80016D0304601F0A2F9042DEBB2ECD90A2BA8
:10A1080002D8ABF80300E9E70D2CABF80500E5D160
:10A118000137FFB2BA45B1D201200DB0BDE8F08FCA
:10A12800B8F1000F06D008F101084FF6FF705FFA8A
:10A1380088F8E1E74FF00108DEE700200DB0BDE840
:10A14800F08F00BF02464FF0203152F8163B2DE940
:10A15800F043C0F81610864684685160C2F80710AC
:10A168001A782E2A14BF0120002003D113F8012FDA
:10A178002E2AFBD0611E99420BD90A4602E093426F
:10A18800114606D01146013A91F800C0BCF12E0FD5
:10A19800F5D19C424FF0000540F28680072608273B
:10A1A800A946A84606E001330A264FF008091027F9
:10A1B8009C425BD91A782E2A08BF9942F3D0222AEA
:10A1C8000DD07C2A0BD0A2F15B0CBCF1020F06D992
:10A1D800A2F12A0CBCF1050F21D82D2A1FD002F0BC
:10A1E800C002802A5DD04E452FD299422CBF002054
:10A1F80001200A2E08BF40F00100002847D09EF831
:10A208001630202B40D09EF8143001207E213122B8
:10A2180073448EF815009975DA75BDE8F083A2F1DC
:10A228003A0CBCF1050FDAD9A2F1210CBCF15D0F93
:10A23800D5D84E45D9D3A2F1610CBCF1190F28D855
:10A24800203A3D43D2B2EDB201E000205F2209F18D
:10A25800010CF144013389F816205FFA8CF2062AC2
:10A26800914698BF8EF814209C42A3D89EF81630C9
:10A27800202B09D00028C6D018EA050F18BF0225E0
:10A288008EF81550BDE8F0830020BDE8F0830B463A
:10A298008EE7A2F1410CBCF1190F98BF47EA0808F4
:10A2A800D5E70133002083E7A846DFE72DE9F84F1B
:10A2B8004FF0620900250F460446DFF8A0B04FF0C2
:10A2C8007E0A91F8148001F11606B8F1030FDBF845
:10A2D800003028BF4FF003082B449DB208F1040357
:10A2E800DBB205F00F02581E2D09092A02F13701C9
:10A2F80098BF02F13001FA18C3B291759845F0D1B0
:10A3080007EB08030021204683F816A0FFF774FB2B
:10A3180001212046FFF710FA03460B2230469BB175
:10A3280093F800C01946BCF1000F13D0DB7A1B0765
:10A33800EED40FF031FA0028EAD109F1FF3919F00B
:10A34800FF09C2D1484603E06078B0FA80F04009BE
:10A35800BDE8F88F0120BDE8F88F00BF18C30120C1
:10A368002DE9F04F2DED028B8BB0CDE902038B6800
:10A3780007930B7813F0700F53D0029B1B78002BB8
:10A388004FD1136990469A4A0E460C33A2FB032319
:10A39800C3F3870298F815309807049200F0A78055
:10A3A800571CFFB20023304619461C460693FFF798
:10A3B80023FB08F11603A346A146A24608EE103A6D
:10A3C8000594756900213046FFF7B6F9C5F34F15B6
:10A3D800034620B30278E52A29D042B3BC4238BFED
:10A3E80000242E2A2BD090F80BC0BCF10F0F54D0AC
:10A3F8001CF0080C23D1B9F1000F40F0D5800B22D6
:10A4080018EE101A0FF0C8F90028DAD198F81530AC
:10A4180013F0010300F0E48001230593D1E773787A
:10A4280083B100200BB0BDEC028BBDE8F08F002C8F
:10A4380008BFAA46BC4201D20134E4B212B14FF0BF
:10A448000009BEE7039B9A05EBD503F00303013B24
:10A45800012BE6D8002C08BFAA46BC4203D348E02B
:10A46800DCB2A74245D000213046FFF765F9631CEE
:10A478000028F5D17378002BD3D1A74239D9079D8D
:10A4880005E02B7904EB0314E4B2A74231D9304636
:10A49800FEF7C2FD0028F4D1C3E7B9F1000F19D1C6
:10A4A80002F01F0B049959458BD112F0400988D04E
:10A4B800437B89460693BBF1010F82D1691C4B4649
:10A4C8004246304689B2FFF74DFD002808BF4FF0DD
:10A4D800000976E70BF1FF3B5FFA8BFB5A45AED1DB
:10A4E800437B069A9342E6D04FF0000969E70127BB
:10A4F80058E7059B2BB141463046FFF7D7FE0028A9
:10A508008FD0013F42463046FBB20AEB03051F4697
:10A51800ADB22946FFF784FD002882D06901304694
:10A52800FFF76AFA00283FF47CAF00213046FFF7B6
:10A5380003F9044600283FF474AF202200210FF0ED
:10A54800D7F9D8F81620D8F81A302260636098F83E
:10A558002030B8F81E20A372228198F8153003F035
:10A5680018032373234B1B68002B3BD00DF12302E8
:10A578000DF1260109A89847BDF824302382BDF8BB
:10A588002630E3819DF823306373079A92F82830C8
:10A5980043F0010382F82830039B2A46314602988B
:10A5A8000097FFF781FA3DE7BBF1010F7FF439AF60
:10A5B8000A3001E013F8012F4FEACC11984241EA22
:10A5C8005C0152FA81F25FFA82FCF3D1069B634583
:10A5D8007FF427AF4F46039B19053FF522AFDBE712
:10A5E8001F46F8E745F62143238223836382CCE79D
:10A5F8004FECC44E8CBD01202DE9F0411F460B786D
:10A6080082B00C46202B154603D114F8013F202BAD
:10A61800FBD02C60237863B32F2B2AD04FF000088F
:10A62800294E211D204601AA00F080FF044670B182
:10A63800019BB3F5803F40D27F2B08F1010831D848
:10A648003C2BD9B229D8212905D81F2909D800209F
:10A6580002B0BDE8F0812239C9B226FA01F1CA0771
:10A66800F5D42E2B01D0202B1CD123780BB12F2B06
:10A67800D7D12B69013BFE2BE9D82378202B03D1B6
:10A6880014F8013F202BFBD02F2BF9D028463C6033
:10A6980002B0BDE8F041FFF755BD5C29D7D005D918
:10A6A8007C29D4D0C5F81080AC60DEE73E3901299A
:10A6B800F8D8002002B0BDE8F08108F10208AC60CB
:10A6C800C5F81080D1E700BF01210005F0B50023CF
:10A6D8008BB0019383789A0724D5016A054619B18E
:10A6E800806800F02FFBE8B101212846FEF7D0FC76
:10A6F800C0B1421E00F10A0C0024E30112F8011F48
:10A7080043EA5403944551FA83F3DCB2F5D1E526C4
:10A7180000230670AF682B7007F12800AB7000F0BB
:10A7280023FE10B900200BB0F0BD07F50E7000F045
:10A738001BFE0028F6D0386803681B6A9847002873
:10A74800F0D0EB78002BEED0294601A8FEF7C0FE2A
:10A758000028E7D0EB78002BE4D0012721E001A8FE
:10A76800FEF7EAFF7B1CF9B20028DBD0C27A0F2A79
:10A77800D8D102785FFA83FC9FB202F01F038B42A4
:10A78800D0D1437BA342CDD10670A96891F8283077
:10A7980043F0010381F8283053060DD4EB78634564
:10A7A800C0D3A98801A8C91B89B24901FFF724F9B8
:10A7B80000210028D3D1B5E7AC6804F1280000F0E7
:10A7C800D3FD0028AED004F50E7000F0CDFD0028B2
:10A7D800A8D0206803681B6A9847A4E7042A04D80D
:10A7E80001EB4202B2F8010070470A2A03D801EBD4
:10A7F8004202908870470C2A03D801EB4201C888AE
:10A8080070470020704700BFF8B504780E467CB149
:10A8180014F06004174607D0012A09D92F22002313
:10A8280001200A704B70F8BD2146FEF731FC18B9BB
:10A83800002318463370F8BD0346A446082111E0EA
:10A84800027B114203D00EF1200E5FFA8EFE651CCA
:10A85800BD42EDD20CF1010C06F804E0ECB2BCF1FB
:10A868000C0F10D0BCF1080F11D013F801EBAEF1AA
:10A878004102192AE4D9BEF1200FE8D10CF1010CEC
:10A88800BCF10C0FEED1002320463355F8BD1A78E1
:10A89800202AF8D010214FF02E0ED8E72DE9F04FDE
:10A8A80000248BB0037889460194002B55D0C378D7
:10A8B8000646002B58D0014601A89046FEF708FE30
:10A8C80000284AD0F078002843D008F1FF38CB465A
:10A8D8004FF0010AC844B18801A8A1EB0A0189B266
:10A8E8004901FFF789F8C0B3002101A8FEF724FF4A
:10A8F80098B3C37A0F2B30D103785FFA8AF103F04B
:10A908001F038B4229D1471C0025042DEBB23FD8E9
:10A918003B8874BB03F5205189B2B1F5006F3ED373
:10A92800A3B118465946424600F0AEFD8346A0B191
:10A938000024013502370D2DE7D10AF1010AF1781B
:10A948005FFA8AF31FFA8AFA9942C4D2ABEB09007C
:10A95800D946002389F8003003E00023184689F817
:10A9680000300BB0BDE8F08FFFF74EFF0BB0BDE82D
:10A97800F08F03F5105189B2B1F5806FEDD20A4A14
:10A98800C3F3090302EA8420184300F58030C9E7BD
:10A998000A2B94BFB7F80330B7F80530B9E7B1F51B
:10A9A800806FDAD21C46C4E700FC0F00FFF776BFC1
:10A9B8002DE9F843DDE90887C3B181460C46154601
:10A9C8005E1802E0C047B44210D0D9F800302146E2
:10A9D8002A4648461B69984703463A462046294670
:10A9E8000134002BEED11846BDE8F8830123184640
:10A9F800BDE8F88310B41468B4F5807FA44628BF76
:10AA08004FF4807C01EB4C00814207D231F8023BC5
:10AA180013B95368013353608842F7D8A4EB0C0488
:10AA280014605DF8044B704710B41468802CA44679
:10AA380028BF4FF0800C01EB8C00814207D251F8FF
:10AA4800043B13B95368013353608842F7D8A4EB29
:10AA58000C0414605DF8044B704700BF2DE9F843FF
:10AA6800C37904460D461746202B59D0102B30D0F9
:10AA78000C2B51D1027AC1F34E01836900F50E798E
:10AA880011FA85F1A2F1020248468EB2B2FA82F2B8
:10AA9800C1F34621520901EB03085200414600F078
:10AAA8008FFC002838D0C6F30806731C865DB3F502
:10AAB800007F23D018440378EA07E26946EA0323B3
:10AAC8004CBF1B09C3F30B039A4240D20020BDE8D8
:10AAD800F883027AC1F30721836900F50E70A2F1A9
:10AAE80002021944B2FA82F25209520000F068FCDC
:10AAF80090B16D0005F4FF75435B25E0227A08F1FB
:10AB080001014846A2F10202B2FA82F25209520049
:10AB180000F056FC0028CED14FF0FF30BDE8F88396
:10AB2800027A816900F50E70A2F1020201EBD511DB
:10AB3800B2FA82F25209520000F042FC0028EBD02F
:10AB4800AD0005F4FE754359E2699A42BED301206F
:10AB58003B60BDE8F88300BF2DE9F843C37905469B
:10AB68000C461646202B48D0102B2DD00C2B41D14B
:10AB7800C1F34E01836900F50E7911FA84F11FFAC9
:10AB880081F8C1F34621CF18037A4846022B39468B
:10AB980014BF0122032200F013FC58B314F001047F
:10ABA800C8F308033FD0C25C02F00F0242EA061263
:10ABB800C2540133B3F5007F3AD0C6F307120344F9
:10ABC80001201A70BDE8F883027AC1F3072183696E
:10ABD80000F50E70022A194414BF0122032200F066
:10ABE800EFFB034630B16400012004F4FF741E53E8
:10ABF800BDE8F8830020BDE8F883037A816900F591
:10AC08000E70022B01EBD41114BF0122032200F0B5
:10AC1800D7FB03460028EDD0A400012004F4FE74FD
:10AC28001E51BDE8F883C6540133B3F5007F15D132
:10AC38002B7A791C4846022B14BF0122032200F00C
:10AC4800BFFB03460028D5D0C6F30712002CB7D1A6
:10AC5800197821F00F0141EA1212B1E7C6F3071281
:10AC68000344F5E72DE9F041C46882B005460E4675
:10AC78008C42904640D301270134EB6901AA28464B
:10AC8800A34205D29FBBEC6801273C44A3422ED3C4
:10AC9800A64218BF012C214629D9FFF7DFFE00285C
:10ACA80025DBE9D0019B002BE6D107B1EC60EB690D
:10ACB800A3421CD36FF0704221462846FFF74CFF91
:10ACC8000746A0B13EB96B6A002B01DB013B6B6202
:10ACD800C8F800400CE0012E09D0EB699E4206D866
:10ACE800314622462846FFF737FF0028EBD10027D8
:10ACF800384602B0BDE8F0810C460027BCE700BF2B
:10AD080001290CD910B4C4698C4203D35DF8044BF3
:10AD1800FFF7A4BE4FF0FF305DF8044B70474FF0CB
:10AD2800FF30704701290BD910B4C4698C4203D392
:10AD38005DF8044BFFF710BF00205DF8044B704727
:10AD48000020704770B5054682B00C461DE0EB69DF
:10AD58009C421FD8FFF782FE064621460022002E9D
:10AD6800284617DBEB699C4214D8FFF7F5FE621EF4
:10AD780080B16B6A002B03F10103A8BF6B62EB681B
:10AD8800A342019C88BFEA602EB1012C214601AA8A
:10AD98002846DCD8002002B070BD00BF2DE9F0477E
:10ADA8000646406A84B000281BDAF2790C2A1BD1C7
:10ADB800F7697B1C022B40F2CD8002240025214636
:10ADC80002AA3046FFF74AFE002804F1010306DB19
:10ADD80057D1A7421C465CD0F2699342EFD94FF095
:10ADE800FF3004B0BDE8F087F169002096F83832EA
:10ADF80001313469DB07CDE9021000F185800021BB
:10AE08004FF0FF33202A06F5127786F83812C6F875
:10AE1800443242D0D6F800804F4BD8F80020D6F8FC
:10AE280018A095699D4278D1002C00F082800AEB29
:10AE38000409136951463A46404698470028CED03F
:10AE48000299B1F5807F8E4628BF4FF4807E07EBCC
:10AE58004E0CBC450BD9039D3B46002233F8024BF0
:10AE68000CB9013502469C45F8D802B103950AF1A0
:10AE7800010AA1EB0E01D14502915AD0D8F8002061
:10AE8800D7E7029A002AA4D1A74205F101051C467A
:10AE9800A2D1284604B0BDE8F087D6F800A02E4B12
:10AEA800DAF80020D6F8189095699D4246D1002C12
:10AEB8003FD009EB0408136949463A46504698477B
:10AEC80000288CD0DDF808C0BCF1800FE64628BF0A
:10AED8004FF0800E07EB8E02BA420BD9039D3B461A
:10AEE800002153F8044B0CB9013501469A42F8D8B1
:10AEF80001B1039509F10109ACEB0E03C8450293B2
:10AF080017D0DAF80020D6E706F50E7000F02CFA14
:10AF180000283FF464AFF27971E7234602AC3A4661
:10AF28005146019440460D4C0094A84700283FF430
:10AF380056AF0398706204B0BDE8F087234602ACB0
:10AF48003A46494601945046054C0094A8470028C3
:10AF5800EFD144E7002044E791870000D58700003F
:10AF68000988000070B500230446154601204FF0FB
:10AF7800FF3204F128062160E371E060E162C4F861
:10AF88003C1284F8283084F838326263C4F84422CA
:10AF9800CDB1042D01D9002070BD1A46194630469E
:10AFA80000F00EFA6FF0704300F5DF722B441D01BC
:10AFB80002EB03130028EED019790029EBD0525D7B
:10AFC8005206E8D19D6800222946304600F0F8F97B
:10AFD8000028E0D0B0F80B30B3F5007FDBD1037C5C
:10AFE8005A1E2372012AD6D8417B4B1E0129217192
:10AFF80063714FF00003A37144D001225200013362
:10B00800D2B2DBB2914204D0082BF7D10020A37151
:10B0180070BD1E46A371C18A216109B9416A2161C7
:10B02800C289B0F811302A4463815B01A26190F8AB
:10B0380010C003F2FF1301FB0C2202EB5323226220
:10B04800B0F81320636102B9026AED1AAB18F34035
:10B058005A1CE2614FF0FF32626240F6F47293428A
:10B068000CD94FF6F47293420AD9C26A202322629D
:10B078000120E3712163C4F8401270BD0C23F7E787
:10B088001023F5E71E46C6E7F8B500268F6B0D4678
:10B098000446C0E90E669FB10146242000F0DCF8A2
:10B0A800068086708446AD6BA0630FCDACE80F00B8
:10B0B8000FCDACE80F002B68CCF800302046F8BD67
:10B0C800CB6B002BFAD00146382000F0C5F880F889
:10B0D800317047860246EB6BE06303F130071E6868
:10B0E800103353F80C5C103253F8080C53F8041C56
:10B0F800BB4242F8106C42F80C5C42F8080C42F86B
:10B10800041CECD11B6820461360F8BD10B504463A
:10B11800806B10B1FDF7CCFF30B9E06B10B1FCF7D4
:10B1280015FA20B9002010BD0023A36310BD002329
:10B13800E36310BD002952D02DE9F0410446806B2D
:10B148000D4617461E4610B1FDF7B2FFA0BBE06BD7
:10B1580010B1FCF7FBF9B8BBD5F88084B8F1000F43
:10B1680011D02146242000F077F8334600263A46CD
:10B1780006808670A063D5F88014FEF7A1F958BB45
:10B18800A063BDE8F081D5F8843493B12146382016
:10B1980000F062F8334680F831803A46A0F83280F1
:10B1A800E063D5F88414FCF705FEA8B9E063BDE8B0
:10B1B800F0810020BDE8F0810023D5F88084A363E6
:10B1C800B8F1000FCDD1DEE70023D5F88084E36322
:10B1D800B8F1000FC5D1D6E70120BDE8F081002005
:10B1E800704700BFF8B50446806B0D46174610B18E
:10B1F800FDF75EFF38BBE06B10B1FCF7A7F938BB71
:10B20800AE6B76B12146242000F026F800213A469C
:10B2180001808170A063A96BFEF7B8FC88B9A063B0
:10B22800F8BDE86B0028FBD02146382000F014F860
:10B238003A4680F831604686E063E96BFCF7C2FD68
:10B2480020B10120F8BD0023A363D9E7E063F8BD6E
:10B258000023E363D4E700BF084670472DE9F041B7
:10B26800002604469846C0F88814C0F88064014651
:10B278004FF490601746FFF7EFFF424680F84464AA
:10B28800054680F87964A0F87A64C4F88404D4F890
:10B298008814FDF7D1FDA0BB0026214640F26C4082
:10B2A800C4F88464FFF7D8FF0223C6714246A0F8A9
:10B2B8004864054680F84A640372C4F88004D4F8E8
:10B2C8008814FFF74FFE38B900231A4A184613604E
:10B2D800C4F88034BDE8F08105F589663046FDF78D
:10B2E800E7FE29463046FEF721F90028ECD0124B3C
:10B2F8001A68AAB91D600F4BAFB101201C60BDE8E8
:10B30800F08105F589663046FCF720F92946304674
:10B31800FCF74AF90028BFD0084B1A68002AE9D080
:10B32800044B002FE9D11A68002AE6D00120BDE8B5
:10B33800F08100BFC8BD0120CCBD012094BD012013
:10B3480070B500254FF47A7604464560057386602B
:10B35800C0E91255034D40F8105BFFF7EBFE20469D
:10B3680070BD00BF2819002030B5037883B0DC0712
:10B378001DD50446406804F110020368E168019293
:10B388005B6A9847019A0546A8B12378990708D5BA
:10B398006068D4E90231194403685B6A984750B180
:10B3A800237823F001032846237003B030BD01251C
:10B3B800284603B030BD0025284603B030BD00BF85
:10B3C800F8B543680BB3C36804460F4615468B426D
:10B3D80006D110F8103B05F003052B432370F8BD88
:10B3E800FFF7C2FF88B16B0705D504F11006304698
:10B3F8000023E760EFE7606804F110063946036848
:10B4080032461B6998470028F1D10020F8BD00BFDB
:10B418004FF0000C024B82F800C01B68184700BFB1
:10B4280090BD0120024A0349034B11601860704720
:10B438008CBD0120F191000090BD012010B504469B
:10B44800808982B018B10023A38102B010BDD4E96D
:10B4580001318B42F9D201AA184600F067F880B191
:10B46800019B6060B3F5803F01D298B2EDE7980A7E
:10B47800C3F30903A0F52150A3F5105380B2A381AB
:10B48800E3E74FF6FF70E0E77F28A2EB010205D85B
:10B4980012B10A4602F8010B10467047B0F5006F6A
:10B4A8000FD2012A40D94FEA901C00F03F030A4608
:10B4B8006CF03F0063F07F0302F8020B10464B70FC
:10B4C8007047B0F5803F16D2022A2DD9C0F3851CEB
:10B4D80000F03F03CA1C63F07F0300B54FEA103E3B
:10B4E8006CF07F008B706EF01F0E4870104681F86C
:10B4F80000E05DF804FB032A16D94FEA904CC0F32C
:10B508000532C0F3851300F03F0062F07F026CF053
:10B518000F0C63F07F0360F07F004A700A1DC8704B
:10B5280081F800C08B70B7E70022B5E788423DD2AA
:10B53800034610B490F900001C7800282DDA04F0B6
:10B54800E000C02834D004F0F000E02834D004F043
:10B55800F800F02826D104F0070404201844884293
:10B5680020D8013313F8011B01F0C00C01F03F0192
:10B57800BCF1800F41EA841414D18342F2D1A4F1C2
:10B5880080010F4B99420DD8A4F55843B3F5006FCD
:10B5980008D314605DF8044B7047581C14605DF8BC
:10B5A800044B704700205DF8044B7047002070473B
:10B5B80004F01F040220D1E704F00F040320CDE7B4
:10B5C8007FFF10007E283ED94FF0350C002330B4A1
:10B5D800284C04E034F82120824220D80B46ACEBFA
:10B5E8000302012A03EB5201F4D89BB234F823205A
:10B5F800904216D24B2400231F4D04E035F8212039
:10B6080082421ED80B46E21A012A03EB5201F5D8F2
:10B618009BB235F8232082421FD030BC70478C463D
:10B62800DDE704EB8304821AE3789A42E2DA94F9BC
:10B638000230012B16D0D3B19BB2034430BC98B270
:10B6480070470C46DFE7A0F16103192B8CBF00237C
:10B658000123A0EB431398B2704705EB8305688874
:10B6680030BC704702F00102831A98B2D5E74EF257
:10B67800A033E2E7E007002054060020704700BF2F
:10B6880030B583B005460C4605F0CCFE1C4B9842FD
:10B6980004D800232B80238003B030BD694604F012
:10B6A80039FC9DF805309DF8062001339DF80410FB
:10B6B800503ADBB292B21F2998BF0C2B01D87F2ACF
:10B6C80018D900219DF802209DF801302980172AF9
:10B6D80098BF3B2B9DF8001001D83B2903D90023C4
:10B6E800238003B030BD5B0143EAC22343EA510320
:10B6F8009BB2F5E741EA431141EA422189B2E1E709
:10B70800FFA5CE12012BF0B5054695B03DD0022B12
:10B7180040F2022001F104010CBF034600236846F1
:10B72800FFF70EFE129B002B38D05C20002605F098
:10B7380015FB214B04AF0446C0E90036019B39468E
:10B74800183040F80C3C1D4B40F8103C029B40F868
:10B75800083C9DF80C3000F8043CFFF795FC184BAA
:10B768004FF47A72A665A360164B6E602B6063680F
:10B778002E730133AA602C616360134B3846009323
:10B78800FFF7C4FC284615B0F0BD44F2022304318B
:10B798006846FFF7D5FD129B002BC6D1139B002BE3
:10B7A800C3D14FF47A71074A04AF2B732A602B6117
:10B7B800C5E90131E1E700BF4C190020A8190020B4
:10B7C80028190020FC1800201018002010B5D0F807
:10B7D80084448EB00A4644B100232146684600934B
:10B7E800FDF76EFE80B90EB010BDD0F8881441B1D7
:10B7F800234668460C94FCF7DDFA50B900200EB0D9
:10B8080010BD08460EB010BD6846FEF7ADF80EB084
:10B8180010BD6846FCF78CFB0028EFD0E3E700BFBB
:10B8280070B5D0F884548EB016465DB105F58965BB
:10B8380000230A46684629460093FDF7BFFD90B9E4
:10B848000EB070BDD0F888040028F9D000F58964DE
:10B858000A462B46684621460C95FCF72FFA48B94C
:10B8680000200EB070BD324629466846FDF786FFB7
:10B878000EB070BD324621466846FCF7ADFC002884
:10B88800EED0DDE710B5D0F884448EB00A464CB14E
:10B8980000200123214600906846FDF711FE80B97B
:10B8A8000EB010BDD0F8881441B1012368460C943D
:10B8B800FCF780FA50B900200EB010BD08460EB053
:10B8C80010BD6846FEF702FF0EB010BD6846FCF7D3
:10B8D800D5FA0028EFD0E3E730B5D0F884448FB02C
:10B8E8000A464CB10025012304F589616846009594
:10B8F800FDF7EEFC0FB030BDD0F888040028F9D071
:10B9080000F58961012368460C94FCF7E7FC0FB049
:10B9180030BD00BF10B5D0F884448EB00A463CB1A3
:10B928000023214668460093FDF7CAFD0EB010BDFE
:10B93800D0F8881431B1234668460C94FCF73AFADB
:10B948000EB010BD08460EB010BD00BFF8B50546D4
:10B9580090F8D00408B90146F8BDD5F88434002B16
:10B968004CD0DC69D5F89004013C002854D0036819
:10B97800DB6B9847E0B1D5F8900478B303681B6C8B
:10B988009847A8B9D5F8900440B3036801215B6CC7
:10B998009847074610B3D5F8840458BBD5F888648F
:10B9A80033466EB9D5F8900490B900200146D3E724
:10B9B800D5F88404E8B9D5F88834002BF5D00746C3
:10B9C8001846FDF703FA06463FB1D5F8900428B1AA
:10B9D800036800215B6C984700B1A41BD5F8843438
:10B9E800FBB19B794FF40071994089B2A1FB040126
:10B9F800F8BD0027FFF7D2F90646E5E7D5F8883401
:10BA0800D5F89004B3B1D3F830440028AFD1184624
:10BA1800FDF7DCF90646E0E71846FFF7BFF90646EA
:10BA2800DBE7D5F88864002EBFD0D6F83C14A1FB1C
:10BA38000401F8BD0028B8D01C4698E790F8D03427
:10BA480063B1D0F8843463B19A794FF40070D9693E
:10BA58009040013980B2A0FB0101704718460146A9
:10BA68007047D0F888040028F9D0D0F83C14D0F8F2
:10BA78003004A1FB000170472DE9F043D0F8905441
:10BA88008DB04DB198462B6804462846DB69984727
:10BA9800B0F5405F064604D8002630460DB0BDE834
:10BAA800F0834FF400700BF073FF07460028F3D0C3
:10BAB8000DF10409B6F1806F02464346294648460F
:10BAC8002ED906F0E3FF064638460BF069FF002E34
:10BAD800E2D02B682846271D1B6A984794F8C03483
:10BAE800FF2B21D0D4F8C43404F59465029328467A
:10BAF800D4F8C8340393B4F8C034ADF8043099E8E6
:10BB08000E0008F0F5FB94F8B134C4F89054002BFB
:10BB1800C3D10123294638461A46FFF79FFBBCE7E5
:10BB280007F0DAFC0646CFE704F2944594F8CC1403
:10BB3800284609F025FA2846C4F8905408F082FCF3
:10BB48000028AAD10123D4F8901438461A46FFF7E2
:10BB580085FBA2E7F0B5D0F8906485B00446002EC6
:10BB680042D090F8D05490F8D13485B1FE2B63D0F0
:10BB780094F8D20436283DD93368694630469B6C20
:10BB880098470546284684F8D05405B0F0BDFE2BEA
:10BB980026D090F8D204362849D994F8C034271D05
:10BBA800FF2B2DD0D4F8C43404F59466D4F8C824F7
:10BBB80001933046B4F8C0340292ADF800306B46B9
:10BBC8000ECB08F095FB94F8B134C4F8906463B9CF
:10BBD8000123314638461A46FFF740FB054604E084
:10BBE8001F4B9B689B03D8D40025284684F8D05463
:10BBF80005B0F0BD04F0A2FF051E18BF0125F4E74B
:10BC080004F2944694F8CC14304609F0B9F9304659
:10BC1800C4F8906408F016FC0028E6D10123D4F893
:10BC2800901438461A46FFF719FB0546DDE704F07D
:10BC380085FF0028B1D1D7E7336830465B6D984758
:10BC4800421C034694D00028CFD194F8D124FE2A70
:10BC5800CAD103212E201D4604F082FFC5E700BF8C
:10BC680000800042F0B50D46044685B03048FFF725
:10BC7800D9FBFE2D84F8D15426D0362D02D90020C8
:10BC880005B0F0BD00262B4B04F594678DF80450E1
:10BC9800C4F8C4348DF80560384684F8C05484F874
:10BCA800C164C4F8C864CDE9023604AB13E90E00D8
:10BCB80008F01EFB94F8B134C4F8907483B330468E
:10BCC80084F8D00405B0F0BD04F294450023FF22A7
:10BCD8001946284684F8CC3484F8C02409F050F971
:10BCE8002846C4F8905408F0ADFB70B90123D4F885
:10BCF8009014201D1A46FFF7B1FA30B101222E2305
:10BD080084F8D02484F8D234BAE72E200025032101
:10BD180084F8D20484F8D05404F022FF2846AFE710
:10BD280001233946201D1A46FFF798FAC8E700BFD5
:10BD38006194000040787D0118484FF0290C184A9A
:10BD48000023184910B4C0F89424072280F8B1C41D
:10BD58004FF0FF0CC0F8A8144FF47F41124CC0F804
:10BD6800AC24124AA0F8D014A0F89C3480F8B5345A
:10BD780080F8CC3480F8D2C40460C0F8A0240C4900
:10BD88000C4A5DF8044BC0F88434C0F88834C0F815
:10BD9800903480F8BC3406F0ADBD00BF2097012078
:10BDA800301A002000093D00DC190020341800205A
:10BDB8005D940000349B002053492DE9F047A1FB16
:10BDC800004340F26D1A514F5B09DFF85081DFF8EC
:10BDD8005091A1FB0341C3EB03144909A0EB840074
:10BDE8004B4CC1EB0115A4FB014EA3EB850310706E
:10BDF8004FEA1E1E53700EF104040EEB4E00454B25
:10BE0800A1EBC001A3FB040300209170E11A03EB2E
:10BE1800510301469B08C3EBC303E41A0134D470F1
:10BE2800C4B240F26D1C04F2B27313F0030507FBB1
:10BE380003F608D1B8EBB60F4FF4B77C03D3B9EBD0
:10BE4800361F38BFD446614401308E45E8D2324EA1
:10BE58009471A6FB030695B3770964244FF4C87060
:10BE6800F60904FB173700FB163640F26D10AEEBEF
:10BE7800010E002301217044DFF8A8E00AE013F85E
:10BE88000E40844232D80C29A0EB04000FD00131B7
:10BE98000133C9B2012B5FFA83FCF0D115B9DFB1C8
:10BEA8001D2400E01C24A0422AD3001BEFE74FF01A
:10BEB8000D0C013082F805C01071BDE8F0876420D0
:10BEC8007709F60900FB17374FF4C87000FB1636E0
:10BED8003FB14FF4B770CAE7002E14BF1C241D24CD
:10BEE800E1E7002EC1D14FF4B770C0E70CF1010CA7
:10BEF80001305FFA8CFC107182F805C0BDE8F0874C
:10BF08004FF0020CD5E700BF89888888295C8FC26A
:10BF1800ABAAAAAA254992241F85EB51285C8F0257
:10BF28000AD7A300B4080020334A2DE9F0418479E8
:10BF380004FB02F2E4B104F2B27C40F2B3732F4D79
:10BF48002F4E304FDFF8C8E09C4505FB03F10FD0BA
:10BF580013F0030F03F10103F6D1B6EBB10F02D3CF
:10BF6800BEEB311FF0D39C453A4405FB03F1EFD1FA
:10BF780090F805E0BEF1010F29DD04F2B274224EFB
:10BF880064252249A6FB04364FF4C873DFF8848081
:10BF98007709F60905FB17471A4D03FB164604F007
:10BFA8000304012307E0013391F800C00131734510
:10BFB80005FB0C220BD0022BF5D1002CF3D10FB9C5
:10BFC800002EF0D10133424401317345F3D1437857
:10BFD8004FF461648178C3EB031305789B0004FB7D
:10BFE80001330179074C58194B1E002104FB03004B
:10BFF8001044BDE8F08100BF8033E101295C8FC2A5
:10C00800285C8F02805101001F85EB51B408002085
:10C018000AD7A300803B2600F8B51D4C1D4D2368A8
:10C028002A681D4E9B1AB3F57A7F2FD331680131E8
:10C03800236802F57A72084601319B1AB3F57A7FB4
:10C04800F6D230602A60154F3B6883420FD8144BF4
:10C058001B6863B1984701430BD0124B22681B68D9
:10C068002A600222034430603B600F4B1A700021A3
:10C07800F8BD0D490B4B0A783068003A1B6818BFA9
:10C08800012203440A7000213B60F8BD3068DAE7FA
:10C0980018C30120F8BB012080BD012050BD01203C
:10C0A80038C10120649A00204CC30120084B09497B
:10C0B8001B68094A0344126810B40B600221074B3D
:10C0C800074C1970074B20601A605DF8044B7047E5
:10C0D800649A002050BD012018C301204CC30120E0
:10C0E80080BD0120F8BB012006F048BA06F024BA4A
:10C0F80006F088BAF8B500250723044616460370EB
:10C108000F46458029468580202208300DF0F0FB37
:10C11800294640F2097204F1290084F828500DF0EC
:10C12800E7FB41F2210329465022A4F83E3704F2E6
:10C138004C70A4F8325784F8345784F83557C4F84B
:10C148004057C4F84457C4F848570DF0D1FBA02213
:10C15800294604F29C700DF0CBFB204684F83C582D
:10C16800A4F83E58C4F8387784F83C67F8BD00BF97
:10C1780070B56A4990B0054600F254700FF064F942
:10C18800002840F0C580664905F25C700FF05CF944
:10C198000646002840F0BC80624905F264700FF042
:10C1A80053F9002840F0B7805F4905F26C700FF032
:10C1B8004BF9002840F0AC805C4905F274700FF030
:10C1C80043F9002840F0A480594905F27C700FF02B
:10C1D8003BF9002840F09C80564905F284700FF026
:10C1E80033F9002840F09480534905F28C700FF021
:10C1F8002BF9002840F08C80504905F294700FF01C
:10C2080023F9002840F084800BA80AAB09AA4C49FE
:10C21800009005F2AC700DF067F9032878D1099AFF
:10C2280040F602039A4273D80A9B0C2B70D80B9BDA
:10C238001F2B6DD80EA80DAB0CAA4249009005F231
:10C24800BC700DF051F9032862D10C9B172B5FD8F5
:10C258000D9B3B2B5CD80E9B3B2B59D803AA3A4924
:10C2680005F2CC700DF040F9012851D104AA3649E5
:10C2780005F2DC700DF038F9012849D105AA3249D8
:10C2880005F2EC700DF030F9012841D106AA2E49CB
:10C2980005F2FC700DF028F9012839D107AA2A49BE
:10C2A80005F60C000DF020F9012831D108AA26491D
:10C2B80005F61C000DF018F9012829D10FAA234909
:10C2C80005F62C000DF010F9012821D10F9BFBB1C8
:10C2D80085F82730039BDDE90912AB602984049BAC
:10C2E80085F82220EB60059BDDE90B122B6185F8B0
:10C2F800231085F82420079BDDE90D12EB6185F8F2
:10C30800251085F826200699089A6961AA6100E037
:10C31800002010B070BD304610B070BDDC16002093
:10C32800200D0020E4160020E8160020EC1600205E
:10C33800F0160020F4160020FC1600200417002038
:10C348000C17002018170020FC080020040A002001
:10C3580030B5002383B00446554900F24C70019370
:10C368000FF072F810B1002003B030BD514904F24B
:10C378009C7001AA0DF0B8F80128F4D1019BB3F51F
:10C38800803FF0D225786380062D58D04A4904F2C0
:10C3980054700FF059F80028E5D1484B04F2AC70FE
:10C3A80094F83C1703EBC1010FF04EF80028DAD1DE
:10C3B800052DD8D8DFE805F016034103032B4049C3
:10C3C80004F25C700FF040F80028CCD104F2BC7580
:10C3D8003C4928460FF038F800283FD10123184679
:10C3E8006371C1E7384904F25C700FF02DF800283A
:10C3F800B9D194F8BC3704F2BC75532B23D16A78B1
:10C40800422A20D1AA78F2B901202271ACE72F493B
:10C4180004F25C700FF018F80028A4D101AA25498D
:10C4280004F2BC700DF060F801289CD1019BB3F5B3
:10C43800E16F98D8A4F8323796E7012094E72046B0
:10C44800FFF796FE90E7462B13D16A784C2A10D155
:10C45800AA7872B901231846237185E71C49284632
:10C468000EF0F2FF034600287FF47DAF01206371D0
:10C478007AE74C2B08D16B78502B05D1AB781BB9D8
:10C488000223012023716FE7124928460EF0DCFFD2
:10C4980018B903230120237166E70F4928460EF0D7
:10C4A800D3FF00287FF45FAF0423012023715BE7EB
:10C4B80094160020040A002098160020FCA00020F2
:10C4C800A8160020AC160020A0160020B4160020E4
:10C4D800B0160020A40F0020701300202DE9F041B1
:10C4E8001F4E04460D4690461E4F33689D4209D99B
:10C4F800D4F8380703681B69BB4227D106F03EF819
:10C508000028F2D0D4F83807174A03685B699342C9
:10C5180023D106F077F8431C1CD0B4F84027C0B2EA
:10C5280080EA1223A8EB000083EA1313B0FA80F024
:10C5380082EAD302400982EA031283EA4313DBB298
:10C5480003EB0223A4F84037BDE8F08198470028A0
:10C55800CBD0D7E70020BDE8F0819847DBE700BFE4
:10C5680018C30120C99E0000D19E00002DE9F843A0
:10C57800532204460D46FFF7B1FF10B90020BDE86D
:10C58800F883542229462046FFF7A8FF0028F5D053
:10C59800412229462046FFF7A1FF0028EED052226B
:10C5A80029462046FFF79AFF0028E7D0542229465B
:10C5B8002046FFF793FF0028E0D00023B4F83E2779
:10C5C800534E9846534FA4F84027A4F83E38A4F891
:10C5D800343701E008F101081FFA88F933689D42F1
:10C5E800B4F832372BD94B4529D9D4F83807036822
:10C5F8005B69BB4221D106F005F8411CEED0B4F8C6
:10C608004027C0B214FA88F180EA12233B2883EA53
:10C61800131382EAD30282EA031283EA4313DBB2DA
:10C6280003EB0223A4F8403781F82900D2D194F80B
:10C638003437013384F83437CCE79847DDE74B4586
:10C648009CD1002314FA88F8324F88F82930B4F8BE
:10C658004037A4F8423733689D421CD9D4F83807CC
:10C6680003685B69BB424ED105F0CCFF421CF2D097
:10C67800B4F8402780EA1220C3B2C0F30310434045
:10C6880082EAD30282EA031283EA4313DBB203EBA2
:10C698000223A4F840371F4F33689D421CD9D4F8B1
:10C6A800380703685B69BB422FD105F0ABFF431C19
:10C6B800F2D0B4F8403780EA1320C2B2C0F30310B6
:10C6C800424083EAD20382EA421183EA0213CAB2E1
:10C6D80002EB0323A4F84037452229462046FFF7FA
:10C6E800FDFE00283FF44AAF4E2229462046FFF7B8
:10C6F800F5FE00283FF442AF294620464422BDE813
:10C70800F843FFF7EBBE9847B0E79847CFE700BF7D
:10C7180018C30120D19E00002DE9F04F914683B047
:10C728003C2283461C460D46FFF7D8FE8246002869
:10C7380044D009F1FF33013C0026224FDFF88880FE
:10C7480001933A68954229D9A64227DADBF83807D7
:10C758000268526942452CD105F054FF5FFA80FC0B
:10C768000130EED0BBF84017BCF13E0F8CEA112225
:10C7780082EA121281EAD20182EA421081EA0211A7
:10C78800C2B202EB0122ABF8402714D0019B01365C
:10C7980003F801CF3A6801939542D5D8002229467B
:10C7A800584609F806203E2203B0BDE8F04FFFF7CF
:10C7B80095BE9047D2E7002309F80630504603B0EB
:10C7C800BDE8F08F18C30120D19E00002DE9F0418B
:10C7D8000446D0F838074A4E0D4603689B69B342B1
:10C7E8005CD105F0A9FE474F3B689D4228D93C28FB
:10C7F8002CD0421C24D0DFF8208110E005F002FF85
:10C80800D4F8380703689B69B34215D105F094FE44
:10C818003B689D4214D9431C12D03C2816D0D4F84A
:10C82800380703685B694345E8D09847D4F8380768
:10C8380003689B69B342E9D098473B689D42EAD8B0
:10C848003C2803D000252846BDE8F08104F2447650
:10C858000823294620463246FFF75EFF0028F1D01C
:10C8680029460A222046FFF739FE05460028E9D066
:10C8780094F84477492F02D173784D2B13D0314661
:10C8880021480EF0E1FD58B1532F12D17378572B80
:10C898000FD1B3786BB902232370D4E79847A2E786
:10C8A80001232370CFE7B2785342002AE7D12370DF
:10C8B800C9E7314615480EF0C7FD10B903232370A8
:10C8C800C1E7314612480EF0BFFD10B904232370AA
:10C8D800B9E7542F07D17378432B04D1B37813B930
:10C8E80005232370AFE731460A480EF0ADFD10B9B5
:10C8F80006232370A7E7082300252370A3E700BFBA
:10C90800CD9E000018C30120C0160020C8160020C4
:10C91800D0160020D8160020D19E00002DE9F04F37
:10C92800914683B02F2283461C460D46FFF7D6FD5D
:10C938008246002844D009F1FF33013C0026224FEB
:10C94800DFF8888001933A68954229D9A64227DA08
:10C95800DBF838070268526942452CD105F052FECF
:10C968005FFA80FC0130EED0BBF84017BCF13E0FF7
:10C978008CEA112282EA121281EAD20182EA42107A
:10C9880081EA0211C2B202EB0122ABF8402714D0AF
:10C99800019B013603F801CF3A6801939542D5D837
:10C9A80000222946584609F806203E2203B0BDE871
:10C9B800F04FFFF793BD9047D2E7002309F8063000
:10C9C800504603B0BDE8F08F18C30120D19E000087
:10C9D80030B5002383B03C2204460D46CDE9003330
:10C9E800FFF77CFD10B9002003B030BD08236A466C
:10C9F80029462046FFF792FF0028F4D00A2229464C
:10CA08002046FFF76BFD0028EDD004F2447168461C
:10CA18000EF01AFDB0FA80F0400903B030BD00BF37
:10CA28002DE9F04190F83C2882B000250A2300EB5C
:10CA3800C20204460E4602F24C72CDE90055FFF7D9
:10CA48006BFE00284FD0374FDFF8DC803B689E42F2
:10CA58002AD90F2D28D0D4F8380703685B694345D5
:10CA680045D105F0CFFDC1B20130EFD0B4F8402771
:10CA78003C2981EA122383EA131382EAD30283EA68
:10CA8800431082EA0312C3B203EB0223A4F840372F
:10CA98002FD094F83C3804EB03132B44013583F86A
:10CAA8009C173B689E42D4D894F83C380022314603
:10CAB800204604EB03132B4483F89C273C22FFF702
:10CAC8000DFD80B108236A4631462046FFF726FF50
:10CAD80048B194F83C18684604EBC10101F24C7166
:10CAE8000EF0B2FC70B1002002B0BDE8F0819847AA
:10CAF800B9E794F83C38002204EB03132B4483F87D
:10CB08009C27DFE70A2231462046FFF7E7FC00288A
:10CB1800E9D094F83C38013384F83C3802B0BDE8D9
:10CB2800F08100BF18C30120D19E00002DE9F04319
:10CB3800002385B004460E460293ADF80C30CDE9CB
:10CB4800003304230DEB0302FFF7E6FD00284FD066
:10CB5800414901A80EF078FC0546002848D13F4F0E
:10CB68000DF10809DFF800813B689E4225D9052DA3
:10CB780023D0D4F8380703685B6943453DD105F0F5
:10CB880041FDC1B20130EFD0B4F840273C2981EA19
:10CB9800122383EA131382EAD30283EA431082EA58
:10CBA8000312C3B203EB0223A4F8403747D03B6813
:10CBB800013509F8011B9E42D9D805F110033C2222
:10CBC800314620460DEB0305002305F8083CFFF726
:10CBD80085FC68B10423314620460DEB0302FFF7BC
:10CBE8009DFE054620B11C4901A80EF02DFC30B170
:10CBF8000025284605B0BDE8F0839847C1E76A4696
:10CC0800174902A80CF070FC0128F1D1009BB3F57C
:10CC1800803FEDD2D4F83807124A03689B699342E3
:10CC280015D105F089FC0A28E3D1D4F838070E4A53
:10CC380003685B6993420CD105F0E4FCD9E705F180
:10CC480010030DEB0305002305F8083CC2E79847DD
:10CC5800E9E79847CDE700BFBC16002018C30120BC
:10CC6800040A0020CD9E0000D19E00002DE9F84363
:10CC7800904E0446D6F8008008F1C8052946FFF70B
:10CC8800A5FD002800F09A808B4FDFF834923368B6
:10CC98009D425ED9D4F8380703681B69BB4254D15A
:10CCA80005F06CFC0028F2D0D4F8380703689B69BB
:10CCB8004B4540F0FB8005F03FFC092849D1D4F8EA
:10CCC80038077E4A03685B69934240F0F18005F0BB
:10CCD80099FC431C18D0B4F840C7294680EA1C22A6
:10CCE8002046D3B2C2F3031253408CEAD30C8CEA29
:10CCF800031C83EA4313DBB203EB0C23A4F840378D
:10CD0800FFF78EFE0028C2D1B4F83E3740F29C727D
:10CD1800002104F15000A4F84037121B2346A4F860
:10CD2800421784F83C1884F8441783F84C1702F823
:10CD3800131008338342F8D1D4F838070026036863
:10CD4800DB6898473046BDE8F883984700289ED0AE
:10CD5800AAE729462046FFF73BFE0646002848D0AA
:10CD6800B4F8403729462046A4F84237FFF7DEFEDC
:10CD7800064600285DD02046FFF7EAFA0646A0B32B
:10CD88002378052B73D0B4F83E270021234604F1FD
:10CD98005000A4F8402740F29C72A4F84217121BD6
:10CDA80084F83C1884F8441783F84C1702F81310D9
:10CDB80008338342F8D13046BDE8F883B4F83E170B
:10CDC80040F29C722346A4F84207A4F84017121BAD
:10CDD80004F1500184F83C0884F8440783F84C07B0
:10CDE80002F8130008339942F8D100263046BDE80E
:10CDF800F883B4F83E3740F29C7204F15000314693
:10CE0800A4F84037121B2346A4F8426784F83C680C
:10CE180084F8446783F84C1702F8131008339842D3
:10CE2800F8D1D4F838070368DB6898473046BDE87E
:10CE3800F883B4F83E3740F29C7204F15000314652
:10CE4800A4F84037121B2346A4F8426784F83C68CC
:10CE580084F8446783F84C1702F8131008338342A8
:10CE6800F8D1D4F838070368DB689847DEE708F597
:10CE780096712046FFF77AFB002884D1B4F83E3734
:10CE880040F29C7204F15001A4F84207A4F840371C
:10CE9800121B234684F83C0884F8440783F84C079F
:10CEA80002F8130008338B42F8D145E7984704E7A6
:10CEB80098470EE718C30120C99E0000D19E0000C4
:10CEC800CD9E0000084605F0ADBB00BF70B5044616
:10CED8000D460C301949164603F0C8F8184904F1F4
:10CEE800180003F0C3F8174904F1240003F0BEF852
:10CEF80040F20143144904F134002386042384F8E2
:10CF0800323003F0B3F8104904F1400003F0AEF8F2
:10CF18000D4904F14C0003F0A9F804F50053002270
:10CF28002046A3F8582083F85A200122A3F85C2051
:10CF380041F22103A6722560238170BDB817002035
:10CF4800C4170020D0170020740A0020012909D036
:10CF5800022904D0032908BF80F83220704780F8DE
:10CF68003120704780F83020704700BF012904D075
:10CF7800022906D0032908D070471146343003F03F
:10CF88007BB91146403003F077B911464C3003F0B5
:10CF980073B900BF10B50446006805220849036844
:10CFA8005B6898472189206802F01CFE20680722E8
:10CFB800044903685B68984741F22103238110BD47
:10CFC800841700208C1700202DE9F04703890746B5
:10CFD8000E4691F800A0164D01F1630417E005F024
:10CFE80021FB88EA0A02B44282EA121289EAD209CB
:10CFF80082EA421389EA0219DBB203EB09239BB2E6
:10D008003B8112D016F801AFBAF1000F0DD03A6883
:10D018004FEA13285FFA83F9504613681B68AB423E
:10D02800DDD0514610469847DBE7BDE8F08700BFE2
:10D03800A5AC00002DE9F8430646904602890F4644
:10D0480000686C4D4FEA12290368D4B21B68AB42E2
:10D0580040F0BB80092005F0E5FA89F00903306843
:10D0680083EA191384EAD30282EA031283EA431398
:10D07800DBB203EB02239BB24FEA13293381DCB204
:10D0880003681B68AB4240F0B2803C2005F0CAFA46
:10D0980089F03C023046394682EA121284EAD20309
:10D0A80083EA021382EA4212D2B202EB03223281ED
:10D0B800FFF78AFF306832890368140A1B685FFA31
:10D0C80082F9AB4240F090803E2005F0ABFA84F044
:10D0D8003E034146304683EA131389EAD30282EAC3
:10D0E800031283EA4313DBB203EB02233381FFF716
:10D0F8006BFF338930681C0A5FFA83F803681B6882
:10D10800AB426ED13C2005F08DFA84F03C033068C8
:10D1180083EA131388EAD30888EA031883EA4313D7
:10D12800DBB203EB08239BB24FEA13283381DCB24E
:10D1380003681B68AB4251D12F2005F073FA88F0C1
:10D148002F023946304682EA121284EAD20383EA71
:10D15800021382EA4212D2B202EB03223281FFF7B3
:10D1680033FF338930681C0ADFB203681B68AB429F
:10D1780031D13E2005F056FA84F03E02306882EA4A
:10D18800121287EAD20782EA421387EA0217DBB251
:10D1980003EB07239BB21F0A3381DCB203681B68C9
:10D1A800AB4215D10A2005F03DFA87F00A0282EA5F
:10D1B800171284EAD20382EA421183EA0213CAB23E
:10D1C80002EB03233381BDE8F8830921984744E73C
:10D1D8000A219847E9E73E219847CDE72F2198474C
:10D1E800ADE73C21984790E73E2198476FE73C21FF
:10D1F80098474DE7A5AC000030B5044685B00A2233
:10D2080004F5005501A8B5F85C1002F0D7FF019AA3
:10D21800A2B10B492046FFF70DFFB5F85C404FF669
:10D22800FE7301A80134A4B29C4208BF0124A5F8EA
:10D238005C4002F087FF204605B030BD014AE8E7B0
:10D24800941600209C930020F8B504460068774E99
:10D2580023891D0ADFB203681B68B34240F0D080FF
:10D268003C2005F0DFF985F03C032046704983EA4D
:10D27800131387EAD30783EA431287EA0313D2B268
:10D2880002EB03232381FFF79FFE238920681D0AF1
:10D29800DFB203681B68B34240F0C4803E2005F04B
:10D2A800C1F985F03E02206882EA121287EAD207A5
:10D2B80082EA421387EA0217DBB203EB07239BB229
:10D2C8001F0A2381DDB203681B68B34240F0A780C0
:10D2D8000A2005F0A7F987F00A02204682EA171209
:10D2E80085EAD20382EA421183EA0213CAB202EB48
:10D2F80003232381FFF780FF4E4BA27A20464E4935
:10D3080003EBC202FFF796FE4C4A4D492046FFF751
:10D3180091FE4C4A4C492046FFF78CFE20464B4A6A
:10D328004B49FFF787FE238920681D0ADFB203688F
:10D338001B68B34270D13C2005F074F985F03C02BB
:10D34800206882EA121287EAD20782EA421387EA41
:10D358000217DBB203EB07239BB21F0A2381DDB25E
:10D3680003681B68B34254D12F2005F05BF987F09E
:10D378002F02204682EA121285EAD20382EA42117B
:10D3880083EA0213CAB22A4902EB03232381FFF777
:10D398001BFE238920681D0ADFB203681B68B3429D
:10D3A80034D13E2005F03EF985F03E02206882EA3D
:10D3B800121287EAD20782EA421387EA0217DBB21F
:10D3C80003EB07239BB21F0A2381DDB203681B68A6
:10D3D800B34218D10A2005F025F987F00A02204641
:10D3E80082EA171285EAD20382EA421183EA02131B
:10D3F800CAB202EB03232381BDE8F840FFF7CABD98
:10D408003C2198472FE70A219847E6E73E219847AD
:10D41800CAE72F219847AAE73C2198478EE70A21B7
:10D42800984758E73E2198473BE700BFA5AC000066
:10D4380040170020FCA000209816002058A10020CA
:10D448004417002068A100204C170020609A002093
:10D4580058170020F8B5044600686F4E23891D0A46
:10D46800DFB203681B68B34240F0C1803C2005F07E
:10D47800D9F885F03C032046684983EA131387EA04
:10D48800D30783EA431287EA0313D2B202EB0323DA
:10D498002381FFF799FD238920681D0ADFB20368FD
:10D4A8001B68B34240F0B5803E2005F0BBF885F01C
:10D4B8003E02206882EA121287EAD20782EA421301
:10D4C80087EA0217DBB203EB07239BB21F0A23810B
:10D4D800DDB203681B68B34240F098800A2005F06B
:10D4E800A1F887F00A02204682EA171285EAD203D9
:10D4F80082EA421183EA0213CAB202EB03232381B0
:10D50800FFF77AFE464BA27A2046464903EBC20251
:10D51800FFF790FD238920681D0ADFB203681B68A6
:10D52800B34270D13C2005F07DF885F03C022068BC
:10D5380082EA121287EAD20782EA421387EA0217BE
:10D54800DBB203EB07239BB21F0A2381DDB203681A
:10D558001B68B34254D12F2005F064F887F02F02DE
:10D56800204682EA121285EAD20382EA421183EA4D
:10D578000213CAB2294902EB03232381FFF724FDD2
:10D58800238920681D0ADFB203681B68B34234D1BF
:10D598003E2005F047F885F03E02206882EA121224
:10D5A80087EAD20782EA421387EA0217DBB203EB63
:10D5B80007239BB21F0A2381DDB203681B68B342AD
:10D5C80018D10A2005F02EF887F00A02204682EAD0
:10D5D800171285EAD20382EA421183EA0213CAB219
:10D5E80002EB03232381BDE8F840FFF7D3BC3C21BD
:10D5F80098473EE70A219847E6E73E219847CAE759
:10D608002F219847AAE73C2198478EE70A21984797
:10D6180067E73E2198474AE7A5AC00003C17002081
:10D62800FCA00020981600202DE9F041038904464B
:10D6380000680F461D0A764E5FFA83F803681B6878
:10D64800B34240F0D0803C2004F0ECFF85F03C036E
:10D658002046704983EA131388EAD30888EA031836
:10D6680083EA4313DBB203EB08232381FFF7ACFC07
:10D67800238920681D0A5FFA83F803681B68B34290
:10D6880040F0C3803E2004F0CDFF85F03E032068C3
:10D6980083EA131388EAD30888EA031883EA431352
:10D6A800DBB203EB08239BB24FEA13282381DDB2D8
:10D6B80003681B68B34240F0A5800A2004F0B2FF5B
:10D6C80088F00A02204682EA181285EAD20383EA21
:10D6D800021382EA4212D2B202EB03222281FFF73E
:10D6E8008BFDA27A4C4B20464C4903EBC202FFF754
:10D6F800A1FC002F71D04A4A20464A49FFF79AFCFC
:10D70800238920681D0ADFB203681B68B34276D1FB
:10D718003C2004F087FF85F03C02206882EA121260
:10D7280087EAD20782EA421387EA0217DBB203EBE1
:10D7380007239BB21F0A2381DDB203681B68B3422B
:10D748005AD12F2004F06EFF87F02F02204682EA7C
:10D75800121285EAD20382EA421183EA0213CAB29C
:10D768002C4902EB03232381FFF72EFC2389206831
:10D778001D0ADFB203681B68B3423AD13E2004F0A9
:10D7880051FF85F03E02206882EA121287EAD2072A
:10D7980082EA421387EA0217DBB203EB07239BB244
:10D7A8001F0A2381DDB203681B68B3421ED10A2019
:10D7B80004F038FF87F00A02204682EA171285EA49
:10D7C800D20382EA421183EA0213CAB202EB0323AC
:10D7D8002381BDE8F041FFF7DDBB134A204611491C
:10D7E800FFF728FC8CE73C2198472FE70A21984748
:10D7F800E0E73E219847C4E72F219847A4E73C215A
:10D80800984788E70A2198475AE73E2198473CE716
:10D81800A5AC00006C170020FCA000209816002082
:10D82800AC160020A8160020741700202DE9F0413E
:10D838000389044600680F461D0A764E5FFA83F88E
:10D8480003681B68B34240F0D0803C2004F0EAFE35
:10D8580085F03C032046704983EA131388EAD3080D
:10D8680088EA031883EA4313DBB203EB0823238116
:10D87800FFF7AAFB238920681D0A5FFA83F803686B
:10D888001B68B34240F0C3803E2004F0CBFE85F015
:10D898003E03206883EA131388EAD30888EA03184A
:10D8A80083EA4313DBB203EB08239BB24FEA132846
:10D8B8002381DDB203681B68B34240F0A5800A20CB
:10D8C80004F0B0FE88F00A02204682EA181285EABF
:10D8D800D20383EA021382EA4212D2B202EB032293
:10D8E8002281FFF789FCA27A4C4B20464C4903EB76
:10D8F800C202FFF79FFB002F71D04A4A20464A49CF
:10D90800FFF798FB238920681D0ADFB203681B68AC
:10D91800B34276D13C2004F085FE85F03C022068B5
:10D9280082EA121287EAD20782EA421387EA0217CA
:10D93800DBB203EB07239BB21F0A2381DDB2036826
:10D948001B68B3425AD12F2004F06CFE87F02F02D7
:10D95800204682EA121285EAD20382EA421183EA59
:10D968000213CAB22C4902EB03232381FFF72CFBD5
:10D97800238920681D0ADFB203681B68B3423AD1C5
:10D988003E2004F04FFE85F03E02206882EA121223
:10D9980087EAD20782EA421387EA0217DBB203EB6F
:10D9A80007239BB21F0A2381DDB203681B68B342B9
:10D9B8001ED10A2004F036FE87F00A02204682EAC9
:10D9C800171285EAD20382EA421183EA0213CAB225
:10D9D80002EB03232381BDE8F041FFF7DBBA134ACA
:10D9E80020461149FFF726FB8CE73C2198472FE793
:10D9F8000A219847E0E73E219847C4E72F21984736
:10DA0800A4E73C21984788E70A2198475AE73E212E
:10DA180098473CE7A5AC00007C170020FCA000203C
:10DA280098160020AC160020A816002074170020B5
:10DA38002DE9F04741F221030746006805223B81A2
:10DA480007F5005503682E495B689847B5F85830C4
:10DA58003C8973B34FF000082A4E18E004F0E2FD49
:10DA680084EA0A0108F1010881EA11111FFA88F213
:10DA780089EAD10381EA411483EA0113E4B204EB91
:10DA88000324A4B23C81B5F85830934212D93A68BD
:10DA980017FA88F34FEA142A11685FFA84F993F8A1
:10DAA80058400B682046B342D8D0214610469847C4
:10DAB800D6E7144E41F221033A68200A3B811368E5
:10DAC8001B68B34214D104F0ADFD3A68E0B21368A4
:10DAD8001B68B34210D104F0A5FD386803220A4937
:10DAE80003685B689847012385F85A30BDE8F087DA
:10DAF800014610469847E8E7014610469847ECE784
:10DB080018120020A5AC00002012002070B541F2C8
:10DB180021030446006805222589238103681249E8
:10DB28005B6898472268114E280A13681B68B3423D
:10DB380011D104F077FD2268E8B213681B68B3427C
:10DB48000DD104F06FFD2068032209490368BDE880
:10DB580070405B681847014610469847EBE7014656
:10DB680010469847EFE700BF18120020A5AC000048
:10DB7800201200202DE9F8430446904602890F46FA
:10DB88000068844E150A03685FFA82F91B68B3427D
:10DB980040F0EA803C2004F045FD85F03C03204637
:10DBA8007D4983EA131389EAD30282EA031283EADE
:10DBB8004313DBB203EB02232381FFF705FA206846
:10DBC80022890368150A1B685FFA82F9B34240F09C
:10DBD800C8803E2004F026FD85F03E03206883EAD5
:10DBE800131389EAD30282EA031283EA4313DBB2EE
:10DBF80003EB02239BB24FEA13292381DDB20368AA
:10DC08001B68B34240F0AA800A2004F00BFD89F09B
:10DC18000A02204682EA191285EAD20383EA02132D
:10DC280082EA4212D2B202EB03222281FFF7E4FA1F
:10DC3800A27A5A4B20465A4903EBC202FFF7FAF977
:10DC4800012F00F08580022F00F09D80032F554999
:10DC580020460CBF544A554AFFF7ECF9424654494E
:10DC68002046FFF7E7F92046524A5349FFF7E2F901
:10DC7800238920681D0ADFB203681B68B3427FD17D
:10DC88003C2004F0CFFC85F03C02206882EA1212A6
:10DC980087EAD20782EA421387EA0217DBB203EB6C
:10DCA80007239BB21F0A2381DDB203681B68B342B6
:10DCB80063D12F2004F0B6FC87F02F02204682EAB9
:10DCC800121285EAD20382EA421183EA0213CAB227
:10DCD800314902EB03232381FFF776F92389206872
:10DCE8001D0ADFB203681B68B34243D13E2004F02B
:10DCF80099FC85F03E02206882EA121287EAD20770
:10DD080082EA421387EA0217DBB203EB07239BB2CE
:10DD18001F0A2381DDB203681B68B34227D10A209A
:10DD280004F080FC87F00A02204682EA171285EA8E
:10DD3800D20382EA421183EA0213CAB202EB032336
:10DD48002381FFF727F92046BDE8F843FFF7DEBE39
:10DD58001A4A20461349FFF76DF97FE70A219847C9
:10DD680055E73E21984737E73C21984715E70A21B0
:10DD78009847D7E73E219847BBE72F2198479BE76D
:10DD88003C2198477FE70E4A20460649FFF752F99B
:10DD980064E700BFA5AC000094170020FCA0002099
:10DDA80098160020B817002098170020A017002008
:10DDB800A8170020B4170020B41600206C1100200A
:10DDC8006411002090F8303030B5044685B0032B3C
:10DDD80000F24481DFE803F03A4C280201AD00F17B
:10DDE8000C01284602F060F90199002900F0208111
:10DDF800A64A2046FFF71EF9284602F0A3F9E36B6E
:10DE0800002B49D001AD04F13401284602F04CF949
:10DE1800019A002A00F0068120469D49FFF70AF979
:10DE2800284602F08FF937E001AD00F10C012846D1
:10DE380002F03AF90199002900F0FC802046954A41
:10DE4800FFF7F8F8284602F07DF922E001AD00F16D
:10DE58000C01284602F028F90199002900F0EC800D
:10DE680020468D4AFFF7E6F8284602F06BF910E0E5
:10DE780001AD00F10C01284602F016F901990029BC
:10DE880000F0D4802046854AFFF7D4F8284602F0EF
:10DE980059F9E36B002BB5D194F83130042B00F21B
:10DEA800E280DFE803F003AD9D8C140001AD04F1BE
:10DEB8001801284602F0F8F80199002900F0BE8000
:10DEC8002046754AFFF7B6F8284602F03BF9A36CDE
:10DED800F3B994F83230042B00F2E880DFE803F05D
:10DEE800035E4D3C140001AD04F12401284602F004
:10DEF800DBF80199002900F0A9802046664AFFF75F
:10DF080099F8284602F01EF9636D9BB905B030BD3B
:10DF180001AD04F14001284602F0C6F8019A002A32
:10DF280000F0828020465E49FFF784F8284602F018
:10DF380009F9CEE701AD04F14C01284602F0B4F826
:10DF4800019A002A6CD057492046FFF773F82846F3
:10DF580002F0F8F805B030BD01AD04F124012846FF
:10DF680002F0A2F80199002976D02046474AFFF727
:10DF780061F8284602F0E6F8C6E701AD04F124018D
:10DF8800284602F091F80199002963D02046414AB9
:10DF9800FFF750F8284602F0D5F8B5E701AD04F1CF
:10DFA8002401284602F080F80199002950D0204623
:10DFB8003A4AFFF73FF8284602F0C4F8A4E701AD53
:10DFC80004F11801284602F06FF8019900293BD0A6
:10DFD80020462E4AFFF72EF8284602F0B3F876E7D7
:10DFE80001AD04F11801284602F05EF8019949B321
:10DFF8002046284AFFF71EF8284602F0A3F866E7ED
:10E0080001AD04F11801284602F04EF80199B9B1A2
:10E018002046224AFFF70EF8284602F093F856E702
:10E02800214A90E7204AF7E61F4A7BE71E4929E77D
:10E038001D49DDE61C4901E71B4911E71A493FE77D
:10E048001949E5E71849D3E71749C1E7164954E7DD
:10E058001549ACE7144999E7134986E70E4A0C4974
:10E06800FEF7E8FF15E701AD04F11801284602F0B4
:10E078001BF801990C4B2046074A002908BF19468E
:10E08800FEF7D8FF284602F05DF820E79817002031
:10E09800A817002064110020A01700206C11002090
:10E0A80024170020301700209C93002001AD04F1B4
:10E0B8002401284601F0F8FF0199064B2046064A3C
:10E0C800002908BF1946FEF7B5FF284602F03AF8BE
:10E0D8001AE700BF9C930020A0170020F0B5044663
:10E0E80000687D4E85B023891D0ADFB203681B686E
:10E0F800B34240F0DA803C2004F094FA85F03C0307
:10E108002046764983EA131387EAD30783EA431242
:10E1180087EA0313D2B202EB03232381FEF754FFED
:10E12800238920681D0ADFB203681B68B34240F0E8
:10E13800CE803E2004F076FA85F03E02206882EA1E
:10E14800121287EAD20782EA421387EA0217DBB281
:10E1580003EB07239BB21F0A2381DDB203681B6808
:10E16800B34240F0B1800A2004F05CFA87F00A025A
:10E17800204682EA171282EA421185EAD20383EA2C
:10E188000213CAB202EB03232381FFF735F8544B7D
:10E19800A27A2046534903EBC202FEF74BFF204602
:10E1A800FFF710FE04F500530A2201A8B3F858102F
:10E1B80002F004F8019A002A00F08C8020464A49AF
:10E1C800FEF738FF238920681D0ADFB203681B6841
:10E1D800B34276D13C2004F025FA85F03C03206850
:10E1E80083EA131387EAD30787EA031783EA4313FB
:10E1F800DBB203EB07239BB21F0A2381DDB203685E
:10E208001B68B3425AD12F2004F00CFA87F02F0272
:10E218002046324982EA121285EAD20383EA0213BF
:10E2280082EA4212D2B202EB03222281FEF7CCFE2E
:10E23800238920681D0ADFB203681B68B3423AD1FC
:10E248003E2004F0EFF985F03E03206883EA1313BB
:10E2580087EAD30787EA031783EA4313DBB203EBA2
:10E2680007239BB21F0A2381DDB203681B68B342F0
:10E278001ED10A2004F0D6F987F00A02204682EA65
:10E28800171282EA421185EAD20383EA0213CAB25C
:10E2980002EB03232381FEF77DFE2046FFF7C8FB30
:10E2A80001A801F04FFF05B0F0BD3C21984725E7D4
:10E2B8000A219847E0E73E219847C4E72F2198476D
:10E2C800A4E73C21984788E70A2198474EE73E2172
:10E2D800984731E7054A71E7A5AC0000941700207C
:10E2E800FCA0002098160020B41600209C93002063
:10E2F80000F5005C9CF85A2000B572B100224FF07E
:10E30800010E13468CF85A2003440122ACF858E059
:10E3180083F8581010465DF804FBBCF85830B3F584
:10E32800005FF7D003F1010E1FFA8EFEECE700BF85
:10E3380000F5005210B592F85A404FEA112E84B1F8
:10E348000023C9B282F85A30012380F858E003F15B
:10E35800010C01240344A2F858C083F85810204641
:10E3680010BDB2F858C0BCF5005FF8D00CF101033D
:10E378008444C9B29BB2B3F5005FA2F858308CF858
:10E3880058E0E4D1204610BD00F5005C9CF85A30F6
:10E3980010B54FEA116E03B30023C1F307228CF8BE
:10E3A8005A300B0C80F858E080F85930022303F1FA
:10E3B800010EC418C9B21FFA8EFEBEF5005FACF894
:10E3C80058E084F8582019D09A1C00EB0E0301205D
:10E3D800ACF8582083F8581010BDBCF85830B3F585
:10E3E800005F0BD05A1CC41892B2B2F5005FACF8AB
:10E3F800582084F858E0C1F3074401D1002010BD2B
:10E40800023302449BB2B3F5005FACF8583082F88F
:10E418005840C1F30722CAD10020F0E700F15803A1
:10E4280000F500500B60B0F85800704708B58368D5
:10E4380003B19847044AD3889BB243F48043D380FE
:10E44800BFF34F8F08BD00BF00800B4008B583683D
:10E4580003B19847034A137803F0F7031370BFF327
:10E468004F8F08BD00400B40F8B5114D0F460446CC
:10E478000D222B680F491E681846736898472D6847
:10E4880047B138460DF0ECF92B68024639465B680F
:10E4980028469847284601F0B1FB201D3A4603213B
:10E4A800FFF768FB04F50054022384F8193CF8BD13
:10E4B800CCA0002018090020F8B5114D0F460446DD
:10E4C8000D222B680F491E681846736898472D68F7
:10E4D80047B138460DF0C4F92B68024639465B68E7
:10E4E80028469847284601F089FB201D3A46022114
:10E4F800FFF740FB04F50054022384F8193CF8BDEB
:10E50800CCA0002038090020F8B5114D0F4604466C
:10E518000D222B680F491E681846736898472D68A6
:10E5280047B138460DF09CF92B68024639465B68BE
:10E5380028469847284601F061FB201D3A460121EC
:10E54800FFF718FB04F50054022384F8193CF8BDC2
:10E55800CCA00020280900200B4B186888B103685C
:10E568000A4A1B6893420DD1836810B503B19847D6
:10E57800074AD3889BB243F48043D380BFF34F8FBD
:10E5880010BD7047184700BF54BD01200DC20000E0
:10E5980000800B402DE9F0419846244B06460C4676
:10E5A80040F8043B1546FEF791FC42F264002A4607
:10E5B8002146304406F50055FDF79CFD42F6A800BB
:10E5C8001B4C0027304400F033FB6522002105F680
:10E5D800B2300BF08DF9174B05F6344C4FF0020EA4
:10E5E800C3F800800FCCACE80F000FCCACE80F00EC
:10E5F80094E803008CE8030085F8317C85F8327CC8
:10E6080085F8B07B85F817EC85F818EC85F819ECD7
:10E6180085F8B17BFDF700FD42F620433344C3E99A
:10E628000001304685F8307CBDE8F081E417002011
:10E6380000050020CCA0002030B4194D0021194C51
:10E648002B6C194A43F4001391602B64636F43F4F5
:10E6580040336367154C164B2260164A164CC2F8B5
:10E66800B04146F2A01441F210321C804FF0E02471
:10E678001A8044F20A02DA801A8892B242F06C02D6
:10E688001A804FF080521981C4F808219B889B0793
:10E6980001D430BC7047094930BCFFF7E5BE00BF64
:10E6A80000C00A4000C00F4034C3012054BD0120FF
:10E6B80000800B4000A4002039C30000280A002075
:10E6C80010B5044600F09CFA38B9084800F07AFA08
:10E6D8002046BDE81040FFF7AFBF054800F054FAE8
:10E6E8002046BDE81040FFF7A7BF00BF480900203B
:10E6F8006C090020034B45F255514AF6AA2259806D
:10E708005A80704700800B4070B500F500550446EC
:10E7180095F8312C95F8323C9A421BD000EBC20296
:10E72800FF2302F5005285F8B03BD2F8380CC10738
:10E7380029D4D2F8343C04EB6000984742F6A8008C
:10E74800204400F0ABFA95F8323C002285F8313CC1
:10E7580085F8B02B04EBC30303F50053D3F8380C4A
:10E76800C20709D54210D3F8343C04EB6000A25824
:10E77800BDE87040D358184704EB6000D3F8343C28
:10E78800BDE8704018474110D2F8343C04EB6000F3
:10E798006258D358D1E700BF38B542F6A8050446F9
:10E7A8000544284600F052FA50B101462368204635
:10E7B8001B6A9847284600F049FA01460028F5D117
:10E7C80038BD00BF09B1FFF79FBE704709B1FFF719
:10E7D80073BE704709B1FFF747BE704730B50446AE
:10E7E80085B01349251D01A801F040FC01AA0121AB
:10E7F8002846FEF7BBFB01A801F0A4FC012228462D
:10E8080004F500541146FEF7A1FB28460422022114
:10E81800FEF79CFB284604220321FEF797FB022300
:10E82800284684F8193C05B0BDE83040FFF756BCCF
:10E8380000090020F0B50646A5B00021602206F5C3
:10E8480000540CA80B910BF053F8B4F8843094F8EA
:10E858008810B4F886204E338DF8261052BA94F8F2
:10E8680089108DF82A3094F88A30ADF828208DF870
:10E8780024308DF82510FDF7CFFB054609A8FDF7D4
:10E8880053FB451BAB1C042B25D89DF82A300122CD
:10E8980094ED1E7A03F2B2739DF82910B7EEC77A89
:10E8A8009DF8250004939DF8285084F8B12B9DF815
:10E8B80024209DF8263000900BA80395CDE901216E
:10E8C8008DED067B0C4A642109F026FD0BA800F0AB
:10E8D8005BF925B0F0BD0746084800F055F972B657
:10E8E8003846F917FDF7E2FB62B642F6A80029465A
:10E8F800304400F0EDF9C8E7E4080020CC08002017
:10E9080038B50446072972D8DFE801F024364451A7
:10E918005F041A1200F5005595F8303C002B62D1BF
:10E9280095F898370121201D85F8303CFEF77EFFC9
:10E93800FDF772FB42F620432344C3E9000138BDCA
:10E94800FFF778FFFDF768FB42F620432344C3E94D
:10E95800000138BD00F500530121043093F8682008
:10E9680083F8322CFEF760FEFDF756FB42F6204393
:10E978002344C3E9000138BD00F5005393F869202A
:10E9880083F8182CFDF748FB42F620432344C3E9DB
:10E99800000138BD00F50053FE2283F8B02BFDF7C7
:10E9A8003BFB42F620432344C3E9000138BD00F590
:10E9B800005393F8692083F8172CFDF72DFB42F6D6
:10E9C80020432344C3E9000138BD00F5005393F800
:10E9D800692083F8192CFDF71FFB42F620432344D6
:10E9E800C3E9000138BD0449FFF766FD98E703480D
:10E9F80000F0E8F89CE700BF88090020B80900206B
:10EA080030B5044642F2640083B0204407F0AEFCFF
:10EA180040B101281ED004F50054002384F8303C8E
:10EA280003B030BD04F5005393F88C10CA293AD0CE
:10EA380023D8002944D0C8293BD10121201DFEF745
:10EA4800F5FE642001F0D2FF4FF0E0231F4AC3F81F
:10EA58000C2DE5E742F6B23504F500531C4A652152
:10EA6800254493F89937284609F056FC294620464C
:10EA780003B0BDE83040FFF71FBDCB2919D142F6DE
:10EA8800B23593F8B01B134A254493F8313C0091F2
:10EA98006521284609F040FC2946204603B0BDE818
:10EAA8003040FFF731BD204603B0BDE83040FFF7E6
:10EAB80095BE23682046DB6903B0BDE8304018479F
:10EAC800054803B0BDE8304000F05EB80400FA0520
:10EAD800080A0020E8090020D409002070B542F295
:10EAE8006405044600F50056054403E096F86410F2
:10EAF800FFF706FF2846FEF7B9F803462046002B25
:10EB0800F4D196F8303C5BBBFDF786FA42F6204319
:10EB1800E218E358526813F5E15342F100028342C8
:10EB280072EB010100DB70BD42F63045FDF774FA67
:10EB3800254455F8083C55F8042C13F5617342F147
:10EB4800000283428A41EEDA08492046FFF78CFC2E
:10EB5800FDF762FA032345E9020186F8323C70BDED
:10EB6800013B86F8303CFFF74BFFCDE7440A002015
:10EB7800024B0021024AC3E90021704734C3012037
:10EB8800CC190020704700BF70B50C4D0446052213
:10EB98000B492B681E681846736898472D6844B15E
:10EBA80020460CF05DFE2B68024621465B6828462D
:10EBB80098472846BDE8704001F020B8CCA0002056
:10EBC8002406002070B50C4D044605220B492B681D
:10EBD8001E681846736898472D6844B120460CF0A3
:10EBE8003FFE2B68024621465B6828469847284620
:10EBF800BDE8704001F002B8CCA000204C0600200F
:10EC080008B5FE210248FDF72DF8024B187008BD23
:10EC18002097012058C30120024A0349034803F002
:10EC280069BE00BF349B0020D10F0000E8A000207F
:10EC380010B54FF44072002104460AF059FE002333
:10EC4800204684F80033C4F8043310BD90F800332C
:10EC58000BB900207047D0F8043370B5D3E90265CA
:10EC68000446FDF7D9F9B042A94101DA002070BD88
:10EC7800D4F8043394F80023187C002AF7D0596894
:10EC8800C4F8041309B100250D600021013A9974F4
:10EC9800C3E9001184F8002370BD00BF90F8003369
:10ECA800ABB1D0F8042310B4002411465268013BDC
:10ECB800C0F8042302B1146013F0FF038C74C1E997
:10ECC8000044F2D15DF8044B80F800337047704778
:10ECD800D0F804336BB14FEAE17C5A7C32B9D3E9FE
:10ECE8000220521840EB0C00C3E902205B68002B9D
:10ECF800F3D17047F0B5054690F800039DF81470FD
:10ED08001F2843D8AE464FF0000C04E00CF1010C6C
:10ED1800BCF1200F37D09EF812400EF1180E002CCF
:10ED2800F4D10CEB4C064FEA4C04F60064444FF067
:10ED3800000E01302E4405EBC40C8CF81170E7006E
:10ED480001248CF81010CCF804E0CCE9022345F833
:10ED580007E08CF81240D5F8041385F8000319B9B8
:10ED680021E04C68A4B12146D1E9020490429C41BB
:10ED7800F7DB0B6883B1EB5101200B685E600E6016
:10ED8800CCF80410F0BD95F8124384B10020F0BD12
:10ED98004E600120E951F0BDC5F8046301200E6002
:10EDA800CCF80410F0BD2046C5F80463F0BD4FF45C
:10EDB80040764024BAE700BFF0B51F4690F800330C
:10EDC80083B01F2B10D8154604460E46FDF724F9CC
:10EDD800421920464FF0000447EB010331460094E6
:10EDE800FFF788FF03B0F0BD0248FFF7EBFE0020F5
:10EDF80003B0F0BD280B002070B584B00DF1080CED
:10EE08008CE80C0090F800331F2B0ED80D460446F2
:10EE180001266046FDF788F802460B46294620463B
:10EE28000096FFF767FF04B070BD0348FFF7CAFEFE
:10EE3800002004B070BD00BF280B0020704700BF41
:10EE4800034A4FF48051034BA2F844111B6818473A
:10EE580000C03D40289B002090F8A32090F8A20015
:10EE6800101A704790F8A23090F8A3209A4205D95A
:10EE78005A1C034480F8A220987E70474FF0FF3058
:10EE8800704700BF90F8A23090F8A3209A4202D9A8
:10EE98001844807E70474FF0FF307047704700BFBE
:10EEA8000346B0F8300178B193F82F21882A03D9A6
:10EEB800012200205A60704702F1010C01201A4417
:10EEC80083F82FC182F8A510704700BF38B5B0F895
:10EED80030410CB9204638BD90F82F310546C3F1B2
:10EEE8008904A2420DD8144605F1A500224618440B
:10EEF80001F09AFE95F82F312046234485F82F31EA
:10EF080038BD01224260EFE72DE9F04FD0F814A098
:10EF18001524017E8146437E83B00AEB0111384AED
:10EF28000AEB0313374F097A93F8283002EB0115DF
:10EF38000901E86852F8018002EB0311D5F804B022
:10EF48001B01CE68D558CBF80040C8F88400D8F823
:10EF580004304A6803432C490192C8F8043014600D
:10EF6800C5F884606B6833436B60284B4C683A681B
:10EF7800A3FB0232920C02EB820252004B681B1B6D
:10EF88009A42FBD84FF0090C1F4ADFF880E0D8F806
:10EF98000830034202D0AB6833422FD1C5F88860ED
:10EFA80054683968AEFB0131890C01EB8101536863
:10EFB8001B1B9942FBD8C5F8846054683968AEFBBE
:10EFC8000131890C01EB810153681B1B9942FBD865
:10EFD800BCF1010CDBD1604699F81830019A0AEBB4
:10EFE8000313DB68CBF8003099F819300AEB031AE1
:10EFF800DAF82C30136003B0BDE8F08F0120EBE79E
:10F00800B08A00201C950020001000E083DE1B431E
:10F018000E4A10B51168046905E0DB0107D41368CE
:10F028005B1A102B08D8636913F0007FF5D14FF4F1
:10F03800FE430120636110BDFFF766FF0028FAD088
:10F048004FF4FE4301206361F5E700BF18C30120B8
:10F058002DE9F84F83460C4615461F46D0F810A0F8
:10F06800FFF7D6FF002800F09E806100012DDFF831
:10F078003C8140F20146CBB24FF0000138BF012578
:10F08800D8F800900C461E43ABF8A21020E09BF87D
:10F09800A330872B3FD9DAF8142010055AD412F47C
:10F0A800105F70D1D8F80030A3EB0903322B6AD86F
:10F0B8009BF8A330AB4209D3022C07D9DAF85C30AD
:10F0C800590703D193054BD4002F49D003F03EFBD9
:10F0D800022CDCD8DAF85C3003F007025B07D6D4E0
:10F0E800681E224440F480704CB9CAF8606001344C
:10F0F800131B032BCBD8022CC9D8002CF5D0012C1C
:10F1080037D01FB14FF40073CAF860309BF8A330B2
:10F118000324872BBFD8DAF85C2012F4E02FC2F35F
:10F12800024CB8D0591C9C441933C9B25FFA8CFC04
:10F138005BFA83F3DAF870004A1C61458BF8A31078
:10F14800D1B203F8010FA6D08929F3D1DAF8142037
:10F158001005A4D5DAF8103043F44073CAF810301B
:10F16800DAF85C3013F4E02F06D19BF8A300BDE871
:10F17800F88FCAF86000BAE7DAF8103043F4007381
:10F18800CAF81030F1E7DAF810304FF4007243F49F
:10F198004073CAF81030CAF86020DAF85C3013F40B
:10F1A800E02FE2D0E8E70420BDE8F88F18C301207B
:10F1B800F8B506690446D6F8145115F4706301D001
:10F1C800C6F81431A8070BD5D6F8702111043DD51F
:10F1D8000023012184F8A230234484F8A3109A76EE
:10F1E800EA0710D594F83071F7B194F82E7194F8B5
:10F1F8002F31BB4226D97B1C274484F82E3197F83F
:10F20800A530C6F86031AB050DD594F8A30018B148
:10F21800D4F83C3103B198470023A4F8A230A4F8ED
:10F228002E3184F83031F8BDD4F8383103B198471D
:10F23800002384F82E31012384F8303194F82F31DB
:10F24800BB42D8D80023C6F86031DCE794F8A33075
:10F25800872BC5D8591CC9B2BEE700BF0148FFF7C4
:10F26800A7BF00BFA09600200148FFF7A1BF00BFBD
:10F27800E09700200148FFF79BBF00BF20990020BE
:10F28800EFF3108272B6437F5BB9017F012930B476
:10F298000BD0032913D00123437702B962B630BCDF
:10F2A80070470AB962B670477047124C2168B1B10D
:10F2B800114943610B68086083615861EBE70F4DA2
:10F2C8000F492C688CB143610B68836158614FF01A
:10F2D800E0234FF080540860C3F8044DDBE7064B89
:10F2E80020601860C0E90511D5E7C0E90544286029
:10F2F800EDE700BF98BD0120A4BD0120A0BD0120FD
:10F308009CBD012070B5EFF3108272B60C4C2068DA
:10F3180080B10C4E00254369236073B19D6102B929
:10F3280062B6836845779847EFF3108272B6206813
:10F338000028F0D102B962B670BD3360EFE700BFB4
:10F34800A0BD01209CBD0120FFF7DCBF0449054A90
:10F358004968054B1960136801331360704700BF93
:10F36800001000E018C3012014C3012001207047D9
:10F37800B0F84630B0F848209BB292B2934202D21D
:10F38800013AD01A7047416B01390A44D01A7047C4
:10F39800016972B6B0F84A20B0F84C3092B29BB20C
:10F3A8009A423CBF806B1218C86AD31A62B6C0F37F
:10F3B80002601844704700BFB0F84A100246B0F81F
:10F3C8004C3089B29BB2994210B4046914D001330D
:10F3D800906B116B984298BF0023994206D85B1A2C
:10F3E800526AD05CC0B25DF8044B7047126A5DF88F
:10F3F800044BD05CC0B2704772B6B0F84A0080B215
:10F40800814201D062B6E2E7E36A13F0E06F03D10C
:10F418004FF0FF3062B6E6E7E36901200024116A85
:10F42800A2F84A00C3F30900DBB2A2F84C404B70C3
:10F43800F0E700BFB0F84A100246B0F84C3089B285
:10F448009BB2994230B4046925D00133946B9C4235
:10F4580016D9106B1FFA83FC984217D9106AC05C42
:10F46800C0B2956DA2F84CC045B199421CD3CB1AD5
:10F47800D16B994202D3D36DC5F8883030BC704740
:10F488004FF0000C106B63469842E7D8181A556A7B
:10F49800285CC0B2E5E7084672B6B2F84A1089B2ED
:10F4A800884204D062B6D0E70C44E31AE0E7E36A86
:10F4B80013F0E06F03D14FF0FF3062B6DEE7E0698A
:10F4C800C0F30900F9E700BF90F8443043B110B524
:10F4D800044603F03BF994F84430002BF9D110BDF1
:10F4E800704700BF38B5D0E90453D3E9031209685F
:10F4F800114228D090F84420044632B103F026F98E
:10F5080094F84430002BF9D1636900210E4AA961AF
:10F51800207E03EB0010007D02EB001045680520FB
:10F528002860657E03EB051393F8343002EB031271
:10F53800A36D52681060A4F84A10A4F84C1013B1D7
:10F54800E26DC3F8842038BDB08A002007EE901A17
:10F558009FED9A7A0421B6EE005AF8EE677A9FED8D
:10F56800986A41F6FF7CC7EE275A2DE9F0478E4688
:10F578000569012407EE901AF8EEE77A85EEA77A76
:10F5880077EE057AFDEEE77A17EE903A6345A8BF65
:10F598006346012BB8BF012307EE903AF8EEE76AFD
:10F5A80076EEC76AC6EE877AF5EEC07AF1EE10FA03
:10F5B80048BFF1EE677AF4EEC67AF1EE10FA03D896
:10F5C800B0EE676A8E461C4601312129D2D100214E
:10F5D800436902F40076A0F84A10B3F85AC08E4284
:10F5E800A0F84C10B3F85860A0F84610A0F84810DE
:10F5F80080F84410816BDF68A1EB0606A1EB0C01D3
:10F60800C0E90F6139681E6941EA0601396014BF13
:10F6180001210021817640F0AC80017E694E03EB28
:10F628000118DFF8C09198F81470D8F81CA006EB00
:10F638000717B968C1F800907968D8F818700F6092
:10F64800BAF1000F03D0D8F82010CAF80010477E8E
:10F65800D92103EB071898F834C006EB0C1CDCF82A
:10F6680008703960DCF80410D8F838700F60417EF3
:10F6780003EB0111CF6B0FB1096C39600EF1FF314B
:10F68800BEF1080F4FEA0161CCBF4FF0000E4FF0FA
:10F69800010E01F0F85144EA4E4421435C682961A7
:10F6A800597801F110030021E960474941F82340E6
:10F6B80041694FF0010E454C02F0030C4F7891F868
:10F6C8005610434B39554FF002174469617803EBE4
:10F6D800511301F01F019B000EFA01F11960EF624E
:10F6E800AB6A43F08803AB6253073ED44CF4701303
:10F6F80002F00F01042908BF43F0804397062ED576
:10F70800817E43F0805300293AD11607AB6103D5B7
:10F718002B6943F000532B616B69D10623F08053AA
:10F7280048BF43F080536B61D30503D52B6943F47D
:10F7380000532B61A36883B1264E3478002C3AD04D
:10F74800611E254DC9B22B1F05EB810101E09942CD
:10F7580025D053F8042F9042F9D1BDE8F087817E77
:10F768000029D2D043F0A003CFE71C4B4CEA030397
:10F77800BEE7477E4FF2D901124E03EB07186AE73E
:10F78800417E43F0A00304EB011191F8341006EB1D
:10F798000116B668316821F440413160B5E7631C51
:10F7A800DBB20F4A3370137845F8240043F00203A4
:10F7B8001370BDE8F0870123074DF2E7001BB74B34
:10F7C800EC78AD60B08A002000A4002000E400E0DE
:10F7D800403800384FC30120A8BD012010003C006C
:10F7E80062C3012038F00100EFF31380B8B9EFF3DA
:10F7F80010834BB9EFF305823AB94FF48073EFF3F6
:10F80800118050B1984208D270470F2AF7D9054B9A
:10F818009B5CEFF311800028F4D1184670474FF035
:10F82800FF30F1E7F0E300E010B4416299B1036BF7
:10F838001A44446900218263B4F85830B4F85A4035
:10F84800D31AA0F84A10121BA0F84C105DF8044B0C
:10F85800C0E90F327047026BEBE700BF816241B12C
:10F86800C36A1A4400234263A0F84630A0F848301F
:10F878007047C26AF6E700BF036D2DE9F041044600
:10F888000F46066913B1426DC3F88420A37E2BB1DD
:10F8980072B6B36943F00053B36162B6B4F8465028
:10F8A800636BADB20135AB424CD84FF0000845460A
:10F8B800B4F848309BB29D4219D028E073691B0206
:10F8C80010D5B4F84830626B9BB201339A4236D9EE
:10F8D8009AB2E16A99422DD9E169CB5CDBB2F36156
:10F8E800A4F84820B4F848309BB2AB420FD1FFF7D8
:10F8F8007BFF6369B3F856308342DFDAFF28F1DD16
:10F9080002F024FFB4F848309BB2AB42EFD0E36A70
:10F91800AB421AD9FFB2E3695F5572B6012084F889
:10F928004400A4F84680B36943F40003B36162B6A7
:10F93800BDE8F0815B1AA16ACB5CDBB2CFE700229D
:10F948001346C6E71FFA85F8B2E7ED1AFFB2A36AB5
:10F958005F55E2E7FFF790BF0269536913F4401F50
:10F9680070B543D0D36A13F0E06FC3F3026E3AD098
:10F97800B0F84A50B0F84C60ADB2B6B207E0016AD0
:10F9880001F803C00EF1FF3313F0FF0E1DD0D1694B
:10F998006B1C846BB0F84CC0C1F309019C4298BF42
:10F9A80000231FFA8CFC9C45ECD0046B5FFA81FCA9
:10F9B8001D469C42A3EB0404E1D8436A03F804C043
:10F9C8000EF1FF3313F0FF0EE1D1ABB2A0F84A30CD
:10F9D800836D43B1B54254D3AD1B016CA94202D823
:10F9E800C16DC3F884105369D90245D496693302AE
:10F9F80028D553691D0225D5B0F84650B0F84830CF
:10FA0800ADB29BB206E0C169C95CC9B2D161D16A25
:10FA18004C0512D4AB4238D0446B0133C16A9C42C6
:10FA280098BF00239942A3EB0104ECD8816A095DD1
:10FA3800C9B2D161D16A4C05ECD599B2AB42A0F8F4
:10FA4800481025D0710216D553695B0213D50021E1
:10FA5800036D80F8441013B1416DC3F88810837E9C
:10FA68002BB172B6936923F00053936162B6936920
:10FA780023F48003936170BD536943F48013536189
:10FA8800B4E7816B891B0D44A7E79BB2A0F8483007
:10FA9800936923F400039361936943F480039361AA
:10FAA800D0E700BF0148FFF757BF00BF809500208F
:10FAB8000148FFF751BF00BFE09500200148FFF75C
:10FAC8004BBF00BF40960020012A70B508BF0A222C
:10FAD8008AB091B34FF0210E01E05FFA86FE0EF175
:10FAE800FF36B1FBF2F502FB15145FFA84FC092C12
:10FAF8000CF137040CF1300C98BF5FFA8CF40EF15E
:10FB0800280C88BFE4B29142EC4429460CF8244CF6
:10FB1800E3D24BB10EF1FF3E2D225FFA8EFE0EF1BD
:10FB280028036B4403F8242C036801A9CEF12202B0
:10FB38005B68714498470AB070BD30224FF0210EBF
:10FB48008DF82520E5E700BF2DE9F0410C46D1B13D
:10FB5800EAB180468E1800250E4F04E002F062FDDF
:10FB6800B44205440CD0D8F8003014F8010B1B68D7
:10FB7800BB42F3D0014640469847B4420544F2D10F
:10FB88002846BDE8F0810D462846BDE8F0811546B7
:10FB9800F6E700BFA5AC00002DE9F0418C688AB0FB
:10FBA800DCB10025884606462F462B46212201A9AE
:10FBB800404600F031FC202C2246336828BF202222
:10FBC80001A930465B68A41A154498470744002CDD
:10FBD800EBD138460AB0BDE8F081274638460AB06E
:10FBE800BDE8F081002903DB00230A22FFF76CBF80
:10FBF80049422D230A22FFF767BF00BF00B50368FB
:10FC080083B040F60D2C022201A95B68ADF804C050
:10FC1800984703B05DF804FB054B022888BF0346EC
:10FC280010B41C68184663685DF8044B184700BF99
:10FC3800709500205AB90368C9B2074A1B689342F5
:10FC480000B506D108465DF804EB02F0EBBCFFF7FF
:10FC58003BBF5DF804EB1847A5AC00002DE9F04365
:10FC680093B09DF868709DF86C90012F44D91C469C
:10FC78008046154652EA040339D0412601E05FFA6E
:10FC88008CF6214628463A46002307F0D9FC5FFA4D
:10FC980082FC06F14802BCF1090F0CF137030CF1A4
:10FCA800300C6A44DBB298BF5FFA8CF3BD4206F1B0
:10FCB800FF3C054674F1000402F8443C0C46DED2D1
:10FCC800B9F1000F07D0013E2D22F6B206F1480324
:10FCD8006B4403F8442CD8F8003001A9C6F142025D
:10FCE80040465B683144984713B0BDE8F083302341
:10FCF80041268DF84530E3E7002013B0BDE8F083D6
:10FD0800B3F1000C10B582B007DB0A210024CDE95D
:10FD18000014FFF7A3FF02B010BD52424FF00A01D2
:10FD28004FF001046CEB4C03CDE90014FFF796FF8C
:10FD380002B010BD00000000B4EE400B70B5F1EE4B
:10FD480010FA05462DED028B86B07CD6B0EEC07B4E
:10FD58009FED476BB4EE467BF1EE10FA6BDC9FED3E
:10FD6800467BB4EEC70BF1EE10FA5ADC9FED447BEC
:10FD7800B4EEC70BF1EE10FA53D4B5EEC00B0C4637
:10FD8800F1EE10FA5BD40023B6EE007B002C5ED0B7
:10FD98004FF0000C9FED3C6B0CF1010C27EE067B3D
:10FDA8005FFA8CF2A242F7D330EE070B0A222846FC
:10FDB800FCEEC07BB8EE678B17EE901A30EE488BDE
:10FDC800FFF782FE0F2C4FF02E03B2EE046B0646AF
:10FDD80028BF0F248DF808300DF1090302AA611E0F
:10FDE80053FA81F128EE060BFCEEC07BCDED017ACB
:10FDF8009DF8043007EE903A3033B8EEE78B02F8FE
:10FE0800013F914230EE488BECD12B68013402A9B6
:10FE180028465B68E2B29847304606B0BDEC028BD4
:10FE280070BD2B6803221A495B6806B0BDEC028BD3
:10FE3800BDE870401847036803221649F4E7B1EE9D
:10FE4800400B0123A0E7036803221349ECE730EED7
:10FE5800070B0A222846FCEEC07B17EE901A06B064
:10FE6800BDEC028BBDE87040FFF72EBEAFF30080FB
:10FE7800FFFFFFFFFFFFEF7F000000E0FFFFEF4104
:10FE8800000000E0FFFFEFC19A9999999999B93F4D
:10FE9800880C0020840C0020800C00202DE9F84FED
:10FEA80000278B4681469246394603F1FF38174CA6
:10FEB800174E00F0DBF825680BE002F0A3FB0028E2
:10FEC80010DA02F043FC2368DBF808205B1B93423E
:10FED80015D2DBF800305B69B342EED0584698473C
:10FEE8000028EEDB08D0824506D00137C1B248466B
:10FEF80000F044FA4745DED94846BDE8F88F0123AB
:10FF080048468BF80C30BDE8F88F00BF18C30120B5
:10FF1800D19E00004D4A2DE9F047A2FB004340F274
:10FF28006D1A4B4F5B09DFF83881DFF83891A2FB77
:10FF38000342C3EB03145209A0EB8400454CC2EB07
:10FF480002150870A3EB8503A4FB025424094B7027
:10FF5800414B251D04EB4400A2EBC002A3FB0503A3
:10FF680000208A70EA1A03EB520302469B08C3EB8F
:10FF7800C303ED1ACD705FFA80FE40F26D1C0EF2DD
:10FF8800B27313F0030507FB03F608D1B8EBB60FFD
:10FF98004FF4B77C03D3B9EB361F38BFD44662445D
:10FFA80001309442E7D20EF1460E2C4E81F806E05D
:10FFB800A6FB030685B377094FF0640C4FF4C870AD
:10FFC800F6090CFB173700FB163640F26D10A41A21
:10FFD80000230122DFF890E020440AE013F80E40E5
:10FFE80084420ED80C2AA0EB04000BD00132013356
:08FFF800D2B2012B5FFA83FC79
:02000004600199
:10000000F0D145B9CFB11D2406E0624601304A71F6
:100010000871BDE8F0871C24A04218D3001BE9E753
:1000200064207709F60900FB17374FF4C87000FB0E
:1000300016363FB14FF4B770CDE7002E14BF1C2425
:100040001D24E9E7002EC4D14FF4B770C3E70122A5
:10005000DCE700BF89888888295C8FC2ABAAAAAA7E
:10006000254992241F85EB51285C8F020AD7A300F3
:10007000C0080020F8B500260446C0E90066866086
:1000800029B108460D460BF0EFFB074608B920469C
:10009000F8BD013007F080FC0028F8D02946067032
:1000A0002060C4E901770BF03DFB2046F8BD00BF9E
:1000B000F8B588424FF0000504468560C0E9005558
:1000C00002D08E680F680EB92046F8BD701C07F08C
:1000D00063FC0028F8D0394605702060C4E9016649
:1000E0000BF020FB2046F8BD00238842C0E9003316
:1000F00083600CD010B4D1E90042C1E90033C0E9FB
:1001000000428A685DF8044B8B60826070477047DC
:1001100030B50446002583B002202560A5608DF827
:1001200005508DF8041007F037FC50B1012201A9E9
:1001300020600570C4E901220BF0F4FA204603B0F8
:1001400030BD6060204603B030BD00BF10B504462E
:10015000006807F029FC204610BD00BFF8B5044632
:10016000154632B9036803B11A7000232046A36014
:10017000F8BD43680E469A421CD9511C006807F02E
:10018000D7FE074660B1A368C4E900050BB9037048
:10019000276831463846A5600BF0C4FA2046F8BD02
:1001A000206810B107F000FC276000232046C4E956
:1001B0000133F8BD07683146A56038460BF0B2FA46
:1001C000ECE700BF10B500238AB00446084601A939
:1001D000A360C4E9003307F0C9FB01A80BF044FB9E
:1001E00001A902462046FFF7B9FF20460AB010BD1C
:1001F00010B500238AB00446084601A9A360C4E9EB
:10020000003309F073F901A80BF02EFB01A9024697
:100210002046FFF7A3FF20460AB010BD10B500230B
:100220008AB00446084601A9A360C4E9003300F07F
:10023000CFFD01A80BF018FB01A902462046FFF7ED
:100240008DFF20460AB010BD30B5002304468BB0A8
:10025000881CA3606A46C4E9003300F0C9FD054666
:1002600048B10BF001FB294602462046FFF776FF16
:1002700020460BB030BDA06020460BB030BD00BFA3
:10028000814203D08A680968FFF768BF704700BFE2
:10029000884238B505460ED000680C4608B107F014
:1002A00083FBA0680023D4E90012A860C5E900120E
:1002B000C4E90033A360284638BD00BF38B5054601
:1002C0000C4649B108460BF0CFFA214602462846B3
:1002D000FFF744FF284638BD2846A96038BD00BF57
:1002E0002DE9F843044600680D4616468842A36887
:1002F00009D8C218914206D20F1A4FF0010936B937
:100300002046BDE8F8834FF00009002EF8D003EB3B
:100310000608626890450CD908F1010107F008FE53
:100320000028EDD0A368C4E9000813B90370206861
:10033000A368B9F1000F08D1294618440BF0F2F96F
:100340002046C4F80880BDE8F8833246C119184435
:1003500000F06EFC2368002203F80820F0E700BFDD
:100360008A680968FFF7BCBF38B5054641B10C463D
:1003700008460BF079FA024621462846FFF7B0FFFF
:10038000284638BD10B582B00023044601228DF8FE
:10039000041001A98DF80530FFF7A2FF204602B036
:1003A00010BD00BF10B588B00446022104206A4683
:1003B00000F01EFD68460BF057FA694602462046DB
:1003C000FFF78EFF204608B010BD00BF10B50446F1
:1003D0008A680968FFF784FF204610BD38B50546D6
:1003E00041B10C4608460BF03FFA0246214628462A
:1003F000FFF776FF284638BD8A6808B583689342C0
:1004000009D3006830B1096839B109F02DFBB0FAA1
:1004100080F0400908BD002008BD084608BD00BFA7
:10042000C2B170B5B1FA81F60C46760919B185688A
:100430009D4201D80E7070BDED1A02F1FF3C0168BB
:1004400020466545194428BF65462A4609F052FBF7
:10045000665570BD704700BF8368934207D910B5D9
:100460000468A01809F09AFA20B1001B10BD4FF0E3
:10047000FF3070474FF0FF3010BD00BF836843B1BD
:10048000096810B50468204609F000FD20B1001B82
:1004900010BD4FF0FF3070474FF0FF3010BD00BF70
:1004A0009A422DE9F04105460E4602D911461A46F8
:1004B0000B460021A960B7689742C5E9001114D323
:1004C0009F4228BF1F46336813F80780D955336809
:1004D0009C180DD020460BF0C7F92146024628464D
:1004E000FFF73CFE336803F807802846BDE8F0813B
:1004F000AC60F8E72DE9F04107680646E7B184688B
:10050000D4B1B846454618F8010B07F01BFA00288D
:10051000F8D1013C3C4402E0A54205D8013C2078DA
:1005200007F010FA0028F7D1621CAF42A2EB0502D7
:10053000B26004D30023BB543046BDE8F081384696
:10054000294600F075FB3768B268F3E7006808B128
:1005500007F008BA704700BF006810B1002108F02A
:1005600073BE9FED010A7047000000002A2849D899
:10057000F8B5254F04463B78E3B9244B1B5DFF2BB0
:1005800029D0234A02EB041291680A6802F4405011
:10059000B0F5805F30D01C061FD41E4C2360236A48
:1005A000D80704D402F0D6F8236AD907FAD5194B34
:1005B000586AF8BD174D184E01E002F0CBF8AB6C4D
:1005C0001B06FAD4B36C13F08003F6D13B700F4BCB
:1005D0001B5DFF2BD5D10020F8BD0F4C03F07F032E
:1005E0002360236ADA0704D402F0B4F8236ADB0735
:1005F000FAD5094B586AF8BD22F480521C060A60ED
:10060000EBD4CAE70020704752C30120E88E0020D7
:10061000B08A002000400C4000800C40082830B414
:1006200022D00A280CBF4FF405714FF44671104CCC
:10063000104D636C626C2B400F4802F003021A43AA
:10064000636C03F0E00313430B436364436C426C3D
:100650002B4002F003021A43436C03F0E003134300
:10066000194330BC416470474FF44071DFE700BF6D
:1006700000400C4000FCFFFF00800C4010B41F4CF9
:100680001F281F49A36C23F02003A364626C8B6CAA
:1006900022F4404223F020038B644B6C23F440434C
:1006A00012D942F4404243F4404362644B6413491C
:1006B000134A8B6C5DF8044B43F020038B64936CFE
:1006C00043F02003936470470F2808D942F4004296
:1006D00043F4004309480A4942644B64E7E70728AA
:1006E00004D942F4804243F48043F3E70328626470
:1006F0004B64DCD85DF8044B704700BF00400C40F1
:1007000000800C40A249A34B88422DE9F047A24C3F
:100710005E699A69D4F80C801BD9A04B984240F2CC
:100720000281C31A9E491B0AA1FB031340F22761F1
:10073000DB0903EB830303EB830303F2E2438B4206
:1007400028BF0B46A3F54877964BA3FB0737FF0856
:1007500004E0954FB8428CBF0E2706278D4908F05C
:100760001F09D1F88030B94543F0C003C1F880308B
:100770000CD228F01F08A1F5F82148EA0708C1F8B3
:100780000C800B68002BFCDA08F01F0916F00073D0
:1007900024D186490C698649A14300F0EA8082F49D
:1007A000805134464FF4805514F0605F04D026F039
:1007B00060561E43774B5E6111F4405F07D022F410
:1007C000405274492A438A618B6C1A07FCD446F064
:1007D0000076704A5661936C9B06FCD4754CA0421F
:1007E00000F2CE804FF0010C0146634603FB01127C
:1007F00003F1010E0CF10105A24218D8BEF1080F59
:100800004FF0010340F08D80BCF1040F00F29180A5
:100810000A18A24200F2A48005FB00F1AC4603F1E5
:10082000010E03FB01120CF10105A242E6D90CF105
:10083000FF318C0286EA81215F4810445F4A904272
:100840007FD9DFF8A4A16C225D48584DB0FBFEF0C3
:10085000D5F800E0B0FBFCF0DFF890C10EEA0C0C1C
:10086000D44509D042F400524FF4805CC5F800C072
:100870002A602A68002AFCDA464A156905F007054D
:100880009D4203D01361936CDD03FCD411F4E05F4F
:1008900009D026F4E05604F4E0543E4A264356615B
:1008A000936C9907FCD44749474A014491423CD88C
:1008B000464BC909A3FB0131090B4B1E1B0286EAFB
:1008C000030212F4407F06D026F4407603F440730E
:1008D000304A334353612F4A536923F00073536105
:1008E000936C9B06FCD43A4B4F45A3FB00234FF07F
:1008F000FF324FEA9343B0FBF1F1B2FBF3F3354A19
:100900001060354A1160354A136008D228F01F087C
:10091000214A48EA0707D7601368002BFCDABDE8D4
:10092000F087734662E7122718E74FF440730421FB
:10093000C5E70CF1FF31204807238C02104486EAFA
:100940008121274ADFF8A8A0A2FB0020020D25483C
:10095000362A38BF362202FB00F042EA0A0A74E760
:100960004FEA8C24002386EA8C214FF0010EAC461E
:1009700062E71D4686F0C05411464FF0C05313E79E
:1009800000244FF0010C024631462346E64653E769
:1009900000A4781F00C00F40000008400046C32399
:1009A00023B24C001F85EB5100366E0100800D40D4
:1009B00040300080FFB19F26808D5B00FF7EF64DAA
:1009C00000643F4D7FD1F0087F17B42C9F10E500E5
:1009D00083DE1B431C9500201895002090C2012047
:1009E000819F5E16001BB7006C2000807F30018065
:1009F0000020008000B970472DE9F84F01218146A1
:100A0000214C224D224E54E8003F2A68306844E8C9
:100A10000013002BF7D11F494B684FF47A7BDFF8A6
:100A200078A01B1A01270BFB02F8DAF80020A3FBC1
:100A300002325A4594BF9044D84454E8003F2A6893
:100A4000306844E80073002BF7D14B68DAF800C037
:100A50001B1A0BFB02F2A3FB0C3CBCF57A7F94BF84
:100A6000624402F57A72A2EB0802B2F57A7F06D3ED
:100A7000B9F1010908F57A78DFD1BDE8F88F01F006
:100A800069FE0449D9E700BF1CC3012018C3012037
:100A900014C30120001000E090C2012030B40F4BBD
:100AA0004FF0010C0E4D0F4C53E8002F28682168C1
:100AB00043E800C2002AF7D10B4B5B680B4A5B1A74
:100AC0004FF47A71126801FB00F0A3FB023230BCD4
:100AD0008A4294BF80184018704700BF1CC3012091
:100AE00018C3012014C30120001000E090C20120AF
:100AF000362816D80201104B03EB00109B5810B497
:100B0000C2685C68144205D061B95DF8044BC3F853
:100B100088207047836851B1084A5DF8044B1A6019
:100B2000704770475DF8044BC3F884207047044A4F
:100B30005DF8044B1A607047B08A002038F001005D
:100B40003830010036280BD8064B020103EB0010A9
:100B50009A58C36892681A4214BF01200020704757
:100B600000207047B08A0020362829D8164B020191
:100B7000012903EB00109A5810B45368C4680ED0D2
:100B800004290CD023EA040353608368A9B1022925
:100B900017D003290CBF0D4A0D4A1A6007E0234302
:100BA00001295360836808D040F638021A60436810
:100BB00015225DF8044B1A60704738221A60F6E778
:100BC0007047044A1A60F2E7B08A0020383001000A
:100BD0003800010038F0010070B50E4C4FF6FF7E72
:100BE0000D4E04F17E05A6F58053002102E0B342CC
:100BF00081B204D21A88481C02337245F7D124F816
:100C0000021FAC4206F58056EDD1044B01221A704A
:100C100070BD00BF92C2012000107C6054C301204F
:100C200008B5F2F7E3FEF2F7ADFE01F093FDFAE747
:100C3000844641EA000313F003036DD1403A41D3E7
:100C400051F8043B40F8043B51F8043B40F8043BA6
:100C500051F8043B40F8043B51F8043B40F8043B96
:100C600051F8043B40F8043B51F8043B40F8043B86
:100C700051F8043B40F8043B51F8043B40F8043B76
:100C800051F8043B40F8043B51F8043B40F8043B66
:100C900051F8043B40F8043B51F8043B40F8043B56
:100CA00051F8043B40F8043B51F8043B40F8043B46
:100CB00051F8043B40F8043B51F8043B40F8043B36
:100CC000403ABDD2303211D351F8043B40F8043BD6
:100CD00051F8043B40F8043B51F8043B40F8043B16
:100CE00051F8043B40F8043B103AEDD20C3205D3E6
:100CF00051F8043B40F8043B043AF9D2043208D0DE
:100D0000D2071CBF11F8013B00F8013B01D30B884F
:100D100003806046704700BF082A13D38B078DD02D
:100D200010F003038AD0C3F10403D21ADB071CBFFF
:100D300011F8013B00F8013B80D331F8023B20F869
:100D4000023B7BE7043AD9D3013A11F8013B00F8A2
:100D5000013BF9D20B7803704B7843708B7883702A
:100D60006046704706F018BE06F01EBE01F1FF3C5B
:100D700070B56646002400E00134B0FBF2F502FBDA
:100D80001503092B03F1370E03F130035FFA8EFED2
:100D900098BF5FFA83FE9042284606F801EFEBD237
:100DA000631C0022C818CA547CB162461CF8015F5B
:100DB00010F8016DA1EB0C0302328CF80060013BCE
:100DC000521A057023449A42EFDB084670BD00BFFB
:100DD000031E01DBFFF7CABF4FF02D0C584210B5C0
:100DE0000C4601F801CBFFF7C1FF204610BD00BF44
:100DF000B4EE400A2DE9F04FF1EE10FA164680EA03
:100E0000E07207462DED028BA2EBE072B0EE408A55
:100E100085B080F14881F0EEC07A9FEDC57AF4EE9E
:100E2000477AF1EE10FA29DDB5EEC00AF1EE10FABC
:100E300000F1ED80032A40F391800323002FA2EB01
:100E40000302C0F28580B5EEC08AF1EE10FA00F11F
:100E50006A8149214E234620F41C3170B0707370B2
:100E600022B120462021144408F046FD00232046EC
:100E7000237005B0BDEC028BBDE8F08F89460D46AE
:100E800002AA01A948460AF0ABFADDF804A004461C
:100E900059EA0A0372D101230278A64C9A460193BB
:100EA000A54BD046342A88BF1C46029B002B7DD020
:100EB00008F10108A7EB080B06EB0805BBF1000FD2
:100EC00040F3A1805A46202130465D4408F014FDCD
:100ED00006EB0B032D2203F8012BBAF1000F77D19B
:100EE000B9F1000F06D01A46302102F8021B2E215C
:100EF00059701346AB421FD2A44619461CF8012B69
:100F000001F8012BA94218D0019C2E20013C0BE0D6
:100F100058700233013CAB4219460DD21CF8012B2C
:100F200001F8012BA94208D00194002CF0D00B4607
:100F3000013CAB421946F1D31D46002F6BDB344612
:100F4000002320462B7005B0BDEC028BBDE8F08F6E
:100F500022B130462021164408F0CEFCB5EEC08AFE
:100F6000F1EE10FA40F1BD802D2149224E2346209A
:100F7000341D3170F0707270B37077E7CAF10003FE
:100F8000994557DA4FF00108C9F1000A694CC2458A
:100F90004046CDF804A0B8BF08F10108BAF1000F2F
:100FA00052D1029B08F10108002B81D1A7EB080B5D
:100FB00006EB0805BBF1000F27DD5A46202130461D
:100FC0005D4408F099FC06EB0B03BAF1000F87D0E3
:100FD000BAF1000F8EDAB9F1000F8BD018462E222D
:100FE000302100F8021B5A7002465346013302F8C2
:100FF000011BFBD1BAF1000F0193CAF10003A8BF96
:101000000123034476E7334664E7334665E7042A61
:10101000AADD042312E7B844B8F1000F6FEA080212
:101020008DDA22EAE272202128460132154408F0C6
:1010300063FC84E70AF018FC8046C245B8BF08F19B
:101040000108BAF1000FACD0BAF1000FBFF62DAF16
:10105000B9F1000F3FF429AF0AEB090309F10208C7
:101060008342BFF422AFB9F1000F05DDF2EE047A3E
:10107000013D28EE278AFBD102AAB0EE480A284695
:1010800003A90AF0ADF9DDF804A0039B09F1010200
:101090000446A3EB0A0393427FF407AF0AF1010A67
:1010A000CDF804A001E7B5EEC00AF1EE10FA4CBF8E
:1010B00004230323934222DA0028A2EB030218DB65
:1010C00010EE103A002B02DA2D2306F8013B4E23D6
:1010D0004121F41C33707170B370002A7FF4C1AEEB
:1010E000C4E649214E224623F41C31707270B3705D
:1010F000BCE622B130462021164408F0FDFB18EE74
:10110000103A002B4FF04E0305DB4122F41C3370E4
:101110007270B370AAE62D214122341D73703170B4
:10112000B270F370A2E62D2306F8013B91E600BFF2
:10113000FFFF7F7FB4170020208E00204FF0010CAE
:101140000CFA01FC01EB410100EB411170B5B1F863
:101150000EE01FFA8CF5254C1FFA8EFE24782E0126
:101160000EFB033306F0F006E340B0F88841734508
:10117000A4B228BF73463443012AA0F888410DD099
:10118000022A28D0C2B10CF00F02B0F888C11FFAB1
:101190008CFC4CEA020CA0F888C170BD9BB20CF02C
:1011A0000F022D02CB82B0F8803105F470659BB23E
:1011B0002B43A0F88031E8E7AEEB030E0CF00F02F2
:1011C0001FFA8EFEA1F80AE0B0F880319BB21343FB
:1011D000A0F88031D9E79BB20CF00F02CB83B0F8B6
:1011E00080319BB21E43A0F88061CEE783A100202E
:1011F00036284BD8F8B52A4D044615F8202005EBC3
:101200008005012A2DD0022A3FD16B78C3F301104B
:1012100003283ED0234A02EB803203F0030C22481D
:1012200089B2634602EB4C1C0678BCF806E0580114
:10123000BCF810301FFA8EFECEF1011E1EFA83F3A9
:1012400003F1FF3E0EFB01F1F1408E4523D95B1AFD
:10125000C3F101039BB289B20244ACF8063011829B
:101260000DE06A78C2F30113032B10D00F4800EB96
:1012700083308BB202F00301AA78FFF75FFF0C4BBB
:10128000EA7803EB04135B681A60F8BD70470948FD
:10129000EFE7094AC1E7991E4FF6FF73DBE700BF8E
:1012A000148F002000C01D4083A1002000C03D40DD
:1012B000B08A002000803E4000801E4000230F22A4
:1012C00048F2B82C194610B54FF470444FF4806EB4
:1012D000A0F88C414FF46044A0F88E210A46A0F893
:1012E0009031B0F888319BB243F0F003A0F8883118
:1012F00001EB4103013100EB431304299C80A3F867
:1013000006E05A841A865A805A81A3F80EC05A827F
:10131000DA825A83DA83EBD1B0F888319BB243F09A
:101320000F03A0F88831B0F888319BB243F47063A2
:10133000A0F8883110BD00BF374B384A996F384844
:1013400041F47F0170B5996741F20106D3F880102E
:1013500045F6C05543F226040A43C3F88020FFF740
:10136000ADFF00F58040FFF7A9FF00F58040FFF7D3
:10137000A5FF00F58040FFF7A1FF0022A0F50310B4
:101380004FF00F0E114600EB42134FEA421C0132A0
:101390009981042A5981A3F80EE09E82DD8020F80D
:1013A0000C1019829C81EED100221E484FF00F0EC6
:1013B00041F20106114645F6C05543F2260400EB02
:1013C00042134FEA421C01329981042A5981A3F841
:1013D0000EE09E82DD8020F80C1019829C81EED1F7
:1013E000002211480F2641F20105114645F6C0546E
:1013F00043F2260E00EB42134FEA421C0132998160
:10140000042A5981DE819D82DC8020F80C1019822B
:10141000A3F80CE0EED170BD00C00F40000003FC4B
:1014200000C03D4000001E4000401E40074A506A78
:10143000936A19468446506A936A9942F9D1844561
:10144000F7D1DB0B43EA4040704700BF00400D403E
:1014500072B6EFF30583524CC4F884301EF0040FCB
:101460000CBFEFF30882EFF309824FF0E0234D4EFB
:101470004D4DD3F8280DD3F82C1DC4E92201D3F823
:10148000341DD3F8383DC4E924139369C4F8983067
:10149000D369C4F89C3000F0D3F884ED280AFFF734
:1014A000C5FF0B214FF0FF32C4F8A4000B46C4F86F
:1014B00080103E49301D5A40202402F00103013CB7
:1014C00001FB03F383EA5202F7D1A84202D073680A
:1014D0000646EFE7324BC3F8A820BFF34F8F4FF01B
:1014E000E0233049324AC3F8701FC3F8702FBFF3AE
:1014F0004F8FBFF36F8F2F4A02252F48D36E2F498E
:1015000043F44053D3660560D3692D4823F07F032D
:1015100043F04003D3610B6883423DD8264D002140
:101520004FF0E0234FF0FF3229600126C5F8081183
:101530002449C5F80011C5F80861C3F88021C3F833
:101540008421C3F88821C3F88C21C3F8902101E0DD
:1015500000F068F9D5F80C31002BF9D00134C5F84A
:101560000C614F2CF4D9184B022018494FF000425F
:10157000C1F840015A63D5F80C313BB914481549FC
:101580000D4A0163D2F80C31002BFAD04FF0E02362
:10159000114AC3F80C2DFEE7FFF7B4F8BEE700BF11
:1015A00000FF272080FF2720A8FF27202083B8EDF9
:1015B000A0FF272000C00F40004008401C950020DD
:1015C000803DCD0B009F240000900D4000002E4078
:1015D00000800F40F100AD0B0400FA050A490A68CB
:1015E00038B108B513180948834204D810460B6077
:1015F00008BD1046704709F021FF0C234FF0FF3261
:101600000360104608BD00BF309B0020000028206A
:10161000002070474FF0FF30704700BF4FF4005379
:1016200000204B60704700BF012070474FF0FF3033
:10163000704700BF30BFFDE730BFFDE7FFF708BFD1
:10164000124AD2F880305B07FBD5D2F880301048C0
:10165000C3F30B230F4990ED007A07EE903A91ED1A
:10166000006AB8EE477A0C4AF8EEE77A0B4BD2EDF7
:10167000006A77EEC77A93ED007AB8EE477A67EEA4
:10168000867A87EEA60A37EE400A704700810D4041
:1016900080C2012088C201208CC2012084C20120A6
:1016A000836BF0B41BB1536843F40043536072B6CC
:1016B000446B3CB31A4B2260D3F8B0410C421DD1AD
:1016C000184E776804E07468E41BB4F5166F0BD20B
:1016D000D3F8404144F48044C3F84041D3F8B851B2
:1016E000D3F840416404EED50D4007D10C4CC0E95D
:1016F0000225D4F8B0310B43C4F8B031426362B66E
:10170000F0BC7047064DC0E90224D5F8B0310B4358
:10171000C5F8B0310263426362B6F0BC704700BFE7
:1017200000002E40001000E070B5056B9DB106462C
:101730002A46002403E012680134012A0CD05368C1
:1017400013F08003F7D032632CB12846B36B2D68B9
:101750009847013CF9D170BDC6E90C33F4E700BFEE
:1017600030B4D9B91F4C204B0021204A01254FF03D
:10177000011099601D60C4E9023180245C60C2F8E8
:10178000BC01D2F8B0311A482B43C2F8B031016025
:10179000D2F8B031002BFBD130BC70470904154B97
:1017A000104C012541F080019860104A596000F505
:1017B00080511D60D96000F50051A364196100F5E6
:1017C000405100F58040596100219861E164D2F8F0
:1017D000B03143F48033C2F8B031D2F8B031002BCD
:1017E000FBD1C0E700000020C0A6002000002E4072
:1017F0001CC10120E0A60020084901220B7802FA52
:1018000000F023EA0000087030B9054AD2F84831E8
:1018100023F08003C2F84831704700BF59C301204C
:1018200000002E402DE9F04F974C83B0D4F844715E
:10183000FB07C4F8447153D5D4F8AC21002A4AD030
:10184000924EDFF860A2DFF87492DFF874B2DFF82E
:101850007482C4F8AC21D6E90A20D4F8403143F4AC
:101860000053C4F84031D4F840319D04F5D5D4F884
:10187000403123F40053C4F840314FF00113C4F851
:10188000B431D4F8B45115F00115FAD193B28446AD
:10189000CAF80050B3F5086F00F0CF8100F2DB808A
:1018A00040F202318B4200F0E78100F29A80822BF5
:1018B00000F0CB81B3F5817F40F08A8010F0780F83
:1018C00083B200F003824FF00113C4F8C031D4F8A2
:1018D000AC21002ABDD16C4AD2F8BC31002B42D1D8
:1018E0007E0616D5684BD3F8AC21C3F8AC21D3F8EB
:1018F000BC21C3F8BC21D3F8B041002CFBD14FF080
:10190000FF32C3F8B421D3F8843100F027FD604BD7
:101910001C60FC0103D55F4B1B6803B19847B801FD
:1019200003D55D4B1B6803B19847790708D5564B23
:10193000D3F8843113F4007347D0584B01221A7046
:10194000514BD3F848311A060AD53B0608D5544AFC
:1019500013782BB1013BDBB21370002B00F07282C5
:1019600003B0BDE8F08F4F49C2F8BC3108680342AC
:1019700040F0D181464A14681C40B1D05FEA144857
:1019800010D0424E4FF0010998FAA8F5B5FA85F546
:1019900006EBC51009FA05F54030FFF7C5FE38EA39
:1019A0000508F1D1A4B2002C9AD0384E4FF00108AE
:1019B00094FAA4F5B5FA85F506EBC51008FA05F515
:1019C000FFF7B2FEAC43F3D18AE7344A1370B7E7AE
:1019D000802B7FF478AF344802210580FFF7C0FEEA
:1019E00075E7B3F5A06F00F00B81A3F5D063012B71
:1019F0003FF669AF2D4B5D68002D3FF464AF1FFAD1
:101A00008CFC4FEA124E04E01D690C33002D3FF4AC
:101A10005AAF1A887245F7D15A886245F4D14FEA15
:101A20001E22032A00F0A5811A89000C824228BFD9
:101A30000246BEF5007F40F0A181184B1C49187882
:101A40001C4B0192002818BF19461B48FFF7F0F8FD
:101A5000194D019AE1E142F221218B427CD033D928
:101A600042F221318B4200F081804FF6C0018B425F
:101A70007FF429AF10F47F4F83B27FF424AF43F497
:101A80006E4363F30F0CB5E700002E40000000200A
:101A900020C101202CC3012030C3012060C30120DC
:101AA00061C301201CC1012038C20120E89200203E
:101AB00054210060B82100600000202014C10120E2
:101AC0005DCFC6B8C0012E40B3F5106F66D042F2AC
:101AD00021018B427FF4F7AE030C072B7FF4F3AEAA
:101AE000B24BB349F560D960B249B360C3F808900E
:101AF000C1E9002001221A60AF4A5A60AF4A1A6158
:101B0000D4F8B01141F00101C4F8B01102F58051D0
:101B100002F5005259619A61D4F8B031002BFBD123
:101B2000A74AF36493600123B264136048F2800310
:101B300053604FF00113C4F8BC31D4F8B03143F412
:101B40008033C4F8B0314FF48033CAF80030D4F891
:101B5000B031002BFBD1BAE680B238B9994BC2F351
:101B600007421968984B1960984B1A70944B0022E1
:101B70009A60F2640122B3641A6080225A604FF0C6
:101B80000113C4F8BC31D4F8B03143F48033C4F845
:101B9000B031D4F8B031002BFBD198E6C2F3074244
:101BA0008B4B1A708B4BC4F8C8318B4BC4F8CC31BB
:101BB0008A4BC4F8D03100F0D3FB802229468848F4
:101BC00007F09AFE874B8022C6F8A0B0C6F8E03036
:101BD0007B4BF5645A600122B3649D601A604FF03C
:101BE0000113C4F8BC31D4F8B03143F48033C4F8E5
:101BF000B031CAF80050D4F8B031002BFBD166E602
:101C00006F4B0121F564196080219D60B3645960B8
:101C10004FF00113C4F8BC31D4F8B03143F4803331
:101C2000C4F8B031D4F8B031002BFBD1130C5B06F3
:101C300043F08073C4F8543149E6654B01216A488A
:101C40001B780370FFF78CFD41E683B210F078003B
:101C50007FF439AE03F07F0258F82210624A1080F8
:101C6000180600F19E80CB0701D5012313700221D5
:101C70005D48FFF775FD2AE610F0780F83B27FF418
:101C800022AE03F07F0213F0800F58F8223014BF09
:101C900043F4803343F0010348F822300022484BDC
:101CA000F2649A600122B3641A6080225A604FF095
:101CB0000113C4F8BC31D4F8B03143F48033C4F814
:101CC000B031D4F8B031002BFBD100E603F07F0235
:101CD00013F0800F58F8223014BF23F4803323F020
:101CE000010348F822300022354BF2649A60012249
:101CF000B3641A6080225A604FF00113C4F8BC31FB
:101D0000D4F8B03143F48033C4F8B031D4F8B031F2
:101D1000002BFBD1DBE50020086026490C884868D1
:101D200042F221018C427FF425AE80B200287FF47C
:101D300021AE2E492E4C03C9A18086284FEA1141BD
:101D40002060A1717FF416AE72B62A48017841F086
:101D500008010170D2F848110D0605D48020014316
:101D6000C2F84401C2F8481162B6234A50211170EA
:101D700000E6000C2A78824228BF0246BEF5E06FDA
:101D800044D11E4B1E4D18781E491F4B019200284E
:101D900018BF19462846FEF74BFF07236B70019AC0
:101DA0003BE0C9033FF561AF61E700BFE0A600205B
:101DB00014D1012080A800208000070014E1012038
:101DC000C0A6002018C3012028C301205EC3012043
:101DD0005FC301200200CC00C80002000200C8005E
:101DE000800000201993D57438C2012014C101204D
:101DF00020C3012059C3012061C3012060C3012019
:101E000000002020B8210060542100602946104DB8
:101E100001922846FEF70CFF019A25F01F03154496
:101E2000BFF34F8F4FF0E021C1F8703F20339D4248
:101E3000FAD8BFF34F8FBFF36F8F05481146FFF7F6
:101E40008FFC44E50320FFF7D7FC14F07DFB00BFB7
:101E5000000020202DE9F0471F46831E022B01D9E8
:101E6000BDE8F087DFF84C9015460C463C2209EBA4
:101E7000C01806464FEAC01A002108F104002404E5
:101E800007F03AFDB5FA85F20123520944EA42749B
:101E900049F80A40C8F83870C8F80830002FDFD079
:101EA000034AB34011680B431360BDE8F08700BFDD
:101EB00020C10120000000202DE9F0470D46811EC1
:101EC000022901D9BDE8F087C701DFF84C9092469E
:101ED000044640373C2200211E4609EB07082D042A
:101EE00008F1040007F008FDBAFA8AF2520945EA3F
:101EF000427249F807200122C8F83860C8F8082063
:101F0000002EDFD0034B10341968A2400A431A6038
:101F1000BDE8F08720C1012000000020120481608C
:101F2000C36101F5405342F0800210B401244260C5
:101F300001F50052046001F5805401F58041C46050
:101F400081615DF8044BC0E904237047831E0A4693
:101F5000022B00D97047064B00F110014FF0010C25
:101F600003EBC0100CFA01F14030FFF799BB00BF42
:101F700000000020831E0A46022B00D97047012171
:101F8000024B814003EBC010FFF78ABB000000202A
:101F900040687047124A134BD2F8200220F07F406D
:101FA000984210B584B002D200EB800040000E4C85
:101FB00001A90A22FEF7DAFE01A90023204611F842
:101FC000012B01333AB10A2B20F8022FF7D1162347
:101FD000237004B010BD5B00DBB2237004B010BDF1
:101FE00000441F40809698006CA1002000F0D6BAF3
:101FF00000F066BB00F03CBB0846114600F02CBB6D
:10200000F8B5144C4FF0E025134E4FF4003204EBBA
:102010004024124F06EB40160346C5F88C2121469A
:102020003A883046FFF77AFF3B882344BFF34F8F4F
:10203000C5F85C4F2034A342FAD8BFF34F8FBFF3EB
:102040006F8F03203146FFF795FF4FF40033C5F83B
:102050000C31F8BD8000202000A7002042C30120E1
:10206000244B2DE9F0411C884368C569C3F30E4336
:10207000E41A002C24DD204920480A780078D3B2E5
:102080001F4E82421F4807D010F8038036F81870A0
:10209000C7F50072944218D90133002226F8154082
:1020A000082B194E88BF134626F8152098BFDAB2C0
:1020B000C554164B0A701A6814441C60BDE8F081C0
:1020C0002846BDE8F041FFF79BBF07EB48201049C9
:1020D00022462744084401EB4521FEF7A9FD0B4A9F
:1020E000284626F8187013682344BDE8F0411360B1
:1020F000FFF786BF42C3012056C3012057C301200A
:1021000054C2012074C2012064C2012050C20120C7
:10211000800020201D4B1A78002A36D102F0FF03E0
:102120001B4A12788AB32DE9F0411A4D2A8852B31E
:10213000194EC2F50068194F3278194C07EB421757
:1021400004EBC224424638462146FFF7E7FE04EB83
:102150000802BFF34F8F4FF0E023C3F8704F2034D5
:10216000A242FAD8BFF34F8FBFF36F8F04203946D6
:10217000FFF7ECFE33780133DBB2032B88BF00237B
:10218000337000232B80BDE8F08170475DC30120D0
:102190005FC3012044C301205CC3012000A80020CC
:1021A000801020202DE9F04F85B0CDE901100029E5
:1021B00000F0BF800023604CDFF89881DFF898A121
:1021C0005E4F009301235E4A23705E4B1978B8F886
:1021D000003002EB4119002B40F0A7801E461D463F
:1021E0009B464846FFF7D4FE10F0800000F08C803C
:1021F000BFF34F8F9AF8003084F800B005B93E68FD
:10220000002B7DD13B689B1B782B00F287804E4BC7
:102210001B78002B74D000F09DFA0122B8F8003032
:1022200015462270002BDCD0464AC3F500601178B9
:102230001A4600EBC120454DC9022844019D954234
:1022400017D20393DDE901512A46FEF7F1FC039B07
:102250004FF040425B1BA8F800303D4BC3F8842090
:10226000BFF34F8F009800232844237005B0BDE8CA
:10227000F08F364BCD180299FEF7DAFC00234FF4AD
:10228000006229464846FFF749FEBFF34F8F05F12C
:10229000200205F50063934234BF012340234FF031
:1022A000E02205EB4313C2F8705F2035AB42FAD150
:1022B000BFF34F8FBFF36F8F04204946FFF746FEF1
:1022C000204A13780133DBB2032B84BF00231D4A5D
:1022D0001370B8F80030019AD11A009A1A4401918B
:1022E0000092029A1A4400230292194AA8F8003078
:1022F000C2F88430BFF34F8F237000297FF462AFA0
:10230000009805B0BDE8F08F4FF400620D4B8AF8DD
:10231000000019781346A8F800208AE701230098E6
:102320008AF8003005B0BDE8F08F1A46C3F50060AA
:102330007FE70198E5E700BF5DC3012018C30120D6
:1023400000A800205CC301205FC301208010202072
:1023500000002E4044C301205BC30120704700BF32
:102360002D4B002180222D4870B51B7800242C4D68
:102370008B422C4E0CBF40234FF400732B803380D4
:1023800007F0BAFA284A2146284B14704FF480729D
:1023900027481C8007F0B0FA264A1021264B02205D
:1023A000C2E90044C2E90244244AC3E9004414706B
:1023B000234AC3E90244234B1C702346146022467F
:1023C000FFF77AFD2246318803201F4BFFF742FDBD
:1023D0002346012229880420FFF76EFD20460134A0
:1023E000FFF70EFE082CF9D1184B00214A2218489D
:1023F000184C0460C3F88410C3F88020D3F8482137
:10240000154942F08072C3F8482121B1134A13786C
:1024100043F00103137070BD60C3012000A80020C9
:1024200046C3012042C301205CC3012044C30120F4
:1024300000A7002054C2012064C2012056C301201D
:1024400050C2012057C3012039FE000000002E4079
:102450002CC30120EDFE00000000000062C301203B
:102460002DE9F04F4FF0E0234FF40032DFF8C8A021
:1024700083B0C3F88C218B469AF8004000294FD0D6
:102480008046E4B20027DFF8B490264BABEB07029E
:1024900025491B78A34204F101043FD0092C234BAA
:1024A000404628BF00241E5D39F816C00CEB4623B9
:1024B00019441F4B33F81650A5EB0C05AA421CD249
:1024C0000CEB462C18491B4C61440192FEF7B0FB03
:1024D000216839F816505846019AA1EB0B012A449D
:1024E000394429F8162021604FF0E0234FF40032E0
:1024F000C3F80C2103B0BDE8F08F2A462F44FEF745
:1025000097FB0C49E3B230460A68A844521B0A60A4
:102510008AF80030FFF774FDBB45B6D83846E3E7CC
:102520000846E1E756C301208000202074C2012044
:1025300054C2012050C2012057C3012064C20120AF
:102540000B4B0C4A12781978D3B28A420DD0013362
:1025500009480A4A092B0A4928BF0023C35C31F8FD
:10256000131002EB4323585C70474FF0FF30704765
:1025700056C3012057C3012074C2012080002020CF
:1025800064C20120044B10B51C680CB1204610BD7C
:1025900000F0E0F8204610BD50C201202DE9F84FB0
:1025A000144E154D33782A78934221D0DCB2DFF8EF
:1025B0005090DFF850B0DFF85080104F0134082CF5
:1025C0005FFA84FA01D90024A24619F80400DBF866
:1025D000003038F8102037F81010521A9B1ACBF838
:1025E0000030FFF70DFD86F800A02B78A342E5D15F
:1025F000BDE8F88F57C3012056C3012064C20120F3
:1026000074C2012050C2012054C2012000B583B021
:1026100001210DF10700FFF723FF20B19DF807000E
:1026200003B05DF804FB4FF0FF30F9E7094B00B54C
:1026300083B01B788DF807003BB101210DF1070035
:10264000FFF7B0FD03B05DF804FB03F0FF0003B03B
:102650005DF804FB5FC30120044B1B7803F0FF020D
:102660000BB1FFF79FBD1046704700BF5FC301204D
:102670002DE9F0410024DFF8448001230D4D274669
:102680000D4E88F80030337828462035A34204F1F7
:10269000010405D0FFF77CFC030658BF07F500676F
:1026A000042CF0D1BFF34F8F0023384688F8003058
:1026B000BDE8F08100A800205CC301205DC30120BB
:1026C0002DE9F8431D4B1B7813B11D4D2A880AB91B
:1026D000BDE8F8831B4EC2F500691B4933784A46B2
:1026E0001A4C01EB43181A4F04EBC3240123404654
:1026F0003B7021460023FFF711FC04EB0902BFF3F6
:102700004F8F4FF0E023C3F8704F2034A242FAD825
:10271000BFF34F8FBFF36F8F04204146FFF716FCC6
:1027200033780133DBB2032B88BF002333700023DF
:102730002B80BFF34F8F3B70BDE8F8835FC3012050
:1027400044C301205CC3012000A800208010202089
:102750005DC301202DE9F8432D4B1E7866B12D4F46
:102760003B784BB90123F1073B7043D4B20726D421
:1027700000233B70730701D4BDE8F883264B1A6829
:10278000002AF9D0EFF30582002AF5D1EFF3108586
:1027900072B61868002834D0204C2178002930D136
:1027A0000122227042691A60002A2ED0916105B977
:1027B00062B600258368457798472570DCE7DFF827
:1027C000648098F80030002BD2D00025DFF85890B4
:1027D0002B4659F823400135236820461B6998474A
:1027E00010B163699B68984798F80020EBB29A4251
:1027F000EFD8BDE7FFF7C6FE0028B7D0AFF30080E3
:10280000B4E7002DB8D162B6B6E7054B1A60CEE743
:1028100062C3012050C3012098BD01204EC3012096
:10282000A4BD01204FC30120A8BD012008B5D0E9F7
:1028300000325BB1BAB10F4BA3FB0213DB0803EB11
:102840004303B2EB83030AD1012008BD094BA3FB6C
:102850000213DB0803EB4303B2EB830301D0D21A6C
:102860004260F02AF0D808F0E9FD1C22034600205F
:102870001A6008BDABAAAAAA70B5044638B319B14C
:10288000B2FA82F67609A2B9206800B36268F2B1A2
:10289000184B194902FB03F3B1EBB30F17D3A3682D
:1028A000E3B90022012322606260A260E260184660
:1028B00070BD1D46049BC0E90012C360FFF7B6FF60
:1028C00003460028F3D06DB90123184670BD08F007
:1028D000B5FD162200230260184670BD002107F0E6
:1028E0000BF8DEE7626831462068A56007F004F85F
:1028F0000123DCE7ABAAAAAA55555515034608469D
:10290000194608F051BD00BF69B170B505460846CB
:102910000C4608F0A9FF2B680246214628465B6852
:10292000BDE87040184770478368C3F3080383B15C
:10293000002110B40269D1540133B3F5007FF9D1FD
:102940000168D0E903321C681846636A5DF8044BDD
:1029500018470120704700BF82680346006940F2B3
:10296000FF1CC2F3080281546245586801EB7001F4
:10297000986800F10100C3E9011001D001207047FF
:10298000D868196810B404684A1C646A1A601A6925
:1029900023465DF8044B184738B58368CAB20D4624
:1029A0000169C3F3080340F2FF1C0446CA5463459F
:1029B000416802EB71024260826802F101028260AA
:1029C00005D0290A2046BDE83840FFF7C5BF016899
:1029D000C0684A1C03685B6A226022699847002825
:1029E000EFD138BDF8B50023064601601D46C0E9A9
:1029F0000133A8B2F8F7EAFDA842044607D0C1B2F5
:102A00003046FFF7A9FF00283BD10020F8BD6C1C21
:102A1000B4F5803F04D12AE00134B4F5803F04D0FE
:102A2000A0B2F8F7D3FDA042F6D0671BB7F5007F40
:102A30001DD34FF6FF713046FFF7AEFF0028E4D0FC
:102A4000B9B23046FFF7A8FF0028DED02546B5F51D
:102A5000803FCED13046BDE8F840FFF765BFC5F3F3
:102A6000072130460135FFF777FF0028CDD0A5427A
:102A7000E9B23046EBD2FFF76FFF0028EFD100201C
:102A8000F8BDC4F307213046FFF766FF0028BCD02D
:102A90000135DCE72DE9F04F1F4689B00B680D4684
:102AA00004901446C16002610846DB699847B0F59E
:102AB000801F0090C0F0D88000230122009E0133C7
:102AC0005200DBB201D09642F9D81C2B009640F29E
:102AD000B780A3F10B08012248FA02F1C8F34708B6
:102AE0008A4002910792013301225B109A400692BC
:102AF00004229A400392022202FA03F30193009AFD
:102B00000021039B2046029E4FF0010AD31A4FF486
:102B100000724AF6552BF34003FA06F90593019E1D
:102B200006F0EAFEFF2384F8BFA184F8C0A1B144F7
:102B300084F8C431224684F8C53107230021284691
:102B400084F8C231FE23C4F8C66184F8C3312B680F
:102B5000C4F8CA915B6AA4F8FEB19847002863D014
:102B60004FF400720021204606F0C6FE009B84F858
:102B70006D804FF000086366F421059B04F1780036
:102B8000069AE3652023266423726372A372EB2303
:102B9000A665464623707623C4F848906370902358
:102BA00084F86EA0A3704523E37058232371462355
:102BB00063714123A3715423E371042323664FF40B
:102BC0008073A4F86830092384F86C308023C4E94A
:102BD000142284F86F304FF4C37206F08DFEA4F80F
:102BE000FEB1A8F16A03012B06D9B8F1700F03D02A
:102BF00014F8083003EB760608F10108B8F5007FF9
:102C0000EFD12B682246DDF8049028465B6A4946DE
:102C1000984748B12B684946224628465B6A0C31E2
:102C2000CDF80490984740BB2FB13B680F22B849BC
:102C300038465B6898470026304609B0BDE8F08FFB
:102C40001A2B4FF0080800F2A6814FF48043CDF80C
:102C5000088001934FF4004303934FF4807307936C
:102C60004FF4005306934AE7002FE4D03B68152247
:102C7000A84938465B689847D7E742460021204676
:102C800009F1010A06F038FE4AF6552309F1090256
:102C900004F2FF19A4F8FE3100239346A04601E098
:102CA00018F8013FC14503EB7606F9D12B6822469F
:102CB000514628465B6A98470028B5D02B682246C3
:102CC0000AF10C0128465B6A98470028ACD00AF14B
:102CD00001039B4502D09A462378DFE74FF4007248
:102CE000002120469B4606F007FE00220AF1030A57
:102CF0001146234601E013F8011F984501EB7606C3
:102D0000F9D12B682246594628465B6A9847002825
:102D10008AD02B6822460BF10C0128465B6A984743
:102D2000002881D00BF101018A456AD1231F04F5E7
:102D3000FE7243F8046F9A42FBD12B682246284664
:102D40005B6A984700283FF46FAF2B680BF10D01C9
:102D5000224628465B6A984700283FF465AF2FB1AA
:102D60003B680C226C4938465B689847069A0021FC
:102D7000019B2046002613444FF400729946059BA0
:102D80004FEA830806F0B8FD23464FF0FF3208F201
:102D90000728F821B7F1000B4FEA582A03F8011B66
:102DA0004FEA9838C4F8012018BF4FF0010BDA60E1
:102DB0005A609A60C3F80F2002E00136B24523D072
:102DC000B6FBF8F308FB136343B9BBF1000F05D062
:102DD0003B680122514938465B6898472B6809EBEC
:102DE0000601224628465B6A984700283FF41CAF3C
:102DF000002EE2D131464FF40072204606F07CFDF1
:102E0000DBE78B46217874E7002F34D03B68022241
:102E1000434938465B689847059E079A0736F60887
:102E200006F2FF13B2EB532F4FEA5329FFF4FDAE26
:102E30004FF400720021204606F05EFD0723237048
:102E4000B9F1000F00F08A804FF0000808E0B8F1F7
:102E5000000F01D184F8008008F10108C1457BD939
:102E6000039A28462B6802EB080122465B6A9847C2
:102E70000028ECD1D8E6059E079A0736F60806F238
:102E8000FF13B2EB532F4FEA5329FFF4D4AE4FF4A4
:102E900000723946204606F02FFD07232370B9F152
:102EA000000FD1D1039B079A04989918FFF79AFD58
:102EB00000283FF4C0AE029A4FF400739340049A86
:102EC00092689A423FF6B7AE4FF00208029B4FF469
:102ED0000072002108FA03F9039B2046994406F08A
:102EE0000BFD81220323049909F1FF3984F8202086
:102EF0008222237084F84020C4E90D864A684FF08E
:102F00000108636562648B68A3650023E3650EE0D6
:102F1000100B0020AC0A0020C40A0020D40A0020B4
:102F2000EC0A0020079B98453BD208F101082B686A
:102F300009EB0801224628465B6A984706460028A6
:102F40003FF472AEB8F1010FECD14FF400720021E2
:102F5000204606F0D1FCE8E7002FA3D03B681622FC
:102F6000144938465B689847039B079A0498991858
:102F7000FFF738FD00283FF458AE029A4FF4007373
:102F80009340049A92689A423FF64FAE0A493846F7
:102F9000FFF7BAFC98E74FF48072CDF808800792EB
:102FA000A1E5002F3FF448AE04493846FFF7ACFCDA
:102FB00042E600BFD80A0020F00A0020000B0020E3
:102FC0002DE9F843DDF82090A2B105460C4698465D
:102FD000571801E0BC420DD02B68204649465E6A76
:102FE000C0472146024628460134B0470028F1D1A7
:102FF000BDE8F8830120BDE8F88300BF486810B53C
:103000000C4630B10B894A8901339BB29A420B813D
:1030100001D9206810BD0368012203495B68984705
:1030200000232068238110BDD40A00202DE9F04F31
:10303000054687B08846924600214FF40072406AE8
:1030400006F05AFC286A28B103680C223A495B68EA
:103050009847286A6B6A4FF00009EE690AF1FF325F
:10306000DFF8E0C0E968ADF814904C1CCDE90330FE
:103070004FEA5A13ADF816303368DF6A674526D138
:103080006AB301EB0A07DFF8C0A00AE02146039A01
:1030900030460134D84700283FD0A7421ED03368BD
:1030A0000498D3F824B00028F0D0BDF81430BDF84F
:1030B000162001339BB29A42ADF81430E6D803686B
:1030C000514601225B689847ADF81490DEE703ABE8
:1030D000214630460093194BB847F0B1286A20B119
:1030E0000368022216495B689847B8F1100F4FF049
:1030F000F8016A6A4FF001030CBF04200C20117024
:10310000FF216A6AD15401339842FAD1E8696A6AA8
:103110000368E9685B6A984718B9002007B0BDE802
:10312000F08FD5E90231E86919446A6A03685B6A7D
:10313000984707B0BDE8F08FC40A0020D50D010004
:10314000EC0A0020990D0100D40A002038B5436A2A
:103150004FF40075044600212A46184606F0CCFBC1
:103160004FF02031EB22A0F80B50C0F803100346BB
:10317000C0F80710902102707620997002225870D2
:1031800094F82B1059734AF65521208D1A74F822A1
:10319000D8815A752269DA61A269A3F8FE111A6210
:1031A00038BD00BF70B504464FF400720021406A7C
:1031B00006F0A2FB656A2269216805F2BF1002F0E1
:1031C000C5FBA369226905F2C31021681A44013ABC
:1031D00002F0BCFB94F82A204AF6552385F8C22158
:1031E0002269E069C5F8C621626AA169A5F8FE31C5
:1031F0000368C5F8CA1100215B6ABDE87040184732
:1032000070B546694FF4807390F82BE00446A6F53C
:103210008072456A4360B2FBFEF202F2011C4FEA83
:103220001C214FEA410C81600CF1A10098420ED99B
:103230008033F21AB2FBFEF202F20111090A4FEAE0
:10324000410C0CF1A1008342F2D3C4E901311B1AF5
:10325000A2F6F57103F18000B1F5704F20614FD2F5
:103260000CF1210C8133204602FB0EC2E360B2F563
:10327000803FA26134BF0423062384F82A3001234F
:103280002385FFF78FFF08B9002070BD2046FFF7A8
:103290005DFF2922A1684FF0203385F826204622C1
:1032A000C5F82F30802085F836205422C5F82B3001
:1032B000C5F83230312385F838203622E9824121A1
:1032C00085F8393085F837104FF4007185F82400FF
:1032D00085F83A200F4BE069C5F827300368A5F858
:1032E0001110626A21695B6A98470028CCD0626835
:1032F0002046E3681021D21ABDE87040FFF796BE61
:10330000206A0028C0D00368132203495B689847ED
:10331000002070BD87D61200980A0020F8B54669D3
:103320004FF4005390F82BC04FF48042A6F5804133
:10333000036142F2090E0446456A4260B1FBFCF1AA
:1033400001F18103DB0983600EEB4300904240F200
:10335000B68002F50052B11AB1FBFCF101F1810314
:10336000DB090EEB43005F008242F2D3C4E9012384
:103370004FF6F473994240F2978001FB0C2CA2F5B2
:1033800000522046D21B92B202F5005322854D4ACC
:10339000E360ACF50053944594BF4FF00B0C4FF035
:1033A0000C0CA36184F82AC0FFF7FCFE08B90020CA
:1033B000F8BD2046FFF7CAFEA16829224FF020334E
:1033C0008020696285F8422054214622C5F84B309E
:1033D00085F840004120C5F84730C5F84E3002233B
:1033E00085F85220332285F85410322185F8552073
:1033F00085F8530085F85610EB62E069324B334A8A
:103400002B630368C5F843205B6A626A21699847A9
:103410000028CCD0E069216903680631626A5B6AE2
:1034200098470028C3D04FF400720021606A06F06C
:1034300063FAE069264A0368C5F8FC2121695B6AE2
:103440000231626A98470028B1D0E06921690368B7
:103450000831626A5B6A98470028A8D04FF0FF33B2
:10346000E0691C4AC5E97A331B4B2A60C5F8E43190
:1034700003682169626A5B6A01319847002896D027
:10348000E06921690368626A07315B6A984700282E
:103490008DD0A268204694F82B30202103EB420205
:1034A000BDE8F840FFF7C2BD206A00283FF47FAFB7
:1034B0000368132209495B6898470020F8BD5F0044
:1034C00056E700BF0004FB000100060087D612008B
:1034D000000055AA5252614172724161980A00205F
:1034E00038B504460D68C16108466262EA69236224
:1034F000904700F2FF736061DB0A062B236024D93A
:10350000102B13D80223B0F5800F84F82B302046FF
:103510002ED2FFF775FE0546206A05B320B1036879
:103520000D2219495B689847284638BD202B23D9BE
:10353000402B23D9802B23D9B3F5806F22D9B3F543
:10354000004F8CBF80234023DDE7206A20B1036851
:1035500014220E495B6898470025284638BD00288C
:10356000FAD003680F220A495B689847284638BD9D
:10357000FFF7D4FE0546CFE70423C4E70823C2E7DC
:103580001023C0E72023BEE7780A0020600A00204D
:10359000880A00204FF0FF30704700BF407C704722
:1035A000007D7047407D704701207047007F704765
:1035B0002DE9F0471E46C37C05460C46022B91467A
:1035C000089F28D02B68214628461B6E984798B143
:1035D000AC61B9F1000F12D004EB090801E0A0457D
:1035E0000DD039462046B0472B6801462846DB6D92
:1035F000013498470028F2D10020BDE8F087AB697C
:10360000287F4B44AB610028F7D12B6828465B6EBE
:10361000BDE8F047184783698B42D3D1D9E700BF93
:10362000704700BF043002F03DB900BF10B504463A
:103630002021FDF799FB204610BD00BF2DE9F04188
:103640001F46C37C05460E46022B144624D02B6829
:10365000314628461B6E984778B1AE6187B1002687
:1036600001E0B7420CD02A68214628460136D26DC7
:1036700004F5007490470028F3D10020BDE8F081E4
:10368000AB69287F3B44AB610028F7D12B68284603
:103690005B6EBDE8F041184783698B42D7D1DDE707
:1036A0002DE9F041204E074600F10408356805F584
:1036B0001675ADB203E03368EB1A1B0410D4404614
:1036C00002F0F4F8FF280446F5D1FD21404602F04F
:1036D0000BF9BB7CCBB900230120FB74BDE8F08162
:1036E0001E23B87C7B740028F8D0387C012102F0BE
:1036F00009F8FF21404602F0F7F8404602F0AAF828
:1037000000231846BB74BDE8F0810121387C01F02C
:10371000F9FF2146404602F0E7F8404602F09AF8E9
:103720000023BB74D7E700BF18C301202DE9F04187
:10373000C37C012B35D0867C04464EB1043002F0A8
:10374000B5F8B0F1FF0518BF01252846BDE8F081A6
:10375000071D4FF00108384602F05EF83146207C24
:1037600001F0D0FFFF21384602F0BEF8384684F859
:10377000128002F09BF8A37CB0F1FF0518BF012571
:10378000002BE2D04146207C01F0BCFFFF213846EF
:1037900002F0AAF8384602F05DF82846A674BDE8A3
:1037A000F08100252846BDE8F08100BF2DE9F843EF
:1037B000204F0446884691463D68061D05F59675DE
:1037C000ADB203E03B68EB1A1B040DD4304602F0A7
:1037D0006DF8FF282075F5D0FE281AD01823A07C9C
:1037E000637430B9BDE8F8831D23A07C637400289E
:1037F000F8D0207C012101F085FFFF21304602F046
:1038000073F8304602F026F800231846A374BDE88A
:10381000F8834A464146304602F054F8207538B9DC
:10382000304602F043F8304602F040F80120D9E774
:103830002523D4E718C30120F0B5002783B00C215D
:1038400004463A46C77400F05BF8B0B9A67C1EB9CE
:103850000126304603B0F0BD05460121207C01F071
:1038600051FF201DFF21019002F03EF8019801F068
:10387000F1FF3046A57403B0F0BD0923A67C637444
:10388000002EE6D0251D207C01213E4601F03AFFA6
:10389000FF21284602F028F8284601F0DBFF3046D9
:1038A000A77403B0F0BD00BFC27C022A03D0012A76
:1038B00004D00120704703685B6E1847FFF7BCBF58
:1038C00038B503680D460D4904461A6A8A420CD180
:1038D000C27C022A04D0012A0BD00120257738BDF2
:1038E0005B6E98470028F8D138BD90470028FBD080
:1038F000F3E7FFF7A1FF0028F6D0EEE781160100FD
:103900002DE9F041036882B00F4635490192064621
:103910001A6A8A425ED1C27C022A41D0012A5BD057
:10392000B47C002C47D0351D0C2F11D0DFF8B480AB
:10393000D8F8004004F59674A4B204E0D8F800303A
:10394000E31A1A0434D4284601F0B0FFFF28F5D159
:103950000DF1040802AC47F04001284601F0C4FF15
:1039600014F8011D284601F0BFFFA045F8D1002F33
:1039700028464FF00A040CBF9521872101F0B4FFBF
:10398000284601F093FF2846013C01F08FFF030613
:10399000A4B2307501D5002CF5D102B0BDE8F0819C
:1039A0005B6E98470028BBD1FF2002B0BDE8F081D4
:1039B000002FCDD0F8E7351D284601F02DFF214618
:1039C000307C01F09FFEFF21284601F08DFF01238E
:1039D000B374A9E79047E5E7FFF72EFFE2E700BFE2
:1039E0008116010018C301202DE9F04788B0054673
:1039F0004FF00008174601AC2E1D85F8128085F89F
:103A0000118085F8158084E80E009DF80400287464
:103A100001F074FE0121287C01F074FE6C4907233B
:103A2000C5E9021394E8070005AB83E807003046B8
:103A30000ECB01F0FBFEAC7C85F81380002C67D028
:103A40000A240121287C01F05DFEFF21304601F0AF
:103A50004BFF611E11F0FF04F7D121460A24287C98
:103A600001F050FE002228461146FFF749FF0128C9
:103A700004F1FF3304460AD013F0FF04F2D101230E
:103A8000A87C6B74002851D108B0BDE8F0874FF4D2
:103A9000D57208212846FFF733FF420757D56C75CA
:103AA0002B68DFF830A19B6D534561D1687DA0F193
:103AB0000204DFF82491B4FA84F4D9F800306409E0
:103AC00003F5FA68A4071FFA88F805E0D9F8003072
:103AD000A8EB03031B0449D4372100222846FFF733
:103AE0000FFF224629212846FFF70AFF0028EDD1C3
:103AF0002B689B6D534565D1687D022849D0AB7C0E
:103B0000CBBB07230120C5E9027308B0BDE8F087ED
:103B1000304601F081FE2146287C01F0F3FDFF21B3
:103B2000304601F0E1FE0123AB7489E7287C0121D6
:103B300001F0E8FDFF21304601F0D6FE304601F0ED
:103B400089FE00231846AB7408B0BDE8F087022355
:103B500004246B75304601F0A9FE631E287513F02E
:103B6000FF04F7D1AA289BD0062389E7172387E70C
:103B7000284698479BE70121287C01F0C3FDFF21DF
:103B8000304601F0B1FE304601F064FE0023AB7414
:103B9000B7E700223A212846FFF7B2FEA8B930461F
:103BA00001F084FE00F0C000C02801D103236B7532
:103BB000304601F07BFE304601F078FE304601F0E1
:103BC00075FE9CE72846984797E7122358E700BF01
:103BD000801A06007D13010018C30120F8B50022E9
:103BE0000D463A210646FFF78BFEE0B9371D2C1D26
:103BF000384601F05BFE04F8010DA542F8D1B47C13
:103C000014B901242046F8BD307C012101F07AFD71
:103C1000FF21384601F068FE384601F01BFE002304
:103C20002046B374F8BD1223B47C7374002CE9D021
:103C3000341D307C012101F065FDFF21204601F09B
:103C400053FE204601F006FE00231C46B3742046B6
:103C5000F8BD00BF70B5164682B000220446FFF7DB
:103C60004FFEB0B11B236374A07C08B902B070BDD5
:103C7000251D207C012101F045FDFF21284601F092
:103C800033FE284601F0E6FD00231846A37402B077
:103C900070BD0546102231462046FFF787FD0028FB
:103CA000E2D0A67C002EE1D0207C012101F02AFD8B
:103CB000201DFF21019001F017FE019801F0CAFDBF
:103CC0003046A57402B070BD0368254ADB6C934290
:103CD00000B585B00FD16A460921FFF7BBFF38B1A7
:103CE0009DF8003013F0C00308D0402B27D00020EF
:103CF00005B05DF804FB69469847F0E79DF8093088
:103D00009DF80A2003F003039DF806109DF80700B4
:103D10005B0001F0030180009DF808C043EAD21364
:103D20009DF8052040EA812002F00F0240EA9C1035
:103D300013440130073B984005B05DF804FB9DF843
:103D400009009DF8073001309DF8082003F03F037B
:103D500000EB034000EB0220800205B05DF804FB9D
:103D60005D1E010003680A4630B59B6D83B0164D99
:103D70000446AB4224D1407D03284FF01201204677
:103D800018BF5202FFF7BCFD20B901231846E374A7
:103D900003B030BD0C23A07C63740028F8D0251D2F
:103DA000207C012101F0AEFCFF21284601F09CFDA2
:103DB000284601F04FFD00231846A37403B030BD20
:103DC00001919847019AD7E77D130100F8B5144691
:103DD000C27C06460D46012A1F4602D183698B42EA
:103DE00005D029463046FFF7BDFF80B1B56187B1E8
:103DF000002501E0AF420CD021464FF4007230465E
:103E0000013504F50074FFF7D1FC0028F2D1002041
:103E1000F8BDB369307F3B44B3610028F8D1304628
:103E2000BDE8F840FFF708BD2DE9F84F9B46C37C7D
:103E300006460C46012B1546DDF82890DDF82C804F
:103E400002D183698B4205D021463046FFF78AFFB5
:103E5000B0B1B461BBF1000F15D004EB0B0A02E066
:103E6000C847A2450FD04FF4007229463046FFF7ED
:103E70009DFC07464246204629460134002FEFD1DB
:103E80000020BDE8F88FB369307F5B44B361002840
:103E9000F7D13046BDE8F84FFFF7CEBC03682DE9F7
:103EA000F0415F69164B9F421FD1C37C04460D460B
:103EB0001646012B02D18369994205D02946204636
:103EC000FFF750FF70B1A5614FF4007231462046F4
:103ED000FFF76CFC30B1A369207F0133A36148B1C7
:103EE000BDE8F0810020BDE8F081BC460123BDE8BB
:103EF000F04160472046BDE8F041FFF79DBC00BFA0
:103F0000A51B010003680A4630B59B6D83B0164DB2
:103F10000446AB4224D1407D03284FF019012046CE
:103F200018BF5202FFF7ECFC20B902230120E37412
:103F300003B030BD0E23A07C63740028F8D0251D8B
:103F4000207C012101F0DEFBFF21284601F0CCFCA2
:103F5000284601F07FFC00231846A37403B030BD4F
:103F600001919847019AD7E77D13010003682DE975
:103F7000F043DB6C1746414A85B004460E46934237
:103F800045D16A460921FFF765FE0546B5B19DF8A2
:103F90000A305A0618D5637D032B01D076027F02C2
:103FA000324620212046FFF7ABFC28B93A462121B2
:103FB0002046FFF7A5FC70B326236374A57C9DB94A
:103FC000284605B0BDE8F08303F03F039DF80B20C1
:103FD0005B0043EAD2137A1C32431342DBD027231F
:103FE000A57C6374002DEBD0251D207C012101F000
:103FF00089FBFF21284601F077FC284601F02AFCC6
:1040000000231D46A374284605B0BDE8F083694629
:1040100098470546BAE7024626212046FFF770FC7E
:104020000028C9D1DFF8588042F2107704F1040962
:10403000D8F800301F44BFB204E0D8F80030FB1AB3
:104040001B0417D4484601F031FCFF280646F4D182
:10405000A37C002BB4D00121207C1D4601F052FB33
:104060003146484601F040FC484601F0F3FB00238E
:10407000A374A5E728236374A0E700BF5D1E0100B9
:1040800018C3012070B5002282B00E4609210446F3
:10409000FFF736FCB0B11B236374A07C08B902B0F3
:1040A00070BD251D207C012101F02CFBFF2128463D
:1040B00001F01AFC284601F0CDFB00231846A3743A
:1040C00002B070BD0546102231462046FFF76EFB58
:1040D0000028E2D0A67C002EE1D0207C012101F056
:1040E00011FB201DFF21019001F0FEFB019801F062
:1040F000B1FB3046A57402B070BD00BF70B50022A0
:1041000082B00E460A210446FFF7FAFBB0B11B232A
:104110006374A07C08B902B070BD251D207C01210C
:1041200001F0F0FAFF21284601F0DEFB284601F0FD
:1041300091FB00231846A37402B070BD05461022FF
:1041400031462046FFF732FB0028E2D0A67C002E45
:10415000E1D0207C012101F0D5FA201DFF21019042
:1041600001F0C2FB019801F075FB3046A57402B066
:1041700070BD00BF70B5051D16460446284601F007
:10418000B3FB4FF400723146284601F0B7FBFF2124
:10419000284601F0A9FBFF21284601F0A5FB28468F
:1041A00001F084FB00F01F032075052B04D02023B1
:1041B000A07C637410B970BD012070BD207C01210A
:1041C00001F0A0FAFF21284601F08EFB284601F0FD
:1041D00041FB00231846A37470BD00BF2DE9F041D8
:1041E000174D06460F4600F104082C6804F51674B6
:1041F000A4B203E02B68E31A1B040CD4404601F080
:1042000055FBFF28F6D13A46FC213046FFF7B2FFB6
:1042100018B1BDE8F08124237374B07C0028F8D075
:10422000307C012101F06EFAFF21404601F05CFB79
:10423000404601F00FFB00231846B374BDE8F0813F
:1042400018C30120036870B59B6D1646224A82B0E0
:1042500004460D4693423CD1407D03284FF018019F
:10426000204618BF6D022A46FFF74AFB0546B0B14B
:104270000D236374A07C08B902B070BD251D207C9D
:10428000012101F03FFAFF21284601F02DFB2846CD
:1042900001F0E0FA00231846A37402B070BD324664
:1042A000FE212046FFF766FF0028E3D0A67C002E03
:1042B000E2D0207C012101F025FA201DFF21019090
:1042C00001F012FB019801F0C5FA3046A57402B066
:1042D00070BD9847C1E700BF7D13010010B4047F93
:1042E00034B104680123A46AA4465DF8044B604716
:1042F0005DF8044BFFF7A6BF10B584B004460DF17E
:10430000040C8CE80E009CE80E00FFF76DFB20B15A
:104310009DF8053003F00103237704B010BD00BF02
:10432000002070470020704700207047704700BF92
:10433000084B0021084A094810B499631C6B1460AB
:1043400012685DF8044B1A639A6C22F081029A6439
:104350000170704700002C4088BD01204DC3012032
:10436000034B586A80F08070C0F30060704700BF54
:1043700000002C40014B1878704700BF4DC301204E
:104380002B4A2C4B526AD3F800312B49C2F3C2227C
:1043900003F03F03013270B5284C4FF47A75A4FB4B
:1043A000034305FB00F09B08B1FBF3FEBEFBF2FEEE
:1043B000B0EB1E1F35D201231E465B001A01BEFB67
:1043C000F2F2824201D9FF2BF6D9BEFBF3F236029C
:1043D00090422AD24FEA430C012200E0A44615463F
:1043E00003EB0C040132BEFBFCF1814217D9102A09
:1043F000F4D1F0254FF47A731149124A03FB0CFCF7
:10440000BEFBFCF30B60104BD16A0B402B433343D4
:1044100043F46023D362536A1B07FCD570BD2D01A2
:10442000E8E7724600260123D2E79C460025E1E733
:1044300000C00F4000800D4000EC695EABAAAAAA44
:10444000F4BB012000002C400F00F0FF014B187856
:10445000704700BF82A10020014B1868704700BF61
:1044600088BD012010B4074C8C460FCCCCF800005E
:104470000120CCF80410CCF80820CCF80C305DF802
:10448000044B704758BD012010B4074C8C460FCC2C
:10449000CCF800000120CCF80410CCF80820CCF8AF
:1044A0000C305DF8044B704768BD0120024B0120C1
:1044B0001B680B60704700BF78BD0120704700BFCC
:1044C00010B504460C21FCF74FFC204610BD00BF80
:1044D000044B1B7823B1044B18780230C0B27047EC
:1044E0000120704749C301204AC30120184B1A78A4
:1044F00012F0C0020FD0402A01D000207047587A35
:10450000DA79197A013002F03F0300EB034000EB47
:104510000120800270475A7A9979D87902F0030213
:1045200093F808C001F003018000520040EA8120A6
:1045300000B593F80AE040EA9C105B7942EADE128B
:10454000013003F00F031344073B98405DF804FB70
:1045500068BD0120404A0520404938B5D2F80041E5
:104560003F4B44F080043F4DC2F80041D2F8004177
:1045700024F03F04C2F80041D2F8004144F018048E
:10458000C2F80041D2F8004124F08004C2F8004192
:10459000D3F8802042F00C02C3F880205A6A22F43B
:1045A00060525A62DA6942F48032DA615A6A42F43D
:1045B00000625A62C1F8CC01C1F8D001C1F8BC0157
:1045C000C1F8C001C1F8C401C1F8C801AA6C264BEA
:1045D00042F00042AA64EA6A1343EB62EC6A14F008
:1045E0008074FBD14FF4C870FFF7CAFE1B4B47F233
:1045F000B80241F2B801C3F8CC411C48C3F8D0411D
:10460000C3F8BC41C3F8C041C3F8C441C3F8C841B2
:10461000C3F8BC23C3F8C023C3F8AC23C3F8B0135A
:10462000C3F8B4231249C3F8B823124B6863C1F826
:10463000F8314FF0E0234FF480420F49602081F8B9
:104640006E00C3F80C21EB6A064A43F00063EB628C
:10465000D36A1B01FCD438BD00800D4000801F4090
:1046600000C00F4000002C40008000010B007F11B3
:1046700000A400200921010000E400E02DE9F04140
:10468000FCF70CFA174E184D0746DFF8748004E06B
:10469000FCF704FAC01B40451BD8346B2C40F7D004
:1046A000124A0021124B1170326B1A601968114ABC
:1046B00031631B68134209D00F491F240F4B40F28E
:1046C0007A2200200C701A60BDE8F0810120BDE85C
:1046D000F081064A064B1470326B1A601B68336314
:1046E000EAE700BF00002C4002007F114BC301200D
:1046F00088BD012000007F1182A100204CBD012057
:1047000040420F002DE9F843264C0F462378002B3A
:1047100038D1254B5A6AD2052BD5234DDFF894802A
:10472000AB6A43F48033AB62FCF7B8F9064604E0A9
:10473000FCF7B4F9801B40452AD86B6A13F48069F2
:10474000F6D007F13C0C184807F50F77436A5B0574
:10475000FCD5ACF1400353F8042F9C450262FAD11A
:104760000CF1400CBC45F1D1012318462370BDE883
:10477000F8839A6A22F480329A629A6A42F400328A
:104780009A62CAE7FFF77AFF0028C2D1BDE8F88332
:1047900006492124064B4FF47E7248460C701A607D
:1047A000BDE8F8834BC3012000002C4082A100200B
:1047B0004CBD012040420F002DE9F04107468846DC
:1047C0001F4CFCF76BF91F4E054604E0FCF766F939
:1047D000431BB34224D8636AD907F7D4BB02C4F899
:1047E000088020D427F0FF03154C174EE360FCF738
:1047F00055F9144F054604E0FCF750F9401BB84248
:104800000ED8236B3342F7D0226B104B1A601A6814
:1048100022631A68D20703D51B6813F4702F0BD0DC
:104820000020BDE8F081A26CFBB222F0FF02A2647E
:10483000A26C1343A364D5E70120BDE8F08100BF5B
:1048400000002C4040420F0001000F0088BD0120F5
:10485000154B30B50D4685B01968FFF7ADFF08B3AD
:10486000124B05F10F041A69009259690191996977
:104870000291DB690393002301E05EF8102C03F042
:10488000030C01334FEACC0C23F0030E0F2B22FA5A
:104890000CF20EF1100104F8012D0DEB010EECD11C
:1048A0000023EB7305B030BD7CBD012000002C401F
:1048B00010B5037ADB0705D5154B1B68B3B1BDE80E
:1048C00010401847134B1B783BB9134B5C6A84F0BC
:1048D0008074C4F30064204610BD0F4B0F4C1B6B5B
:1048E0001C40B4FA84F46409204610BD0C4B1C78BB
:1048F000002CF0D00B4B0C481968FFF75DFF002827
:10490000E9D0054B1C6984F48074C4F30024E2E709
:1049100084BD01204BC3012000002C4002007F1108
:1049200048C301207CBD012000001A0D08B5044BCE
:1049300004481968FFF740FF08B1034B186908BD28
:104940007CBD012000001A0D00002C4008B5074B6B
:1049500007481968FFF730FF30B1064B186980F43B
:104960008070C0F3002008BD012008BD7CBD01207F
:1049700000001A0D00002C402DE9F047294B894614
:10498000DFF8C0A0284ECAF80030FCF787F8274DA2
:104990000446DFF8B480264F06E0FCF77FF8001BE2
:1049A000B84229D8FDF7D6FE31682846FFF704FF44
:1049B0000028F2D0D8F81030DB05EED500234FF4F4
:1049C0000072CAF80030D8F8283023F48033C8F8D1
:1049D0002830184BC8F804201B78CBB1494616483C
:1049E000FFF7EAFE30B915490E24154B40F2574245
:1049F0000C701A60BDE8F087104A0A210020104BA5
:104A0000117040F24B42CAF800001A60BDE8F0870E
:104A10004FEA492908484946FFF7CEFE0028E9D168
:104A2000E1E700BF252701007CBD012000001A0D31
:104A300040420F004AC3012020003A1982A1002001
:104A40004CBD012084BD012000002C402DE9F04127
:104A5000254C00212548A36A23F48033A362FFF785
:104A6000ABFE054648B922490920224B40F23D22BF
:104A700008701A602846BDE8F0811F4BDFF880807F
:104A8000C8F80030FCF70AF8636A0646D80118D463
:104A90001A4F04E0FDF75EFE636AD90111D4FBF7FB
:104AA000FDFF831BBB42F5D9114A0A210025114B9A
:104AB00011704FF410722846C8F800501A60BDE813
:104AC000F0810022084BC8F800205A6A9207D1D51D
:104AD000586B9A6AD96A22F4803241F08061D962B7
:104AE00058639A62C6E700BF00002C400000DB0C50
:104AF00082A100204CBD01203921010040420F005D
:104B000084BD01202DE9F04782468946364EFBF7E9
:104B1000C5FF364D0446DFF80081354F04E0FBF752
:104B2000BDFF031BBB4227D831682846FFF744FE70
:104B30000028F4D0D8F81030DA05F0D501232D4D37
:104B40002D4F51462B7000232C483B602C4BC8F84E
:104B50000090C8F804302B4BC8F83830FFF72CFE13
:104B60000446A0B928490420284B40F29F1208703F
:104B700020461A60BDE8F08723490A20234B4FF4F2
:104B8000CC72002408701A602046BDE8F087204BE4
:104B9000DFF88890C9F80030FBF780FF2B780646D5
:104BA000BBB1DFF84C8003E0FDF7D4FD2B7883B177
:104BB000FBF774FF831B4345F6D90023C9F8003087
:104BC00011492520114B4FF4D172002408701A604E
:104BD000DAE73B6800229B07C9F80020F0D53A6865
:104BE0000C4B1A42D0D0EBE77CBD012000001A0D1F
:104BF00040420F004DC3012088BD012011003A063C
:104C00004000010002007F1182A100204CBD012064
:104C10004D21010000007F1100002C4084BD0120C7
:104C20002DE9F041324D1446AB7A13F0400012D119
:104C300003F03F03EA7A5B0043EAD213621C0A43A3
:104C4000134208D02B4927242B4B40F202320C7020
:104C50001A60BDE8F081294B1B780BB94902640248
:104C60002748FFF7A9FD40B922490F24224B40F203
:104C70000A320C701A60BDE8F08121462148FFF726
:104C80009BFD40B91B4910241B4B40F20D320C70A8
:104C90001A60BDE8F08100211B48FFF78DFD38B98F
:104CA00014491124144B4FF444720C701A60E2E75B
:104CB000FBF7F4FE154E164D0446DFF85C80154FE9
:104CC00031682846FFF778FD18B1D8F81030DB05B9
:104CD000D1D4FBF7E3FE001BB842F1D905492824E3
:104CE000054B40F2133200200C701A60C3E700BF7E
:104CF00068BD012082A100204CBD01204AC30120D3
:104D000000001A2000001A2100001B267CBD012093
:104D100000001A0D40420F0000002C402DE9F04F1A
:104D200012F0030483B018BF012401900093002BFC
:104D300008BF44F001045CB140492520404B40F2DB
:104D4000F512002408701A60204603B0BDE8F08F09
:104D50003C4B15463C4A0E46DFF80C911360FBF7BE
:104D60009DFEDFF808810746DFF804B1DFF8F0A008
:104D700006E0FBF793FEC01B504544D8FDF7EAFC64
:104D8000D9F800104046FFF717FD0028F1D0DBF8F6
:104D90001030DA05EDD5009A2C4B2B4903EA02437B
:104DA00000222B4F0A6043F400730121DFF8C48016
:104DB0003970C8F80020CBF80050CBF80430254BF0
:104DC000CBF83830244B1B7843B331460198FFF7BA
:104DD000F3FC81460028B7D0204B1B4A1360FBF739
:104DE0005DFE3B780546DBB11D4E03E0FDF7B2FCEE
:104DF0003B78ABB1FBF752FE401BB042F6D9002323
:104E0000114A1360A0E70D4B0A2200210E481A70C8
:104E10004FF4FC720A4B01601A6095E77602D4E702
:104E20000023094A1360D8F800309B078CD5D8F8C6
:104E300000200C4B1A4208BF4C4685E782A1002097
:104E40004CBD01202527010084BD01200000FF1F6B
:104E50004DC3012002007F114AC301204D210100F2
:104E600040420F0000007F117CBD012000001A0DA0
:104E700000002C4088BD0120F8B50646007A0C469B
:104E80001546C0071F4613D483B10F4401E0BC424E
:104E90000CD033682A46214630461B69013405F59B
:104EA000007598470028F2D10020F8BD0120F8BD18
:104EB000900712D0002BF9D00F4401E0BC42F5D08E
:104EC00033682A46214630461B69013405F50075D2
:104ED00098470028F2D10020E7E70648FFF71EFFB9
:104EE0000028E3D104490C24044B40F2A1320C7099
:104EF0001A60F8BD37003A1282A100204CBD012093
:104F0000F8B50646007A0C461546C0071F4613D46E
:104F100083B10F4401E0BC420CD033682A462146DD
:104F200030465B6A013405F5007598470028F2D1D8
:104F30000020F8BD0120F8BD900712D0002BF9D059
:104F40000F4401E0BC42F5D033682A462146304682
:104F50005B6A013405F5007598470028F2D10020FE
:104F6000E7E70648FFF7DAFE0028E3D104490E24FC
:104F7000044B40F23D420C701A60F8BD27003A190C
:104F800082A100204CBD01202DE9F04F0025DFF863
:104F9000C0929B4C91B0DFF8BC829A4E0172457270
:104FA00089F80050257088F800503570FFF7D2FA64
:104FB00029462846FFF700FC50B90121924B40F2E8
:104FC0008E22054621701A60284611B0BDE8F08F88
:104FD00003258E4F4FF4D5713846FFF7EDFB0028BF
:104FE0004ED1013DF6D13378002B3DD0DFF868B2C9
:104FF000FBF754FD864E0546DFF860A2854F002181
:105000003046FFF7D9FB50B9002517217E4B4FF4EE
:105010002A72284621701A6011B0BDE8F08F5946F7
:105020005046FFF7C9FB0028EED0FBF737FD401BC9
:10503000794BB842E8D81A69002AE0DA1969774A48
:1050400011601B695A0002D5012388F80030002145
:105050007348FFF7B1FB054610BB02216A4B40F2D3
:10506000B12221701A60AFE7FFF774FA294628468B
:10507000FFF7A2FB3378002BB8D14FF4401BB7E702
:10508000654B1B69B3F5D57F07D006215E4B4FF406
:105090002572002521701A6096E701233370A5E779
:1050A00000216048FFF788FB054630B90321564BC5
:1050B0004FF42D7221701A6086E7574E5A4B3269B1
:1050C0005A4F13405A495B483B60FFF7C1FB054606
:1050D00030B907214C4B40F2B92221701A6073E7B6
:1050E00055495648FFF7B4FB054630B90821464BF1
:1050F0004FF42F7221701A6066E739685048FFF745
:105100005BFB054630B905213F4B40F2BF222170C1
:105110001A6059E739683E48FFF74EFB38B9142149
:10512000394B40F2C322002521701A604CE702215E
:105130004448FFF741FB05460028F0D0B36A6946B2
:105140006FF07F4023F00603B362B36A43F00203BB
:10515000B3624FF010137364FFF7D4FC9DF80D3069
:105160009B0743D5002841D0274E6946364894F81E
:1051700000803768FFF7C6FC9DF8103003F00F037E
:10518000012B36D1A8B34CF25030304C0523C4F873
:10519000CC31C4F8D031C4F8BC31C4F8C031C4F843
:1051A000C431C4F8C831FFF7EBF8002347F2B80266
:1051B000C4F8CC31C4F8D031C4F8BC31C4F8C03123
:1051C000C4F8C431C4F8C83141F2B803C4F8BC23F0
:1051D000C4F8C023C4F8AC23C4F8B0330123C4F826
:1051E000B423C4F8B82389F80030EDE646F2A810DD
:1051F000CBE746F2A81084F800803760C5E700BF0F
:1052000082A1002049C301204CBD012000001A08E2
:1052100000001A3740420F0000002C4078BD0120EA
:105220000000090200001A030000FFFF7CBD0120FE
:1052300068BD01200000090958BD01200000090ACD
:1052400000001B0700001A06F1FFFF8000801F40CE
:1052500048C301204AC30120000030400000022959
:10526000374B5A6A92052DE9F0410F460DD49A6AE0
:1052700022F480329A6272B69A6A42F400329A62DA
:105280009A6A42F480329A6262B6FBF707FC2C4EAF
:10529000DFF8C480054604E0FBF700FC431B4345F0
:1052A00037D8746A14F40064F6D007F13C0C244833
:1052B00007F50F77436A1B05FCD5ACF14003026A82
:1052C00043F8042F9C45FAD10CF1400C6745F1D10D
:1052D000FBF7E4FB1A4F1B4D0646DFF87C8004E029
:1052E000FBF7DCFB831B43451DD83C6B2C40F7D000
:1052F0003B6B154A136013683B63136813F002039A
:105300001BD01268114B1A420CBF01200020BDE8CF
:10531000F0810F491A250F4B40F2563220460D708E
:105320001A60BDE8F0810A491D250A4B40F261323E
:1053300020460D701A60BDE8F0811846BDE8F08186
:1053400000002C4002007F1188BD012000007F1169
:1053500082A100204CBD012040420F002DE9F04702
:10536000294B8946DFF8C0A0284ECAF80030FBF769
:1053700095FB274D0446DFF8B480264F06E0FBF787
:105380008DFB001BB84229D8FDF7E4F931682846A7
:10539000FFF712FA0028F2D0D8F81030DB05EED56E
:1053A00000234FF40072CAF80030D8F8283043F4D4
:1053B0008033C8F82830184BC8F804201B78CBB1CC
:1053C00049461648FFF7F8F930B915490C24154B32
:1053D00040F2BD320C701A60BDE8F087104A0A2115
:1053E0000020104B117040F2B132CAF800001A6070
:1053F000BDE8F0874FEA492908484946FFF7DCF93C
:105400000028E9D1E1E700BF252701007CBD01208C
:1054100000001A0D40420F004AC3012030003A122A
:1054200082A100204CBD012084BD012000002C4041
:105430002DE9F04100221D4C0D4642721146A36A2F
:105440001B4823F48033A362FFF7B6F940B919492A
:105450000924194B40F2D3320C701A60BDE8F08178
:10546000002DFBD0154B164E3360FBF717FB636A1C
:105470000746DA0116D4DFF84C8004E0FDF76AF93C
:10548000636ADB010ED4FBF709FBC01B4045F5D96D
:10549000084A0A210020084B117040F2D7323060D0
:1054A0001A60DBE7002328463360D7E700002C4072
:1054B0000000DB0C82A100204CBD0120392101003D
:1054C00084BD012040420F000A4B1B7810B50446F2
:1054D0001BB9637A43B9012010BDFFF7CFF800284C
:1054E000FAD0637A002BF6D020460121BDE81040A7
:1054F000FFF79EBF4BC301202DE9F0410446007A1F
:10550000ADF5007D164610F0010513D093073CD091
:10551000012338486A46FFF701FC00283AD04FF4CF
:10552000007269463046FBF783FB28460DF5007D87
:10553000BDE8F081DFF8CC800F4698F80030002BF2
:1055400035D1637A012B39D022682B49126A8A42FD
:105550004AD198F80020002A34D1002B39D139469D
:105560002046FFF7FBFEE8B1012367606372314616
:105570002046FFF775FEA8B163680546013328464B
:1055800063600DF5007DBDE8F08101231948FFF748
:10559000C5FB38B919490B20194B4FF45D72002532
:1055A00008701A6028460DF5007DBDE8F081FFF710
:1055B00065F80028F6D0637A012BC5D16268BA423B
:1055C000C2D1D4E7FFF75AF80028EBD0637A002B5A
:1055D000C5D001212046FFF72BFF0028BFD1284668
:1055E0000DF5007DBDE8F081204690470028F6D0FB
:1055F000B5E700BF11003A11A132010082A10020DD
:105600004CBD01204BC301202DE9F041047AADF5DA
:10561000007D0F46904614F001041DD012F0030FD8
:1056200006D0684611464FF400728046FBF700FB37
:105630000123424639462C48FFF770FB044630B937
:105640002A490D202A4B40F2114208701A60204668
:105650000DF5007DBDE8F081264D06462B782BBB6D
:10566000737A022B29D032682349126A8A4236D1D2
:105670002A7832BB002B2BD13368394630461B6E5B
:1056800098470028E3D0022377607372336841465D
:105690003046DB6D98470028D9D073680446013343
:1056A000204673600DF5007DBDE8F081FEF7E6FF52
:1056B0000028CCD0737A022BD5D17268BA42D2D1ED
:1056C000E4E7FEF7DBFF0028C1D0737A002BD3D0CC
:1056D00001213046FFF7ACFE0028B8D0CCE73046B9
:1056E00090470028B3D0C7E701003A1882A10020F4
:1056F0004CBD01204BC30120A13201000121FBF769
:1057000033BA00BFFBF7F4B930B482B00C4602AB39
:1057100003E90600C37C002B30D072B6C37CDA07E5
:1057200008D54FF0E0214569D1F880212A408262F6
:10573000C1F880219D0708D54FF0E0218569D1F897
:1057400084212A40C262C1F88421590708D54FF04C
:10575000E021C569D1F888212A400263C1F8882177
:105760001A0708D54FF0E021056AD1F88C212A40AC
:105770004263C1F88C21DB062FD462B683689C4259
:1057800035D0224B84609B69214AC3F30111C3F3D6
:10579000826352F821100133B1FBF3F2CCB1944291
:1057A00027D8B2FBF4F3B2FBF3F294422CD3B3F557
:1057B000817F20D3174CC460036803220020019925
:1057C00018615A6201221C6419661A6102B030BC69
:1057D00070479942EFD3531CE9E74FF0E022416A4A
:1057E000D2F890310B408363C2F89031C5E7C468AA
:1057F000E2E70024DFE7022BFBD9023B5A08140240
:1058000044EA02441C43D6E71A46E4E700C00F40CE
:10581000C41A0020FF7F7F0008B5034653F8040B2D
:1058200093E80600FFF770FF08BD00BF84B00DF1DC
:10583000100C0CE90E00024623B11846136004B0A8
:10584000F1F776B8024B1846136004B0F1F770B860
:10585000209500200268D37C13B3D80704D5906A42
:105860004FF0E021C1F80001990704D5D06A4FF04C
:10587000E021C1F80401580704D5106B4FF0E02176
:10588000C1F80801190704D5506B4FF0E021C1F8A9
:105890000C01DB0604D5926B4FF0E023C3F8102116
:1058A000704700BF0068F1F761B900BF0268FF23CD
:1058B00012685366D36D13F4F81FFBD0506FC0B25B
:1058C000704700BF30B50C4683B00546FF21204627
:1058D000019204F011F82868019B22462146F1F755
:1058E00041F9002003B030BD03681A685166D36DDA
:1058F00013F4F81FFBD0536F704700BF531EB3F56E
:10590000007F30B51446ADF5017D054611D36AB16F
:105910000368481E1968821810F8013F4B66CB6D6A
:1059200013F4F81FFBD090424B6FF5D10DF5017DBC
:1059300030BD6846FBF77CF96A4623462868114665
:10594000F1F710F90DF5017D30BD00BFB1F5807F95
:1059500021D810292ED840234FF0200CB2FBF3F1B0
:10596000B1F5806F20D203FB112300B5B2FBFCFE22
:10597000B3FBFCF30CFB1E224FEA910CDBB20132AD
:105980002CF03F0CC9B2037042EA0C028170D2B213
:1059900042705DF804FB3F239C46802910D9B1F585
:1059A000FC7F0FD81B01D9E7FF21FE234170037054
:1059B00081707047202916D880234FF0200CCDE746
:1059C000DB00CBE7B1F57C7F04D9B1F5FC6F03D8E0
:1059D0009B01C3E75B01C1E7B1F57C6F94BFDB01BD
:1059E000C3EB0323BAE720239C46D6E72DE9F04F0B
:1059F000002785B0CDE90127002A62D04B1E06465C
:105A00000093B6F83E38002203F1030903921FFA0F
:105A100089F94B4568D84FF0000A03F1280C194664
:105A2000B6F832B70DF1080E544698B2B44415E0FA
:105A30001CF8012F691C3B2A18BF2C2A88B244D0BD
:105A4000002A42D01FFA88F3814504F101044FF087
:105A5000010A0EF8012BA6F83E383CD383450346D5
:105A60000D4600F10108E3D8BAF1000F36D00394D7
:105A70008DB204F1100235444FF000010DEB020429
:105A800095F829202C2A04F8081C05D03B2A27D198
:105A9000019A013ABA4223D1013303AA144902A858
:105AA000A6F83E3803F024FD012819D1039BFF2BF3
:105AB00016D8009A013702F8013F019B00929F42DD
:105AC0009FD1012005B0BDE8F08FBAF1000F00D0E2
:105AD0000394039CCDE71D460394CAE75446C7E7E9
:105AE000002005B0BDE8F08F1D461446C1E700BF99
:105AF000040A00202DE9F04F002787B00497019297
:105B0000ADF81470002A5CD06FF027060546A1F1AD
:105B10000208361AB5F83E38002003F10509039053
:105B20001FFA89F94B4525D803F128018246B5F8BB
:105B300032B70DF10F04294412E011F8012F3B2A6E
:105B400018BF2C2A41D0002A3FD01FFA8CF3013015
:105B50004FF0010A04F8012F4B45A5F83E383AD81A
:105B60009B4503F1010C06EB010EE6D8BAF1000FDC
:105B700034D003909E4600F11802AE4400210DEB94
:105B800002009EF829202C2A00F8081C05D03B2A88
:105B900026D1019A013ABA4222D1013303AA12490D
:105BA00004A8A5F83E3803F0A3FC012818D1039BF4
:105BB000B3F5803F14D2013728F8023F019B9F4282
:105BC000A8D1012007B0BDE8F08FBAF1000F00D0D6
:105BD00003900398CFE79E460390CCE75046C9E771
:105BE000002007B0BDE8F08F040A00202DE9F04F37
:105BF000002787B0049701920397CDF81370002A0D
:105C000058D06FF027060546A1F10408361AB5F8FA
:105C10003E38002003F10A0902901FFA89F94B452A
:105C200024D803F128018246B5F832B703AC2944E1
:105C300012E011F8012F3B2A18BF2C2A3ED0002A6F
:105C40003CD01FFA8CF301304FF0010A04F8012B0D
:105C50004B45A5F83E3837D89B4503F1010C06EBC0
:105C6000010EE6D8BAF1000F31D002909E4600F145
:105C70001802AE4400210DEB02009EF829202C2AC8
:105C800000F80C1C05D03B2A23D1019A013ABA42F4
:105C90001FD1013302AA114903A8A5F83E3803F029
:105CA00027FC012815D1029B013748F8043F019BCE
:105CB0009F42ACD1012007B0BDE8F08FBAF1000FD0
:105CC00000D002900298D2E79E460290CFE750465D
:105CD000CCE7002007B0BDE8F08F00BF040A002029
:105CE0002DE9F04F002387B000260193CDE902662D
:105CF000CDE90466002A4BD06FF02705044617460D
:105D000088462D1AB4F83E3803F10F0E1FFA8EFEA6
:105D1000734545D803F1280CB4F8329702A8002245
:105D2000A4440FE01CF8011F3B2918BF2C2910D0F8
:105D300079B11FFA8AF3013200F8011B7345A4F808
:105D40003E3805D8994503F1010A05EB0C0BE9D85B
:105D50009B46A344183200209BF829106A442C2942
:105D600002F8100C04D03B2916D17A1EB24213D18E
:105D7000013301AA0C4902A8A4F83E3803F0B8FB8D
:105D8000012809D10136019BBE4248F8043BB9D134
:105D9000012007B0BDE8F08F002007B0BDE8F08F0C
:105DA0009B460022D5E700BFFC080020013938B52A
:105DB0000446B82900F2BB80DFE811F00D010701AD
:105DC0000101BB0025011F01190113017F01B90069
:105DD000B900B900CE02C8024301B900B900B90048
:105DE000B900B900B900B900B900B900B900B900EB
:105DF000B900B900B900B900B900B900B900B900DB
:105E0000B900B900B900B900B900B900B900B900CA
:105E1000B900B900B900B900B900B900B900B900BA
:105E2000B9003D01370131012B01DA00BA02B90096
:105E3000B9004A02B900B900B900B900B90061015E
:105E4000B900B900B900B900B900B900B900B9008A
:105E50005B01B900B900B900B900B900B900B900D7
:105E6000B900B900B900B900B900B900B900B9006A
:105E7000B900B900B900B900B900B900B900B9005A
:105E8000B900B900790173016D01B9006701B90169
:105E9000B301B900AD01A701B900B900B900B9005B
:105EA000B9009101B9008B018501B900B900B900B1
:105EB000B900B900B900B900B900B900B900B9001A
:105EC000B90032022C023E02D300BF014F01B900DB
:105ED000B90049013802E000B900B900B900C200B8
:105EE000B900550120020A020402B900FE01B900FE
:105EF000B900B900B900B900B900B900B900B900DA
:105F0000B900B900B900B900B900B900B900B900C9
:105F1000B900B900B900B900B900B900B900B900B9
:105F2000B900C50126024402B900B900E800012009
:105F300038BD20460122CD49BDE83840FFF7D0BE2C
:105F40000122CB49FFF7CCFEF0B10122C94920461E
:105F5000FFF7C6FEC0B10122C7492046FFF7C0FEC9
:105F600090B120460122C549BDE83840FFF7C2BDC7
:105F70000122C349BDE83840FFF7BCBD0122C14939
:105F8000FFF7AEFE0028D4D1002038BDBE4D01225F
:105F90002946FFF7AFFD0028F6D00122A91C2046B4
:105FA000FFF7A8FD0028EFD068880028ECD02B88E8
:105FB000013B9BB298428CBF0020012038BD0122DA
:105FC000B249BDE83840FFF78BBE0122B049BDE8B9
:105FD0003840FFF785BE0122AA49BDE83840FFF7E7
:105FE0007FBE0122AB49BDE83840FFF779BE0122F0
:105FF000A949BDE83840FFF773BE0122A749BDE8B3
:106000003840FFF76DBE0122A549BDE83840FFF7D3
:1060100067BE0122A349BDE83840FFF76BBD0122EE
:10602000A149BDE83840FFF765BD01229F49BDE8A1
:106030003840FFF75FBD01229D49BDE83840FFF7BA
:1060400059BD02229B49BDE83840FFF749BE0122F5
:106050009949BDE83840FFF7C9BD01229749BDE81D
:106060003840FFF7C3BC01229549BDE83840FFF72F
:1060700041BD01229349BDE83840FFF7B7BC01227A
:106080009149BDE83840FFF72BBE18228F49BDE883
:106090003840FFF7ABBC01228D49BDE83840FFF71F
:1060A000A5BC01228B49BDE83840FFF723BD012282
:1060B0008949BDE83840FFF71DBD01228749BDE889
:1060C0003840FFF70DBE01228549BDE83840FFF793
:1060D00007BE01228349BDE83840FFF701BE012217
:1060E0008149FFF707FD00283FF44EAF01227F49A9
:1060F0002046FFF7FFFC00283FF446AF2046012270
:106100007B49BDE83840FFF7F5BC01227949BDE87D
:106110003840FFF7EFBC01227749BDE83840FFF770
:1061200065BC01227549BDE83840FFF75FBC182205
:106130007349BDE83840FFF759BC01227149BDE8F9
:106140003840FFF7D7BC504D01222946FFF7D2FC5B
:1061500000283FF419AF0122A91C2046FFF7CAFC12
:1061600000283FF411AF6A88002A3FF40DAF2B8856
:10617000013B9BB29A423FF607AF0122291D204600
:10618000FFF734FC00283FF4FFAE0122691D2046D2
:10619000FFF72CFC00283FF4F7AE0122A91D204692
:1061A000FFF724FC00283FF4EFAEE91D2046012252
:1061B000BDE83840FFF71ABC01225349BDE838401A
:1061C000FFF798BC01225149BDE83840FFF70EBCEB
:1061D00001224F49FFF784FD00283FF4D5AE01228C
:1061E0004C492046FFF77CFD00283FF4CDAE204609
:1061F00001224949BDE83840FFF7F8BB0122474971
:10620000BDE83840FFF776BC01224549BDE838407B
:10621000FFF770BC01221649BDE83840FFF760BDAA
:1062200001224049BDE83840FFF75ABD012212491A
:10623000BDE83840FFF754BD01220E49BDE83840A3
:10624000FFF74EBD01223849BDE83840FFF748BD91
:10625000364D01222946FFF7C9FB00283FF494AED2
:106260002878003818BF012038BD00BF9CC101202C
:10627000F8C10120FCC1012000C2012010C2012090
:1062800010C1012090C1012040C2012098C101200D
:1062900094C10120ACC10120A8C10120A4C10120EA
:1062A000A0C101200EC101200CC1012008C10120A4
:1062B0000AC10120D4C101200CC201201AC2012050
:1062C00014C2012034C2012030C201204DC101207E
:1062D00046C1012044C1012040C10120B0C10120BC
:1062E0008CC1012088C1012082C1012084C101200C
:1062F00086C1012042C1012080C101207EC1012050
:1063000066C1012012C2012018C201201CC2012056
:1063100004C2012008C201201BC2012016C20120B4
:1063200048C20120F4C101204CC2012024C2012036
:1063300001220C49FFF75AFB00283FF425AE204606
:1063400001220949BDE83840FFF750BB0222074946
:10635000BDE83840FFF7C4BC06220549BDE8384017
:10636000FFF7BEBC12C1012013C10120CCC1012026
:10637000B4C1012038B590F8353700255A1C80F893
:10638000285080F8352790F834279A4233D00122DC
:1063900000F128010446FFF729FB98B9B4F83E380C
:1063A000B4F8320703F12802224405E0A4F83E388D
:1063B00012F8011F3B2903D0591C98428BB2F5D823
:1063C000012038BD94F828102046FFF7EFFCA0B953
:1063D000B4F83E38B4F8320703F12802224405E04D
:1063E000A4F83E3812F8011F3B29E9D0591C984205
:1063F0008BB2F5D8E4E7022038BD284638BD00BF8F
:1064000000F002B8000000002DE9F04151EC110B42
:106410004342614C21F00046034346EAD37382B005
:10642000A3428DED000B3CD8DDE900E7CEF100037F
:1064300043EA0E0327F0004848EAD373A34230D85A
:1064400001F1404303F58013034311EE102A3DD0C0
:106450008D1705F0020558EA0E0E45EAD77529D0CA
:10646000324338D0A64244D0A04534D0A8EB060829
:10647000B8F1747F4FEA285338DA002945DA3C3303
:1064800043DA9FED370B012D53D0022D48D075B163
:106490009FED356B9FED367B30EE460B30EE470BB4
:1064A00005E09DED006B41EC170B37EE060B02B0DB
:1064B000BDE8F081022D16D09DED007B9FED2E0BE7
:1064C000032D00FE070B02B0BDE8F08102B0BDE86D
:1064D000F04100F08DB89FED2A0B9FED2B7B002F34
:1064E00020FE070BE3E79FED220BE0E79FED240B77
:1064F000C9E7B04505F1FF3524D0022D2AD8274B36
:1065000003EBC50393ED000BD1E79DED007B41EC60
:10651000160B87EE060B00F0B3F900F069F8B2E74E
:106520009FED116B9FED127B30EE460B37EE400B6B
:10653000BDE710EE901A53EC102B01F1004343EC31
:10654000102BB4E7022D08D8154B03EBC50393EDD0
:10655000000BACE79FED020BA9E79FED0D0BA6E743
:106560000000000000000000075C143326A6A13CD8
:10657000182D4454FB210940182D4454FB2109C017
:10658000182D4454FB21F93F182D4454FB21F9BF29
:10659000182D4454FB21E93F0000F07F98020020B1
:1065A000800200200000000008B52DED048BB0EE45
:1065B000408B00F0B1F9B4EE488BF1EE10FA06D63C
:1065C0009FED099BB4EEC98BF1EE10FA02D4BDEC3D
:1065D000048B08BD04F032FF89EE090BBDEC048B7F
:1065E0002123036008BD00BF000000000000000080
:1065F00038B5B0EE407B17EE905A794B25F0004449
:106600009C422DED0C8B16DD764B9C420EDC09D0A6
:106610009FED577B9FED580B002D37FE000BBDEC17
:106620000C8B38BD10EE103A002BF1D037EE070B73
:10663000BDEC0C8B38BD6C4B9C425CDCA3F1DE7373
:106640009C424CDD4FF0FF339FED4DAB27EE075BD7
:1066500025EE056B9FED4C8B9FED4D1BA6EE0A8B37
:106660009FED4D3BA8EE061B9FED4DBBA1EE063BFB
:106670009FED4DDBA3EE06BB9FED4D9BABEE06DB26
:106680002DEE05DB9FED4C0B9FED4D2BA6EE090B80
:106690009FED4D4BA0EE062B9FED4DCBA2EE064B92
:1066A0005A1CA4EE06CB2CEE06CB39D03DEE0CDB0B
:1066B0004E494F4A01EBC30102EBC30391ED006B5E
:1066C00093ED000B9DEE076B36EE477B002D30EE11
:1066D000470BA4DAB1EE400BBDEC0C8B38BD9FED3F
:1066E0003E6BB7EE005B30EE066BB4EEC56BF1EEC1
:1066F00010FAA7DD93E700F0C3F83E4B9C4218DC8C
:10670000A3F550239C4229DCB0EE007BBFEE006B6A
:1067100030EE075BA0EE076B002386EE057B93E768
:106720003DEE0CDBADEE477BBDEC0C8BB0EE470BCA
:1067300038BD314B9C420BDAB7EE087BB7EE006BED
:1067400030EE475BA0EE076B022385EE067B7BE70E
:10675000BFEE006B032386EE007B75E7B7EE007B90
:10676000012330EE475B30EE070B85EE007B6BE7D5
:10677000182D4454FB21F93F182D4454FB21F9BF37
:1067800011DA22E33AAD903FEB0D76244B7BA93F23
:10679000513DD0A0660DB13F6E204CC5CD45B73FF1
:1067A000FF8300922449C23F0D5555555555D53F9D
:1067B0002F6C6A2C44B4A2BF9AFDDE522DDEADBF11
:1067C0006D9A74AFF2B0B3BF711623FEC671BCBF31
:1067D000C4EB98999999C9BF9C7500883CE4377EB1
:1067E000FFFF0F440000F07FFFFFDB3F00040020AD
:1067F000E0030020FFFFF23F0080034000000000A4
:10680000B0EE407B17EE903A1B4A23F000439342D0
:106810001BDD1A4A934202DD30EE400B704700B593
:1068200085B0684600F07CF800F0030001289DED7B
:10683000021B9DED000B0CD0022812D070B101207C
:1068400000F09AFD05B05DF804FB9FED091B00F018
:10685000FBBC00F091FDB1EE400BF3E700F0F4FC5F
:10686000F0E700F0F1FCB1EE400BEBE7AFF3008096
:106870000000000000000000FB21E93FFFFFEF7F68
:1068800051EC100B10EE102A21F0004343EC102BBA
:10689000704700BF00000000B0EE407B17EE903A5A
:1068A0001B4A23F0004393421CDD1A4A934202DD47
:1068B00030EE400B704700B585B0684600F030F808
:1068C00000F0030001289DED021B9DED000B0ED092
:1068D000022813D070B100F0B7FCB1EE400B05B048
:1068E0005DF804FB9FED081B002000F045BD00F0A3
:1068F000ABFCF4E7012000F03FFDF0E7012000F0E1
:106900003BFDB1EE400BEAE7000000000000000094
:10691000FB21E93FFFFFEF7FB1EEC00B704700BFE7
:1069200070B553EC102B9C4923F000458D4288B084
:1069300004466ADD99498D421E461BDC002B9FED03
:10694000867B40F3EB8030EE477BA1F51B21A1F560
:10695000F0618D426AD09FED826B012037EE465B7D
:1069600037EE457B84ED005B37EE467B84ED027BA2
:1069700008B070BD8A498D4260DD8A498D424DDC88
:106980002A1510EE100AA2F21642A5EB025141ECB4
:10699000170B9FED755BBDEEC76BB8EEC66B37EEA0
:1069A000467B27EE057BFDEEC74B8DED026BB8EE07
:1069B000E46B37EE467B27EE057BB5EE407BF1EED0
:1069C00010FA8DED046B8DED067B40F0968014EE91
:1069D000903A002B0CBF012302237349019102213D
:1069E000009102A8214600F0E7F8002EC0DA94EDED
:1069F000006B94ED027BB1EE466BB1EE477B84ED0C
:106A0000006B84ED027B4042B2E700200021C4E924
:106A10000201002084ED000B08B070BD30EE407B19
:106A2000002084ED027B84ED007BA1E79FED505BAD
:106A30009FED516B37EE457B01208FE7FFF720FF7D
:106A4000B6EE007B9FED4E5BA0EE057BFDEEC77BB7
:106A50009FED413B17EE900A9FED416B1F28B8EE6A
:106A6000E75BB1EE454BA5EE430B25EE067B1CDC48
:106A70004E4B421E53F82230AB4216D030EE476BDD
:106A800084ED006B30EE460B30EE470B002E84EDAC
:106A9000020BBFF66DAFB1EE466BB1EE400B84ED6D
:106AA000006B84ED020B404262E730EE476B16EE5E
:106AB000903AC3F30A53C3EB1553102B4FEA2552F8
:106AC000DEDDB0EE403B9FED2A6B9FED2B2BA4EE5D
:106AD000063B30EE437BA4EE067B95EE027B33EE65
:106AE000476B16EE903AC3F30A53D21A312A06DCEA
:106AF000B0EE430B84ED006BC4E703236DE79FED1D
:106B0000226BB0EE430B9FED222BA4EE060B33EE6F
:106B1000407BA4EE067B95EE027BAFE7244930EE86
:106B2000077B8D420ED09FED0E6B4FF0FF3037EE9E
:106B3000065B37EE457B84ED005B37EE067B84ED2C
:106B4000027B15E79FED0A5B9FED0B6B37EE057B34
:106B50004FF0FF30EBE700BF00004054FB21F93F4E
:106B60003163621A61B4D03D000000000000704142
:106B70000000601A61B4D03D7370032E8A19A33BE4
:106B800083C8C96D305FE43F0000002E8A19A33B23
:106B9000C14920259A837B39FB21E93F7BD90240FB
:106BA000FB213941FFFFEF7FE09100205C8E002048
:106BB000FB21F93F000000002DE9F04F2DED088B7F
:106BC000ADF5157D1C4604930791AB4BA69912F1C8
:106BD000140F53F82150824604F1FF38C0F2998215
:106BE000A649D31E81FB0301DB17C3EBA10303936B
:106BF0000133A3EB8303DB00D3180693039B15EB50
:106C00000801A3EB08031AD401319FED956BA798F7
:106C100019441CAA0AE050F8234007EE904A0133B9
:106C2000B8EEE77B8B42A2EC027B08D0002BF2DAB5
:106C3000B0EE467B01338B42A2EC027BF6D1002DF5
:106C4000C0F2C982049B1CAA02EBC3046CAE4FEADB
:106C5000C30C4046EF180AEBC301B8F1000F9FEDDB
:106C6000807B09DB22465346B3EC025B32ED026BBC
:106C70008B42A5EE067BF7D10130B842A6EC027B31
:106C800004F10804E9D108AF07EB85039FED769B7B
:106C90009FED778B043BDDF818B005930AEB0C04ED
:106CA00007EB85096CAE2946019594AB03EBC10354
:106CB000002913ED280B16DD06EBC1033A4620EE42
:106CC000097B33ED025BB0EE406BBDEEC77BB34298
:106CD000B8EEC77BA7EE486BBDEEC66B37EE050B73
:106CE000A2EC016AEBD15846029100F09DFBB0EE98
:106CF00040ABB4EE000B2AEE000B00F01DFCB2EE30
:106D0000007BA0EE47ABBDEECABBBBF1000FB8EEF7
:106D1000CB7B02993AEE47AB74DD01F1FF3ECBF13C
:106D2000180357F82E2042FA03FC0CFA03F3D21A88
:106D3000CBF117001BEE103A42FA00F56344002D28
:106D400047F82E200BEE103A64DCB5EE40ABF1EEC6
:106D500010FA40F0C480019B01F1FF3E73450DDC49
:106D60004FEA810C07EB8103002053F8042D4B45BB
:106D700040EA0200F9D1002840F0F280019B013B7B
:106D800057F82330002B40F0E680059B012553F88F
:106D9000042D0135002AFAD001F1010E0D44704690
:106DA000049B1944039B03EB0E0C0CF1804CA79B36
:106DB0000CF1FF3C03EB8C0C1CAB06EBCE0E03EB93
:106DC000C1019CED017AB8EEC77BB8F1000F81EDEF
:106DD000007B0CF1040C0A469FED216B01F10801C8
:106DE00009DB534601E032ED027BB3EC025BA342C8
:106DF000A5EE076BF7D10130A842AEEC026BE0DDE7
:106E0000294652E740F09D804B1E57F82350ED1560
:106E1000002D9ADD1BEE103A002903F101030BEE61
:106E2000103A40F38C813A68002A40F082800129B0
:106E30002DD03B46012053F8042F002A7CD0431C60
:106E4000C2F18072994247F820201FDD57F82320B5
:106E500007EB810C07EB83036FF07F4011E000BF6D
:106E60000000000000000000000000000000703E74
:106E700000000000000070414C8E0020ABAAAA2A3E
:106E80001A68821A43F8042B6345F9D10122BBF139
:106E9000000F0DDDBBF1010F00F03381BBF1020FDC
:106EA00006D1481E57F82030C3F3150347F82030A9
:106EB000022D7FF44AAFB7EE000B30EE4AAB002A4A
:106EC0003FF443AF5846029100F0AEFA3AEE40ABC1
:106ED000B5EE40ABF1EE10FA02993FF43CAF069CE0
:106EE000B0EE4A0B6042A8468B46019D00F09CFA2A
:106EF0009FEDC16BB4EEC60BF1EE10FAC0F2478104
:106F00009FEDBF7B20EE077BBDEEC77B0BF101023F
:106F1000B8EEC75BA5EE460BBDEEC00B183410EE05
:106F2000103A47F82B3017EE103A069447F8223003
:106F30002AE00123002083E7013088427FF47BAF01
:106F4000A5E7B6EE007BB4EEC7ABF1EE10FA80F227
:106F5000E5800025F9E601F1010E704675461FE750
:106F6000069BA3F1180157F82E300691A8467246E9
:106F7000019D4BB9ACF104033B4453F8040D013AB5
:106F800018390028F9D006910698B7EE000B019247
:106F900000F04AFA019A002AC0F221819FED986B15
:106FA00002F1010C6CA907EB8C034FEACC0E01EB4C
:106FB000CC0133ED017ABB42B8EEC77B27EE007BF4
:106FC00020EE060B21ED027BF3D19FED8F4BAEF14E
:106FD00008036CA9CE18002444AF002D9FED8C7BD4
:106FE00010DBB0EE446B8C483146002303E09C423A
:106FF00008DBB0EC026BB1EC025B01339D42A5EE05
:10700000067BF4DA07EBC403944283ED007B4FEA7E
:10701000C40104F10103A6F1080601D01C46DCE717
:10702000A69B022B1DDC002B00F38B800FD19FED64
:10703000787BBE443EED026B774537EE067BF9D197
:1070400043460BB1B1EE477B079B83ED007B1BEE04
:10705000103A03F007000DF5157DBDEC088BBDE877
:10706000F08FA69B032BF2D1002A00F0E38002F1FF
:10707000005307EBC20030ED026BB0EE475B874276
:1070800037EE067B36EE476B80ED007B36EE056B08
:1070900080ED026BEFD1012A40F3CC80394491EDB1
:1070A000006BDA0046A907EBC30333ED027BB0EEB9
:1070B000465B994236EE076B37EE467B83ED006BFD
:1070C00037EE057B83ED027BEFD19FED517B02F123
:1070D00008033B4407F1100233ED026B9A4237EE8E
:1070E000067BF9D14346002B59D1D7E90001D7E9F6
:1070F0000223079C84ED047BC4E90001C4E9022358
:10710000A5E7481E57F82030C3F3160347F8203090
:10711000CEE600216FF0170303916DE51BEE103AE8
:10712000002903F101030BEE103AC8BF02253FF717
:107130007AAEB7EE007B37EE4AAB022505E60022B9
:10714000A5E69FED337B07EBCC0C3CED026B67456E
:1071500037EE067BF9D1434697ED006B8BBB079B5F
:10716000002A83ED007B36EE477B0CDD46A9012328
:10717000B1EC026B01339A4237EE067BF8DA4346F4
:107180000BB1B1EE477B079B83ED027B5FE7BDEE62
:10719000C00B5A4610EE103A47F82B30F4E697ED44
:1071A000005BB1EE477B97ED026BB1EE455B079B51
:1071B000B1EE466B83ED005B83ED026B83ED047BE8
:1071C00045E7079BB1EE475B002A83ED005B36EE97
:1071D000477BCBDCD5E7049B4FEAC30C53E5A69B6A
:1071E000022B1BDC002B21DC7FF431AF9FED087BF1
:1071F00026E700BFAFF300800000000000007041F0
:10720000000000000000703E00000040FB21F93F3C
:107210000000000000000000B8020020A69B032B25
:107220007FF415AF9FED067B44AF5BE79FED047BDA
:1072300044AF90E79FED027B54E700BFAFF30080BF
:10724000000000000000000010EE903A23F0004320
:10725000B3F1795F2DED028B2EDAFDEEC07B17EED8
:10726000903A002B65D020EE004B9FED358B9FEDC3
:10727000362B9FED373BA4EE082B9FED375BA4EE3A
:10728000023B9FED376BA4EE035B9FED377BA4EED3
:10729000056BA4EE067B24EE077B21EE401BB6EEC9
:1072A000006BA4EE071BB7EE000B94EE061BBDECC3
:1072B000028B30EE410B70479FED218B20EE004B8F
:1072C0009FED212B9FED223BA4EE082B9FED225B2F
:1072D000A2EE043B9FED226BA3EE045B9FED227BAD
:1072E000A5EE046B224AA6EE047B934227EE047BB4
:1072F000D3DD204A934217DCB7EE006B0020A3F5E4
:10730000001141EC150B36EE456B21EE401BB6EE3D
:10731000003BA4EE071B94EE035BBDEC028B35EE45
:10732000410B36EE400B7047B6EE076BB5EE025BD5
:10733000EBE7B7EE000BBDEC028B7047AFF30080BC
:10734000D43888BEE9FAA8BDC4B1B4BD9EEE213ED2
:10735000AD529C804F7E92BE9015CB19A001FA3E93
:107360007751C1166CC156BF4C5555555555A53F63
:107370003233D33F0000E93F10EE903A23F0004350
:10738000B3F1795F04DAFDEEC07B17EE903A5BB3A0
:1073900020EE007B9FED162B9FED173B9FED184BCA
:1073A000A7EE023B9FED185BA3EE074B9FED186B1A
:1073B000A4EE075BA5EE076B20EE075B30B99FEDEF
:1073C000164BA7EE064BA4EE050B70479FED144B32
:1073D00026EE456BB6EE003BA1EE036B96EE071B67
:1073E000A5EE041B30EE410B704700BFAFF30080E9
:1073F0007CD5CF5A3AD9E53DEB9C2B8AE6E55ABEBF
:107400007DFEB157E31DC73ED561C119A0012ABF5A
:10741000A6F810111111813F495555555555C5BF55
:10742000495555555555C53F53EC102B10B4C3F372
:107430000A54194674BB23F00041114327D09FED35
:10744000307B3B4920EE077B884253EC172B43DB14
:10745000C3F30A541946363C4CF2503C604522DCDA
:10746000204440F2FE74A0421DDC002829DC10F10B
:10747000350F38DB21F0FF41363021F4E0019FED7C
:10748000227B41EA005343EC102B20EE070B5DF802
:10749000044B704740F2FF7C6445DDD130EE000BB9
:1074A0005DF8044B70479FED1A7B9FED1B5BB0EEC0
:1074B000470B002B5DF8044B27FE057B27EE000BE6
:1074C000704721F0FF4121F4E00141EA005343EC11
:1074D000102B5DF8044B70479FED110B5DF8044BCA
:1074E00027EE000B70479FED0E7B9FED0F5BB0EE1C
:1074F000470B002B27FE057B27EE000BC7E700BFDD
:107500000000000000005043000000000000903C1C
:107510009C7500883CE4377E9C7500883CE437FE0F
:1075200059F3F8C21F6EA50159F3F8C21F6EA58169
:10753000B03CFFFF0000000010B582B08DED000BE5
:1075400001990098C1F30A52A2F2FF33132B84462B
:1075500031DC002B21DB3A4A1A4101EA02040443E0
:107560008E462DD09FED347B9DED006B36EE077B74
:10757000B5EEC07BF1EE10FA09DD002904DA4FF414
:10758000801141FA03F39E442EEA020100200B46CB
:10759000024643EC102B02B010BD9FED277B30EE6E
:1075A000077BB5EEC07BF1EE10FAF0DD002928DB99
:1075B00000200146EBE7332B06DDB3F5806F1BD0CF
:1075C0009DED000B02B010BDA2F213424FF0FF3E42
:1075D0002EFA02F21042F3D09FED177B9DED006B67
:1075E00036EE077BB5EEC07BF1EE10FACFDD002959
:1075F00013DB2CEA0200CAE79DED007B37EE070B98
:10760000E0E721F0004101430E4B00294FF000005C
:107610000CBF4FF000411946B9E7142B09D00124E3
:10762000C3F1340304FA03F39C44604588BF09198D
:10763000DFE70131DDE700BF9C7500883CE4377E61
:10764000FFFF0F000000F0BF53B94AB9002908BF7F
:1076500000281CBF4FF0FF314FF0FF3000F070B931
:10766000ADF1080C6DE904CE00F006F8DDF804E099
:10767000DDE9022304B070472DE9F047089E0D466E
:1076800004460F46002B4AD18A42944665D9B2FA85
:1076900082F343B102FA03FCC3F120029F4020FAB7
:1076A00002F217439C404FEA1C4E1FFA8CF5B7FBC1
:1076B000FEF1220C0EFB117742EA074201FB05F0B6
:1076C00090420AD91CEB020201F1FF3780F01C81C5
:1076D000904240F2198102396244121AA4B2B2FBFC
:1076E000FEF00EFB102244EA024400FB05F5A54221
:1076F0000AD91CEB040400F1FF3280F00781A54297
:1077000040F204816444023840EA0140641B0021D5
:107710001EB1DC400023C6E90043BDE8F0878B4280
:1077200008D9002E00F0ED800021C6E900050846CA
:10773000BDE8F087B3FA83F1002949D1AB4202D307
:10774000824200F2F880841A65EB0302012017469A
:10775000002EE2D0C6E90047DFE702B9FFDEB2FA49
:1077600082F3002B40F090808A1A4FEA1C471FFAE0
:107770008CFE0121B2FBF7F507FB1520220C42EA33
:1077800000420EFB05F0904208D91CEB020205F105
:10779000FF3802D2904200F2CB804546121AA4B2C2
:1077A000B2FBF7F007FB102244EA02440EFB00FE96
:1077B000A64508D91CEB040400F1FF3202D2A6450D
:1077C00000F2BB801046A4EB0E0440EA05409FE7A0
:1077D000C1F120078B4022FA07FC4CEA030C05FAA2
:1077E00001F420FA07F3FD404FEA1C492343B5FB9F
:1077F000F9F81FFA8CFE09FB18551C0C44EA0544E5
:1078000008FB0EF5A54202FA01F200FA01F00BD9CD
:107810001CEB040408F1FF3A80F08880A54240F296
:107820008580A8F102086444641B9DB2B4FBF9F39F
:1078300009FB134445EA044403FB0EFEA64508D9A0
:107840001CEB040403F1FF356CD2A6456AD9023B58
:10785000644443EA0843A3FB0295A4EB0E04AC4244
:10786000C846AE4656D353D056B1B0EB080264EBCF
:107870000E0404FA07F7CA40CC401743C6E9007467
:1078800018460021BDE8F087C3F1200102FA03FC8D
:1078900020FA01F225FA01F19D402A434FEA1C47E4
:1078A0001FFA8CFEB1FBF7F007FB1015110C41EA33
:1078B000054100FB0EF58D4204FA03F408D91CEBD8
:1078C000010100F1FF382FD28D422DD902386144D9
:1078D000491B92B2B1FBF7F507FB151142EA0142D1
:1078E00005FB0EF1914208D91CEB020205F1FF38AD
:1078F00016D2914214D9023D6244521A45EA00411F
:1079000038E73146304608E73946E6E61046FBE6FA
:107910004845A9D2B9EB020865EB0C0E013BA3E781
:107920004546EAE72B4694E74046D1E7D0467BE759
:10793000023D624432E708460AE76444023842E7FF
:10794000704700BF024B1844407800F008007047B1
:10795000041E0020002101F065BC00BF0A220021A6
:1079600001F068BD0A22002101F064BD931E222BA4
:1079700010B50C460CD80A2A03D001F069FD204648
:1079800010BD0028F9DA2D2301F8013B4042F4E74D
:1079900000230B70184610BD024B0146186800F01A
:1079A0000BB800BFC0A00020024B0146186804F0CD
:1079B00071B800BFC0A000202DE9F04F01F10B0607
:1079C000162E83B0044624D8102900F2BA8000F0A5
:1079D000A3FA102618220220B54F3A44A2F108015A
:1079E00053688B4200F0BA805A68D96822F00302CB
:1079F0001A449D68E9608D60516841F0010120469C
:107A0000516003F1080500F08DFA284603B0BDE887
:107A1000F08F36F0070600F19480B14200F29180B9
:107A200000F07AFAB6F5FC7FC0F09A81730A00F094
:107A30008F80042B00F26F81B30903F1390003F149
:107A4000380CC3009A4F3B44A3F108055B689D4284
:107A500006D10CE0002980F22781DB689D4206D028
:107A60005A6822F00302911B0F29F3DD60463D693D
:107A7000DFF850C265457CD06A6822F00302931B90
:107A80000F2B00F37B81002BC7E904CC80F26C81C3
:107A9000B2F5007F80F01A81D308796801334FEA8C
:107AA000521E012202FA0EF20A4357F833E0C5F8DB
:107AB00008E007EBC3010839E9607A6047F8335002
:107AC000CEF80C50831001219940914257D81142B1
:107AD00006D120F003004900114200F10400FAD061
:107AE00007EBC0094D468646D5F80C80454508D1C0
:107AF0001DE1002B80F22481D8F80C80454500F070
:107B00001681D8F8042022F00302931B0F2BF0DD1E
:107B10002046D8E9025408EB060146F00106C8F8F1
:107B20000460EC60A56043F00104C7E90411C1E9F9
:107B300002CC4C6048F8023000F0F4F908F1080576
:107B400002E00C2323600025284603B0BDE8F08F37
:107B50004FF4007340204FF03F0C73E7D3689A4214
:107B600008BF02307FF440AF3D69DFF858C165457A
:107B700082D17A688310012199409142A7D9BD68CA
:107B80006B6823F003094E4503D8A9EB06030F2BBE
:107B90007ADCDFF834B1474BDBF800201B68013298
:107BA000334405EB090A00F0338103F580530F33AA
:107BB00023F47F6828F00F084146204603F016FCA6
:107BC000411C024600F0F380824500F2EE803A4B01
:107BD000196841441960084600F04E81DBF8001036
:107BE000019301311BBFA2EB0A010918CBF8002059
:107BF000196012F0070B00F01781CBF108010A445D
:107C0000CBF5805190440831A1EB0801C1F30B0A78
:107C100051462046009203F0E9FB421CDDE90023B7
:107C200000F04F81801A00EB0A081968BA6048F02A
:107C300001005144BD425060196000F02981B9F142
:107C40000F0F40F227816868A9F10C0C2CF0070C8B
:107C500000F0010040EA0C0068604FF0050E05EBF3
:107C60000C00BCF10F0FC0E901EE00F23281506848
:107C70001546124B1A688A4238BF1960104B1A68B1
:107C80008A4238BF196094E0AA1943F0010346F014
:107C900001066E602046BA60536000F043F9083573
:107CA000284603B0BDE8F08FD9681A44A1E600BFAA
:107CB000A49C0020A8BF012078BF0120A0BF012004
:107CC000A4BF0120AC9C0020ACA00020B2F5206F26
:107CD0004FEA522363D3142B00F2B78003F15C0107
:107CE000C9005B3307EB010E7958AEF1080E8E45E3
:107CF00000F091804B6823F00303934202D9896816
:107D00008E45F7D1D1F80CE07A68C5E9021ECEF8AD
:107D10000850CD60D6E6142B59D9542B00F29D8023
:107D2000330B03F16F0003F16E0CC3008AE60EF112
:107D3000010E1EF0030F05F108057FF4D5AE51E0EA
:107D4000424445465368D8F80C1043F00103536091
:107D500055F8083F2046D9608B6000F0E3F8F3E661
:107D6000F00806F1080237E62A442046536843F03B
:107D700001035360083500F0D5F8E5E6A91920465F
:107D800046F0010643F001046E60C7E90411C1E941
:107D900002CC4C60AB5000F0C5F80835D4E693092E
:107DA00003F13901C90038339CE7BD425FD0BD689B
:107DB000686820F003084645A8EB060302D80F2B9D
:107DC0003FF762AF204600F0ADF80025BCE603F1B6
:107DD0005C0003F15B0CC30034E659F808394B45ED
:107DE00040F0968010F0030F00F1FF30F5D17B6872
:107DF00023EA01037B60490099423FF6C0AE19B9FE
:107E0000BDE649000EF1040E1942FAD0704667E64D
:107E100003F11008D0E69A104FF001087B6808FAC9
:107E200002F21A437A6070E702EB08014942C1F39B
:107E30000B0A51462046009203F0D8FA431CDDE9B4
:107E400000237FF4EFAEDA46EFE6542B25D8130B70
:107E500003F16F01C9006E3344E7B3F5AA7F25D85B
:107E6000F30B03F1780003F1770CC300EAE5294B2B
:107E7000186840441860B1E6CAF30B0CBCF1000F5F
:107E80007FF4ACAEBD68C84448F001006860F0E61D
:107E90001546EEE60123536094E7B3F5AA7F23D895
:107EA000D30B03F17801C90077331BE740F254523A
:107EB000934223D8B30C03F17D0003F17C0CC30083
:107EC000C0E5ABF1080BD844A8EB02084FF0000A5C
:107ED000ABE605F108012046009303F0DBFDBD6829
:107EE000009B68681968C4E640F254518B420BD875
:107EF000930C03F17D01C9007C33F3E64FF47E73EC
:107F00007F204FF07E0C9DE54FF47E717E23E9E6E5
:107F10007B6870E778BF0120014803F08BBC00BF8D
:107F20006CBF0120014803F089BC00BF6CBF012079
:107F300010B4044C03460A4620685DF8044B194609
:107F400000F002B8C0A000202DE9F84F1746002924
:107F500000F098800C4607F10B058046FFF7DCFF28
:107F6000162D54F8041C5BD810252A46AF425CD865
:107F700021F003069642A4F1080962DABC4BD3F85B
:107F800008C009EB0600844500F09780D0F804C0D3
:107F90002CF0010303445B68DB0768D42CF0030C6E
:107FA00006EB0C03934247DACB0710D454F8083C95
:107FB000A9EB030ADAF8043023F003018C44B4443B
:107FC000944580F211817318934280F2E88039461B
:107FD0004046FFF7F1FC0746E0B154F8043C23F0BB
:107FE00001034B44A0F10802934200F0D280321FFB
:107FF000242A00F2F580132A00F2AC8003462246C0
:10800000116819605168596092689A60214640462B
:1080100003F040FD4046FFF785FF3846BDE8F88F86
:1080200025F00705002D2A46A0DA0C23C8F80030F9
:1080300000273846BDE8F88F1E46D0E90223D360FA
:108040009A60731B0F2B22D8D9F8043003F0010378
:1080500033434E44C9F80430736843F0010373603E
:1080600040462746FFF75EFF3846BDE8F88FC90750
:10807000ADD454F8083CA9EB030ADAF8041021F057
:108080000301A0E7BDE8F84F1146FFF795BCD9F80A
:10809000042009EB050102F001024E4443F0010304
:1080A0002A43C9F804204B60736843F00103083188
:1080B0007360404603F0EEFCD2E7DCF8040020F0E9
:1080C000030B06EB0B0C05F1100084454DDAC907D4
:1080D0003FF57DAF54F8081CA9EB010ADAF804104B
:1080E00021F003018B44B34458453FF76CAF57462A
:1080F000DAF80C1057F8080F321F242AC160886084
:1081000000F2DB80132A40F2D6802168CAF80810FA
:108110006168CAF80C101B2A00F2DF8008340AF1EB
:1081200010022168116061685160A16891600AEBDA
:108130000501ABEB050242F0010299604A60DAF8F2
:10814000043003F001032B434046CAF80430FFF724
:10815000E9FE6EE723680360636843601B2A68D802
:1081600004F1080200F108034AE709EB05029A60EE
:10817000ACEB050343F00103536054F8043C03F0F7
:1081800001032B43404644F8043CFFF7CBFE27464F
:108190004FE750F8043C23F003031E4451E75746D1
:1081A000DAF80C1057F8080F321F242AC1608860D3
:1081B0004CD8132A48D92168CAF808106168CAF84F
:1081C0000C101B2A56D808340AF110021E462368E8
:1081D000136063685360A3689360D1463C4630E700
:1081E000214601F00DFB11E7D0E902135746CB60A1
:1081F000996057F8081FDAF80C30CB60321F242A38
:1082000099602DD8132A29D92368CAF808306368E1
:10821000CAF80C301B2A42D808340AF1100322682D
:108220001A6062685A60A2689A606646D1463C4607
:1082300007E7A3688360E368C360242A26D004F1BB
:10824000100200F11003DBE63A46BFE7214638464C
:108250001E46D14601F0D4FA3C46F2E63B46DEE744
:10826000214638466646D14601F0CAFA3C46E8E661
:10827000A49C0020A168CAF81010E168CAF8141084
:10828000242A20D010340AF118029FE723690361E1
:108290006169416104F1180200F11803B0E6A368B6
:1082A000CAF81030E368CAF81430242A21D01034F8
:1082B0000AF11803B3E73A4633E72146384601F09E
:1082C0009FFA164B33E72269CAF818206269CAF888
:1082D0001C2018340AF1200278E7A168CAF81010AF
:1082E000E168CAF81410242A0DD010340AF11802DB
:1082F00017E72369CAF818306369CAF81C301834C4
:108300000AF120038BE72269CAF818206269CAF8CB
:108310001C2018340AF1200203E700BFA49C0020AF
:108320000CB410B51F4B00291C689CB035DB4FF412
:108330000273ADF81430029006901FAB18D00139CB
:108340004FF6FF7204910791ADF8162002A91E9A0C
:108350000193204606F084FC421C01DA8B23236043
:10836000029B00221A701CB0BDE8104002B070479A
:108370004FF6FF7204910791ADF8162002A91E9ADC
:108380000193204606F06CFC431C01DA8B2323602A
:108390001CB0BDE8104002B070478B2323604FF043
:1083A000FF30F5E7C0A000202DE9F04F2DED108B38
:1083B00097B08A4600210792129100220021CDE950
:1083C00004128046514611910F4611F8012B2D2AB7
:1083D0005ED801A050F822F05163010069620100EB
:1083E000696201006962010069620100696201005D
:1083F0006962010069620100696201009F61010018
:108400009F6101009F6101009F6101009F61010068
:10841000696201006962010069620100696201002C
:10842000696201006962010069620100696201001C
:10843000696201006962010069620100696201000C
:1084400069620100696201006962010069620100FC
:1084500069620100696201009F61010069620100B7
:1084600069620100696201006962010069620100DC
:1084700069620100696201006962010069620100CC
:10848000696201008B69010069620100776901007E
:1084900000210991302A7DD0002308932F2A144609
:1084A00040F2CD844FF0000938464E464D4612E06A
:1084B0000130082D1190C8BF09EB89090478C6BFA7
:1084C00002EB4902A2F13009A3F130062F2C05F18D
:1084D000010522466FDD06EB8603392C02EB4303D0
:1084E000E6DD9F49012201F0BFFA002837D1119B38
:1084F0001A46013311935478002D40F04385302CF7
:1085000040F02485C3F101029818013311931C78BF
:10851000302CF9D0A4F13103082B00F20183119F14
:10852000431CA4F1300B0B930125BC464FF0000E09
:1085300006EB86060BEB460600200CF101031193B7
:108540009CF80140A4F13001092900F2BB820130FE
:108550008B46002940F04F84DDF844C0EDE7002051
:10856000652CAE460B90844601D0452C30D1002DB1
:108570006BD1089B034367D1079B9FED778B13B1AA
:10858000079BC3F800A0B0EE480B17B0BDEC108BF2
:10859000BDE8F08F7A7802F0DF02582A00F00C84F0
:1085A000013711973A78302AFAD0002A00F0B780C4
:1085B0000123089372E76A49012201F055FA002865
:1085C00000F0C080AE464FF0000CCDF82CC06046E5
:1085D0004FF0000B002D7ED007EE906A0B9BB8EE9B
:1085E000677BABEB0303BEF1000F08BFAE46102D57
:1085F0000A932B46A8BF1023092D8DED047B0CDDBB
:10860000584A02EBC30212ED125B06EE909AB8EEE6
:10861000666BA7EE056B8DED046B0F2D00F3A88044
:108620000A9A002A00F0E4830A9A40F33C83162A4F
:1086300040F398840A99C5F125028A4280F2A68403
:108640000A9AEB1A134499E00025DDF844A00AF1D8
:10865000010311939AF801402B2C00F05E822D2C1F
:1086600000F0F78100230A93A4F13003092B00F2F4
:10867000EB81302C05D1119B013311931C78302CE8
:10868000FAD0A4F13103082BA2D8119A0C92531CF2
:108690001193A4F1300B54782F2C07DCDEE3013367
:1086A00011934C782F2CA2F1300B06DD0BEB8B02D3
:1086B000392C194604EB4202F1DD0C9A9B1A082B67
:1086C00040F3CC8344F61F6B0A9B002B82D0CBF186
:1086D000000B002D80D1089B034320D1BCF1000F7B
:1086E0007FF44AAF692C00F0CF8300F3F382492C6A
:1086F00000F0CA834E2C7FF43FAF1B4911A803F052
:10870000EBFD00283FF438AF119B1B78282B00F0BD
:10871000F284164803F05CF9B0EE408B01E09FED67
:108720000E8B079A0AB1119B1360099B002B3FF433
:108730002AAFB1EE488BB0EE480B17B0BDEC108BF2
:10874000BDE8F08F119B0B905A1C11925C78AE46DD
:10875000F8E600BFAFF3008000000000000000005A
:10876000D40A0020180300209C1F0020740A002057
:108770000A9AEB1A1344002B40F3B08213F00F0156
:108780000AD0C34A02EBC1029DED046B92ED007B5F
:1087900027EE067B8DED047B33F00F0240F038822C
:1087A0000023089300962B4672463946404609F04E
:1087B000A3FC8146002800F0E1820B9BA3EB0B0B8E
:1087C0000A9B9FEDA9EB002B9FEDA9CB9FEDAADBA8
:1087D0009FEDABBBB4BF5A4600224FF0000A23EA1C
:1087E000E3730B920C935446D9F80410404609F0F9
:1087F00001FC0646002800F00E81D9F810209DEDFE
:10880000048B0232920009F10C010C30F8F710FAD7
:10881000B0EE480B14AA13A940460AF029F81290AA
:10882000002800F0E4800121404609F00DFD0446D7
:10883000002800F0F080139A002AC0F2DE800B9B23
:108840000C9F02EB030B089B149DD21A2A44914BF8
:10885000013A9A42C5F1360580F29880991A1F298B
:10886000A5EB010500F3E380012202FA01F30D9369
:1088700000230E932F44089B5D44AB455A461F448A
:10888000A8BF2A46BA42A8BF3A46002A03DDAD1A5D
:10889000BF1AABEB020B0B9B002B00F38880002D63
:1088A00000F39C800A9B002B00F3B780002F00F39D
:1088B000A980BBF1000F08DD21465A46404609F069
:1088C000FFFD0446002800F0A6801299324640467B
:1088D00009F090FE8246002800F09D800023C568C4
:1088E000C360214609F064FE0028C0F2C78300F08F
:1088F0006183214650460AF025F8B0EE007BB4EEC5
:10890000C70BF1EE10FA46D8002D00F0CB80B7EE81
:10891000009B0598604B00226049DFF884C100EAA3
:108920000107674500F0D480089959B1B7F1D46FB9
:1089300008D8B4EECB9BF1EE10FA40F2568103F169
:10894000D661CB1BB0EE480B43EC1A2B09F0FCFEB2
:10895000AAEE008B8DED048B18EE903A089A22B99E
:108960004E4A1A40974200F0E4801299404609F0BE
:1089700067FB3146404609F063FB2146404609F05B
:108980005FFB5146404609F05BFB2DE701230021C8
:10899000CDE90D316EE7B6EE009B20EE099B002D70
:1089A0005FD1B1EE497B059853EC172BB4E7214614
:1089B0001A46404609F024FD044660B30146129A67
:1089C000404609F06FFC30B30F901299404609F011
:1089D00037FB0F9A1292002D7FF764AF12992A4647
:1089E000404609F06DFD129000287FF45BAF222312
:1089F0009FED258BC8F80030BCE00C9BDDF82CB057
:108A00009F1A20E731463A46404609F059FD06468E
:108A100000287FF44EAF1298E9E731460C9A4046A1
:108A200009F0EEFC064600287FF440AFF3E7C2F100
:108A30007F4202F57F0202F57B420121E23201FA18
:108A400002F3CDE90D1315E7CDF844A04FF0000B6C
:108A5000C0E501230A930AF1020311939AF8024038
:108A600002E6B0EE497B9EE79535A094FFFFCF3F2D
:108A70009535A094FFFFDF3F35E5AF350000E03FBF
:108A80000000C0FFFFFFDF41000000000000F07F9A
:108A90001803002002FCFFFF0000F03F0000F07F01
:108AA0000000E07FDDE90412002900F08580DDE9A7
:108AB0000412012900F0D8811046B74BB7EE009B95
:108AC000002229E7652C4FF0010C3FF4BEAD4CE5C8
:108AD00043EC1A2BA0F1547305939DED04FBB0EE0B
:108AE0004F0B09F031FEAD49AAEE00FB1FEE903AA4
:108AF000AB4A194091428DED04FB72D9A94B18EE97
:108B0000902A9A4203D118EE103A013383D0A54A35
:108B10004FF0FF33CDE9043227E700230A939AE7A9
:108B2000652C00F0D080452C00F0CD804FF0010C7A
:108B3000D1E551EC190B0D930DF0CAFC0DF04AFC78
:108B4000049B1D430D9B41EC170BC3F313031D4303
:108B500039EE479B00F0A080B4EECC9BF1EE10FA0A
:108B600005D4B4EECD9BF1EE10FA7FF7FEAE9DED8D
:108B7000048B12980146404609F062FA314640469D
:108B800009F05EFA2146404609F05AFA4946404645
:108B900009F056FA5146404609F052FAC1E5012261
:108BA0000992791C11917A78002A3FF4E5AC0F46BE
:108BB00070E400220992F4E7C2F313031046002B7D
:108BC0007FF47BAFB7EE007BB4EEC70BF1EE10FA8B
:108BD00000F1D381B6EE009B20EE099BB1EE497BFC
:108BE000E2E603F154730593B8E6BCEEC99B19EEB7
:108BF000103A012B38BF012309EE103AB8EE499B19
:108C0000002D40F03E81B1EE497B53EC172B96E6E8
:108C1000B2F59A7F00F3B280102A4FEA221340F394
:108C20008682614C9DED047B00202246014613F0B4
:108C3000010F01F101014FEA630304D092ED006BD3
:108C4000012027EE067B012B02F10802EFD108B1CB
:108C50008DED047B059BA3F15473059304EBC104D4
:108C60009DED046B94ED007B4C4B27EE067B17EEDD
:108C7000902A4E4913408B428DED047B7ED8A1F59E
:108C800080118B4240F2D681464C4FF0FF33CDE944
:108C900004340023089385E5B4EECE9BF1EE10FA80
:108CA0007FF563AE63E71632FFF662AD0B9BA3EB75
:108CB0000B0B3F4B03EBCB0393ED007B9DED046B64
:108CC00086EE078B2DE54FF0000ECDF82CE04FF02F
:108CD000010C4EE46E2C3FF410AD4DE43FF460AD5A
:108CE0005B4213F00F010AD0314A02EBC1029DED45
:108CF000046B92ED007B86EE077B8DED047B1B11F0
:108D00003FF44EAD1F2B33DC13F0100218BF6A2264
:108D10009DED047B0892274A0021D80704D592EDE7
:108D2000006B012127EE067B5B1002F10802F4D1F3
:108D300009B18DED047B089B93B1DDE90401C1F31A
:108D40000A52C2F16B03002B0ADD1F2B40F32F8266
:108D50000020342B049040F340824FF05C73059365
:108D60009DED047BB5EE407BF1EE10FA7FF41AAD79
:108D700022239FED058BC8F80030D2E422239FED1B
:108D8000048BC8F80030CCE40000000000000000B4
:108D9000000000000000F07F0000F0BF0000F07F46
:108DA000FFFF9F7CFFFFEF7FF00200200000A07C10
:108DB00018030020200400200293099B019312ABAA
:108DC0000093A74A13AB11A9404602F0BBFF10F075
:108DD0000F0504463FF4A3AC062D74D1079B9FED0D
:108DE0009A8B0137002B3FF4CEAB1F60FFF7CBBB54
:108DF0009DED048B95E40B9BDDF844C003440B937D
:108E0000012805F101031A4614D02844441E03E04A
:108E100046009C420DD001332A46082A1D4606EB27
:108E20008600F5D9102BDCBF09EB89094FEA490907
:108E3000EFE70232082D3CDC1546FFF779BB894984
:108E40000122384600F010FE002800F082804FF02A
:108E5000000EF14676467546FFF7B5BB44F61F6334
:108E60009B45A8BF9B462FE4DDE904231846002B51
:108E70007FF423AE22239FED748B1298C8F8003044
:108E800078E6B0EE497BC0E6774911A803F024FAF2
:108E900000283FF471AB119B7449013B11A8119359
:108EA00003F01AFA10B9119B013311939FED688BEF
:108EB00037E4102ADCBF09EB890901EB49091546A3
:108EC0000020FFF73ABB129A3AB1352114A809F0F5
:108ED0006BFD1299404609F0B3F8013D139B042D38
:108EE00000F28F81DFE805F0032D2A1F0300149A9A
:108EF000049203F23342159B23F4801343EA025396
:108F00000593E50502D543F000430593584A1A40FE
:108F10009DED048B002A7FF404AC02F08FFA22232B
:108F20000360FFF7FEBB4FF0FF336FF00046CDE963
:108F30000436E3057FF55CAF059BE4E74C4B0593F6
:108F4000F7E7149B0493159B0593DAE70020FFF7DE
:108F5000E1BA119B1A4601331193547806468146B3
:108F6000FFF7CDBA434B03EBC20393ED008B9DEDAE
:108F7000047B28EE078BFFF7D4BBBEEE007BB6EE7A
:108F8000009B11E5AE460B90FFF7DCBA394BC5F1FB
:108F90000F054A1B03EBC50503EBC20395ED008BE0
:108FA00093ED007B9DED046B28EE068B28EE078B7E
:108FB000FFF7B7BB002D00F09580DDE904BC2E4B18
:108FC000CCF313019942624600F0D2800E9B002B35
:108FD00000F0A580DDE90412134217461AD0B0EE66
:108FE000480B002D00F0A68009F0AEFB089B7BB17A
:108FF000C7F30A53C3F16B03002B09DD1B0503F113
:109000007F51002001F5401141EC170B20EE070BBA
:1090100038EE008B089B5BB19FED0F7B144B28EE65
:10902000078B18EE902A134013B92223C8F800309A
:1090300012989FE502F15473059300230893FFF7FC
:10904000B1BB00BFAFF300800000000000000000D3
:10905000000000000000F07F000000000000503918
:10906000248E0020D40A0020901F0020941F00208E
:109070000000F07F18030020FFFF0F00DDE904125D
:109080000D43C7D1C2F313031746002BC2D122F000
:1090900000431B0D1B05B3F1D66FBBD9DAF81430B2
:1090A0001BB9DAF81030012BB4DD514601224046DD
:1090B00009F006FA2146824609F07AFA0028A9DD6D
:1090C000089B002B7ED1504B3B40A3F580136FEAE9
:1090D00013536FEA035305934FF0FF3304939DED51
:1090E000048B97E7DDE90412C2F313030B43174621
:1090F0007FF46CAFE4E7454911A814AA03F008F91E
:1091000005287FF406AB159B43F0FF4343F4E003CF
:109110000593149B04939DED048BFFF702BBDDE9DF
:1091200004010D9B03423FF475AF0F4657E7384CDF
:1091300000218FE509F008FB089B002B55D0C7F3F1
:109140000A53C3F16B03002B09DD1B0503F17F51AB
:1091500001F54011284641EC170B20EE070B38EEC5
:10916000408BB5EE408BF1EE10FA7FF455AF81E6FF
:10917000089B04991BB3244B1340B3F1D46F1ED842
:109180001B0DC3F16B034FF0FF3000FA03F399425C
:109190007FF41CAF1F4B9A4230D01B4B134003F59A
:1091A00080130593002304939DED048B32E74FF069
:1091B000FF3202FA03F3049A1A400492D0E54FF00A
:1091C000FF33E4E7104B3B40B3F1D66F3FF77DAF81
:1091D000B3F15C7F3FF720AF4CE6C2F14B024FF09A
:1091E000FF3393400B400593BAE538EE408BB5EE64
:1091F000408BF1EE10FA7FF41BAF3BE60131CCD18E
:1092000009E400237DE600BF0000F07F388E0020D7
:10921000F0020020FFFFEF7F014BFFF7C5B800BF52
:10922000389B002010B4054C054B84460A46206844
:109230005DF8044B6146FFF7B7B800BFC0A000203F
:10924000389B00200000000010B5234C234B8446BF
:109250000A4620686146FFF7A7F8B4EE400BF1EE2E
:1092600010FA27D6F7EEC07B9FED1D7AF0EEE76A85
:10927000F4EE476AF1EE10FA0EDDB0EEC05B9FED42
:10928000146BB4EE465BF1EE10FA05DC2368222283
:109290001A60B0EE670A10BD17EE903A13F0FF4F58
:1092A000F7D1104B10EE902A1340002BEED1B0EE08
:1092B000670A10BD10EE903A002B0B4804DA02F05A
:1092C0008FFBF1EE407AE4E7BDE8104002F088BB86
:1092D000FFFFFFFFFFFFEF7FC0A00020389B0020B3
:1092E000FFFF7F7F0000F07F740A0020012B2DE933
:1092F000F84F40D0242B98463DD84C4D8E467646AC
:109300001EF801BB15F80B4014F00804F7D1BBF1AF
:109310002D0F72D0BBF12B0F08BF9EF800B06FF07D
:10932000004908BF06F1020E002B42D0102B57D087
:10933000B9FBF8F700252E4608FB179A05E033D055
:1093400008FB06C601251EF801BBABF1300CBCF1D1
:10935000090F06D9ABF1410CBCF1190F12D8ABF1D2
:10936000370C634517DDB5F1FF3FECD0B742E6D2CD
:109370004FF0FF35E7E702F061F8162303600020A5
:10938000BDE8F88FABF1610CBCF1190F03D8ABF15C
:10939000570C6345E7DC6B1C27D08CB90AB1A5BB21
:1093A00011603046BDE8F88FE245C9DA4FF0FF356D
:1093B000C9E7BBF1300F05D04FF00A084346B7E7C5
:1093C0007642EBE79EF8003003F0DF03582B21D103
:1093D0004FF010089EF801B043460EF1020EA7E7C9
:1093E000BBF1300F1AD09846A2E72223036072B176
:1093F0000EF1FF314E461160D3E79EF800B04FF0FA
:10940000004906F1020E01248EE7B146F0E74E4610
:109410003046C7E74FF00808434689E79EF80050FA
:1094200005F0DF05582DD3D0984681E7051E0020B2
:10943000FFF75CBF10B4054C8446134620685DF806
:10944000044B0A466146FFF751BF00BFC0A0002091
:10945000F0B5254FA2F1020E164605460C460FCF79
:109460008BB0EC46ACE80F000FCFACE80F0097E8EC
:1094700003004CF8040BBEF1220F8CF800102ED81C
:1094800004F1FF3E70464FF0000CB5FBF6F206FB10
:10949000125328336B44614613F828CC00F801CFEF
:1094A0002B469E4201F1010C1546EED9002304F82B
:1094B0000C3089B1A44472461EF8010F1CF8015DFE
:1094C0008EF80050A4EB0E030232013B121B0B443A
:1094D0009A428CF80000EEDB20460BB0F0BD002372
:1094E000184623700BB0F0BDDC1D0020FFF7B0BFA5
:1094F0000EB410B59FB021AC4FF4017154F8042B99
:109500000192ADF81C100490089002F0ADF905909E
:1095100009900B480B490C9100234FF6FF7C1093E8
:109520001593019A0068ADF81EC0234604A9039460
:1095300007F038F91FB0BDE8104003B0704700BF16
:10954000C0A000204573010010B50C46B1F90E1003
:1095500001F030FF002803DB236D0344236510BDB9
:10956000A38923F48053A38110BD00BF002070475E
:109570002DE9F0410C46B1F90C101F46CB0505460C
:1095800016460BD421F48051A1813B46B4F90E104C
:1095900032462846BDE8F04101F03ABFB4F90E105A
:1095A0000223002201F0EAFEB4F90C10EAE700BF42
:1095B00010B50C46B1F90E1001F0E0FEA389421C73
:1095C0000EBF23F4805343F480532065A38110BD64
:1095D000B1F90E1001F0C0BE024A0349034800F081
:1095E000BBB800BFB4A0002041080200A093002037
:1095F0000C4B4168994210B5044601D009F034FA89
:10960000A168094B994202D0204609F02DFAE16881
:10961000064B994204D02046BDE8104009F024BA18
:1096200010BD00BFACBF012014C001207CC00120D0
:109630002DE9F8432A4C2B4B2B48DFF8C090DFF87C
:10964000C0802A4F1860002504230822294604F10F
:109650005C00274E6566C4E90253C4E90055C4E9BD
:109660000455A56100F048F9224B6367082229469A
:1096700004F1C400C4E90749C4E90987C4E91A55DB
:10968000C4E91E55C4F8CC502567C4F88050E66282
:1096900000F032F9184BC4F8DC30294604F16803B5
:1096A000082204F59670C4F88430C4E92298C4E90D
:1096B0002476C4E93455C4E93855C4F83451C4F8A3
:1096C000D850C4F8E85000F017F904F1D003C4E909
:1096D0003C98C4E93E76C4F8EC30BDE8F88300BF9E
:1096E000ACBF0120E4C00120B17301008973010007
:1096F000A97301000900010012000200217301009A
:109700004973010010B504460A4802F093F8636BF0
:1097100023B9094B094A1B68626323B1BDE81040B5
:10972000044802F08BB8FFF783FFBDE81040014802
:1097300002F084B870BF0120E4C00120C9730100A9
:10974000014802F077B800BF70BF0120014802F065
:1097500075B800BF70BF01202DE9F84380460F4661
:1097600016464FF00009D6E90154013D11D4A389F2
:10977000012B05F1FF3508D9B4F90E30013321462C
:1097800003D04046B84749EA00096B1C04F168045D
:10979000EDD13668002EE6D14846BDE8F88300BF1B
:1097A000032A70B514D940EA01039B0722D104466D
:1097B0000B46194620460E680568B54204F10404BC
:1097C00003F1040316D1043A032A20461946F0D8BF
:1097D000541E9AB1421E013901E0C3180CD012F890
:1097E00001EF11F801CFE645A4EB0203F5D0AEEB93
:1097F0000C0070BD541EEDE7184670BD104670BDDC
:1098000088420DD98B1883420AD900EB020CBAB1F9
:10981000624613F801CD02F801CD9942F9D17047A3
:109820000F2A0ED8034602F1FF3C4AB10CF1010C9D
:10983000013B8C4411F8012B03F8012F6145F9D14C
:10984000704740EA01039B0750D1A2F1100370B5A5
:1098500001F1200C23F00F0501F1100E00F11004AE
:10986000AC441B095EF8105C44F8105C5EF80C5CBC
:1098700044F80C5C5EF8085C44F8085C5EF8045C34
:1098800044F8045C0EF1100EE64504F11004E9D131
:10989000013312F00C0F01EB031102F00F0400EB87
:1098A000031327D0043C24F003064FEA940C1E4413
:1098B0001C1F8E465EF8045B44F8045FB442F9D185
:1098C0000CF1010402F0030203EB840301EB8401B9
:1098D00002F1FF3C4AB10CF1010C013B8C4411F840
:1098E000012B03F8012F6145F9D170BD02F1FF3C56
:1098F00003469BE72246EBE7830730B548D0541E6A
:10990000002A3FD0CAB2034601E0013C3AD303F833
:10991000012B9D07F9D1032C2DD9CDB245EA0525A0
:109920000F2C45EA054536D9A4F1100222F00F0CA0
:1099300003F1200EE6444FEA121C03F1100242E943
:10994000045542E9025510327245F8D10CF101027A
:1099500014F00C0F03EB021204F00F0C13D0ACF157
:10996000040323F003030433134442F8045B9342DB
:10997000FBD10CF003042CB1C9B21C4403F8011B49
:109980009C42FBD130BD64461346002CF4D1F9E76C
:1099900003461446BFE71A46A446E0E711F0FF016C
:1099A000034644D0820732D110B5046841EA012E43
:1099B0004EEA0E4E8EEA0402A2F1013323EA0203BC
:1099C000A4F1013222EA0402134313F0803F0FD1C5
:1099D00050F8044F84EA0E0CA4F10133ACF10132CB
:1099E00023EA040322EA0C02134313F0803FEFD072
:1099F000037823B936E010F8013F002B32D09942AA
:109A0000F9D110BD8A4211D09A071846CCD0184619
:109A100013F8012B002AF5D1104670479907184614
:109A200007D0184601330278002AF7D17047820721
:109A3000F7D10268A2F1013323EA020313F0803F59
:109A400008D150F8042FA2F1013323EA020313F0E6
:109A5000803FF6D00378002BE8D010F8013F002BB0
:109A6000FBD17047184610BD002A3ED040EA0103E2
:109A70009B0730B584462FD1032A2DD90B4608E029
:109A8000043A8446194625D01EF0803F22D1032A8D
:109A900022D90468194653F8045BA4F1013EAC4294
:109AA00084462EEA040E00F10400E9D09CF8000080
:109AB0000C78A0421BD1E64668B11EF8010F11F8E0
:109AC000014FA2EB0E03A04203F1FF330FD11CEBB9
:109AD0000303F1D1002030BD9CF800000C788442D3
:109AE00005D1012AF6D0E646E6E710467047001B8E
:109AF00030BD00BF40EA01039B0730B501D1032A06
:109B00000FD8844601F1FF3E07E01EF8011F03F85D
:109B1000011B541EC1B19C4622466346002AF4D163
:109B200030BD0B468446194653F8045BA5F1013459
:109B300024EA050414F0803FE4D1043A032A4CF8E7
:109B4000045B1946EFD8DDE79444002CE8D003F815
:109B5000011B6345FBD130BD024A1268012350321C
:109B600000F002B8C0A00020F0B4074610B33E4693
:109B70008C4616F8010B01E0A04216D01CF8014BF0
:109B8000002CF9D1D8B116F8015B0C4601E0002B8E
:109B9000F9D014F8013B9D42F9D14DB1002306F8EC
:109BA000013C16603846F0BC70475BB13746DEE7D3
:109BB0002E46F6E71768002FD9D13846F3E7F0BCF8
:109BC00010607047166038463B70ECE701292DE9BC
:109BD000F0415BD94FF00108C64600244FF0FF3535
:109BE000434608E0A3EB05081C464FF0010E04EBCA
:109BF0000E038B4210D200EB0E0CC75C1CF8056004
:109C0000B742EFD332D04FF001082546C646444450
:109C100004EB0E038B42EED30127C2F80080BE4650
:109C200000244FF0FF363B4607E09F1B1C464FF0D9
:109C3000010E04EB0E038B4210D200EB060C10F861
:109C400003801CF80EC0E045EFD817D00127264648
:109C5000BE463C4404EB0E038B42EED30136681C37
:109C6000864201D317603046BDE8F081C6450ABF81
:109C700074440EF1010E4FF0010EB8E7BE450ABF65
:109C800074440EF1010E4FF0010ED2E701270026B9
:109C9000E8E700BF2DE9F04F9246ADF21C4D05AA52
:109CA00081460F46504619461D46FFF78FFF134663
:109CB00083460DF2144243F8045F9342FBD1002D1A
:109CC00000F0DF806C1E06AE0AF1FF320AEB0400E2
:109CD000009612F8011FAB1A013B5344824246F82A
:109CE0002130F6D105995A4651445046FFF758FDA8
:109CF00000286FD10BF1FF330393CBF101038046B2
:109D00000646019309EB060E009A1EF8043052F83D
:109D10002330DBB1B8F1000F03D0059A9A4200D985
:109D2000AB1A1E444FF000087B1B9E42EAD909EB98
:109D3000070045F4006109F01BF907447B1B9E42B4
:109D4000E0D900200DF21C4DBDE8F08FC3455B4605
:109D500038BF4346A34210D2591EF21851444A4418
:109D600002E00133A34208D212F8010B11F801CF2F
:109D70008445F6D0019A1644D3E7C345039B7ED9A8
:109D800006EB0B024A440AEB0B01029602E0434544
:109D900015D0034612F8010D11F8016D864203F14A
:109DA000010C03F1FF30F2D0029E634608F1010876
:109DB00098450AD8059B1E44A5EB0308B4E7434623
:109DC00008F101089845029EF4D970460DF21C4D29
:109DD000BDE8F08FA5EB0B035B4538BF5B46013355
:109DE00005930BF1FF330193CBF10103002602939E
:109DF00045F4006809EB0601009A0B5D52F8233028
:109E00006BB11E447B1BB342F4D209EB0700414601
:109E100009F0AEF807447B1BB342EBD291E7A345B0
:109E200014D2019B0BEB06020AEB030C4A445B467F
:109E300002E00133A34209D212F8010B1CF801EF32
:109E40008645F6D0029A16441E44DBE7BBF1000FAC
:109E500010D00BEB060048440AEB0B0201E053451F
:109E600008D012F801ED10F801CDE6451346F6D002
:109E7000059BC6E708460DF21C4DBDE8F08F5B461A
:109E800094E706AB4FF0FF3400932BE72DE9F04148
:109E90000D46097890B00446002954D06A78002A0B
:109EA00000F08380AB78002B51D0E8782E68002832
:109EB00000F082802B79002B57D0284601F0D4FC8B
:109EC000064640F40071204609F052F886425BD8FD
:109ED000FE2E00F28680801B27184022711C6846E7
:109EE000FFF70AFD7EB16A1E5FFA86FC901912F830
:109EF000013F03F03F0340336B44A91A614482429F
:109F000003F8401CF3D1013CA35D03F03F03403351
:109F10006B4413F8403C1C44A74203D239E044444C
:109F2000A74236D314F806C00CF03F0C0CF14003E6
:109F30000DEB030C2046324629461CF8408CFFF7F7
:109F40002FFC0028EBD1204610B0BDE8F08100784E
:109F500042EA014200E00C4640EA0343611C98B12A
:109F60009A426078F7D1013CEDE7227862B131BACC
:109F700001E099421ED042EA0323204614F8012F43
:109F8000002AF6D1994215D00024204610B0BDE831
:109F9000F081BB5DB819002BF6D04FF4006108F0DA
:109FA000E7FF0744BC42AED9EEE710B0BDE8F04190
:109FB000FFF7F4BCC41EC6E7120442EA016242EA9B
:109FC00003232178024600E02C4641EA0200651C8A
:109FD00002020029D8D0B3EB002F6178F4D1023C03
:109FE000B1E7014633462A46204610B0BDE8F041AD
:109FF000FFF750BE024B1968703100F003B800BF84
:10A00000C0A00020F8B55F4A0C460023D0E900014B
:10A010000CF00EFA002AC0F2AB8000F52F2000F6FB
:10A020006C205949A1FB0251C90A4FF4616303FB3B
:10A030001122564BA160A3FB02135B096360C3EBC3
:10A040000313A2EB8302524B2260C11C83FB013C31
:10A050008C44CB17C3EBAC03C3EBC303CB1A48BF91
:10A0600007330028A3614B4B78DBC11783FB002328
:10A07000C1EBE331484B494A03FB01008308A2FBD3
:10A080000352474D00EBD222A5FB0363454EA2EBE2
:10A09000D3120309A6FB0363A2EB1312424BA3FBEB
:10A0A0000263D61A03EB560C9308A5FB03533F4DEE
:10A0B0004FEA1C22A5FB0265DB09C3EB55130344E1
:10A0C00040F26D1000FB123303EB830E38480EF1A3
:10A0D000020EA0FB0E0C4FEADC1C40F2F9550CEB13
:10A0E000CC00AE4500EB0010324D00F10200A5FBA4
:10A0F00000504FF4C87694BF02256FF0090506FBA7
:10A1000001216544012D98BF01315E1CB3F5997F93
:10A11000A6EB90000BD3A3F59973A1F26C71E361E8
:10A120000023E060C4E9045123622046F8BD96078D
:10A130000BD0214E06FB02F2204EB6EB321F2CBF95
:10A14000012200223B331344E7E71B4E1C4F02FB66
:10A1500006F6B7EBB60FECD20122F3E7A0F50E310D
:10A16000A1F52C7183FB0123C917C1EBE33181E712
:10A1700002F5A83200F52F2002F5C07200F66B2020
:10A180004FE700BF80510100C5B3A291898888883C
:10A1900093244992BD066B394FC5FDFF7F206B3973
:10A1A000D97CC65941D6720061F319671F85EB51FE
:10A1B000D7802BD6CDCCCCCC295C8FC20AD7A300BC
:10A1C000285C8F024269002A40F26C73A8BF6FF0CE
:10A1D00063031344920710B407D1254C254A26493E
:10A1E00004FB0322B1EBB20F3BD3224A204C23499C
:10A1F00004FB0323B1EB331F2CBF01220022D0E963
:10A200000631580000EB0110104441F2A26398425D
:10A210002BD00BDC012819DD0A38172823D8184B5E
:10A22000C34043F300005DF8044B704741F2B46350
:10A2300098420FDDA0F5B6500238152813D8114BFF
:10A240005DF8044BC34003F001007047C043C00FEA
:10A250004042E8E741F2B1639842D4BF00200120B8
:10A26000E1E70122CBE70020DDE70120DBE700BFCB
:10A27000295C8FC250B81E05285C8F020AD7A30044
:10A28000CF00CC001F002A002DE9F04F14788FB0CA
:10A2900083468A465CB92546BAF1000F00F0C280B9
:10A2A000002328460BF805300FB0BDE8F08F1E469E
:10A2B000002302931D462346252B14460DD00AF198
:10A2C000FF32AA4240F2AD800BF80530013401356F
:10A2D0002378002BE0D0252BF1D16778302F00F0C8
:10A2E000A8802B2F00F0A5803946A1F13103082B5F
:10A2F00004F101044FF0000740F2A3804FF0000882
:10A30000452900F093804F2900F09080A1F12502AB
:10A31000552A00F28680DFE812F00E0284008400E5
:10A32000840084008400840084008400840084000D
:10A3300084008400840084008400840084008400FD
:10A3400084008400840084008400840084008400ED
:10A3500084005102700217014801840069019B01C9
:10A36000B400BB008400840084002F0284008400B9
:10A370005600840000020B040E041E04F101490380
:10A3800059036003800384008400840084008400F7
:10A3900084003202D10018029D009D008400EC0070
:10A3A000D10084000F01B400BB0013018F028400B0
:10A3B000560084009902A00225033B038400220476
:10A3C000B003B703C503B3680B2B934BD4BF002274
:10A3D000012203EB8203D3F8A470384601F044FA5B
:10A3E000002848D00AF1FF3CAC451AD9691EDFF8B5
:10A3F0005CE23B46284459442278502A1A7807D117
:10A400001EF8027007F00307012F04BF2032D2B2FA
:10A410000135854201F8012F03F101032BD0654579
:10A42000EAD3002528460FB0BDE8F08F61780134EB
:10A430006CE7A178A1F13103082B04F102043FF687
:10A440005DAF204606A90A2208F058FC069C80460B
:10A45000217855E7714B724A642918BF1A46F36890
:10A46000AAEB05010BEB050002F0B8F80028D8DBD9
:10A470000544AA45D5D92378002B3FF40DAF01340C
:10A4800026E7674B654A6B2918BF1A46B368E7E7AA
:10A49000B368002B00F090830C2B09D0614A82FB3B
:10A4A0000320DA17C2EB600202EB4202A3EB820345
:10A4B0005B485A4A492908BF0246D1E73269564BE0
:10A4C00053F82270384601F0CFF90028D3D00AF1B2
:10A4D000FF3CAC45A5D96A1E7B1E28445A44013571
:10A4E00013F8011F02F8011F8542C4D06545F6D359
:10A4F00097E73046FFF766FE074670690028C0F20E
:10A500005B84494B83FB0032C317C3EB62136422A5
:10A5100002FB1303F818444F87FB0023C217C2EB5A
:10A520006312642101FB12000844A7FB00235B09AE
:10A530003B4A01FB130393E7F3693C4A01338FE77E
:10A540003369374A01338BE7394BD6F81490994574
:10A55000ACBF00230123B9F1000F0393C0F21784AD
:10A56000314B83FB09324FEAE973C3EB621303F10A
:10A57000130C002F00F06A83BCF1630F40F3BE831D
:10A580002C4A2D4B2B2F08BF13462C4A28482C4908
:10A59000B8F1020F38BF4FF002088145B8BF0B4633
:10A5A0000BEB0500AAEB05015BE370693369D6F894
:10A5B0000C80002803F101030BEB0507AAEB050152
:10A5C000C0F2D283184A82FB002CC217C2EB6C1275
:10A5D0004FF0640C0CFB1202CDE900823846194A98
:10A5E00001F0FCFF0028BFF643AF1AE725238DF8E2
:10A5F0001830002F40F0BE822B238DF81930042331
:10A600000DF11A07104A1E21384601F0E7FF002815
:10A6100040F3BD823844BBE228050020801D0020A5
:10A62000781D0020ABAAAA2A1F85EB51A41D00208B
:10A6300094F8FFFF701D0020740A0020681D0020A0
:10A64000741D0020841D0020941D0020051E002084
:10A65000C94BD6F814909945ACBF0023012330466E
:10A660000393FFF7AFFDB9F1000F0146C0F252832B
:10A67000C24B83FB09304FEAE973C3EB601313331A
:10A680004A46BE48A0FB020C4FEA5C1C642000FB5B
:10A690001C2C0029C0F2AF8200F0C783B648814568
:10A6A000C0F2EB82002203928C44BCF1FF3F00F029
:10A6B000AB82BCF1640F04BF01334FF0000C642285
:10A6C00002FB03C3039A002A40F08D812B2F40F038
:10A6D0006F8242F20F72934240F2B0838DF818708D
:10A6E000B8F1000F40F05A820DF119000DF1180970
:10A6F0002522027030224270023085E13046FFF799
:10A7000061FDB269002A00F05982013A0028F3691C
:10A7100040F37E8201239A4AA2E673680093B368ED
:10A72000984AAAEB05010BEB050001F057FF002842
:10A73000BFF69EAE75E60AF1FF33AB427FF671AE0F
:10A7400025230BF80530013595E68F4BD3F8A07023
:10A75000384601F089F83B78002B3FF48CAE3A463E
:10A760003346AAEB05010BEB0500FFF78DFD002832
:10A770007FF757AE05447EE67368814A70E6B36999
:10A78000814A183352F82370384601F06DF80028DA
:10A790003FF471AE0AF1FF3CAC457FF642AE6A1E53
:10A7A0007B1E28445A44013513F8011F02F8011F8B
:10A7B00085423FF460AE6545F5D332E6B269724B2F
:10A7C00003EB8203DF6F384601F04EF800283FF4B8
:10A7D00052AE0AF1FF3C6545BFF423AE6A1E7B1EF4
:10A7E00028445A44013513F8011F02F8011F85421D
:10A7F0003FF441AE6545F5D313E63369624A0C3345
:10A8000052F82370384601F02FF800283FF433AE99
:10A810000AF1FF3C6545BFF404AE6A1E7B1E284466
:10A820005A44013513F8011F02F8011F85423FF415
:10A8300022AE6545F5D3F4E50AF1FF33AB427FF66E
:10A84000F0AD0A230BF80530013514E64E4BD3F872
:10A85000E470384601F008F87DE7336A002B80F297
:10A86000AF814FF00009CDF810907769B7F145033B
:10A870004FEAE77E6EF1000EBEF1000FAAEB050174
:10A880000BEB050002DA03334EF1000E07F1FF3C3B
:10A8900007F22B12463F0397384F9B0887FB0C7833
:10A8A0004FEAEC7CCCEB681C344F43EA8E73B3EB7D
:10A8B0000C034FEAAE0E6EEBEC7C87FB028ED217D8
:10A8C000C2EBEE12039F9B184CEBE27240F26D1C40
:10A8D0000CFB07FC13EB0C0742EBEC73F269BF189F
:10A8E00043EBE273FA1943EB030CD21943EB0C036D
:10A8F000B768DB0043EA5273D20012EB070C43EB5C
:10A90000E7731A014FEA0C17B7EB0C0742EA1C7207
:10A9100062EB03039B0043EA9773BA00776812EB7C
:10A92000070C43EBE7773A014FEA0C13B3EB0C0348
:10A9300042EA1C7262EB07029200376842EA9372A5
:10A940009B00DB1942EBE772049FB3EB090362EB58
:10A950000702CDE900320D4A01F040FE0028BFF6A3
:10A9600087AD5EE50AF1FF33AB427FF65AAD0923AE
:10A970000BF8053001357EE594F8FFFF1F85EB519C
:10A98000781D0020AC1D002028050020B81D0020E7
:10A990000AF1FF33AB427FF644ADB369002B40F0C0
:10A9A000E48037230BF80530013564E5B369002BEB
:10A9B00000F0F780013BF2690732D21ABD4B83FBEE
:10A9C00002131344D217C2EBA303A4E6BA4BD3F885
:10A9D0009870384600F048FFBDE67369B74A934265
:10A9E00080F2E180D31A2D228DF81820B8F1000FE3
:10A9F00040F0D4800DF119000DF1180925220270E4
:10AA0000002F7FF477AE0130AD49039300F08AFE4A
:10AA1000039B00934A46434683E6336A002BFFF6C6
:10AA20002EAD00F03DFA029B002B00F01882336A35
:10AA3000A44A002BD4BF0023012352F823703846C8
:10AA400000F012FF002800F017820AF1FF3CAC452D
:10AA500040F2F0816A1E7B1E5A44471902E06545A8
:10AA600080F0E881013513F8011F02F8011FBD4293
:10AA7000F5D100F01BFA3D4657E08F4BD3F89C70A0
:10AA8000384600F0F1FE66E670690028C0F2678182
:10AA90008D4B83FB0032C317C3EB6213642202FBAE
:10AAA000130338E6336A002BFFF6E9AC00F0F8F93F
:10AAB000029B002B00F0FB8008F06CFA336ADFF891
:10AAC0003892002BD4BF00230123013303EB83030F
:10AAD00050F833707F4200F0E9F989FB07304FEA04
:10AAE000E7783844C8EB601001F032FD89FB0023A1
:10AAF0000344C217C2EB6312744BC2EB0212A0EB09
:10AB0000820083FB07233B440090714AC8EBE32398
:10AB10000BEB0500AAEB050101F060FD0028FFF634
:10AB200080AC0544AA457FF67CAC01230293A2E4E5
:10AB30003368684A94E43368019373680093B36898
:10AB4000654AAAEB05010BEB050001F047FD002863
:10AB5000BFF68EAC65E4F269B36907322DE70AF1FE
:10AB6000FF33AB427FF65DACB36930330BF8053091
:10AB7000013580E4B8F1060F38BF4FF00608B8F190
:10AB800006038DF819707FF43BAD0DF11A073846B6
:10AB9000524900F0C7FD334606AAE2E508F1FF3846
:10ABA00028E7062307E72B2F03F26C7300F01C81C4
:10ABB0000DF11809484621E70C2379E40622A5E5A2
:10ABC00000F06EF9029B002B6ED008F0E3F9336AB7
:10ABD000002BD4BF00230123013303EB830350F880
:10ABE000337000F063F9C7F10009012302934FEAC3
:10ABF000E973049339E63A487269824251DB8C4426
:10AC0000BCF1FF3F7FF45BAD013B4FF0630C56E5B9
:10AC10003DD071690029A2EB030340F26B72A8BF1B
:10AC20006FF0640211448A0740F0F0802D482E4FE7
:10AC30002E4A07FB0100B2EBB00F80F0E780012243
:10AC40009B1A052BB4BF3523342364E5B8F1020FFA
:10AC5000274A284B38BF4FF002080BEB0500AAEB40
:10AC60000501039FA8EB0707CDE9007C01F0B6FCC6
:10AC70000028BFF6FDABFFF7D4BB0CF1FF32BCF1EF
:10AC8000000F00F0E680642101FB0323ABE60A33EA
:10AC90009B1A084A82FB03121A44DB17C3EBA20378
:10ACA00039E501210391FFE400F006F98DE700F09A
:10ACB00003F901E7932449922805002094F8FFFF47
:10ACC000A01D0020C4A000201F85EB51C5B3A29198
:10ACD000D01D0020781D0020C01D0020981D0020E0
:10ACE00095F8FFFF50B81E05295C8FC2285C8F02C3
:10ACF000601D0020740A002089888888B8F1020F3E
:10AD00005E4A5F4B38BF4FF002080BEB0500AAEB21
:10AD10000501A6E7049009F26C7000F067FE594B3C
:10AD20007269049983FB003C002A4FEAE073C3EB8D
:10AD30006C13BFF6A6AC02F26C70CDE9043100F0E2
:10AD400055FE504B83FB00CE4FEAE07CCCEB6E1CF3
:10AD50004FF0640EDDE904310EFB1C0C99E400F2A7
:10AD60006C7000F043FE93E600F26C70CDE90313C3
:10AD700000F03CFE434B83FB002CC217C2EB6C126D
:10AD80004FF0640CDDE903130CFB120224E409F21A
:10AD90006C7000F02BFE3B4B83FB0032C317C3EB00
:10ADA000621C002F3DD042F20F7398423FF7E8AB90
:10ADB000334B324AFFF7EABB00F26C7000F016FE2C
:10ADC000304B83FB0032C317C3EB6213002F4FF0ED
:10ADD000640202FB130345DA7169A2F2CF72914259
:10ADE000B8BF0127FFF796BB42F20F72934229D9F1
:10ADF0008DF81870B8F1000F7FF4D0AE25228DF8D1
:10AE000019200DF119000DF1180973E41E4A1F48AD
:10AE100000FB01211E4AB2EB311F2CBF0122002290
:10AE20000EE7174B1B4AFFF7B1BBBCF1FF3F7FF4A6
:10AE300046ACE9E600F03AF8FFF7F3BA0DF118096D
:10AE4000484655E425220DF118098DF8182048468A
:10AE500050E4013B642202FB03F36333C3E500F0DB
:10AE60002BF8E4E53FF456AB0B4A71699142B8BF49
:10AE70004FF0FF37FFF74EBB2F46FAE5681D002065
:10AE8000740A00201F85EB5150B81E05295C8FC243
:10AE90000AD7A300601D002094F8FFFFFFF7F4B964
:10AEA000014800F0C5BC00BF74BF0120014800F09C
:10AEB000C3BC00BF74BF0120014B186800F002B88A
:10AEC000C0A000202DE9F04F8FB0054608F062F8D1
:10AED000BD490446284601F033FB8046002800F0B7
:10AEE0004781BA4E316829B100F0B2FA002800F06B
:10AEF000208131680846FCF757FD404600F0B4FC5D
:10AF0000411C2846FCF758FD306010B1414600F066
:10AF100009FCAF4EAF4FB04D0023C4E90333C4E981
:10AF20000533C4E90D33C4E90F3333603B60A362DA
:10AF30002365AA4BC5E900334A23237284F83030D5
:10AF400000220023C4E90823C4E9122398F8003042
:10AF50003A2B04BF98F8013008F101083C2B00F0AF
:10AF6000EB800DF1300B9E4A9E495B46404601F056
:10AF700009FB002840F3DD800C98C21E072A00F26E
:10AF8000D88018F800202D2A804400F0EC802B2A6D
:10AF900008BF08F101084FF0010A0AAB0022029332
:10AFA0000DF126030093ADF82620ADF828208E4938
:10AFB000CDF80CB0CDF804B05B4609AA404601F0CC
:10AFC000E1FA002840F3B580BDF82620BDF82890AE
:10AFD0000C99C2EB021209EB8209BDF824204FF450
:10AFE000616000FB029918F801203C2A0AFB09F96C
:10AFF000884400F001817D4A7A495B46404601F071
:10B00000C1FA002840F311810C9AD11E072900F2E1
:10B01000908018F802102D29904400F0CC802B2944
:10B0200008BF08F101084FF0010A0AAB0022CDE980
:10B0300001B30DF126030093ADF82420ADF82620CE
:10B04000ADF828200C926849CDF80CB05B4609AAEF
:10B05000404601F097FA002840F3FC80BDF8262016
:10B06000C2EB0211BDF8282002EB8102BDF82410CA
:10B070004FF4616000FB01220AFB02F307930C9A74
:10B080000023CDE905399044A14698F800A0BAF113
:10B090002C0F04BF98F801A008F10108BAF14D0F78
:10B0A00000F0DC80BAF14A0F08BF08F101084FF048
:10B0B0000A020DA9404618BF4FF0440A07F01EFED1
:10B0C0000D9BADF82E00434500F0B78080B289F8A3
:10B0D00008A0C9F8140098464FF0000A0223ADF802
:10B0E00026A0ADF828A0CDF830A0ADF8243098F80F
:10B0F00000302F2B00F0DF804FF4E153C9F81830F7
:10B10000059B09F12809002B5AD0079B2365344B76
:10B11000DDF818902B60354B6B606068C4F82890A0
:10B1200007F03CFFA26A236D32609B1A18BF01230F
:10B130003B600FB0BDE8F08F08F101090DF1300B55
:10B14000274A2B495B46484601F01CFA0028F0DDEF
:10B150000C98C21E072AECD819F800203E2AE8D124
:10B1600008F102080DE708F101084FF0FF3A14E773
:10B170004A22227284F83020164A174B10601D4A6A
:10B180001349124DA062C3E9002200220023C4E942
:10B190000300C4E90500C4E90D00C4E90F002065FF
:10B1A0000860C4E90823C4E912232868FCF7FCFB03
:10B1B000C5F80080BDE708F101084FF0FF3A34E719
:10B1C0000123059361E700BFD81F002020C20120A2
:10B1D00004C1012000C10120C4A00020740A002085
:10B1E000F4C00120F41F002004200020E8C001204A
:10B1F000E01F0020DC1F002008F1010A4E4A4F49E1
:10B200005B46504601F0BEF900280ADD0C9AD11EBB
:10B2100007298ED81AF802103E298AD108F10208AF
:10B22000F7E698F801203E2AF0D1454BC4F8289063
:10B23000C5E90033C6F800907BE7059A002A5BD089
:10B240004D2284F830200B210122C4E90D12002286
:10B25000E26340E7A9F56163079310E70DF12E0360
:10B2600002930BAB00933749CDF80CB0CDF804B086
:10B270005B460DF12A02404601F084F903287FF471
:10B2800058AFBDF82A305A1E0B2A3FF652AFBDF810
:10B290002C20511E04293FF64CAFBDF82E10062974
:10B2A0003FF647AFC9E9033289F808A0C9F814107E
:10B2B0000C9B984410E70AABCDE901B30DF12603CE
:10B2C00000932149CDF80CB05B4609AA404601F035
:10B2D00059F9504518DDBDF826300C99C3EB03121F
:10B2E000BDF8283003EB8203BDF8242088444FF4D6
:10B2F000616101FB023301E762614D22227203208A
:10B300000222C4E90302E6E64A2300200021C4E940
:10B310000801C4E91201C4E903AAC4E905AAC4E901
:10B320000DAAC4E90FAA2372C4F828A084F830300B
:10B33000C4F850A0FDE600BFE8C00120E01F0020D7
:10B34000F4C00120182000202C200020014B93F88D
:10B3500028017047389B002038B5074D002204466D
:10B3600008462A60F6F756F9431C00D038BD2B6812
:10B37000002BFBD0236038BD24C1012038B50C461A
:10B38000084D8446114620461A4600232B60644629
:10B39000F6F74CF9431C00D038BD2B68002BFBD0CE
:10B3A000236038BD24C1012013460A46014602200D
:10B3B00000F0C8BA38B50C46084D84461146204600
:10B3C0001A4600232B606446F6F722F9431C00D08E
:10B3D00038BD2B68002BFBD0236038BD24C1012071
:10B3E000B7EEC00A002307F0DBBE00BF38B5074D3B
:10B3F0000022044608462A60F6F7F0F8431C00D005
:10B4000038BD2B68002BFBD0236038BD24C1012040
:10B4100038B50C46084D8446114620461A4600238E
:10B420002B606446F4F7FCFB431C00D038BD2B684E
:10B43000002BFBD0236038BD24C10120014B1868CC
:10B44000704700BFC0A00020A2EB0300704700BF00
:10B4500002780B78012A28BF9A42F5D16DE904459C
:10B4600040EA0104CDE902676FF0000C4FEA447234
:10B4700012B380EA010414F0070F6AD100F0070448
:10B4800020F0070004F0030521F007014FEAC5058D
:10B49000F0E8042314F0040FF1E804670CFA05F453
:10B4A00062EA040266EA04060AD063EA040362461A
:10B4B00067EA0407664603E0F0E80423F1E804675E
:10B4C00082FA4CF582EA0604A4FA8CF46CBB83FA87
:10B4D0004CF583EA0705A5FA8CF595B950E90223E6
:10B4E00051E9026782FA4CF582EA0604A4FA8CF468
:10B4F00083FA4CF583EA0705A5FA8CF52543DBD0E2
:10B500009CB92DBAB5FA85F424F0070427FA04F1A2
:10B51000DDE9026723FA04F303F0FF0001F0FF0105
:10B52000FDE80445A0EB0100704724BAB4FA84F4A6
:10B5300024F0070426FA04F1DDE9026722FA04F296
:10B5400002F0FF0001F0FF01FDE80445A0EB01005F
:10B55000704714F0030F3CD110F0030428D150F8C9
:10B56000082B51F8083B82FA4CF582EA0305A5FA4C
:10B570008CF55DB950F8042C51F8043C82FA4CF576
:10B5800082EA0305A5FA8CF5002DE8D02DBAB5FAAC
:10B5900085F424F0070423FA04F122FA04F202F0FD
:10B5A000FF0001F0FF01FDE80445A0EB010070473A
:10B5B0004FEAC40420F0030050F8082B21F00301E7
:10B5C00051F8083B0CFA04F462EA040263EA04034B
:10B5D000C9E710F003041AD0A1EB040120F0030026
:10B5E000E40750F8042B06D00FD28B785FFAA2F450
:10B5F000E41A06D12BB1CB785FFAB2F4E41A00D189
:10B600001BB920465DF8104B704701F1040150F85A
:10B61000042BCC0721F0030151F8043B48D824D275
:10B6200022F07F4482FA4CF594EA1325A5FA8CF5B2
:10B630000AD165B951F8043B84EA0204B4EB036F04
:10B640000ED150F8042BEBE74FEA132355E035F009
:10B650007F454DD10878FDE80445C0F100007047F2
:10B660004FEA126203F0FF0347E002EA1C4482FA49
:10B670004CF594EA1345A5FA8CF50AD165B951F851
:10B68000043B84EA0204B4EB034F0CD150F8042BC2
:10B69000EBE74FEA134330E015EA1C4528D10B884D
:10B6A0004FEA124229E04FEA124203EA1C4324E027
:10B6B00002F0FF0482FA4CF594EA1365A5FA8CF5C2
:10B6C0000AD165B951F8043B84EA0204B4EB032FB4
:10B6D00009D150F8042BEBE74FEA13630DE015F0A6
:10B6E000FF0F05D10B684FEA122223F07F4304E0DD
:10B6F0004FF00000FDE80445704712BA1BBA82FA09
:10B700004CF482EA0304A4FA8CF5B5FA85F402FA43
:10B7100004F203FA04F34FEA1260FDE80445A0EBDB
:10B720001360704780EA0102844612F0030F4FD184
:10B7300011F0030F32D14DF8044D11F0040F51F800
:10B74000043B0BD0A3F101329A4312F0803F04BFB7
:10B750004CF8043B51F8043B16D100BF51F8044BA0
:10B76000A3F101329A4312F0803FA4F101320BD1D0
:10B770004CF8043BA24312F0803F04BF51F8043B55
:10B780004CF8044BEAD023460CF8013B13F0FF0FB2
:10B790004FEA3323F8D15DF8044B704711F0010FE5
:10B7A00006D011F8012B0CF8012B002A08BF7047B6
:10B7B00011F0020FBFD031F8022B12F0FF0F16BFAD
:10B7C0002CF8022B8CF8002012F47F4FB3D1704775
:10B7D00011F8012B0CF8012B002AF9D1704700BF9A
:10B7E00070B50D4E0D4D761BB61006D0002455F8E1
:10B7F000043B01349847A642F9D1094E094D761B06
:10B800000AF0A6FEB61006D0002455F8043B013419
:10B810009847A642F9D170BD00200060002000606A
:10B820003020006000200060704700BF704700BFFC
:10B83000704700BF704700BF704700BF704700BF30
:10B8400000000000000000000000000000000000F8
:10B8500000000000000000000000000000000000E8
:10B86000000000000000000090F800F06DE90245C3
:10B8700020F007016FF0000C10F0070491F820F0A1
:10B8800040F049804FF000046FF00700D1E9002339
:10B8900091F840F000F1080082FA4CF2A4FA8CF220
:10B8A00083FA4CF3A2FA8CF34BBBD1E9022382FA60
:10B8B0004CF200F10800A4FA8CF283FA4CF3A2FADD
:10B8C0008CF3E3B9D1E9042382FA4CF200F10800C9
:10B8D000A4FA8CF283FA4CF3A2FA8CF37BB9D1E987
:10B8E000062301F1200182FA4CF200F10800A4FACB
:10B8F0008CF283FA4CF3A2FA8CF3002BC6D0002A08
:10B9000004BF04301A4612BAB2FA82F2FDE80245C8
:10B9100000EBD2007047D1E9002304F00305C4F125
:10B9200000004FEAC50514F0040F91F840F00CFA3E
:10B9300005F562EA05021CBF63EA050362464FF0A3
:10B940000004A9E72DE9F047DFF87CA00646DAF805
:10B95000000098460F469146FFF76CFF184B1C6895
:10B9600024B365681F2D24DC5EB96B1C0235DAF840
:10B970000000636044F82570FFF760FF0020BDE819
:10B98000F08704EB85010123C1F88890D4F8882161
:10B99000AB401A43022EC4F88821C1F80881E4D1D3
:10B9A000D4F88C211A43C4F88C21DEE7054C1C60C6
:10B9B000D7E7DAF80000FFF741FF4FF0FF30DEE78E
:10B9C000D0BD0120D4BD01202C9B00200000000030
:10B9D0009FED010B704700BF000000000000F87FE2
:10B9E0009FED010A704700BF0000C07F0028B8BF6C
:10B9F00040427047F8B5244F0C460646FCF78CFAD7
:10BA0000BB685D68C4F57E610F3125F003054B19F5
:10BA100023F47F6323F00F03A3F58054B4F5805F14
:10BA200007DB00213046FFF7E1FCBB682B4498425E
:10BA300004D03046FCF776FA0020F8BD614230466B
:10BA4000FFF7D4FC01300DD0104ABB682D1B45F028
:10BA500001055D60136830461B1B1360FCF762FA3A
:10BA60000120F8BD00213046FFF7C0FCBA68831AF8
:10BA70000F2BDEDD43F001035360054B03491B68C8
:10BA8000C01A0860D5E700BFA49C002078BF012041
:10BA9000ACA00020002961D0F8B50C460646FCF7A2
:10BAA0003BFA54F8042C7B4FA4F1080522F0010165
:10BAB00005EB010CB868DCF80430604523F00303A3
:10BAC00000F08B80D207CCF8043032D454F8082C24
:10BAD000AD1A1144AA6807F1080082426AD00CEB43
:10BAE0000304D4F804E0EC68D4601EF0010FA260F7
:10BAF00000F0978041F001036B60CCF80010B1F5C5
:10BB0000007F35D27868CB080122490901338A4089
:10BB1000024357F833107A6007EBC302083AC5E9CD
:10BB2000021247F83350CD603046BDE8F840FCF7CC
:10BB3000F9B90CEB03025268D00710D4194407F18D
:10BB40000800DCF80830834273D0DCF80C20DA609F
:10BB5000936041F001036B606950D0E7704741F09A
:10BB60000103B1F5007F44F8043CCCF80010C9D3C0
:10BB7000B1F5206F4FEA512348D28B0903F1390008
:10BB800003F13802C300F818FB580838984259D01E
:10BB90005A6822F003028A4202D99B689842F7D180
:10BBA000D868C5E902308560DD603046BDE8F84000
:10BBB000FCF7B8B90CEB03025268D20763D40B440C
:10BBC000DCE90212CA60916043F001026A6030460B
:10BBD000EB50BDE8F840FCF7A5B90B44D10707D4FA
:10BBE00054F8082CAD1A1344D5E90212CA609160CA
:10BBF00043F001026A60284ABD6012689A4293D8F5
:10BC0000264B30461968FFF7F5FE8DE7142B0AD94D
:10BC1000542B1FD80B0B03F16F0003F16E02C3000E
:10BC2000B1E719448DE703F15C0003F15B02C30047
:10BC3000A9E741F00103C7E90455C5E902006B60BB
:10BC4000695071E779689210012404FA02F20A43FC
:10BC50007A60A6E7B3F5AA7F06D8CB0B03F178008C
:10BC600003F17702C3008EE740F25452934206D8A4
:10BC70008B0C03F17D0003F17C02C30083E74FF4DA
:10BC80007E737E227FE741F001036B60CCF80010E9
:10BC90004AE700BFA49C0020B0A00020A8BF01205C
:10BCA0002DE9F0410469B4EB611F2FDD00F1140EA2
:10BCB0004E1111F01F0C0EEB84050EEB86032BD0FA
:10BCC0005EF8261004339D4221FA0CF1CCF12008D5
:10BCD00018D977461A6802FA08F20A4347F8042B83
:10BCE00053F8041B9D4221FA0CF1F3D8A31B9B00CF
:10BCF000053B9B0801330EEB83044EF82310C9B1BA
:10BD0000043417E0416174460029F9D1002303612E
:10BD100000234361BDE8F0819D4288BF00F110021D
:10BD2000F4D953F8041B42F8041F9D42F9D8A41B10
:10BD30000EEB8404A4EB0E039B1074450361E7D063
:10BD4000BDE8F0812DE9F04F2DED028B0C688B469C
:10BD5000A17885B0302908EE100A9246029340F08F
:10BD6000CE816FF00100001BE21C8318144612F80C
:10BD7000011B3029F9D0DFF8008318F80120002AD0
:10BD800000F0E5802278002718F802203D4626467C
:10BD90002AB116F8012F18F80220002AF9D1B54966
:10BDA000019301223046FDF75FFE019B814600288A
:10BDB0004DD0002D4ED13278A94602F0DF02502A34
:10BDC000354650D0CBF80060002F69D12B1B013BCA
:10BDD000072B394604DD5B10072B01F10101FADC6A
:10BDE00018EE100A06F006F98346002800F0668275
:10BDF00000F11406AC42019680F0D2810027CDF804
:10BE00000C909C49A1463C460CE0202F19D03846A6
:10BE100004372A7818F8022002F00F0282401443F7
:10BE20004D4547D015F8012D2E2AEED14D45ECD3C6
:10BE300001222846FDF718FE8E490028F0D0202F59
:10BE4000E5D1002046F8044B04270446E1E7002D25
:10BE500000F04281327802F0DF02AD1B502A4FEA37
:10BE600085093546AED16A782B2A00F025812D2A26
:10BE700000F0A5806E1C002018F802104A1E182A37
:10BE800000F29B80727818F8022010390136002ADF
:10BE90005AD100B149428944CBF80060002F95D0B7
:10BEA000002B14BF00250625284605B0BDEC028BEB
:10BEB000BDE8F08FDDF80C90234646F8043B1846A9
:10BEC000019BF61AB610CBF8106006F06DF97601FA
:10BED000DAF80040301AA04275DCC0F2EF8000278B
:10BEE000DAF808304B45C0F25181DAF804304B459E
:10BEF0004ADDA3EB09094C4500F38280DAF80C20F7
:10BF0000022A00F06581032A00F08181012A00F0F5
:10BF10006F8118EE100A594606F092F85025109AD3
:10BF200000232846136005B0BDEC028BBDE8F08FFE
:10BF300001EB810102EB4102A2F1100116F8012F81
:10BF400018F80220002AA4D0192AF1DDA1E74949F6
:10BF5000019301222046FDF787FD019B00286DD14A
:10BF6000617818F80120651C002A69D030292C4618
:10BF700005D114F8013F302BFBD018F80320B2FA9A
:10BF800082F77F09012302E7012557B1DAF80C3067
:10BF9000022B5DD0032B5FD0012B00F0848045F095
:10BFA0001005109BC3F800B0029B2846C3F8009010
:10BFB00005B0BDEC028BBDE8F08F2E4602E70120F4
:10BFC000AA78AE1C58E7061B3146584606F01AFD03
:10BFD000074678B1721E53110199012751F82310B9
:10BFE00002F01F0307FA03F30B4203D0BA4200F337
:10BFF000E280022731465846B144FFF751FE6FE711
:10C0000009F1FF35002F40F0CE80002D40F0CD80AB
:10C010006B11019A05F01F0552F823200123AB4054
:10C0200013424946584618BF47F00207A4EB0904DB
:10C03000FFF736FE0225DAF80490A6E721782546B8
:10C0400001F0DF01502900F0BF80CBF8005027E756
:10C05000119BC3F101031193119B002B9FD0DBF8BF
:10C060001070DDF80480BA004346019208EB8700A7
:10C07000002107E0D40A0020941B0020984243F8D6
:10C08000041C3FD91E4653F8042BB2F1FF3FF5D0F4
:10C090000132022D326000F0BF8014F01F0440F026
:10C0A000E78021257DE7BA077FF579AF019B1B6803
:10C0B0001F43FB07D3D472E7002081E7221A5946B9
:10C0C00018EE100AA9EB020906F0FAF900F11403C0
:10C0D00083460193002703E7727818F80200711C69
:10C0E000002800F0A0800D4611F8012F18F802007A
:10C0F0000028F8D1751B4FEA85090E465DE602342B
:10C10000002338E6DBF808309F4280F28E803B4601
:10C110000BEB830201210133022DCBF8103051616A
:10C120007AD09F42B9DA002B40F39B80DBF81420D1
:10C1300008EB83030BF1180083424FEA520240F2EE
:10C14000B1804446016842EAC17244F8042B50F8B9
:10C15000042B83424FEA5202F4D8A3EB0B03193BA2
:10C160009B08013348F8232008EB8303002A40F0A2
:10C170009D80A3EB080292104345CBF8102073D0AA
:10C18000DAF8083009F101094B458ADA18EE100A8D
:10C19000594605F055FF109A00231360A32583E646
:10C1A000019E002389E6012732E72946584606F01A
:10C1B00029FC07462CE7B11E584606F023FC002850
:10C1C0003FF417AF032715E74FF0000901274AE6B0
:10C1D000119A002A7FF49DAE02990B60019B012207
:10C1E000CBF810201A60109B6225C3F800B05BE604
:10C1F0004C457FF48EAE012CEED0611E584606F001
:10C2000001FC00283FF485AEDAF80430E4E7119A27
:10C21000002A3FF47EAEDFE7DAF80030013BA342AC
:10C2200034D02225BDE60E46C7E5DBF8041018EE33
:10C23000100A013105F0DEFE0646C8B3DBF8103007
:10C2400002339A000BF10C010C30F4F7F1FC594663
:10C2500018EE100A05F0F4FE06F114083369B3462F
:10C2600056E70023CBF810300023CBF8143087E7D3
:10C27000019B4344C4F1200453F8040C05F094FFDF
:10C28000A042BFF60EAFDBF810304CE7631104F0AC
:10C290001F0458F823200123A34013420CBF22257A
:10C2A00021257EE6C8F8002043466AB1043360E7E2
:10C2B000074B08483246842107F04EFA044B0548E4
:10C2C0005A46E42107F048FACBF81020CCE700BF2B
:10C2D000141B0020281B002010B4046809E014F887
:10C2E000013FA3F1410CBCF1190F98BF20339342D9
:10C2F00009D111F8012B002AF1D101340460012089
:10C300005DF8044B704700205DF8044B704700BF98
:10C310002DE9F04F096885B04B1111F01F01029013
:10C3200002EB8303039140F08F801D1F0193029B5A
:10C3300001991C68002341F8043C6178013400290C
:10C3400000F09880DFF87491A846AC469A461E46E5
:10C350000EE0202900F28C80564506DDC44501D24E
:10C36000072B5BDD624551D3082314F8011FA1B1EF
:10C3700019F801000028ECD00133082B06F1010662
:10C380003ADCDCF80010090100F00F000843CCF89B
:10C39000000014F8011F0029EAD1002E6AD0C4451C
:10C3A00001D2072B74DD624552D2111F634653F848
:10C3B000040B41F8040FAB42F9D9A5EB0C0323F0B1
:10C3C0000303691C04330CF1010C614538BF0423DD
:10C3D0001344002143F8041BAB42FBD9019B53F8E3
:10C3E000043C2BB9AA4249D055F8043D002BF9D0A2
:10C3F000052005B0BDE8F08F6245B6D200234CF8A9
:10C40000043C1946ACF1040C0123BDE70023ACF158
:10C4100004084CF8043CB246C446A6E7C3F1080140
:10C42000DCF800308900C1F1200E60469B46476869
:10C4300007FA0EF343EA0B0327FA01FB036040F807
:10C4400004BF4045F3D38DE7191D01911D466EE7EA
:10C45000039B002BC2D0039B0198C3F120014FF036
:10C46000FF33CB4050F8041C0B4040F8043CB8E7C5
:10C47000292909D0042005B0BDE8F08F012305204B
:10C480002B6005B0BDE8F08F029901340C6084E7A1
:10C49000DCF80010C3F108039B00C3F120076446D9
:10C4A0000846666806FA07F1014326FA03F02160A0
:10C4B00044F8040F4445F4D375E700BF941B0020F3
:10C4C0002DE9F047DFF8748006468946174608F0E4
:10C4D000A5F9D8F8005055B199F800301C4673B151
:10C4E0004C4602E014F8013F3BB13D2BFAD13046F7
:10C4F00008F09AF90020BDE8F087A4EB0904286849
:10C500000028F4D022464946FDF7AEFA28B92B6838
:10C510001A5D3D2A03EB040A04D055F8040F0028E5
:10C52000F0D1E4E7D8F80030EB1A9B1030463B60BE
:10C5300008F07AF90AF10100BDE8F087E4A00020D4
:10C5400000B583B001AAFFF7BBFF03B05DF804FBA1
:10C550000028B8BF4042704782B049B15AB16BB1B0
:10C5600013780B601278101E18BF012002B07047BC
:10C5700001A9002AF3D1104602B070476FF0010004
:10C58000F4E700BF0EB410B59FB021AC4FF40171B9
:10C5900054F8042B0192ADF81C1004900890FFF79A
:10C5A00063F9059009900B480B490C9100234FF655
:10C5B000FF7C10931593019A0068ADF81EC02346C6
:10C5C00004A9039401F012F81FB0BDE8104003B0B5
:10C5D000704700BFC0A00020457301000CB410B527
:10C5E0001F4B00291C689CB035DB4FF40273ADF87B
:10C5F0001430029006901FAB18D001394FF6FF722D
:10C6000004910791ADF8162002A91E9A01932046C5
:10C6100000F0A8F8421C01DA8B232360029B002261
:10C620001A701CB0BDE8104002B070474FF6FF72A0
:10C6300004910791ADF8162002A91E9A0193204695
:10C6400000F090F8431C01DA8B2323601CB0BDE896
:10C65000104002B070478B2323604FF0FF30F5E7A6
:10C66000C0A000202DE9F04F9368176883B0924670
:10C67000002B70D081468A6808680C46083743E072
:10C68000A38913F4906F2ED0D4E90416A0EB01080F
:10C6900006EB460606EBD67608F101007610284434
:10C6A000B042324684BF064632465B0537D5114656
:10C6B0004846FBF781F9019000283AD042462169AB
:10C6C000F4F7B6FAA289019B22F4906242F080024C
:10C6D000A281A6EB080203EB08006661A260236159
:10C6E00020602E46A84642465946FDF789F8DAF8FA
:10C6F0000830A2682068921B40445B1BA260206047
:10C70000CAF808303BB3083757E902B5002DFAD014
:10C71000AA4216469046B3D92E46A846E3E74846B5
:10C72000FBF712FC03460028D3D121694846FFF7E6
:10C73000B1F9A3890C2243F04003C9F800204FF05F
:10C74000FF30A38100220023CAF80820CAF8043071
:10C7500003B0BDE8F08F00200023CAF8043003B016
:10C76000BDE8F08F2DE9F04F2DED028BC5B00C46E2
:10C770000DF1500A08EE101A8346164600210822D1
:10C7800050460893FDF7B8F8A3891F0603D523691F
:10C79000002B00F05B850023CDE91933CDE90D3383
:10C7A0001BAA0C93189291460B930493B0464446EF
:10C7B000974BD3F8E450FEF7C9FD2246034612A971
:10C7C000CDF800A05846A847002800F02381C0F209
:10C7D0001681129A252A034601D01C44E8E7B4EBDF
:10C7E0000806054640F01A81002361788DF8433031
:10C7F00004F1010806934FF0FF371E462B2408F181
:10C800000108A1F120035A2B00F23A81DFE813F06E
:10C810008C023801380187023801380138016A007A
:10C82000380138017C0272023801F20059023801E5
:10C8300077025B005B005B005B005B005B005B0002
:10C840005B005B00380138013801380138013801DC
:10C8500038013801380100028400380138013801FC
:10C860003801380138013801380138013801AE008B
:10C87000380138013801CB013801970238013801FD
:10C88000EA0438013801380138013801380138012B
:10C8900038013801380100028600380138013801BA
:10C8A000CA0286007F003801BD023801AA02B0002A
:10C8B000D7027F003801CB017C00E8043801380141
:10C8C000C80438017C00A1F13003002218F8011BD4
:10C8D00002EB820203EB4202A1F13003092BF5D9EE
:10C8E00006928EE7584606F057FC43680D931846AB
:10C8F000FEF7BAFF0E900546584606F04DFC8368D9
:10C900000B93002D40F03D8498F8001077E798F8DD
:10C91000001046F0200672E746F01006B40640F11B
:10C920003781089B073323F007031A46596852F8EA
:10C93000083B08920A460029C0F29E81791C00F04B
:10C94000B88426F0800653EA0201039600F085833E
:10C950000A2B72F1000180F0A68330338DF80F317D
:10C960000123039E05930DF20F1430E046F01006EC
:10C9700016F0200200F0FF80089B073323F0070326
:10C9800019465A6851F8083B089126F480610391D2
:10C99000002100207E1C8DF8430000F0798103986F
:10C9A00020F0800653EA020040F0C682002F40F0DB
:10C9B0008384002940F05483039B13F00103059303
:10C9C00000F0CD8330238DF80F310DF20F14059B4D
:10C9D000BB42B8BF3B460393002307939DF8433007
:10C9E000002B5BD0039B0133039357E0069A089317
:10C9F0005242069298F8001046F00406FFE608221C
:10CA000000215046FCF778FF01231C44D0E600BF0C
:10CA1000389B0020B4EB0806054611D01A9B33441E
:10CA20001A93199B0133072BC9E9008619931CDC63
:10CA300009F10809049B33440493002D7FF4D4AE1C
:10CA40001A9B002B40F0CB8418EE103AB3F90C304F
:10CA500013F0400F049B18BF4FF0FF33049304986A
:10CA600045B0BDEC028BBDE8F08F18EE101A18AA85
:10CA70005846FFF7F7FD0028E6D10DF16C09D9E71C
:10CA80000029DDD000238DF8433001238DF8AC1050
:10CA9000039305932BAC002307931F4616F0020364
:10CAA000099302D0039B0233039316F084030A9385
:10CAB00005D1069B039A9D1A002D00F33F82DDE904
:10CAC00019219DF8430078B10132013101230DF1A4
:10CAD0004300072ACDE91921C9F80430C9F800003C
:10CAE00000F3658209F10809099B7BB1013211ABA2
:10CAF0000231C9F80030072A4FF00203CDE91921AD
:10CB0000C9F8043000F3608209F108090A9B802B00
:10CB100000F08381059BFD1A002D00F3BF81059B6A
:10CB2000C9F8004001321944072ACDE91921C9F892
:10CB3000043000F3E48109F10809700705D5069B6C
:10CB4000039A9C1A002C00F34C82049B069A0398CB
:10CB50008242ACBF9B181B180493002940F0DA8175
:10CB600000231993079B1BB107995846FEF792FFC4
:10CB70000DF16C091BE616F0100308996DD116F043
:10CB8000400066D01A4651F8043B08919BB2FCE67F
:10CB9000F006089A68D4710663D532F9043B08920E
:10CBA000DA171146C7E6089B1A4600238DF8433072
:10CBB000134653F8044B0393002C00F09983532938
:10CBC00003D016F0100500F02A830021082216A8D1
:10CBD0001394FCF791FE791C00F0A58300250794BF
:10CBE0002C460CE02BA9584606F030FD421C204490
:10CBF00000F01D84B84208DC00F022840446139A39
:10CC0000525916AB0435002AECD10594079C97E3E2
:10CC1000432902D0F50640F1F782089D0822002141
:10CC200016A82BACFCF768FE16AB55F8042B214672
:10CC3000584606F00BFD03460133059000F0F783DC
:10CC4000059B089523EAE373039300238DF8433093
:10CC500021E716F4007240F0AD8351F8043B0891CF
:10CC600093E6B30500F1968352F8043B0892DA1775
:10CC700011460029BFF662AE5B4262EB42020396A8
:10CC80002D207E1C4FF001018DF843007FF487AE0C
:10CC900001293FF45DAE022944AC40F0A0800C981D
:10CCA00003F00F011B09415C04F8011D43EA027304
:10CCB000120953EA0201F3D1039E44AB1B1B0593F7
:10CCC00085E6424612F8011B2A2900F0BC83A1F137
:10CCD0003003092B90464FF000073FF692AD18F84D
:10CCE000011B07EB870703EB4707A1F13003092B73
:10CCF000F5D986E598F800108DF843407FE598F85F
:10CD0000001046F080067AE5089B53F8042B069243
:10CD1000002AFFF66BAE98F8001008936FE598F8BC
:10CD2000001046F001066AE59DF84330002B7FF4C1
:10CD3000EBAD202398F800108DF843305FE546F006
:10CD400010030393039B13F0200200F08D81089BD6
:10CD5000073323F0070319465A6851F8083B089136
:10CD6000012116E6B70600F10282F50600F1B8824D
:10CD7000740600F12C83B00540F1B282089B04993F
:10CD800053F8042B0893117011E598F800106C29E2
:10CD900003BF98F8011046F0200608F1010846F09C
:10CDA00010062CE598F80010682903BF98F80110C8
:10CDB00046F4007608F1010846F040061FE5089A9F
:10CDC00046F00203039352F8043B089247F6300200
:10CDD000ADF84420BA4A0C9202210022D9E503F0B2
:10CDE0000701DB0843EA4273D208303153EA0205F7
:10CDF000204604F8011DF2D1039EF5077FF55DAFD3
:10CE000030293FF459AF3023023804F8013C44ABD9
:10CE10001B1A039E05930446D9E5069B03981D1A29
:10CE2000002D7FF777AE102D25DD0994102318EE25
:10CE3000104A084604E0103D102D09F1080918DDDC
:10CE40000132A0491030072AC9E90013CDE91920A1
:10CE5000F1DD18AA214658460DF16C09FFF702FCD6
:10CE6000002860D1103D102DDDE919204FF010038E
:10CE7000E6DC099C01460132924BC9F80450294472
:10CE8000072ACDE91921C9F8003000F31B82059B60
:10CE9000FD1A002D09F108097FF741AE102D1FDDA5
:10CEA0004B46102718EE109A04E0103D102D03F1A8
:10CEB000080314DD013283481031072AC3E9000753
:10CEC000CDE91921F1DD18AA49465846FFF7CAFBFA
:10CED00048BB103D102DDDE919211BABEADC99465A
:10CEE0000132784BC9F804502944072ACDE91921A9
:10CEF000C9F8003000F3C98009F108090FE618EEFF
:10CF0000101A18AA5846FFF7ADFB60B91A990DF12F
:10CF10006C0912E618EE101A18AA5846FFF7A2FB81
:10CF200000283FF41DAE079B002B3FF48DAD079901
:10CF30005846FEF7AFFD87E50396A9E6102DDDE91B
:10CF4000192125DD0F94102318EE104A084604E03D
:10CF5000103D102D09F1080918DD01325A49103031
:10CF6000072AC9E90013CDE91920F1DD18AA2146E5
:10CF700058460DF16C09FFF775FB0028D3D1103D21
:10CF8000102DDDE919204FF01003E6DC0F9C01465F
:10CF900001324D4BC9F804502944072ACDE9192123
:10CFA000C9F8003000F3778109F1080989E518EE26
:10CFB000101A18AA5846FFF755FB0028B3D1DDE92F
:10CFC00019210DF16C098FE518EE101A18AA5846B0
:10CFD000FFF748FB0028A6D1DDE919210DF16C0906
:10CFE00094E5102C199B21DD18EE106A10250A46D5
:10CFF00004E0103C102C09F1080916DD0133324918
:10D000001032072BC9E90015CDE91932F1DD18AA54
:10D0100031465846FFF726FB002884D1103C102CDF
:10D02000DDE919320DF16C09E8DC11460133264ABD
:10D03000C9F804402144072BCDE91931C9F8002073
:10D040007FF783AD18EE101A18AA5846FFF70AFBAF
:10D0500000287FF468AF1A9977E5002F7FF47DAC44
:10D060000027059744ACB2E4039B13F0100378D17A
:10D07000039A12F0400000F0468108991A4651F8D0
:10D08000043B08919BB2012183E418EE101A18AA00
:10D090005846FFF7E7FA00287FF445AFDDE919218C
:10D0A0000DF16C093BE50399059744AC9E4608EEEB
:10D0B00090BA01F480664FF0000C23460DE000BFEB
:10D0C000B41F00206C930020DC3A0020BEF10A0F50
:10D0D00072F100023AD3A6462A46B2491EEB02007C
:10D0E00040F100000F46A1FB001424F0030101EB06
:10D0F0009401401ABEEB00014FF0CC3562F1000400
:10D1000005FB01F507FB0455A1FB07410D4405276D
:10D1100004F00101A1FB071B09186408303103F872
:10D12000011C44EAC5740CF1010C013B6D08002E92
:10D13000CCD00B9909786145C8D1BCF1FF0FC5D09F
:10D14000BEF10A0F72F1000280F08D801C4644ABE4
:10D150001B1B059F039E059318EE90BA37E444AC61
:10D1600035E4089951F8043B0891012111E4089B2A
:10D17000049853F8041B0893C217C1E90002FFF793
:10D1800016BB0B9B002B3FF4BFAB0B9B1B78002BFC
:10D190003FF4BAAB98F8001046F48066FFF72FBB57
:10D1A000814B0C9316F0200221D0089B073323F00B
:10D1B000070318465A6850F8083B0890F00709D54D
:10D1C00053EA020006D08DF84510302146F00206E1
:10D1D0008DF8441026F4806103910221FFF7D9BB3A
:10D1E0000396AFE5714B0C9316F02002DDD116F0DB
:10D1F000100308984BD116F0400444D01A4650F85A
:10D20000043B08909BB2D9E7089B012153F8042BFB
:10D2100003918DF8AC20089305912BAC15E57B1C90
:10D2200000F0F8803A462946204606F095F9079026
:10D23000002800F0E880031B039A059323EAE373B8
:10D240002F46089203930795FFF7C8BB4021584625
:10D25000FAF7B2FB20602061002800F0FF80402335
:10D260006361FFF798BA0E9A0D999B1A18460793B7
:10D27000FCF740FC0B99079B4A780AB101310B91EE
:10D280004FF0000C27E716F4007240F09A8050F837
:10D29000043B089092E718EE101A18AA5846FFF7B8
:10D2A000E1F900287FF43FAEDDE919210DF16C09A9
:10D2B00007E40396FFF74CBB012903967FF4EBAC20
:10D2C000FFF74BBB18EE101A18AA5846FFF7CAF919
:10D2D00000287FF428AEDDE919210DF16C0919E46D
:10D2E000089B049953F8042B11600893FFF75FBA69
:10D2F000062F3B46039A2E4C089228BF062305931F
:10D300000393FFF7C8BB039B089913F4007214BF83
:10D3100051F8043B51F8043B08911CBF0246DBB2B4
:10D320000121FFF736BB16AB00930023194613AA61
:10D33000584606F0B1F903460133059077D01394AF
:10D34000059BFBB1632B56DC002307932BAC082213
:10D35000002116A8FCF7D0FA059D16AB009313AA7E
:10D360002B462146584606F097F985427ED1039B0D
:10D37000059A08930023A3541F4622EAE2730393FD
:10D38000FFF72CBB039B0893059B03931F46079352
:10D39000FFF724BB12F9043B0892DA171146FFF796
:10D3A000CABA00BFCDCCCCCCB41F0020A01F002037
:10D3B000C81F002051F8043B08910246DBB2FFF77A
:10D3C000E4BA50F8043B08902246DBB2F6E6089B2C
:10D3D000049953F8042B08931180FFF7E8B918EE6D
:10D3E000104A18EE101A18AA5846FFF73BF9B4F97C
:10D3F0000C30FFF72DBB591C5846FAF7DDFA0446EE
:10D40000A8B10790A3E7039B059703970893079F8D
:10D41000FFF7E4BA039B08932046FEF725FA20EABB
:10D42000E0732F46059003930795FFF7D7BA18EEE0
:10D43000102AB2F90C3043F040039381FFF708BB88
:10D44000079C05977CE7089B98F8011053F8047B2C
:10D450000893904647EAE777FFF7D1B90C23CBF85A
:10D4600000304FF0FF330493FFF7F9BA18EE102A9B
:10D47000938943F04003938155E500BF38B54B1CB9
:10D480001AD093891446126B23F02003A381CDB2E6
:10D49000AAB16268636B9A4209DA23685A1E226055
:10D4A00003F8015C636801336360284638BD214698
:10D4B00005F014FD0028F0D04FF0FF35F5E72369A3
:10D4C00022682BB1934203D212F8013CAB420FD039
:10D4D0006168E1632346A26304F1400103226263B1
:10D4E000216303F8425F0122C4E90032284638BDB7
:10D4F0006368013A0133C4E90023D6E710B50C464E
:10D50000096B69B104F14003994201D0FEF7C2FAF8
:10D51000E36B63600020206313B1A36B236010BD35
:10D52000A3892169002243F02003C4E90012A381EA
:10D530004FF0FF3010BD00BF2DE9F04F85B0CDE9B1
:10D54000023202FB03F30E9C0193A3B3D4F804A0B0
:10D55000019B53458B4646D9A046019D58F8401B78
:10D560000746002652465846F3F762FB2368226BB3
:10D570005344A946C4E9003611463846D344A5EBC6
:10D580000A05E2B1424501D0FEF784FAE36B266357
:10D590006360A3B1A16B2160AB429A46E2D3029BC8
:10D5A00001932A465846F3F743FBD4E90032521B55
:10D5B0002B44C4E90032019805B0BDE8F08F019A10
:10D5C000039B5244A2EB0902B2FBF3F30193A3893C
:10D5D0002269019843F02003A3810023C4E90023BA
:10D5E00005B0BDE8F08F21681D46D8E72DE9F04F62
:10D5F0002DED028BE3B08846B1F90C1002AF8246E4
:10D60000880491463B6209D4D8F8643041F4005153
:10D6100023F40053A8F80C10C8F8643000231C460B
:10D620000822194607F140007B61A346FCF764F924
:10D630003C63BC61FC62BC62A84BD3F8E440FDF7DC
:10D6400085FE07F140020346009207F13C014A467D
:10D650005046A047041E38DBFB6BA1442646002B36
:10D6600000F0C180012C3ED0252B46D0002CE3D009
:10D67000A9EB0606D8F8043008F140021946134613
:10D68000751E4A469946002940F3BD80D8F80030FF
:10D69000697893F800E0A81C0BEB000C8E4503F1B1
:10D6A0000103A0EB060005F10105ACEB060C40F010
:10D6B0009A80D8F80410C8F800300139A042C8F8A0
:10D6C0000410E0DB9146E346B6E74FF6FD7308220F
:10D6D000002107F14000FB63FCF70EF9FB6B09F139
:10D6E0000109002B7FD07E4AD25C110700F1B78080
:10D6F000252B40F0A28001242646002599F8002021
:10D700007D63A2F1250309F10101552B6BD8DFE8F8
:10D7100013F09B026A006A006A006A008F026A00C6
:10D720006A006A006A006A00D800D800D800D800F1
:10D73000D800D800D800D800D800D8006A006A0005
:10D740006A006A006A006A006A006A006A003802B9
:10D750003F026A006A006A006A006A006A006A00A2
:10D7600098006A006A00BE016A006A006A005802F6
:10D770006A006A006A006A00E9006A006A004F02F3
:10D780006A006A006A006A006A006A006A00990218
:10D790004E086A006A006A007502810298006A00F9
:10D7A0001E022A0263029D0248026A006A004C02BD
:10D7B000A00088026A006A00E9006A00A000D8F8A8
:10D7C0001010B8F80C300022C8E9001243F0200312
:10D7D000A8F80C30BB6A002B01F03180B8F80C308F
:10D7E0005A0601F12C803B6B2BB13B6B1D6815B1C8
:10D7F0002846FAF7D9F8B86A07F5C277BD46BDECF6
:10D80000028BBDE8F08FD8F8303050461946002B17
:10D81000D5D04B4503D07A63FEF73CF97A6BD8F844
:10D820003C30C8F804300021C8F83010002BC6D0B6
:10D83000D8F83830C8F800302AE709F1FF3601245B
:10D8400018E72A07CFD199F8012045F0020589464B
:10D8500057E72B07C7D199F80120894651E7D8F837
:10D86000042008F14005002410E0D8F800301A78B0
:10D870001B498A5C120703F101037FF5DDAED8F87E
:10D880000420013AC8E900320BF1010B002AECDC5C
:10D89000D8F8303050461946002B00F0D987AB42FB
:10D8A00001D0FEF7F7F8D8F83C30C8F83040C8F897
:10D8B0000430002B00F0CC87D8F83830C8F800309E
:10D8C000D5E715F08F0F8ED17B6B03EB830302EB53
:10D8D0004302A2F130037B63BDE700BF389B002009
:10D8E000051E0020F96145F40075B84B7B611023DB
:10D8F000FB620324D8F80430002B40F3D68015F0E7
:10D90000400600F0F080022C00F0AD81032C00F006
:10D910002683012C00F036827E6B012E38BF012653
:10D9200015F0010400F0838415F010037B6240F0D1
:10D930003A862A0640F1B587D7F8209059F8043B7B
:10D940003B61002B3FF44FAF8020FAF725F80546E6
:10D95000002801F001813B6918603B6BDC889A88E4
:10D96000944280F0858618683B6940F824303B6B10
:10D97000C7F820900134DC802023BD60FB60D7F81D
:10D980001890C7F834B00024FDF7E0FCA0423FF443
:10D9900021AFD8E9001307F1580211F8010B105517
:10D9A000013BB9F1030F04F1010BC8E9001307F1C2
:10D9B000500402D12268042A04D008220021204603
:10D9C000FBF79AFF00945B4607F158022946504640
:10D9D00005F012FEB0F1FF3F81463FF4FBAE78BB8D
:10D9E0007B6A03B92B607B6B5B447B63013E7B6A84
:10D9F0004BB93B6933B1BB68EC1AFB68B3EBA40FBE
:10DA000040F2C4840435D8F80430002B4FF00004F1
:10DA10001FDD002EB8D1D7F834B0C7F818903B6995
:10DA200033B1BB68E91AFB68B3EBA10F00F2FD86C6
:10DA30007B6A13B9BB6A0133BB62D7F81C90FBE564
:10DA400010F1020F40F00481D8F8041000295C4660
:10DA50009ADCD8F83010002900F0A98708F14003BB
:10DA6000994202D05046FEF715F80023C8F830302E
:10DA7000D8F83C30C8F80430002B00F09887D8F86C
:10DA80003830C8F80030002E7FF47EAFC3E7F9616C
:10DA900045F001054D4B7B610823FB62D8F804304B
:10DAA000002B4FF003043FF72AAFD8F830100029BD
:10DAB0003FF485AE08F14003994202D05046FDF78D
:10DAC000E9FFD8F83C30C8F804300022C8F830200C
:10DAD000002B3FF474AED8F83830C8F8003015F099
:10DAE00040067FF410AFD8F8002039491378CB5C9A
:10DAF00018077FF508AF08F1400908E00132C8F8BF
:10DB0000002033491378CB5C19077FF5FCAED8F8B9
:10DB10000430013B002B0BF1010BC8F80430EDDCA5
:10DB2000D8F8303050461946002B3FF448AE4B45EC
:10DB300001D0FDF7AFFFD8F83C30C8F83060C8F826
:10DB40000430002B3FF43BAED8F83820D7E72B0742
:10DB50007FF449AE99F801206C2A00F0068645F062
:10DB600001058946CDE515F08F037FF43CAE3A6B95
:10DB7000002A00F0A08699F8012045F0800589462A
:10DB8000BFE5F96145F0010545F040050024B1E627
:10DB9000F96145F001050F4B7B610A23FB62032409
:10DBA000A8E6F96145F408759FE6F9610224A1E64B
:10DBB00007F1800004F0BCFF45F04005F861012446
:10DBC00098E6F96145F00105022493E6D10A0200C6
:10DBD000051E002009720100E806F9613FF52DAF2E
:10DBE0002A0700F100866B0740F18787D7E9079382
:10DBF00053F8042B3B62A2F800B01DE528077FF420
:10DC0000F2AD99F80120682A00F0B78545F00405C7
:10DC1000894676E5584B7B610023F961FB6203245A
:10DC200068E6564B7B610A23F961FB62032461E6D7
:10DC30007B6B2B437B637FF4D6AD99F801201025D5
:10DC400089465EE5F9619FE789460FE5F96121E7BD
:10DC50007B6B03285B447B637FF4C8AE2368042B93
:10DC60007FF4C4AEC3E67B6B002B08BF4FF0FF33DD
:10DC7000E8077B6340F11C8315F010037B6240F0E2
:10DC8000E484290640F103863E6A56F8049BB9F104
:10DC9000000F3FF4A8AD8020F9F77EFE054600286E
:10DCA00000F05A873A6BC9F80000D48893889C42E8
:10DCB00080F00C8510683B6B40F824900134DC80C8
:10DCC00020233E62FD603B61D8F800302C4A1B786F
:10DCD000D35C13F0080440F08083BE69C7F8089055
:10DCE000D146A246FDF732FB50453FF473ADD8E96B
:10DCF000003207F1580013F8011B00F80A10013A2E
:10DD0000032EC8E900320AF1010A07F1500402D1DA
:10DD10002368042B04D0082200212046FBF7ECFDE9
:10DD200007F15802009453462946484605F064FC22
:10DD3000421C06463FF44EAD002840F03783286071
:10DD400005F0B6FC002840F05D85D3447B6B013BB9
:10DD50007B637B6A002B40F07786BB680435002B21
:10DD600000F07286FB68EC1A3B69B3EBA40F40F23B
:10DD7000FC86D7F824A01CE309720100D10A020036
:10DD8000051E00207B6B002B08BF4FF0FF3315F002
:10DD900001067B6300F0BC8115F010033B6140F08D
:10DDA0005C84280640F163853D6A55F8043BFB60BE
:10DDB000002B3FF418AD8020F9F7EEFD81460028D6
:10DDC00000F0CA86FB683A6B1860D48893889C423E
:10DDD00080F092841068FB6840F824303B6B3D6211
:10DDE0000134DC802023C7F808907B60BE69C7F847
:10DDF00024B00025FDF7AAFAA8423FF4EBACD8E91D
:10DE0000003207F1580013F8011B4155013A032E67
:10DE1000C8E9003205F1010507F1480B03D1DBF831
:10DE20000030042B04D0082200215846FBF764FD83
:10DE30004946CDF800B02B4607F15802504605F090
:10DE4000DBFB411C06463FF4C5AC00285CD1C9F899
:10DE50000000044607F15003082200211846BB6168
:10DE6000FBF74AFD9049BB69D1F8E01022465046C5
:10DE70000C4607F13801A047012868D0002207F1BD
:10DE800080039B5C002B00F0C9857B6A032E2B442A
:10DE90007B625FD07B6B013B7B633B695BB9FB685B
:10DEA00009F104093BB1BB68A9EB03057B68B3EB3F
:10DEB000A50F40F2AF82D8F80430002B4FF00005D8
:10DEC0002ADD7B6B002B95D1D7F824B0BE613B696E
:10DED000002B7FF4B2ADC9F80030FB68002B3FF493
:10DEE000A9ADBB687A68A9EB03018B1001339A4294
:10DEF0007FF6A0ADFC6804312068FAF719F8002815
:10DF00003FF498AD206095E5821C40F08E86D8F8ED
:10DF10000430002B3FF76EAFD8F83010002900F026
:10DF2000658508F14003994202D05046FDF7B2FDE5
:10DF30000023C8F83030D8F83C30C8F80430002B43
:10DF400000F05485D8F83830C8F80030B9E797F8B1
:10DF5000382094E7DBF80030042B9BD19DE77A6BE7
:10DF6000531E262B40F26081A2F127033B61272339
:10DF70007B634FF0000908F140034E467B624B463D
:10DF8000D7F8349045F4586407F15805D8F80010D4
:10DF900091F800E0AEF12B0CBCF14D0F3CD8DFE85E
:10DFA0000CF07D3B7D3B3B8F6969696969696987D5
:10DFB000873B3B3B3B3B3B3B2727272727273B3BDD
:10DFC0003B3B3B3B3B3B3B3B3B3B3B3B3B3B3B716B
:10DFD0003B3B3B3B3B3B3B3B2727272727273B3B09
:10DFE0003B3B3B3B3B3B3B3B3B3B3B3B3B3B3B714B
:10DFF000FA6A0A2A10DD24F4386405F801EBD8F82F
:10E00000040001380028C8F8040067DD0131B9F1C7
:10E010000109C8F80010B9D19946E10509D507F101
:10E0200058039D4200F2478207F158039D423FF496
:10E03000DAAB14F0100214D1FB6A7E692A7007F182
:10E0400058015046B047A20600F1F481230740F181
:10E0500067833B6A53F8042B3B621070BB6A013341
:10E06000BB6207F15803ED1A4D44AB44D7F81C903E
:10E07000FFF7E2BAFA6A0D4830F91220FA6224F486
:10E080003864BAE704F4C06CBCF5007FC4D124F452
:10E090000074102244F4A064FA62AEE72006BBD5F7
:10E0A00024F08004A9E700BF389B0020943A0020A8
:10E0B000F86AB44A32F91000F86208289BDCABE732
:10E0C00020059AD5FA6A1AB9082244F40074FA6253
:10E0D000620540F1CD8124F4B0648EE7D8F83010A9
:10E0E000002900F0CC84786A814205D050467B63D9
:10E0F000FDF7D0FC7B6B0026D8F83C10C8F83060E8
:10E10000C8F80410002900F0BA84D8F838107EE767
:10E11000EB0600F14E8215F0800400F0B2833C6AF9
:10E1200054F8045B3D61002D3FF45DAB2020F9F70E
:10E1300033FC0646002800F0F0843B6B2860B3F8FF
:10E1400006909A88914580F0AB8218683B6940F848
:10E1500029303B6B3C6209F10109A3F806902024A9
:10E16000D8F8001007F180090B7819F80330002B5C
:10E170003FF439AB08F1400308EE10AAC7F80CB021
:10E18000D7F810A07B62CB463546D7F8349032469C
:10E1900007E0D8F8001008781BF80000002800F00D
:10E1A0004F81D8F804000138C8F80400481CC8F8AA
:10E1B0000000097802F8011BBAF1000F02D0561BCB
:10E1C000A64224D2B9F1010900F03A81D8F804102E
:10E1D0000029DEDCD8F83010002900F038847B6A92
:10E1E000994205D018EE100A7A63FDF753FC7A6B5A
:10E1F000D8F83C10C8F804100023C8F830300029C3
:10E2000000F02584D8F83810C8F80010C3E764007F
:10E2100028462146F9F78CFE0546002800F07D844B
:10E220008219CAF80000CDE700233B61A1E6EB06A6
:10E2300000F17E812C0640F125813B6A53F8045B96
:10E240007D627B63002D3FF4CEAA3046F9F7A4FB34
:10E250000446002800F061843A6B2860B2F806900A
:10E260009388994580F0A68215687B6A45F8293025
:10E270003B6B09F101091FFA89F9A3F806902146C1
:10E28000CDF80080334601225046FFF755F9044689
:10E29000002800F0C084864240F203817D6A214656
:10E2A0002868F9F745FE002800F0FB802860F8E0B8
:10E2B000E90600F12F8315F0800400F04C823C6ADF
:10E2C00054F8043B7B62002B3FF48DAA2020F9F721
:10E2D00063FB0646002800F02084396B7B6AB1F8A6
:10E2E00006908A881860914580F0ED8008683A6B46
:10E2F00040F8293009F10109A2F806903C624FF07C
:10E300002009D8F80000204902788A5C12F008023F
:10E3100040F0AC8108F140013A61344679625A46D6
:10E32000D8F804100139C8F80410411CC8F80010CE
:10E33000017806F8011B23B1A6EB040BCB4580F056
:10E340002482796B013979630BD0D8F80410002945
:10E3500040F3C282D8F800000B4D0178695C0D07CC
:10E36000DED5311B93468B4401310022327013B14C
:10E37000894500F2A782BB6AD7F81C900133BB62C3
:10E38000FFF75AB9943A0020051E0020B868D9005A
:10E39000F9F7CEFDB860002800F0DE83FB683A692B
:10E3A0005B0005191060FB60FFF72CBB831C40F07D
:10E3B0004584D8F80430002B40F38583D8F800302A
:10E3C0001B78B64AD35C180703D47B6B002B7FF411
:10E3D00089ACCA46D7F80890BE617B6A002B7FF4EF
:10E3E0002CAB2B60B9F1000F3FF424ABFB683A690A
:10E3F000E91A8B1001339A427FF61CABD9F8000062
:10E400000431F9F795FD00283FF414ABC9F800007A
:10E41000FFF710BBB868D9001C46F9F789FDB86052
:10E42000002800F09983FA68630000EB050910608A
:10E430007B6040E53B6A53F8042B10603B620DE6BD
:10E44000D7F80CB018EE10AA1646751B3FF4CBA9EE
:10E45000002333703B691BB1691C8C4200F2BD8202
:10E46000BB6AD7F81C900133AB44BB62FFF7E4B83A
:10E470003A6924F460741AB1013A3A6109F1010968
:10E480000133BCE53D6A33462968CDF8008001229E
:10E490005046FFF751F8044600283FF49BA9043585
:10E4A0007D63BB6AD7F81C900133BB627B6B3B6218
:10E4B000A344FFF7C1B815F8011C42465046013D80
:10E4C000FEF7DCFFB0E54FF6F6718A4200F2718389
:10E4D0003B623B6B08321D6892B2910028467A621B
:10E4E000F9F726FD58B13B6B7A6A9A8018603B6A4F
:10E4F000FDE63B6BDB881A463B6B1D689146B9F124
:10E50000000F0DD000242E1FA04656F8043F1868B7
:10E51000F9F74AFA013433684C45C3F80080F4D166
:10E520004FF0FF33BB62002D7FF462A9FFF763B9A0
:10E53000D8E90012964240F33A83D8F83030C7F851
:10E5400024B008F1400925461144C8F800107C6346
:10E55000B346194650461444B61A002B00F09F8269
:10E560004B4501D0FDF796FAD8F83C20C8F830505A
:10E57000C8F80420002A00F09282D8F83810C8F8B1
:10E58000001096424FF00003DEDC7B6B5C46D7F850
:10E5900024B01C44921B3144C8E90012D7F81C90E7
:10E5A000A344FFF749B80025C7E902553D61FFF7CD
:10E5B000E6B9D8F8003007F180091A7819F8022076
:10E5C000002A3FF410A901337A6BC8F80030D8F85C
:10E5D0000430012A03F1FF33C8F80430DED008F11B
:10E5E0004005C7F834B0AB46154613E0D8F8003004
:10E5F000197819F801100133002900F0B380C8F828
:10E600000030D8F804300134013BAC42C8F8043083
:10E6100000F0A880002BE9DCD8F8303050461946CD
:10E62000002B00F089825B4501D0FDF733FAD8F862
:10E630003C30C8F83060C8F80430002B00F07C8211
:10E64000D8F83830C8F80030D2E70023C7E90333E0
:10E65000994607F13C05FFF737BB0023C7E90133B3
:10E66000FB6007F13C039946FFF7C0BB01217CE644
:10E670004FF6F6718A4200F29882083293B23A6BF2
:10E680007B6399001068F9F753FC7B6B00283FF41B
:10E6900030AF3A6B93801060FFF766B9051E00201B
:10E6A0004FF6F6718A4200F28482083293B23A6BD6
:10E6B0007B62156899002846F9F73AFC00283FF478
:10E6C0001EAF3A6B7B6A938010603FE54FF6F6729F
:10E6D000934200F26A823A6B08339BB29900106849
:10E6E0003B62F9F725FC3B6A00283FF402AF3A6B26
:10E6F00093801060FFF7DFBA4FF6F672934200F294
:10E70000548208339EB23B6BB1001868F9F710FCD5
:10E710003B6B00283FF4EEAE9E801860FFF75BBBBA
:10E72000660769D414F001027FF484AEA1077FF577
:10E7300081AEC34B796999425046FB6A07F1580193
:10E7400000F03A8204F034FE3B6A53F8042B3B623B
:10E75000C2E9000182E43B6A53F8046B3B62A146C4
:10E760002346CEE5D7F834B018E799F8022045F0F3
:10E77000020509F10209FEF7C4BF99F8022045F02D
:10E78000080509F10209FEF7BCBF4FEA4909204616
:10E790004946C7E90232F9F7CBFB0446002800F0EE
:10E7A000BC81BB68FA68186000EB0B06C9E5F9612B
:10E7B000FFF7F1B94FF6F672934200F2FA8108338F
:10E7C0009AB23B6B3A611B683B6218469100F9F7BD
:10E7D000AFFB3B6A0546002800F01B823B6B3A69A1
:10E7E0009A80186041E53B6A53F8042B3B628946E6
:10E7F00082F800B0FEF720BF3B6A53F8042B3B625F
:10E8000010802BE4BE615646CA46D7F80890002E09
:10E810003FF4E3AD013E07F158034246995D50468F
:10E82000FEF72CFE002EF5D1D7E53C692068F9F7FC
:10E830007FFB00283FF4FCA82060FFF7F9B83B6B92
:10E84000002B00F08D813B6B1D68B3F8069056E6F7
:10E85000B8F80C3043F02003A8F80C30D8F810308A
:10E86000C8F800300023C8F80430FEF7E5BE3B6A64
:10E870003A6953F8049B7A60C7E902223B62FFF7CA
:10E88000B5BA3B6A3C6153F8046B3B6268E4D7E974
:10E89000083253F8045B3A613B62FA609146FFF735
:10E8A00013BAD7E9083253F8045BFA603B62BA60E6
:10E8B0003A61FFF764B882B0CDE9023302AB3B6343
:10E8C000FFF759B918687B63F9F732FB00283FF46A
:10E8D00052AD7B6B18604EE5D8F83010002900F07F
:10E8E0006E81786A814206D05046C7E90232FDF750
:10E8F000D1F8D7E902323969C8F83010D8F83C109D
:10E90000C8F80410002900F05A81D8F83800C8F877
:10E91000000021E5D8F800304A491A788D5C15F0DE
:10E9200008057FF48AA801337A6BC8F80030D8F85C
:10E930000430012A03F1FF33C8F8043008BF0BF19B
:10E94000010B3FF47AA8D7F83490012408F140066F
:10E9500012E0D8F800301A783A498A5C120703F1BD
:10E96000010358D4C8F80030D8F804300134013B12
:10E970004C45C8F804304ED0002BEADCD8F83030D3
:10E9800050461946002B00F00081B34201D0FDF73C
:10E9900081F8D8F83C30C8F83050C8F80430002B63
:10E9A00000F0F380D8F83830C8F80030D3E7B8F872
:10E9B0000C30D7F834B0C7F8189043F02003A8F80B
:10E9C0000C30D8F81030C8F800300023C8F80430F4
:10E9D000002C3FF424A8FEF7FDBE18681C46F9F78A
:10E9E000A7FA00283FF43CAD206039E5B8F80C30B8
:10E9F000D7F824B0BE6143F02003A8F80C30D8F853
:10EA00001030C8F800300023C8F80430002D3FF45F
:10EA10005EAAFEF7DFBEA344FFF70FB8D7F824B015
:10EA2000BE61002D3FF453AA013D07F15803424651
:10EA3000595D5046FEF722FD002DF5D1FFF747BA8C
:10EA4000D10A0200051E00204FF0000AB1E4B8F818
:10EA50000C30D7F80CB043F02003A8F80C30D8F8ED
:10EA60001030C8F80030AA424FF0000318EE10AA88
:10EA70001646C8F804307FF4E8ACFEF7ABBE994602
:10EA8000B8F80C3043F02003A8F80C30D8F8103058
:10EA9000C8F800300023C8F80430FFF7BEBAB8F851
:10EAA0000C30D7F824B043F02003A8F80C30D8F885
:10EAB0001030C8F800300023C8F80430002C7FF470
:10EAC0006DADFEF787BED8F83010002900F08A80BF
:10EAD00008F14003994202D04846FCF7DBFF0023CF
:10EAE000C8F83030D8F83C30C8F80430002B79D062
:10EAF000D8F83830C8F8003062E4EE0713D4AC0719
:10EB000011D5D7E9079353F8042B3B624FEAEB7317
:10EB1000C2F800B05360FEF78FBD3B6B03B31D68B6
:10EB2000B3F80690EBE4D7E9079353F8042BC2F847
:10EB300000B03B62FEF780BDB8F80C30D7F834B0B7
:10EB400043F02003A8F80C30D8F81030C8F8003093
:10EB50000023C8F8043021E53B6B002B7FF4CAACDE
:10EB60004FF0FF33BB62FEF746BEF868D900F9F7F5
:10EB7000DFF9F8600028EFD03B69BA68D7F824A025
:10EB800010605B0005193B6113E4B8F80C3043F0EA
:10EB90002003A8F80C30D8F81030C8F80030002353
:10EBA000A344C8F80430FEF748BF2246A4E4344624
:10EBB000F0E43B6B1D68A2E404F0CAFCC4E5934694
:10EBC000B8F80C2042F02002A8F80C20D8F8102049
:10EBD000C8F80020311B00228B44C8F80420013102
:10EBE000FFF7C3BBB8F80C20BE6142F02002A8F8C2
:10EBF0000C20D8F81020C8F8002056460022CA463B
:10EC0000C8F80420D7F80890002E7EF4E3ADFFF793
:10EC1000E4BB1D4673E4BB6A002B3FF470ACB8F84C
:10EC20000C305B067EF5E1AD0DE6D9F800301C46F0
:10EC300001337FF40FA92246FFF721B9286804F0B9
:10EC400037FD00287FF4DEAD032ED3447FF47EA889
:10EC50002368042B7FF47AA8FFF77BB8000000003C
:10EC60002DE9F04F2DED088BD1B00C460BEE101AAC
:10EC700090460893834604F08FFA0368129318466F
:10EC8000FCF7F2FD20AF1090082200213846FAF779
:10EC900033FEA3891B0603D52369002B00F055879B
:10ECA00000239FED838B9FED849BCDE92533CDE938
:10ECB0001333CDE9153327AA0E932492924611936C
:10ECC00004934446A1467E4BD3F8E450FCF73EFB48
:10ECD0004A4603461CA900975846A847002800F05A
:10ECE000B080C0F2A6801C9A252A034601D0994420
:10ECF000E9E7B9EB0405064640F0A78000234FF092
:10ED0000FF328DF867309846069309F1010999F8AA
:10ED1000003003922B25202609F10109A3F12002DE
:10ED20005A2A00F2CF80DFE812F0E802CD00CD00D1
:10ED3000E302CD00CD00CD006A00CD00CD0005027C
:10ED40008402CD001002C902CD00BD025B005B0051
:10ED50005B005B005B005B005B005B005B00CD0069
:10ED6000CD00CD00CD00CD00CD00CD005301CD00B4
:10ED700083011A02530153015301CD00CD00CD0090
:10ED8000CD001502CD00CD009602CD00CD00CD0006
:10ED9000AB01CD00AA02CD00CD00E306CD00CD0031
:10EDA000CD00CD00CD00CD00CD00CD005301CD0074
:10EDB0008301DE015301530153017702DE017F001D
:10EDC000CD008902CD005F02E0062F027F00CD005A
:10EDD000AB017C00B806CD00CD00BD06CD007C00A7
:10EDE000A3F13002002119F8013B01EB810102EB94
:10EDF0004101A3F13002092AF5D906918EE7584660
:10EE000004F0CAF9436815931846FCF72DFD1690D7
:10EE1000584604F0C1F983681393169B002B40F009
:10EE20002D8699F8003077E799F8003048F02008EF
:10EE300072E7082200213846FAF75EFD0123994463
:10EE400041E7B9EB0405064611D0269B2B442693D7
:10EE5000259B0133072BCAE9004525931CDC0AF1E9
:10EE6000080A049B2B440493002E7FF447AF269B93
:10EE7000002B41F00B821BEE103AB3F90C3013F06B
:10EE8000400F049B18BF4FF0FF330493049851B018
:10EE9000BDEC088BBDE8F08F1BEE101A24AA584673
:10EEA000FDF7E0FB0028E6D10DF19C0AD9E700BF91
:10EEB0000000000000000000FFFFFFFFFFFFEF7FEA
:10EEC000389B00200B93002BD1D00021CDE90C11F1
:10EED0008DF8DC3001238DF86710029307910593BC
:10EEE00003910F9137AC18F00203099302D0029BF3
:10EEF0000233029318F084030A9305D1069B029A09
:10EF00009D1A002D00F36983269A89B125990DF188
:10EF1000670001310132CAF8000007294FF00100F3
:10EF200026922591CAF8040000F3A2830AF1080A88
:10EF3000099B83B1259B1AA901330232CAF800103C
:10EF4000072B4FF0020126922593CAF8041000F314
:10EF5000A3830AF1080A0A9B802B00F06C82039BB2
:10EF600005995D1A002D00F3A58218F4807F40F00A
:10EF70000D82059BCAF804301A44259BCAF800404C
:10EF80000133072B2692259300F31B830AF1080A0D
:10EF900018F0040F05D0069B02995C1A002C00F3B0
:10EFA0008883049B069902988142ACBF5B181B18AA
:10EFB0000493002A40F0B08200232593079B1BB1E5
:10EFC00007995846FCF766FD0DF19C0A4C4679E618
:10EFD0000B93089B073323F00703B3EC028BB0EECF
:10EFE000C87BB4EE497BF1EE10FA089340F3E98454
:10EFF000B5EEC08BF1EE10FA01F159809DF8671063
:10F00000AB4CAC4B28F080080B9A472AC8BF1C4673
:10F010000023CDE90C330322079302920592039358
:10F020000F9300293FF45FAF029B013302935AE72D
:10F03000432B0B9303D018F0100F00F05D85089D53
:10F040000822002122A837ACFAF756FC22AB55F86B
:10F05000042B2146584604F0F9FA03460133059083
:10F0600001F0EE82059B089523EAE37302930021E9
:10F07000CDE90C118DF86710079103910F9132E7DC
:10F080000B93089B1A4600238DF86730134653F8FC
:10F09000044B0893002C00F048850B9B532B00F089
:10F0A000EC8618F010030C9340F0E786039B5D1C80
:10F0B00001F0E5800C991A46204604F04DFA0790BD
:10F0C000002801F02883079B1A1B05920C9B0393D1
:10F0D00022EAE2720F930D93079373239DF8671052
:10F0E00002920B939DE718F0200F0B93089B3DD0E5
:10F0F000073323F007031A4611465B6851F8082BC3
:10F1000008911946002BC0F20C84039B013300F0D8
:10F110009E8228F0800052EA0103029040F099821A
:10F12000039B002B40F09A828046002303930593B3
:10F1300050AC06E1089B53F8042B0692002A80F29B
:10F140001984069A08935242069299F8003048F0C2
:10F150000408E1E599F8003048F00808DCE548F0DB
:10F16000100818F0200F0B93089BC1D118F0100F56
:10F1700040F00B8418F0400F00F0038433F9042BA7
:10F180000893D1170B46BDE7089B48F00202029294
:10F1900053F8042B089347F63003ADF86830782015
:10F1A000454B1193002102230B900020039C8DF806
:10F1B0006700601C00F0AD80029820F0800852EAE1
:10F1C000010040F0A480002C40F0AE86002BACD1B2
:10F1D000029B13F00103059300F0D18330238DF8D7
:10F1E0003F310DF23F14ACE018F0200F40F0D48313
:10F1F00018F0100F40F09F8618F0400F40F09787EE
:10F2000018F4007F00F09786089B049953F8042BAC
:10F21000089311704C4655E599F80030682B03BFF0
:10F2200099F8013048F4007809F1010948F04008E4
:10F2300072E599F800308DF867506DE599F8003067
:10F240006C2B03BF99F8013048F0200809F101093F
:10F2500048F0100860E50B9348F0100818F0200102
:10F2600000F05183089B073323F00703596853F8D4
:10F27000082B089328F480630293002395E70B93EF
:10F2800048F010030293029B13F0200100F0298341
:10F29000089B073323F00703596853F8082B08939A
:10F2A000012382E799F8003048F0800834E500BF78
:10F2B000D01F0020840C0020B41F0020494611F804
:10F2C000013B2A2B01F04982A3F13002092A894629
:10F2D00098BF002101F2448119F8013B01EB810143
:10F2E00002EB4101A3F13002092AF5D9039115E59A
:10F2F00099F8003048F001080EE59DF86730002BC2
:10F300007FF48FAD99F800308DF8676004E5CDF893
:10F310000880012B00F09D81022B50AC20D1119868
:10F3200002F00F031209C35C04F8013D42EA0172C6
:10F33000090952EA0103F3D150AB1B1BDDF8088029
:10F340000593059A03989DF8671082424FF00003D9
:10F35000B8BF0246CDE90C33079302920F9360E6E3
:10F3600002F00703D20842EA4172C908303352EA78
:10F370000105204604F8013DF2D1029AD10700F1BF
:10F380004D8250AB1B1B90460593DAE70B9B652B18
:10F3900040F3D480B5EE408BF1EE10FA40F0C1811D
:10F3A000259BBA49CAF80010013301320121072B0D
:10F3B00026922593CAF8041000F351850AF1080A31
:10F3C0001B9B0E998B4280F2D082109B12991A449B
:10F3D000CAE90013259B26920133072B259300F3DE
:10F3E00097830AF1080A0E9B5C1E002C7FF7D0ADB4
:10F3F000102C259B40F36E851BEE106A102505E04E
:10F400000AF1080A103C102C40F364850133A0492E
:10F410001032072BCAE90015CDE92532F0DD24AA08
:10F4200031465846FDF71EF900287ED1DDE9253228
:10F430000DF19C0AE6E7069B02995D1A002D7FF705
:10F440008EAD102D259B21DD099410261BEE104A50
:10F4500004E0103D102D0AF1080A16DD01338C4935
:10F460001032072BCAE90016CDE92532F1DD24AAB6
:10F47000214658460DF19C0AFDF7F4F8002854D1B6
:10F48000103D102DDDE92532E8DC099C8049CAF8E1
:10F49000045001332A44072BCDE92532CAF8001065
:10F4A00000F32685039B05995D1A002D0AF1080AD1
:10F4B0007FF75BAD102D259B1FDD514610261BEEFF
:10F4C00010AA04E0103D102D01F1080114DD0133F4
:10F4D0006F481032072BC1E90006CDE92532F1DD76
:10F4E00024AA51465846FDF7BDF8F0B9103D102D3D
:10F4F000DDE9253227A9EADC8A4601336449CAF8E6
:10F5000004502A44072BCDE92532CAF8001000F335
:10F51000DA810AF1080A28E51BEE101A24AA5846D7
:10F52000FDF7A0F800283FF447AD079B002B3FF400
:10F53000A2AC07995846FCF7ADFA9CE40E9B012B50
:10F5400040F37A81259BCAF8004001330132012142
:10F55000072B26922593CAF8041000F3F8810AF1CC
:10F56000080A1099129801330A44072BCAE90001CE
:10F57000CDE9253200F3DD810AF1080AB5EE408BB2
:10F58000F1EE10FA00F077810E9901330139013460
:10F590000A44072BCAF800402593CAF804102692A3
:10F5A00000F35B810AF1080A1499CAF804100133C8
:10F5B0000A44072B1EA9CDE92532CAF800107FF7AF
:10F5C000E5AC1BEE101A24AA5846FDF74BF80028AC
:10F5D000ABD1269A0DF19C0ADAE4102DDDE9251253
:10F5E0002C4E24DD179410231BEE104A084604E02D
:10F5F000103D102D0AF1080A17DD013010320728DE
:10F60000CAE90063CDE92502F2DD24AA2146584665
:10F610000DF19C0AFDF726F8002886D1103D102D2B
:10F62000DDE925024FF01003E7DC179C01460131AC
:10F630002A440729CDE92512CAF80060CAF8045007
:10F6400000F3BD839DF867100AF1080A5DE4CDF868
:10F6500008800A2A71F1000380F0458330320123CB
:10F66000DDF808808DF83F2105930DF23F1468E620
:10F670001BEE101A24AA5846FCF7F4FF00287FF46A
:10F6800054AF269A0DF19C0A52E400BFB417002033
:10F690007C930020EC3A00201BEE101A24AA584656
:10F6A000FCF7E0FF00287FF440AF269A0DF19C0A9A
:10F6B00051E4102C259BBE4E1FDD1BEE108A102539
:10F6C00004E0103C102C0AF1080A16DD0133103258
:10F6D000072BCAE90065CDE92532F2DD24AA4146AF
:10F6E00058460DF19C0AFCF7BDFF00287FF41DAFC2
:10F6F000103C102CDDE92532E8DC01332244072BD5
:10F70000CAE90064CDE925327FF74BAC1BEE101A35
:10F7100024AA5846FCF7A6FF00287FF406AF269AD5
:10F720003FE41B99002940F35A830C9E0E9B9E4296
:10F73000A8BF1E46002E0BDD259B01333244072B4C
:10F74000CAE900462692259300F389860AF1080A41
:10F750000C9D002EA8BFAD1B002D00F303820C9B57
:10F7600018F4806F2344059340F01F821B9B0E9971
:10F770008B4203DB18F0010F00F0CF841099129830
:10F780000A44CAE9000125992692013107292591E9
:10F7900000F3A5860AF1080A0E996518CC1A059B94
:10F7A000ED1AA542A8BF2546002D0DDDCAF8003090
:10F7B000259BCAF8045001332A44072B269225932F
:10F7C00000F3BB860AF1080A002DA8BF641B002CB9
:10F7D0007FF7DEAB102C259B40F37C831BEE106A79
:10F7E000102505E00AF1080A103C102C40F3728342
:10F7F000013370491032072BCAE90015CDE92532D3
:10F80000F0DD24AA31465846FCF72CFF00287FF48F
:10F810008CAEDDE925320DF19C0AE5E7302B3FF493
:10F820008BAD3023023804F8013C50AB1B1ADDF8D5
:10F8300008800593044684E518F0010F7FF482AE3A
:10F84000259BCAF80040013301320121072B269283
:10F850002593CAF804107FF7A5AE1BEE101A24AA50
:10F860005846FCF7FFFE00287FF45FAEDDE9253245
:10F870000DF19C0A98E60E994C1E002C7FF794AE71
:10F88000102C40F361831BEE106A102505E00AF18D
:10F89000080A103C102C40F35783013345491032BD
:10F8A000072BCAE90015CDE92532F0DD24AA31463F
:10F8B0005846FCF7D7FE00287FF437AEDDE9253245
:10F8C0000DF19C0AE5E71BEE101A24AA5846FCF736
:10F8D000C9FE00287FF429AE269A0DF19C0AFFF795
:10F8E00044BB029B13F0100340F0C180029A12F057
:10F8F000400200F07A83089850F8042B08901946CB
:10F9000092B2012351E418F0100355D118F04002CF
:10F9100000F05D83089850F8042B0890194692B2C5
:10F92000A8E4524261EB4101CDF808802D2001236B
:10F930003CE41BEE101A24AA5846FCF793FE00285C
:10F940007FF4F3ADDDE925320DF19C0A16E61BEEDE
:10F95000101A24AA5846FCF785FE00287FF4E5AD6E
:10F96000DDE925320DF19C0AFBE518F0010F3FF4AB
:10F970000FAB2AE5089399F80030FFF7CDB950ACEA
:10F98000DFE418F4007F40F0DB8353F8042B089386
:10F99000D1170B46FFF7B6BB089B049853F8041B1E
:10F9A0000893C217C1E900024C46FFF78BB900BFAC
:10F9B000EC3A00207C930020089B53F8042B08931A
:10F9C00058E4B4EE488BF1EE10FA80F194860B9B6C
:10F9D000612B00F05285412B00F0C085039B013361
:10F9E0000B9B23F0200500F08084472D04D1039B5E
:10F9F000002B08BF0123039318EE903A002B48F424
:10FA000080724646C0F21886B0EE48AB002390469E
:10FA1000099307930B9B413B252B00F29883DFE86A
:10FA200013F06F0496039603960368046C04960320
:10FA300096039603960396039603960396039603FE
:10FA400096039603960396039603960396039603EE
:10FA500096039603960396039603960396039603DE
:10FA60009603960396039603960368046C04089B1A
:10FA700053F8042B08930123FFF797BB139B002B2C
:10FA80003FF4CFA9139B1B78002B3FF4CAA999F828
:10FA9000003048F48068FFF73FB90B93CDF8088039
:10FAA000FFF7F1BB0B939A4B119318F0200100F074
:10FAB0000581089B073323F00703596853F8082B87
:10FAC000089318F0010F0AD052EA010307D00B9BEC
:10FAD0008DF86930302348F002088DF8683028F43A
:10FAE000806302930223FFF760BB0B93FFF7B6BB63
:10FAF0000B93884B1193D8E7089B012153F8042BF3
:10FB000002918DF8DC200893059137ACFFF7AFBA6E
:10FB10001BEE101A24AA5846FCF7A4FD00287FF417
:10FB200004AD269A0DF19C0A5DE4039B0794062B15
:10FB3000224628BF062303942146CDE90C22764CA9
:10FB4000029305930F92FFF76CBA40215846F7F7DE
:10FB500033FF20602061002800F00F86402363619E
:10FB6000FFF79EB8102D259B40F35D82514610266D
:10FB70001BEE10AA04E00831103D102D40F3528214
:10FB8000013366481032072BC1E90006CDE9253262
:10FB9000F1DD24AA51465846FCF764FD00287FF4A5
:10FBA000C4ACDDE9253227A9E6E70E9BCDF8249009
:10FBB000E31803930D9BCDF82880139E059DDDF877
:10FBC0005890DDF83C800B941BEE101A5046002B29
:10FBD00034D0B8F1000F35D10D9B013B013E0D93A0
:10FBE000159BC0E90039259B01334A44072B269217
:10FBF00025936CDC0830039B96F800C05B1B6345C3
:10FC0000A8BF6346002B9A460CDD259C01341A449C
:10FC1000072CC0E900532692259400F3778196F8CB
:10FC200000C00830BAF1000FACBFACEB0A04644668
:10FC3000002C0ADC65440D9B002BCAD1B8F1000FE3
:10FC400000F0AC8308F1FF38CAE7102CDDF894C04F
:10FC500024DD05954FF0100A63460D4604E0103C84
:10FC6000102C00F1080016DD01332C491032072B4F
:10FC7000C0E9001ACDE92532F1DD24AA294658460B
:10FC8000FCF7F0FC00287FF450AC103C102CDDE9B0
:10FC9000253227A8E8DC2946059D9C460CF1010386
:10FCA00022444460072B1D4C0460CDE9253200F34B
:10FCB000C68396F800C008306544BCE718F010030E
:10FCC00000F0C280089B53F8042B0893F9E624AA9D
:10FCD00058460591FCF7C6FC00287FF426AC269A0E
:10FCE000059927A887E70298CDF81CA050AC00F42E
:10FCF000806000250AEE10BA094BDDF84CA0CDF863
:10FD00001490A3464FF00508AC46044610E000BF2F
:10FD1000B41F0020A01F0020C81F00207C930020DB
:10FD2000CDCCCCCC0A2A71F1000136D34A463146FB
:10FD3000501840F10000A3FB005626F0030505EB28
:10FD40009605401B151A4FF0CC3661F1000E06FBEC
:10FD500005F6A5FB039503FB0E6609F0010E2E4484
:10FD6000AEFB085E2D184FEA590930350BF8015CDF
:10FD700049EAC6790CF1010C0BF1FF3B7608002C27
:10FD8000D0D09AF800008445CCD1BCF1FF0FC9D087
:10FD90000A2A71F1000180F08F815C4650AB1B1B79
:10FDA000DDF81490CDF84CA01AEE10BADDF81CA0C6
:10FDB000DDF80880CDF838C00593FFF7C2BA1BEE16
:10FDC000101A24AA5846FCF74DFC00287FF4ADAB6E
:10FDD0009DF86710269A0DF19C0AFFF796B8259BAF
:10FDE000BE48CAF80000013301320120072B2692D9
:10FDF0002593CAF8040000F377810AF1080A002964
:10FE000040F0AF800E9908F001030B433FF4C0A807
:10FE1000109B12991A44CAE90013259B26920133BC
:10FE2000072B259300F352820AF1080A0E99CAF8AB
:10FE3000004001330A44072BCDE92532CAF80410EB
:10FE40007FF7A4A8FFF7BDBB18F0400200F0DD80EB
:10FE5000089850F8042B0890194692B231E61BEE30
:10FE6000101A24AA5846FCF7FDFB00287FF45DAB6E
:10FE7000269A0DF19C0AFFF7A3BA22AE08220021B0
:10FE800030461D94F9F738FD039B5A1C00F0DB80C7
:10FE90000025CDF80890CDF81C809946A8460CE0C6
:10FEA00037A9584603F0D2FB431C404400F0C883F6
:10FEB000484508DC00F0188480461D9A52593346A4
:10FEC0000435002AECD1CDF81480DDF80890DDF877
:10FED0001C80C5E001338249CAF804402244072B44
:10FEE000CAF80010CDE925327FF750A8FFF769BBAB
:10FEF0001BEE101A24AA5846FCF7B4FB00287FF426
:10FF000014AB269A0DF19C0AFFF729B824AA58468B
:10FF10000591FCF7A7FB00287FF407AB96F800C01B
:10FF2000269A059927A87DE6012BCDF808807FF455
:10FF3000F3A9FFF793BB089B049953F8042B4C4695
:10FF400011600893FEF7BEBE01336549CAF804404C
:10FF50002244072BCDE92532CAF800107FF722ABE7
:10FF60007BE4109B12981A44CAE90003259B269251
:10FF70000133072B259300F3A9810AF1080A002910
:10FF8000BFF654AF4D42103180F20F831BEE101AB2
:10FF9000102605E00AF1080A103D102D40F30583F4
:10FFA00001334F481032072BCAE90006CDE925324C
:10FFB000F0DD24AA58460391FCF754FB00287FF497
:10FFC000B4AADDE9253203990DF19C0AE4E7089B08
:10FFD00018F400711ABF114653F8042B53F8042B80
:10FFE000089318BFD2B2FFF745B9029B13F4007112
:10FFF000089B1ABF114653F8042B53F8042B08939F
:02000004600298
:1000000018BFD2B20123FFF7D0B8089B18F40071D3
:100010001ABF114653F8042B53F8042B089318BF4A
:10002000D2B24EE58A4601332D49CAF804502A441B
:10003000072BCDE92532CAF8001000F339810AF107
:10004000080AFFF78CBB0023194600961DAA5846E4
:1000500003F022FB03460133059000F0F1821D946A
:10006000059B002B4ED0632B00F3188100230793D0
:1000700037AC082200213046F9F73EFC059D00967A
:100080002B461DAA2146584603F006FB854240F048
:100090007C83059A0023A35422EAE272CDE90C3353
:1000A0009DF86710039302920F93FEF7BABF2D21BC
:1000B0008DF86710FEF7A4BF169B1599ABEB030BE9
:1000C0001A465846F9F716FD9AF80120054B0AB171
:1000D0000AF1010A4FF0000C28E600BFB417002017
:1000E0007C930020CDCCCCCC1BEE101A24AA584611
:1000F000FCF7B8FA00287FF418AA1B99269A0DF18C
:100100009C0A7CE6059B9DF867100F93CDE90233AE
:10011000CDE90C330793FEF784BF0E990598651857
:100120002D1ACC1AA542A8BF2546FFF74DBB089B48
:10013000049953F8042B089311804C46FEF7C2BD76
:1001400013F9042B0893D1170B46FEF7DBBF039A74
:10015000022122AB01931DAB009358461BABB0EEBE
:100160004A0B029203F0B4FC472D029A044600F0B9
:100170006181462D104405D12378302B00F06F8229
:100180001B9A1044B5EE40ABF1EE10FA40F04681F8
:1001900003461B1B0E93472D00F01081462D00F0E7
:1001A000B5811B9B0C930C9B412D03F1FF331B93DB
:1001B00000F0E5819DF82C200021002BB8BF0C9B9E
:1001C0008DF87820BABFC3F101032D222B22092B11
:1001D0008DF8792040F3DA810DF18F05DFF81CC42A
:1001E0002A4610468CFB0321DA17C2EBA10202EB70
:1001F0008201A3EB4101303100F8011C194663294B
:10020000134600F1FF32ECDC3033D9B2831E9D423D
:1002100002F8011C40F28B8213460DF17A0201E0D4
:1002200013F8011B02F8011B9D42F9D10DF1910356
:100230000DF17A021B1A13441EAA9B1A14930E9BEB
:10024000149A012B1A44059240F30382059B109ADD
:100250001344059326F48063059A43F480780023C1
:10026000CDE90C3322EAE2720F930292099B002B34
:1002700040F0B1809DF867100393FEF7D2BE204690
:10028000FBF7F2FA02460590FEF720BF1BEE101AAC
:1002900024AA5846FCF7E6F9FEF7EDBD591C58466E
:1002A000F7F78AFB0446002800F0CA810790E0E6D1
:1002B0001BEE101A24AA5846FCF7D4F900287FF444
:1002C00034A9269A0DF19C0AFFF749BA1BEE101AC1
:1002D00024AA5846FCF7C6F900287FF426A9DDE9D0
:1002E00025321B990DF19C0A49E606230393FFF77B
:1002F00083BB039B02215A1C2BE7039A032128E7A7
:100300001BA8B0EE4A0B03F0EBF9B4EE007B20EE35
:10031000070BB5EE400BF1EE10FA01D101231B9350
:10032000B348039BB3EE005B013B224604E0B5EE0D
:10033000400BF1EE10FA13D020EE050BFDEEC07B62
:10034000B3F1FF3F17EE901A415CB8EEE76B9446AD
:1003500030EE460B02F8011B194603F1FF33E6D1DC
:10036000B6EE006BB4EEC60BF1EE10FA00F3488166
:10037000B4EE460BF1EE10FA04D117EE903ADB071B
:1003800000F13E81002906DB4B1C1344302102F8AA
:10039000011B9342FBD1131B0E93FCE60B9C0E9B9F
:1003A000DDF82490DDF828801396E3189D42294655
:1003B00028BF194682460591FFF7D8B91B9B0C93BD
:1003C000DA1C02DB039A93420CDD0B9B023B0B937E
:1003D00023F02005E7E62D2100238DF86710039315
:1003E000FEF722BE0C9B0E9A9342C0F2BD80F0072E
:1003F0000C9B40F13281109A13440593710503D58B
:100400000C9B002B00F33581059B23EAE3730293D9
:1004100067230B9300230F930D9327E7229B8342BF
:10042000BFF4B7AE30215A1C22921970229B984219
:10043000F9D8AEE6F30700F1A780229BA9E624AA2B
:1004400058460591FCF70EF900287FF46EA896F83F
:1004500000C0269A059927A86544FFF7ECBB1BEE60
:10046000101A24AA5846FCF7FDF800287FF45DA86E
:10047000269A0DF19C0AFFF76BB978238DF8693045
:1004800030238DF86830039B632B48F0020600F39D
:10049000A6800023079337AC18EE903A002B48F45F
:1004A00081782BDBB0EE48AB0B9B23F020050023BB
:1004B00009930B9B612B7FF4ADAAB0EE4A0B1BA8EE
:1004C00003F00EF9B4EE007B20EE070BB5EE400B07
:1004D000F1EE10FA01D101231B93464821E71BEEF0
:1004E000101A24AA5846FCF7BDF800287FF41DA86E
:1004F0001B9B269A0DF19C0AFFF74EB90B9B23F02C
:1005000020052D230993B1EE48ABD2E71B9A0C923C
:10051000002A06F0010340F30D8103990B4340F0DC
:10052000CF800C9B059366230B93720500F1A3808B
:10053000059B23EAE37302936CE71BEE101A24AACF
:100540005846FCF78FF800287EF4EFAF1B9C0E9BFB
:10055000269A1C1B0DF19C0AFFF736B958238DE72C
:1005600000220392FEF7DABB0E9B109A9A180C9B9E
:100570000592002B40F3AB8067230B93D5E70B9AD2
:100580000F32D2B2012118E6A018FBE5002940F095
:10059000A88030228DF87A200DF17B02303302F8EA
:1005A000013B1EABD31A149349E601331249CAF832
:1005B00004502A44072BCDE92532CAF800107FF7F2
:1005C00033AC1BEE101A24AA5846FCF74BF800284F
:1005D0007EF4ABAFDDE925320DF19C0A26E4591C0F
:1005E0005846F7F7E9F9044650B3079054E700BFBF
:1005F000A01F0020B41F00207C9300206766666661
:10060000CDF888C012F8011C90F80FC06145134660
:100610000AD14FF0300E03F801EC229B591E2291B3
:1006200013F8011C8C45F6D0392916BF0131817AA7
:10063000C9B203F8011CAEE600239046079360E7B9
:100640001BEE102AB2F90C3043F040039381FEF701
:1006500016BCF5077FF5FEADF8E50593CEE6B5EEE1
:1006600040ABF1EE10FA3FF48BADC2F101021B92E8
:1006700087E567230B9313990B78FF2B79D000251F
:100680000C9A284603E001300131FF2B08D0934239
:1006900006DAD21A4B78002BF5D10B780135F4E746
:1006A0000C9213910D900F950F9A0D9B1699134470
:1006B000059A01FB0323059323EAE3730293D5E52F
:1006C000109BD3181944662305910B932DE7C3F1B2
:1006D00001031A4422EAE2730293672305920B9303
:1006E00098E60DF17A0259E7039BDDF80890DDF8F2
:1006F0001C800593B4E418EE903A002BB4BF2D2172
:100700009DF86710254C264BB8BF8DF8671028F070
:100710008008FEF779BC039B0293059373239DF831
:10072000671003900F900D900B93FEF77ABC022395
:10073000149384E5039A134305D10123662202939F
:100740000B92059366E6109B01331A4422EAE2738A
:100750000293662305920B935CE6089A99F80130A0
:10076000894652F8041B089241EAE1710391FEF7B1
:10077000D3BA00230F930D9396E70C23CBF80030E8
:100780004FF0FF330493FEF781BB1BEE102A9389D1
:1007900043F040039381FEF7C8BE00BFD41F002082
:1007A000800C00202DE9F04F2DED028BADF5377D4B
:1007B0008B46B1F90C1002AF8C048146FA643B639E
:1007C00009D4DBF8643041F4005123F40053ABF852
:1007D0000C10CBF8643000231C460822194607F1A0
:1007E0005800FB62A246F9F787F83C647C62BC6360
:1007F0007C64834BD3F8E440FAF7A8FD07F1580274
:100800000346009207F15401FA6C4846A047051EC2
:10081000FB6C33DB2B44FB647B6D2E46002B00F01E
:10082000B680012D38D0252B40D0002DE1D0FB6CB7
:100830009E1BDBF80430741E002B40F39880DBF81D
:10084000001094F801C091F800E0A31C0AEB03002B
:10085000E64501F10101A3EB060204F10104A0EB5E
:10086000060040F09480DBF80430CBF80010013B28
:10087000AA42CBF80430DFDB8246BAE70133FB64DF
:1008800008224FF6FD73002107F158007B65F9F748
:1008900033F87B6D002B7AD05A4EF25C100700F1D2
:1008A0001C85252B40F0868001252E46F86C0024FF
:1008B0000278A046A2F12503411C552B67D8DFE83A
:1008C00013F00A076600660066006600010766000E
:1008D00066006600660066000C060C060C060C0638
:1008E0000C060C060C060C060C060C0666006600D0
:1008F00066006600660066006600180666008E04E4
:10090000C904180618061806660066006600660028
:10091000820066006600BF0466006600660089000B
:1009200066006600660066006B0666006600DD060F
:1009300066006600660066006600180666009004A1
:10094000CB04180618061806BE06D20682006600FA
:10095000E706F306AC06C104DA06660066008B0003
:100960007D00CA06660066006B0666007D0059467B
:100970004846FCF7C3FD00283FF461AF7B6C002BB9
:1009800001F05280BBF80C305A0601F14D803B6CEF
:1009900043B13B6CD3F80080B8F1000F02D0404661
:1009A000F7F702F8786C07F53577BD46BDEC028B9A
:1009B000BDE8F08FFB6C01255E1E3AE72307E6D108
:1009C0004278084676E72207E1D1427844F00204F3
:1009D00008466FE744F00104F9640225DBF80430AF
:1009E000002B40F30884600640F10F846B1E032B3C
:1009F00001F2EB80DFE813F07B02F1014B0108000C
:100A0000389B0020051E0020484602F0C5FB036805
:100A10003B6208F1FF33B3F5AE7F40F25A856FF4C5
:100A2000AE7508EB05033B6140F25D18002607F543
:100A3000B87308EE109AC7E90566FE637E63FE612F
:100A4000BE6444F4F064BB621D464646DBF8001009
:100A50000A78A2F12B034E2B50D8DFE813F07E0367
:100A60004F007E034F004F00A300A600A600A60083
:100A7000A600A600A600A600A600A6004F004F00F4
:100A80004F004F004F004F004F0074030B030B0348
:100A90000B039E0394034F004F0084034F004F004D
:100AA0004F004F005D034F003A034F004F004F00CF
:100AB00033034F004F004F001E036D034F004F00E4
:100AC0004F004F004F004F004F0074030B030B0308
:100AD0000B039E0394034F004F0084034F004F000D
:100AE0004F004F005D034F003A034F004F004F008F
:100AF00033034F004F004F001E036D03A0056FD559
:100B0000386A037893426BD1C7E902457E6081461B
:100B100018EE106A4FF000085C4607E0216091F87B
:100B200000E099F8000086451CD1DA4619F8010F5B
:100B300045460AF1010B013108F10108002800F0D7
:100B400064866068013800286060E7DC2146304632
:100B5000FCF7D4FC30B9216899F8000091F800E066
:100B60008645E2D0A3463A6ABC683D612B46B14651
:100B7000BE6CFD68BD6401335D4602EB0308B346FD
:100B80002646144618F8011D2A464846FCF776FC0E
:100B90004445F7D13B693446AAEB030A5E46AB46AF
:100BA000BD6C20E0E00500F10185BB6CF96BD9421A
:100BB00016D124F4C07405F8012B013EDBF8043093
:100BC000013B002B0AF1010ACBF8043040F36F839C
:100BD000DBF800300133CBF80030002E7FF436AF65
:100BE000BE6C18EE109A7B6B002B40F0DC82FB6B26
:100BF000013B012B41F21680731E062B40F2278623
:100C0000E3051BD5660501F1B58015F8011C6529C2
:100C100005F1FF330AF1FF360AD0452908D05A46BC
:100C20004846FCF72BFC15F8021CAAF10206AB1E85
:100C30005A464846B2461D46FCF720FC14F0100206
:100C40007FF4D7AD04F4C063B3F5806F2A7000F071
:100C5000D284BB69002B40F02C874846B96A002239
:100C6000F8F7DAFAE0073B6B00F1C985A10700F15C
:100C7000C685B4EE400BF1EE10FA53F8044B80F148
:100C8000F486B7EEC00B3B6384ED000AA2E308F1E3
:100C9000FF33B3F5AE7F40F2A2836FF4AE7208EB80
:100CA0000203FB6340F25D1807F5B8730022BE6BC8
:100CB000BB62594644F45864D3461D4692460A68BE
:100CC0001078A0F12B034D2B60D8DFE813F08202DF
:100CD0005F0082025F005F00CD02E001E001E00101
:100CE000E001E001E001E0016F026F025F005F00E0
:100CF0005F005F005F005F005F004E004E004E002F
:100D00004E004E004E005F005F005F005F005F001E
:100D10005F005F005F005F005F005F005F005F00DB
:100D20005F005F005F005F0076025F005F005F00B2
:100D30005F005F005F005F005F004E004E004E00EE
:100D40004E004E004E005F005F005F005F005F00DE
:100D50005F005F005F005F005F005F005F005F009B
:100D60005F005F005F005F0076020A2E0EDD24F454
:100D700038644B6805F8010B013B002B4B6040F3D6
:100D80008D8201320A60B8F1010898D1E005D046A1
:100D9000BE63DA468B4607D5BB6A9D4200F22284C9
:100DA000BB6A9D423FF4F3AD14F0100210D1B96A52
:100DB000BB6BFE6A2A704846B047A10640F1088422
:100DC0003B6B53F8042B10603B637B6C01337B64FB
:100DD000BB6AED1A4544AA440BE5B8F1000F08BF01
:100DE0004FF0FF38E00740F1958214F010037B6369
:100DF00040F07484210640F166863C6B54F8043B55
:100E0000FB63002B3FF4C3AD8020F6F7C5FDB8644B
:100E1000002800F07887FB6BBA6C1A603A6CD588B2
:100E200093889D4280F052851068FB6B40F8253016
:100E30003B6C3C630135DD80BB6CBB6220233B62B5
:100E4000DBF80030B14E1B78F35C13F0080340F080
:100E5000BB847C6A7E621D46FAF778FAA8423FF4AA
:100E60008DADDBE9003207F5B87013F8011B415571
:100E7000013A032CCBE9003205F1010507F16806C0
:100E800002D13368042B04D0082200213046F8F741
:100E900033FD07F5B872B96C00962B46484602F050
:100EA000ABFB421C04463FF469AD002840F0788457
:100EB000BB6C186002F0FCFB002840F05C86AA4482
:100EC00008F1FF387B6B002B40F03386BB6CFA6B6C
:100ED0000433BB64002A00F02C86BA6A9D1A3B6A70
:100EE000B3EBA50F40F256877D6B00F05CBCB8F108
:100EF000000F08BF4FF0FF38E00740F17B8214F08D
:100F00001003BB6240F0F383210640F1ED853E6B98
:100F100056F8043B3B62002B3FF439AD8020F6F7D6
:100F20003BFD0446002800F0EE863B6A3A6C1860F0
:100F3000D58893889D4280F0DD8410683B6A40F834
:100F400025303B6C3E630135DD802023FC61BB61B5
:100F50007E6AC7F83CA00025C246A046FAF7F6F91B
:100F6000A8423FF40BADDBE9003213F8011B013A54
:100F700007F5B870CBE90032032E05F101034155A6
:100F8000BB6407F1600402D12368042B04D008225B
:100F900000212046F8F7B0FC07F5B872BB6C00944E
:100FA0004146484602F028FB421C06463FF4E6ACA8
:100FB000002840F0CA82C8F80000054607F168031F
:100FC0000822002118467B63F8F796FC50497B6B9A
:100FD000D1F8E0102A4648460D4607F15001A847CF
:100FE000012800F0D583002207F170039B5C002BE1
:100FF00000F0A185FB6BBA6C032E1344FB6300F079
:10100000CA830AF1FF3ABB6A5BB93B6A08F104087C
:101010003BB1FB69A8EB0304BB69B3EBA40F40F23F
:101020000584DBF80430002B4FF0000540F3968276
:10103000BAF1000F92D1D7F83CA07E624446BB6A59
:10104000002B7FF4D6AB23603B6A002B00F0C281FB
:10105000FB69BA69E11A8B1001339A4240F2BA81F6
:101060003C6A04312068F6F763FF002800F0B28183
:101070002060AFE121057FF5B3ADFB6BB96C5B1868
:101080007FF4AEADBB6424F4C074FB6393E5214BE5
:1010900024F4386433F916606BE604F41863B3F58E
:1010A000807F7FF49DAD7B6B012B7FF499AD302366
:1010B00005F8013B24F48074002344F40064013EED
:1010C0007B6378E5BB6C062B40F074850723BB641B
:1010D00071E523057FF584AD04F4A063B3F5806F5B
:1010E00005D061057FF57CAD7B6B002B47D0A30558
:1010F00004D47B6BF9695B1AC7E9055324F478645F
:10110000002344F4C0747B6355E500BF051E002036
:10111000389B0020B83A0020FB6B002B00F0FF81C9
:10112000FB6B022B00F0B083BB6C012B00F0F18154
:10113000042B00F0EE8153E5BB6C072B40F03A85A1
:101140000823BB6437E5200500F1F981FB6B012B17
:101150007FF446AD0223FB632DE523067FF540AD0A
:1011600024F0800427E5BB6C002B40F0CC817B6B26
:10117000B3B904F4E063B3F5E06F00F02085BE6C12
:1011800018EE109A33E5210500F1B781BB6C022BF4
:1011900040F010850323BB640DE520059CD56CE76A
:1011A000BE6C18EE109A24F4807420E58D4B33F950
:1011B0001660082E3FF7DBADE8E504F4C063B3F535
:1011C000007F7FF4E3AD24F4007444F4A06410269F
:1011D000CFE523067FF5DAAD24F08004C9E544F0BD
:1011E0000104DBF80430F964002B44F040044FF0B4
:1011F00000053FF7F8AB59464846FCF77FF9002851
:101200007FF4BCAB60063FF5F1ABDBF80020764E17
:101210001378F35C19077FF5E9ABDBF80430013B89
:10122000002B0AF1010ACBF8043002F101024ADD79
:10123000CBF800201378F35C19077FF5D7ABECE708
:1012400044F00104694BFB620823F964BB63032586
:10125000FFF7C4BB44F00104654BFB620A23F96449
:10126000BB630325FFF7BABB23057FF582AD16B933
:1012700044F400740826630500F1A681FB6B24F496
:1012800060741BB1013BFB6308F101084B68013B33
:10129000002B0AF1010A4B603FF773AD4846B96471
:1012A000FCF72CF9B96C00283FF46DAD6EE518EE33
:1012B000100A5946FCF722F900287FF491AC002E61
:1012C0007FF4C4AB8CE459464846FCF717F9002874
:1012D0007FF454ABDBF800209AE7DBF804200FE042
:1012E000DBF800301A78B25C110703F101037FF5D7
:1012F00080AADBF80420013ACBE900320AF1010AA6
:10130000002AEDDC59464846FCF7F8F80028E7D0FB
:10131000FFF76FBAE10600F1498314F0800400F092
:10132000AB833C6B54F8046BBE64002E3FF42FABD0
:101330002020F6F731FB0546002800F062843A6C65
:1013400030609388D6889E4280F0A8821068BB6C7B
:1013500040F826303B6C3C630136DE802023FB6383
:10136000DBF80020204E1178715C080700F1AC8298
:1013700033462C4610462E46DBF80410BA6C013971
:10138000CBF80410411CCBF800103546017805F865
:10139000011B22B1FA6B2E1B964280F07A83B8F1C2
:1013A00001080BD0DBF8041000292E4640F3AE8371
:1013B000DBF800000178595C0907DDD5291B8A4458
:1013C00001314FF000032B70BB6C1BB1FB6B8B42E8
:1013D00000F294837B6C01337B64FFF70ABA00232D
:1013E000FB6361E4B83A0020051E0020D10A020028
:1013F00009720100E60600F1818114F0800400F01A
:101400006D833C6B54F8046BBE64002E3FF4BFAA9E
:101410002020F6F7C1FA0546002800F0F2833A6C66
:1014200030609388D6889E4280F07A821068BB6CC8
:1014300040F826303B6C3C630136DE802024DBF82C
:10144000002007F1700319461378CB5C002B3FF4A2
:101450009EAA08EE109AD7F84890C7F83CA02E46EE
:10146000A24610460C46DBF80410431C0139CBE9B8
:1014700000312946007801F8010BB9F1000F02D0C4
:101480008D1B55457AD20D46B8F101080AD0DBF81C
:101490000410002940F36A81DBF800000178615CE8
:1014A0000029E0D1544618EE109AD7F83CA0AE1BA4
:1014B0003FF46DAA4FF000032B70BB6C1BB1711C85
:1014C0008C4200F22D837B6C0133B2447B64FFF7C6
:1014D00090B900233B61FFF7A9BA14F08F0F7FF496
:1014E00056AA08EB880802EB4808A8F13008FFF775
:1014F00067BAF9640425FFF771BAFB6BB96C5B1826
:101500007FF444AEBEE5BB6C032B02D0052B7FF409
:1015100067ABBB6C0133DBB2BB64FFF74CBB7B6BCF
:10152000002B7FF401AE04F4E063B3F5E06F7FF4C9
:10153000FBAD012324F4F064FB63FFF73CBBFB6BC2
:10154000B96C5B187FF402AE9CE5831C40F05B84B1
:10155000DBF80430BD6C002B3FF700AD5946484620
:10156000FBF7CCFF00283FF463ADD7F83CA07E62C8
:101570004446002D3FF463ADFFF700BA4FEA4A0A34
:1015800030465146F6F7D4FC0646002800F0398371
:101590000544C9F8000077E744F40074BC4BFB62D3
:1015A0001023F964BB630325FFF718BA7B6B013383
:1015B0007B633B6924F08004002B3FF4FEAA3B6967
:1015C000013B3B61FFF7FABA24F4B064FFF7D1BBEB
:1015D000220740F1C7813B6B53F8042B3B6310702B
:1015E000FFF7F3BB15F8011C5A464846013DFBF7CF
:1015F00045FFFFF7D5BBFB697A6B93423FF42DABF8
:101600009A1A07F2C3239D4228BF07F2C225A149B7
:10161000284601F043FCFFF720BBE20600F13181D0
:10162000230700F1BA81660740F1B4823B6BF9648D
:1016300053F8042B3B63A2F800A0FFF7DAB82307A6
:101640007FF4A5A94278682A00F0868144F004045A
:101650000846FFF72FB98E4BFB620A23F964BB6380
:101660000325FFF7BBB98C4BFB620023F964BB6316
:101670000325FFF7B3B944F408748FE707F170004E
:1016800001F056FA44F04004F8640125FFF7A6B9CA
:1016900022077FF47CA942786C2A00F0578144F03D
:1016A00001040846FFF706B914F08F037FF46FA911
:1016B0003A6C002A00F0E781427844F08004084642
:1016C000FFF7F8B858EA04087FF461A942781024BB
:1016D0000846FFF7EFB8F964FFF7A7B800233B62AD
:1016E000BB62FB6307F15403BB64FFF7A9BB002394
:1016F000C7E906333B6207F1540429E4DBF8003004
:1017000007F1700211461A788A5C002A3FF43FA95B
:101710000133CBF80030DBF80430B8F1010F03F1EE
:10172000FF33CBF8043018BF0C4614D1FFF753BB7E
:10173000DBF800301A78A25C0133002A3FF44BAB8F
:10174000CBF80030DBF804300135013B4545CBF8E0
:1017500004303FF440AB002BEADC59464846FBF727
:10176000CDFE0028E4D0AA44FFF743B818EE100AD3
:101770005946FBF7C3FE00283FF48EAEB5425446EF
:1017800018EE109AD7F83CA07FF491AEFFF7F6B8A8
:1017900097F8502028E42368042B7FF432AC32E41D
:1017A000831C40F03983DBF80430002B40F3D781F1
:1017B000DBF800307A6A1B78D35C180703D4B8F1E1
:1017C000000F7FF449AB7C627B6B002B7FF411A888
:1017D000BA6C1360FB6B002B3FF4FCADBB6AD11AF3
:1017E0008B103A6A01339A427FF6F4ADFC6B0431F8
:1017F0002068F6F79DFB00287FF43AACEAE553F841
:10180000042B82ED000B3B63E4E5FD68396A7E68DA
:1018100028464246A346BC6801F08CFC7B6BFB610A
:1018200024F42074013E0546FFF7C8B9F869D900D1
:101830001D46F6F77DFBF861002800F064823A6AE5
:101840006B0000EB04081060BB61FFF7EABB022EDF
:1018500040F2C482032E3FF4D3A9043E5FFA86F817
:101860006FEA0803EE1815F8011D5A464846FBF7C3
:1018700005FEAE42F7D10AF1FF3AAAEB080AFFF7DC
:10188000BFB9F964FEF7B5BF0323FB63FFF793B954
:10189000D10A0200581D0020097201004FF6F672AD
:1018A000934200F297823A6C08339BB21068F86357
:1018B00099007B63F6F73CFB002800F07B823A6CD2
:1018C0007B6B9380106042E501217AE54FF6F6725A
:1018D000934200F2938208339EB23B6CB1001868C9
:1018E000F6F726FB3B6C002800F03E829E801860D5
:1018F000FFF79BBA4FF6F672934200F27F823A6C82
:1019000008339BB299001068BB64F6F711FBBB6CFF
:10191000002800F028823A6C93801060FFF70EBB1D
:101920004FF6F672934200F255823A6C08339BB23E
:101930001068F86399007B63F6F7FAFA002800F064
:1019400039823A6C7B6B9380106070E5827844F04A
:1019500002040230FEF7AEBF827844F00804023081
:10196000FEF7A8BF630758D414F001027FF428AA39
:10197000A6077FF525AAB34BF96A99424846BB6B87
:10198000B96A00F03D8201F013FD3B6B53F8042B64
:101990003B63C2E90001FFF718BA3B6BF96453F8E7
:1019A000042B3B6382F800A0FEF723BFDBF8003076
:1019B000A54E1A78B25C12073EF51BAF0133CBF887
:1019C0000030DBF80430B8F1010F03F1FF33CBF83E
:1019D000043008BF0AF1010A3EF40BAF012411E004
:1019E000DBF800301A78B25C150703F1010311D45B
:1019F000CBF80030DBF804300134013B4445CBF830
:101A0000043007D0002BEBDC59464846FBF776FD47
:101A10000028E5D0A244FEF7ECBE3B6B53F8042B44
:101A20003B631080FFF7D1B93B6C002B00F06E8157
:101A30003B6CD3F80080DE8876B10024A8F1040561
:101A4000A14655F8043F1868F5F7AEFF01342B683E
:101A5000A642C3F80090F4D14FF0FF337B64B8F195
:101A6000000F7EF49CAFFEF79DBF78483B63F9F70B
:101A7000B7FF84ED000AADE43A6BFC6352F8045BF7
:101A80003A63BC646CE482B0CDE9023302AB3B64E0
:101A900012E67B63530020461946FB63F6F748FACB
:101AA0000446002800F0AD80BB6C851918607B6B84
:101AB00075E47D6929460A2301314846F7F7B8FCE9
:101AC000BB69C21A9DE5D7E90C3253F8041B3A6290
:101AD000B9643B63BA62FA63FFF7B2B93B6BBC64AB
:101AE00053F8045B3B63AAE43B6BBA6A53F8044BBC
:101AF000BA61C7E907223B63FFF72ABABC6C2068CA
:101B0000F6F716FA00287FF4B3AA63E4594648466C
:101B10007B63FBF7F3FC7B6B00283FF449AC4DE49F
:101B200018681C46F6F704FA00283FF4CCAC206095
:101B3000C9E4002537E6BD6CD7F83CA07E62444678
:101B4000002D3FF47CAA013D07F5B8735A46595D54
:101B50004846FBF793FC002DF5D1FFF770BA5946C4
:101B60004846FBF7CBFC00283FF422AE7C62002DF8
:101B70007EF404AF28E67C62002D3FF425AE013DE3
:101B800007F5B8735A46595D4846FBF777FC002DB8
:101B9000F5D119E6E5073CD4A4073AD53B6BF964C7
:101BA00053F8042B3B634FEAEA73C2F800A053607A
:101BB000FEF71FBE18EE109A1E46FFF714B8012359
:101BC00024F4F064BB64FEF7F6BFB8F1010F38BF30
:101BD0004FF0010814F001033AD1E50600F1368117
:101BE000240640F14C813B6B53F8045BBB64002D31
:101BF0003EF4CDAE4046F5F7CFFE0346002840F058
:101C0000DC803B6C002B00F08180D3F80080DE8804
:101C100012E73B6BF96453F8042BC2F800A03B6356
:101C2000FEF7E7BD2B46BD6AAB427EF6B0AE1C4662
:101C300014F8011D5A464846FBF720FCAC42F7D188
:101C4000FEF7A5BED10A0200051E0020740A00207E
:101C500014F010037B635ED00025FD63BD642E4647
:101C600000244B46C146A84625461C46F9F76EFBA4
:101C7000A8423EF483AEDBE9003213F8011B013ABF
:101C8000CBE900327A6A07F5B870032A415505F1AD
:101C9000010307F1680502D12A68042A06D0082248
:101CA00000212846BB62F7F727FEBB6A009507F5BF
:101CB000B87231462046BB6201F09EFC431C78623C
:101CC0003EF45CAEBB6A002840F047817A6B02B9F3
:101CD00032609A4409F1FF397B6B002B40F075812B
:101CE000BB6C002B00F07081FB6BF51AB8EBA50FF5
:101CF00000F26A8118464FEAC801F6F719F9F8634D
:101D0000002840F05C813B6C002B2DD14FF0FF335D
:101D10007B64FEF747BE220640F18F803C6B54F88F
:101D2000043BBB64002B3EF432AE8020F5F734FE5A
:101D300006460028E7D0BB6C18603B6CDD889A88AB
:101D40009542C0F0B3804FF6F6718A4256D80832F9
:101D500093B23A6CFB6399001068F6F7E9F8FB6BF5
:101D6000002840F0AE803B6CDB883A6C1E46D2F80F
:101D7000008061E62B46BD6AAB427EF608AE1C468B
:101D800014F8011D5A464846FBF778FBAC42F7D1E0
:101D9000FEF7FDBD1046D9001E46F6F7C9F8B86239
:101DA0000028B0D04219BA64FA6B7D6B10607300E2
:101DB0003B62F8E4D7F83C803EE6396C2860CE8878
:101DC0008A889642C0F08E804FF6F6718A42386358
:101DD00040F2A5803B6CD3F800802DE6BA6A9542AC
:101DE0007EF6D5AD2C46BD6A14F8011D5A4648460C
:101DF000FBF744FBAC42F7D1FEF7C9BD2B46B4E775
:101E000001F0A6FBC1E5D8F800301D4601337FF490
:101E1000D5A82A46FFF7E8B8BB6C186801F048FC63
:101E200000287FF4A8AE032CAA447FF449A83368A5
:101E3000042B7FF445A8FFF745B8D7E90C3253F8D7
:101E4000046B3B631546FA63BA6409E71C46DBF88A
:101E50000430984539DDDBF800201A44CBF8002027
:101E6000594648461C44A8EB0308FBF747FB0028EB
:101E7000EDD0002C3EF482ADA244FEF7BABC3D6B1F
:101E800043462968CDF800B001224846FBF754FBD1
:101E9000044600283EF472AD0435BD647B6C01330A
:101EA0007B64BB6C3B63A244FEF7A3BC1868BB6CAD
:101EB00040F825303B6C3C630135DD80FE63202516
:101EC000CEE63A6C93801060F1E7A3EB0803CBF801
:101ED0000430DBF8003044444344CBF80030A244E3
:101EE000FEF787BC0A68FA63FA6B42F826503A6C30
:101EF0000136B6B2D6801946CDF800B0434601226D
:101F00004846FBF719FB0446D8B18045C6D9286876
:101F10002146F6F70DF80028C0D02860BEE73B6CDC
:101F2000083294B21A687A631046A100F6F700F8F6
:101F30007A6BF86300285BD03B6C9C8018603B6B2D
:101F4000D2E77B6CD7F83C80002B3FF475ADBBF833
:101F50000C305B067EF51DAD6AE57A6A02321DD152
:101F6000DBF80420002A1D463FF780AE5946204684
:101F7000FBF7C4FAE0B9B9F1000F7FF477AE45463C
:101F8000A146BB6C23B1FB6BF11AB5EBA10F27D8AF
:101F90007B6B002B7EF42DACFFF71CBA9A447B6A56
:101FA000032B7FF497AE2B68042B7FF493AE93E65C
:101FB000A1462C464546002CE3D0FEF7DFBCBA6CA8
:101FC000461910604FEA48080436DBF80430002B4D
:101FD0004FF00005CADDB9F1000F7FF447AECEE740
:101FE000BC6C2068F5F7A4FF0028D1D02060CFE7B3
:101FF000904621E5436C70B505460C464BB153F84D
:10200000240080B1026843F824200023C0E9033390
:1020100070BD2122042101F08BFC03466864002876
:10202000EDD1002070BD012101FA04F6721D92006D
:10203000284601F07DFC0028F3D0C0E90146E4E722
:1020400031B1436C4A6853F82200086043F822100B
:10205000704700BF2DE9F0410E6980460F461D46CE
:1020600001F1140E0020DEF800108CB202FB0453C4
:10207000090C4FEA134C02FB01CC01309CB204EB7B
:102080000C4486424EF8044B4FEA1C45EBDC3DB154
:10209000BB68B34207DD07EB860301365D613E6135
:1020A0003846BDE8F081796840460131FFF7A2FF6C
:1020B0000446B0B13A69023207F10C0192000C30CB
:1020C000EEF7B6FDD8F844307A6853F8221039603C
:1020D00043F82270274607EB860301365D613E61B7
:1020E000DEE7034B03482246BA2101F035FB00BF6F
:1020F000141B0020F41C00202DE9F8431746274A42
:102100001E4608330C46092E82FB03124FEAE37386
:102110000546C3EB620339DD4FF0010C00214FEAA5
:102120004C0C634501F10101F9DC2846FFF762FF21
:10213000014668B3089B4361092F4FF00103036117
:1021400012DC0A340927BE420BDDF21BA61814F874
:10215000013B0A22303B2846FFF77CFFA64201469E
:10216000F5D10846BDE8F88304F10909C8463C44A6
:1021700018F8013B0A22303B2846FFF76BFFA045C9
:102180000146F5D1A7F108044C44DCE70021CCE777
:102190000A46034B0348D32101F0DEFA398EE338B7
:1021A000141B0020F41C0020030C1B04D3B90004F2
:1021B000102310F07F4F04BF0002083310F0704F5F
:1021C00004BF0001043310F0404F04BF800002330D
:1021D000002805DB10F0804F03F1010308BF202326
:1021E000184670470023E4E7036813F0070208D09D
:1021F000D9071FD49A0722D55B0803600122104635
:10220000704799B209B91B0C1022D9B209B908322A
:102210001B0A190704BF1B090432990704BF9B0856
:102220000232D90703D45B0802F1010205D0036032
:10223000104670470022104670472022DFE79B08B7
:10224000022203601046704738B5436C04460D46C1
:102250004BB15868B0B102685A6000220123C0E94E
:102260000435C26038BD2122042101F061FB034620
:1022700060640028EDD1094B0948002240F2451165
:1022800001F06AFA1C220121204601F051FB0028CE
:10229000F1D001220223C0E90123DEE7141B002054
:1022A000F41C00202DE9F04F0E691569AE4285B08F
:1022B0008846144605DB2A46234635460C46164614
:1022C0009846A3686168AF19BB42B8BF0131FFF7F8
:1022D00091FE0190002800F08780019B03F1140912
:1022E00009EB870AD14505D24B46002243F8042B5F
:1022F0009A45FBD808F1140808EB860B04F1140387
:10230000D8451A4603EB85055FD22B1B153B23F0FE
:10231000030304331534A54238BF0423CDE902A7D3
:10232000AC461F46924605E0090C29D1C34509F188
:10233000040948D958F8041B8DB2002DF4D0564634
:102340004C46002356F8041B22681FFA81FE90B207
:10235000090C05FB0E00120C034405FB012202EBE5
:1023600013429BB243EA0243B44544F8043B4FEAAC
:102370001243E7D849F8073058F8041C090CD5D0A7
:10238000D9F8003050461A464C4600260588120CF3
:1023900001FB052216449BB243EA064344F8043B82
:1023A00050F8045B22682D0C93B201FB053303EB5C
:1023B000164384454FEA1346E8D8C34549F8073029
:1023C00009F10409B6D8DDE902A7002F02DC05E017
:1023D000013F03D05AF8043D002BF9D0019B184669
:1023E0001F6105B0BDE8F08F034B0448019A4FF41C
:1023F000B17101F0B1F900BF141B0020F41C0020E2
:1024000012F003032DE9F0411446064632D10D4681
:10241000A41020D0D6F84080B8F1000F33D0E307E5
:102420004FF0000707D4641015D0D8F80000A8B109
:102430008046E307F7D5424629463046FFF732FF8C
:10244000B5B16968736C641053F821202A6043F8B1
:1024500021500546E9D12846BDE8F0814246414673
:102460003046FFF71FFFC8F8000007608046E0E72E
:102470000546D8E7013B0F4A52F823200023FFF717
:10248000E9FD0546C4E701213046FFF7B3FD80466C
:1024900040B1012340F27122C0E9043200233064CC
:1024A0000360BCE7044B0548424640F2451101F089
:1024B00053F900BFDC8E0020141B0020F41C002008
:1024C0002DE9F0470D4614462F69AB68496807EBC4
:1024D00062177E1C9E4280464FEA621904DD5B0053
:1024E0009E4201F10101FADC4046FFF783FD84467C
:1024F000002852D0B9F1000F00F114020EDD09F1ED
:1025000005014FEA810E134600EB8101002043F8DC
:10251000040B8B42FBD1AEF114031A44296905F177
:10252000140314F01F0E03EB81012ED0CEF120090D
:1025300010464FF0000A1C6804FA0EF444EA0A043C
:1025400040F8044B53F8044B994224FA09FAF2D8A4
:102550004B1B153B23F00303043305F115008142A7
:1025600038BF0423BAF1000F18BF374642F803A062
:10257000D8F844306A68CCF8107053F822102960FB
:10258000604643F82250BDE8F087043A53F8040B44
:1025900042F8040F9942F9D8EAE7034B0348624630
:1025A0004FF4EF7101F0D8F8141B0020F41C002048
:1025B0000B6984460069C01A16D10CF1140C143151
:1025C0000CEB830210B401EB830301E0944508D2C5
:1025D00052F8044D53F8041D8C42F7D005D24FF049
:1025E000FF305DF8044B7047704701205DF8044BE5
:1025F000704700BF2DE9F84F0F691369FF1A002FCC
:102600000E4690467FD101F11405143202EB83028D
:1026100005EB830301E09D4278D253F8041D52F884
:10262000044DA142F7D069D37168FFF7E3FC8146FE
:10263000002877D03569D8F81020C76008F1140E4B
:1026400006F1140009F1140A06F110010EEB8202E2
:1026500000EB850756464FF0000C5EF8044B51F82E
:1026600004BFA3B21CFA8BFCACEB03034FEA144C7F
:10267000CCEB1B4C0CEB234C9BB243EA0C43724556
:1026800046F8043B4FEA2C4CE7D8A2EB0801153979
:1026900008F11508424521F0030404F1040438BF91
:1026A0000424204421F0030238BF00228742524410
:1026B000544418D92646014651F8043B1CFA83FCC1
:1026C0004FEA2C4202EB13421FFA8CFC4CEA024305
:1026D0008F4246F8043B4FEA224CEDD8013F3F1AA7
:1026E00027F00307E21923B952F8043D013D002BFE
:1026F000FAD0C9F810504846BDE8F88F3346012794
:102700004646984690E7F9DB00278DE70021FFF762
:1027100071FC814668B101220023C9E904234846BF
:10272000BDE8F88F064B07484A4640F2452101F0C4
:1027300013F8034B03484A4640F2372101F00CF8E6
:10274000141B0020F41C002082B08DED000B164BF2
:10275000019A1340A3F15073002B06DD00221946A5
:10276000104641EC100B02B070475B42B3F1A07F02
:102770004FEA235209DA4FF400231341002219468D
:10278000104641EC100B02B07047A2F114031E2B4F
:10279000DABF4FF00042DA4001220023194610460A
:1027A00041EC100B02B070470000F07FF8B50469EF
:1027B00000F1140606EB8404271F54F8045C284635
:1027C000FFF7F2FCC0F120030A280B601BDDBE42BC
:1027D0000BD20B3854F8081C2ED145F07F5343F42C
:1027E00040130A4643EC102BF8BDB0F10B01F4D0B6
:1027F00005FA01F141F07F53002143F440130A46EA
:1028000043EC102BF8BDC0F10B0C25FA0CF1BE42C5
:1028100041F07F5338BF54F8081C00F1150034BF55
:1028200021FA0CF1002105FA00F0014343F44013B2
:102830000A4643EC102BF8BDC0F1200C854021FA6C
:102840000CF345EA0307A4F10805AE4201FA00F1D2
:102850003CBF54F80C0C20FA0CF047F07F5338BF03
:10286000014343F440130A4643EC102BF8BD00BF6C
:102870002DE9F043884683B0012157EC106B1546D3
:10288000FFF7B8FB0446002851D0C7F30A59C7F335
:102890001303B9F1000F01D043F48013002E01930C
:1028A00018D101A8FFF7A0FC019A6261012200F192
:1028B00020032261B9F1000F25D0A9F2334909EBB9
:1028C00003022046C3F13503C8F800202B6003B093
:1028D000BDE8F08368460096FFF786FC034610B318
:1028E000DDE90002C3F1200102FA01F10143DA40FF
:1028F00061610192002AA26114BF022201222261B9
:10290000B9F1000FD9D1A3F23243C8F8003004EB7B
:1029100082031869FFF748FCC0EB421320462B6086
:1029200003B0BDE8F083009A6261019AE2E7034BCD
:102930000348224640F20F3100F00EFF141B002026
:10294000F41C0020F0B583B00E4669460746FFF739
:102950002DFF01A9304655EC104BB0EE407BFFF740
:1029600025FF33693A69D21ADDE900315B1A03EBBE
:102970004213002B09DD17EE902A02EB035545ECBC
:10298000174B87EE000B03B0F0BD10EE902A51EC10
:10299000100BC3EB033302EB035141EC100B87EE3A
:1029A000000B03B0F0BD00BF0139491101F1010C6A
:1029B000116902F1140303EB81018B4200EB8C0CD3
:1029C00017D210B5A0F1040E53F8044B4EF8044F83
:1029D0009942F9D88A1AA2F1150323F003030433AC
:1029E0001844844504D9002340F8043B8445FBD8AF
:1029F00010BD844505D9002340F8043B8445FBD82D
:102A00007047704703694A11934200F1140009DAD4
:102A100000EB830302E053F8042DC2B98342FAD8D5
:102A20000020704710DD11F01F010DD010B450F8D8
:102A3000224000EB820324FA01F28A4094420CD037
:102A400001205DF8044B704700EB8203E6E70120AC
:102A5000704753F8042D002AF2D18342F9D80020A0
:102A60005DF8044B704700BF70B500294BD0064697
:102A70000C4610B1436B002B48D0636ED80734D599
:102A8000B4F90C30002B3ED02146304600F044F91A
:102A9000E36A054633B1E169304698470028B8BF7C
:102AA0004FF0FF35A3891A063CD4216B41B104F1E4
:102AB0004003994202D03046F8F7ECFF002323632D
:102AC000616C21B13046F8F7E5FF00236364F6F747
:102AD00037FE636E0022DB07A2811FD5A06DF8F7D9
:102AE000A5FEF6F733FE284670BDA3899905CBD421
:102AF000A06DF8F79FFEB4F90C30002BC4D1656EC1
:102B000015F0010505D00025284670BDF6F7FAFD41
:102B1000B3E7A06DF8F792FE284670BDA06DF8F7F8
:102B20008DFEDBE721693046F8F7B4FFBDE700BF53
:102B300070B50C785E2C86461ED00022481C944648
:102B40000EF1FF330EF1FF0103F8012F8B42FBD191
:102B500084B18CF001010EF80410451C15F8013CFD
:102B60002D2B0ED05D2B03D01BB11C462846F2E75F
:102B7000284670BD013870BD01224C78881C9446EF
:102B8000DEE790F801C0BCF15D0FEED06445ECDCEF
:102B9000661C02300EEB060202F8011BA2EB0E03CC
:102BA000013B9C45F8DCACEB0403013B6445A8BF4A
:102BB000002302359C19D1E72DE9F04707464C4820
:102BC0000E46354616F801EB10F80EC01CF0080C46
:102BD000F7D1BEF12D0F5AD0BEF12B0F03BF96F8DF
:102BE00000E06446AE1C64465BB1102B54D04FF03D
:102BF000FF38B8FBF3F803FB08FA6FEA0A0A9946B4
:102C000008E0BEF1300F5AD00A23DFF8E8804FF019
:102C1000050A99460025284605E02CD009FB00C08E
:102C2000012516F801EBAEF1300CBCF1090F06D905
:102C3000AEF1410CBCF1190F0BD8AEF1370C634566
:102C400010DDB5F1FF3FECD04045E6D94FF0FF3540
:102C5000E7E7AEF1610CBCF1190F03D8AEF1570CE8
:102C60006345EEDC6B1C0BD004B140420AB165B980
:102C70001160BDE8F087D445D0DD4FF0FF35D0E7D7
:102C800022233B602846002AF3D0711EF0E796F815
:102C900000E00124AE1CA7E7BEF1300F21D130784F
:102CA00000F0DF00582816D14FF0100996F801E027
:102CB0004FF00F0A02366FF070484B46AAE73378A0
:102CC00003F0DF03582BEFD008234FF0070A6FF013
:102CD000604899469EE799466FF070484FF00F0A9A
:102CE00098E74FF00F0A6FF07048994692E700BFDF
:102CF000051E002099999919FFF75EBF10B4054C85
:102D00008446134620685DF8044B0A466146FFF787
:102D100053BF00BFC0A00020B1F90C202DE9F04145
:102D20000C461107804647D4636842F40062002BCA
:102D3000A2815EDDA56A002D58D00023D8F800607E
:102D4000C8F8003093B212F4805256D10123E169E1
:102D50004046A847431C67D0A389A56A5F0705D5ED
:102D60006368C01A236B0BB1E36BC01AE1690246BA
:102D700000234046A847411C41D1D8F80030002B21
:102D80003DD01D2B01D0162B56D1A389226922607C
:102D900023F4006300216160A381216BC8F8006007
:102DA00021B304F14003994202D04046F8F772FE85
:102DB00000202063BDE8F0812669BEB193B225688A
:102DC00026609A070CBF63690023AD1BA3600BE06C
:102DD0002B463246E169676A4046B847B0F1000CBD
:102DE000A5EB0C05664417DD002DF1DC0020BDE8E5
:102DF000F081E36B002B9DDCF8E7206DAEE7B4F9C2
:102E00000C302269226023F40063A3810022DB04DA
:102E10006260C2D52065C0E7A38943F040034FF04C
:102E2000FF30A381BDE8F081D8F80030002B93D0AB
:102E30001D2B06D0162B04D0A38943F04003A38199
:102E4000D5E7C8F80060D1E738B50C46054608B1AB
:102E5000436B03B3B4F90C0088B1636EDB0701D494
:102E600081050FD528462146FFF756FF636EDA0726
:102E7000054602D4A3899B0508D5284638BD0546DA
:102E8000284638BDA06DF8F7D5FCEBE7A06DF8F744
:102E9000D5FC284638BDF6F735FCDBE70EB410B597
:102EA0009DB06FF000411FABCDE9060104910949C7
:102EB00053F8042B0290084C0868019302A905946A
:102EC000FBF7CEFE029B00221A701DB0BDE8104039
:102ED00003B07047C0A000200802FFFF01F14003CB
:102EE0002DE9F0410C46096B994214D0666B7700CE
:102EF0003A46F5F729F8054640B300EB06080146C7
:102F000032464046EDF794FEC4E90C57C4F8008001
:102F10000020BDE8F0814FF48061F4F74DFDA8B1C9
:102F200094F842304FF48062C4E90C0280F8FF3319
:102F300094F8413080F8FE3394F8402080F8FD2367
:102F400000F2FD3323600020BDE8F0814FF0FF3038
:102F5000DFE700BF49B1FF2A02D80A70012070479D
:102F60008A2303604FF0FF3070470846704700BF68
:102F700071B1034600EB010C01E0634506D01A462F
:102F8000013311780029F8D1101A7047181A7047C8
:102F90000846704700487047C09400202DE9F04F64
:102FA00083B00446FFF7F6FF40F2B1739C4240F352
:102FB000AC805C4A446082FB04516FF4F663E51711
:102FC000C5EBE11704EB030CC5EB61154FF4C871B9
:102FD000A4F2B276A4F26D7301FB17474FEAAC0C72
:102FE00040F26D1101FB06CC82FB0361DB17A3EB02
:102FF00061139C44B7FA87F35B0903EB43031B019E
:103000006FF4C86101936318A2FB03230CEBD31C7C
:10301000454E642303FB154504F00301024600F10D
:103020005008137A4A2B22D0442B30D153690CEB31
:1030300003049369D2F828904FEAE37EC4FB063E6E
:1030400013EB09034EEBE974C2E9083428329045CA
:10305000E7D1046A816C436AC26C8C429341B4BF6D
:10306000012300230360012003B0BDE8F08F546901
:1030700004EB0C0329B925B13B2CC8BF01335C1EFE
:10308000D7E7002FFBD13B2CC8BF0133F7E700295E
:103090003FD0DDF804A0254B9A44D368012B3FDDD7
:1030A0004FEA830BABF10809D144AAF1040463464B
:1030B000964654F8042FA1451344FAD1ABF1040B02
:1030C0007246DA441A4C03F1040984FB094ECE44DB
:1030D0004FEAE974C4EBAE04C4EBC404A9EB0409E1
:1030E0005469DAF800E0B4EB0909146904F1FF341B
:1030F00048BF09F10709C4EBC4044C44744502DB22
:10310000073C7445FCDA1C4493E7002003B0BDE89B
:10311000F08F019B002D0CBF9A464FF0300ABAE7A2
:103120006346CFE71F85EB5180510100941C0020BE
:103130009324499241EA00039B0730B401D1032A4A
:103140000FD801F1FF3C07E01CF8011F03F8011B39
:10315000541EC1B1224618460346002AF4D130BCA1
:1031600070470B46194653F8045BA5F1013424EA75
:10317000050414F0803FE4D1043A032A40F8045BCC
:103180001946EFD8DDE70244002CE8D003F8011B14
:103190009342FBD130BC704700487047289C002008
:1031A0002DE9F0430E46264987B00F680446904645
:1031B0001D4653B305AA3346019203212246CDF89A
:1031C0000080384600F084FC059B326898428446B3
:1031D000C2F10002294609D2101A1CF8013B01F87D
:1031E000013B059B634500EB0C02F6D8944224DDBD
:1031F000A21A0A44302301F8013B9142FBD100237B
:103200001370284607B0BDE8F083BA6C00F12303C1
:103210009A4201DDFD6CCDE700F12409F96C4A46C4
:1032200038468DED020BF4F78FFE05460028E8D0F6
:10323000C7E912909DED020BBCE70A46DFE700BF2D
:10324000C0A000202DE9F04F85B01F46574B0390DA
:103250008A4600920D462A4615F8014B1E5D16F06F
:103260000806F8D12D2C75D02B2C05BF2C78029692
:103270000296951C4FF0FF366FF0004B2FB1102FC8
:103280006FD0B8464FEAE77905E0302C74D04FF0A4
:103290000A08B946474642464B4630465946F4F777
:1032A000D3F90023019284460A461846194611E0D4
:1032B0008A4208BF84453DD000FB09F308FB013377
:1032C000A0FB08010B441EEB000043EBEE71012351
:1032D00015F8014BA4F1300EBEF1090F06D9A4F187
:1032E000410EBEF1190F0CD8A4F1370E774511DD50
:1032F0005C1CEDD0844572EB0103D9D24FF0FF3353
:10330000E6E7A4F1610EBEF1190F03D8A4F1570E40
:103310007745EDDC5A1C13D0029A12B1404261EBA2
:103320004101009A1AB1A3BB009BC3F800A005B0ED
:10333000BDE8F08F019B7345BEDA4FF0FF33C7E75E
:10334000039A22231360009B33B305F1FF3A304602
:103350005946E9E701232C780293951C4FF0004B66
:103360008CE7302C04D12B7803F0DF03582B08D0E6
:10337000B8464FF000098EE72B7803F0DF03582B97
:103380000FD14FF010086C784FF000090235474616
:1033900081E706468B46D8E73046594605B0BDE87A
:1033A000F08F4FF00808B946474674E7051E002025
:1033B000FFF748BF2DE9F04F85B08B460192624A76
:1033C00003901E460D46294615F8014B135D13F078
:1033D0000803F8D12D2C00F082802B2C03BF2C7811
:1033E00002938D1C0293BEB1102E7DD04FEAE67A77
:1033F000324653464FF0FF304FF0FF31F4F724F9D7
:1034000032460746884653464FF0FF304FF0FF31B3
:10341000B146F4F719F90AE0302C79D04FF00A09D7
:10342000DFF82881B24605224FF099374E464FF01B
:10343000000C6046614611E0414508BFB8423ED0ED
:1034400000FB0AF409FB0141A0FB09042144181800
:1034500041EBE3714FF0010C15F8014BA4F130037F
:10346000092B05D9A4F14103192B0DD8A4F1370379
:103470009E4211DDBCF1FF3FEED0874278EB0104A4
:10348000DAD24FF0FF3CE7E7A4F16103192B03D830
:10349000A4F157039E42EDDCBCF1FF3F14D0029B28
:1034A00013B1404261EB4101019B2BB1BCF1000F14
:1034B00012D1019BC3F800B005B0BDE8F08F934274
:1034C000BEDD4FF0FF3CC7E7039A22231360019B48
:1034D00060466146002BEFD005F1FF3BE9E7012391
:1034E0002C7802938D1C7EE7302C23D12B7803F0AF
:1034F000DF03582B1BD14FF010096C780F220235D7
:103500004FF0FF376FF070484FF0000A4E468EE7DD
:103510002B7803F0DF03582BEDD04FF00809B246AB
:1035200007224FF0FF376FF060484E467FE74FF0BD
:10353000000A5DE70F224FF0FF376FF07048B14689
:103540004FF0000A73E700BF051E002099999919F2
:10355000FFF730BF0000000001F0FF01102A2BDB55
:1035600010F0070F08D010F8013B013A8B422DD024
:1035700010F0070F42B3F6D1F0B441EA012141EA5D
:10358000014122F007047FF000070023F0E8025613
:10359000083C85EA010586EA010685FA47F5A3FAA3
:1035A00087F586FA47F6A5FA87F68EB9EED1F0BC14
:1035B00001F0FF0102F0070232B110F8013B013ABD
:1035C00083EA010313B1F8D1002070470138704736
:1035D000002D06BF35460338073815F0010F07D117
:1035E000013015F4807F02BF013015F4C03F013077
:1035F000F0BC0138704700BF70B582B00446069D2C
:1036000055B16AB10F480095D0F8E4602046B04744
:10361000431C10D002B070BD00F1F405002AF1D1B6
:10362000084B0095D3F8E46011460123064A204672
:10363000B047431CEED100228A232A60236002B0E7
:1036400070BD00BF389B0020740A002070B505468D
:1036500084B05BB11C4669B10E4B2846D3F8E060DC
:103660002346B047431C0FD004B070BD00F58274F0
:103670000029F1D1074A2346D2F8E06028460A46DD
:1036800001A9B047431CEFD100228A2322602B609E
:1036900004B070BD389B002010B582B0049CCDE909
:1036A00000344FF0FF3302F009FC02B010BD00BF40
:1036B000002100F001B800BF10B500F007F9044682
:1036C00001F07CF8A0F11A03DBB2022B06D9A4F1B9
:1036D000090004288CBF0020012010BD012010BD6E
:1036E00030B482B08DED000B019A194C22F00043EA
:1036F0000021A342016021DC009C1C431ED0154C1C
:10370000144054B99FED107B20EE077B8DED007BBC
:10371000019A6FF0350122F0004322F0FF42DDE90B
:10372000004522F4E00242F07F551B1545F40015D8
:10373000A3F2FE33CDE900450B4403609DED000B81
:1037400002B030BC704700BF0000000000005043D2
:10375000FFFFEF7F0000F07F00B50B4C256814469B
:10376000EE681A4685B003460D464CB107490095F0
:10377000CDE901143046064901F05CF8EDF75CFF35
:1037800004490C46F3E700BFC0A00020D41A002073
:10379000E41A0020740A0020022932D00329C0F361
:1037A00007231DBFA0F1800283F08003D2B2C2B212
:1037B00003F15001C9B21F2906D84CF6D3718842D3
:1037C00069D94FF0FF30704703F13001C9B22429A5
:1037D0000ED84FF2A6418842F3D8D03BC3EBC313B7
:1037E000A2F1A10000EB4300304A32F8100070470C
:1037F000A13B072BE5D8DFE803F0483E342E29250E
:103800002119C2B29E2AC0F307210BD92332D2B2AA
:1038100080239F2994BF7039503103EB410303F09B
:10382000FF03C5E77E3AD2B27F23F2E7C02AC8D8A9
:103830001F4BA2F1A10033F810007047F12AC0D845
:103840001C4B19E0D82ABCD81B4B15E0F62AB8D877
:1038500002F540507047F32AB3D802F53E502030AD
:103860007047164B134413F8A13C002BA9D002F566
:103870007E4060307047124BA2F1A10033F8100077
:10388000002808BF4FF0FF3070470E4BA2F1A10097
:1038900033F810007047B03BC3EBC313A2F1A10093
:1038A00000EB4300084A32F81000704734700020E3
:1038B000282300208422002014220020B821002088
:1038C000FC200020402000206823002038B5054659
:1038D000B9B101F5957412492046F7F7B9FD28B939
:1038E00028460121BDE83840FFF756BF0D49204664
:1038F000F7F7AEFD38B928460221BDE83840FFF79A
:103900004BBF094CE7E709492046F7F7A1FD28B965
:1039100028460321BDE83840FFF73EBF284638BDA2
:103920007C1F0020801F0020629C0020881F002038
:1039300038B5A1FB02148CBBF4F73EF80546E0B1A4
:1039400050F8042C22F00302043A242A17D8132A30
:103950001AD91B2AC0E900441DD9242A14BF00F13A
:10396000100200F118024FF00003C0E9024404BF46
:1039700004614461C2E900339360284638BD2146A2
:10398000F5F7BAFF284638BD02460023C2E90033E6
:103990009360284638BD00F10802F6E7F7F74EFDC0
:1039A0000C2300250360E8E72DE9F04F03690C695B
:1039B000A34283B0C0F28780013C01F11405A3004B
:1039C00000F11408009355F8243058F824200133EE
:1039D00081469A4208EB840005EB84070190B2FB14
:1039E000F3F63BD34FF0000CAE464046E24663464A
:1039F0005EF804BB02681FFA8BFC06FB0C334FEA2F
:103A0000134C4FEA1B4B06FB0BCC9BB2AAEB0303F8
:103A10001FFA8CFA13FA82F3CAEB124202EB23422A
:103A20009BB243EA0243774540F8043B4FEA224AFF
:103A30004FEA1C43DCD2009B58F8033073B9019B5A
:103A4000043B984504D307E0984504F1FF3403D2C2
:103A500053F80429002AF7D0C9F810404846FEF769
:103A6000A7FD00282BDB01364146002355F8040B47
:103A7000D1F800C082B29A1A030C12FA8CF2C3EB8E
:103A80001C4303EB224392B242EA0342AF4241F8A5
:103A9000042B4FEA2343E9D258F8242008EB84038F
:103AA0006AB9043B984504D307E0984504F1FF3414
:103AB00003D253F80429002AF7D0C9F81040304641
:103AC00003B0BDE8F08F002003B0BDE8F08F00BF69
:103AD0002DE9F04F2DED028B8FB08DED020B019192
:103AE000816B1A9D059357EC106B0446934641B1C8
:103AF000C26B4A60012393408B60FEF7A1FA00235A
:103B0000A363B7F10008B4BF012300232B60BE4BB1
:103B1000BCBF28F00048CDF80C8033EA080300F061
:103B20009F809DED028BB5EE408BF1EE10FA11D126
:103B3000059A012313601B9B002B00F03F82B34BBF
:103B40001B9A1360013B009300980FB0BDEC028BF1
:103B5000BDE8F08F0CAA0DA92046B0EE480BFEF789
:103B600087FE5FEA1853054640F09280DDE90C13AA
:103B70000B4403F23242202A40F3FA82C2F140029F
:103B800008FA02F803F21242D64048EA060207EEAB
:103B9000102AB8EE477B581E17EE906A53EC172B8D
:103BA0004FF0010AA6F1F8739FED913B9FED927BD8
:103BB0009FED935B06EE900A43EC122BB8EEE64BBA
:103BC000B7EE086B32EE466BA6EE037BA4EE057BE8
:103BD000FDEEC76BB5EEC07BF1EE10FA16EE907AF3
:103BE00008D5B8EEE66BB4EE476BF1EE10FA18BFED
:103BF00007F1FF37162F00F24581854B03EBC70312
:103C000093ED007BB4EEC78BF1EE10FA57D5091A8D
:103C10000023B1F1010807F1FF370A9300F1398160
:103C200000230693002F52DA069B0497DB1B0693B2
:103C30007B420893019B092B4FF000074ED8052BC0
:103C400040F39D82043B01930026019B9A1E032AA8
:103C500000F22581DFE812F0AA03A7039D037E038B
:103C6000059AC8F3130842F20F7358EA0608136066
:103C70001ED11B9B002B00F09185664B00930833EF
:103C80001B9A009813600FB0BDEC028BBDE8F08F5B
:103C900018EE906AC6F31306A3F2FF3053EC182B0C
:103CA00046F07F530C994FF0000A43F440137BE732
:103CB0001B9B002B40F03B83574B009344E7091AB2
:103CC0000023B1F101080A9300F1E3800693002379
:103CD0000893019B0497092BB844B0D9002301260F
:103CE000019307964FF0FF399B460021E163CDF821
:103CF0002C902046FEF77EF90090002800F04085C9
:103D0000009BA363B9F10E0F00F2DC80002E00F0DF
:103D1000D980049B002B40F3DE833D4A03F00F0162
:103D200002EBC10292ED007B1A11DB0540F18283A8
:103D30003A4991ED086B02F00F02032088EE065B12
:103D40005AB13649D60704D591ED006B013027EE04
:103D5000067B521001F10801F4D185EE076B0A9B36
:103D60003BB1B7EE007BB4EEC76BF1EE10FA00F199
:103D7000AE8407EE900AB8EEE75BB1EE0C7BA5EEE1
:103D8000067B17EE902A51EC170BA2F15071B9F196
:103D9000000F00F08883049E4A46079B002B00F02A
:103DA0004784B6EE003B1A4BFDEEC64B03EBC20C4C
:103DB000B8EEE47B36EE477B1CED026B83EE065BD0
:103DC00041EC160B14EE900A35EE465B0099B4EE0A
:103DD000C75B3030F1EE10FA01F8010B00F3AC8450
:103DE000B7EE002BB2EE044B4FF0000C31E000BFF9
:103DF00061436F63A787D23FB3C8608B288AC63FF1
:103E0000FB799F501344D33F0000F07FB51700208B
:103E100018030020081F0020141F0020F0020020BB
:103E20000CF1010C94454DDA27EE047B25EE045B82
:103E3000FDEEC76B16EE903AB8EEE63B303337EE48
:103E4000437BB4EEC57BF1EE10FA01F8013B00F1C3
:103E5000738432EE476BB4EEC56BF1EE10FADFD52A
:103E6000009A049602E08A4200F05084894611F8D4
:103E7000013D392BF7D00133DBB20B70049B0133CA
:103E8000049355E1091A0123B1F101080A937FF562
:103E9000C7AEC1F1010306934FF00008C2E6002649
:103EA000E66331462046FEF7A5F80090002800F0B2
:103EB0006784009BA3634FF0FF330B939946012364
:103EC000B34607930D9A002A55DB04990E2952DC5C
:103ED000B74BBBF1000F03EBC10393ED006B15DA99
:103EE000B9F1000F12DC40F0F282B1EE047B26EE55
:103EF000077BB4EEC78BF1EE10FACA464E4600F2CD
:103F00006D82DDF800806FEA0B0B70E288EE067BB5
:103F1000BDEEC77B009917EE103AB9F1010F03F11E
:103F20003003B8EEC75B01F8013BA5EE468B00F00D
:103F30003483B2EE044B012311E088EE067BBDEE24
:103F4000C77B013317EE102A4B4502F13002B8EE61
:103F5000C75B01F8012BA5EE468B00F01E8328EE0F
:103F6000048BB5EE408BF1EE10FAE6D1049B0133E1
:103F700004938946DCE0079B43B3019B012B40F38C
:103F80007682089B09F1FF3A534580F23F82089BF5
:103F9000CDF820A0AAEB030217444FF0000AB9F1B4
:103FA000000FC0F22583069B09934B44C844069337
:103FB00001212046FEF748F906460CE07D4B0093B0
:103FC00000980FB0BDEC028BBDE8F08F069BDDF8CA
:103FD00020A0079E0993099B6BB1B8F1000F0ADD81
:103FE000434506991A46A8BF4246891A9B1A06916C
:103FF0000993A8EB0208089B63B1079B002B00F014
:10400000A782BAF1000F00F30482089BB3EB0A0207
:1040100040F0FF8201212046FEF716F9002F82466C
:1040200000F3AF80019B012B40F3878100230893AD
:104030000120002F40F0B180404410F01F0000F03C
:104040007A81C0F12002042A00F3888040F0F681D2
:10405000069B002B05DD29461A462046FEF730FA5E
:104060000546B8F1000F05DD514642462046FEF7F1
:1040700027FA82460A9B002B40F03F81B9F1000FDE
:1040800040F32581079B002B40F0A380049B013364
:104090000493DDF80080012707E0294600230A2267
:1040A0002046FDF7D7FF0137054651462846FFF762
:1040B0007BFCB94500F1300008F8010BEDDCB9F1EB
:1040C000000F009ACCBFCB464FF0010B0346934440
:1040D00000272946012220460193FEF7F1F95146B7
:1040E0000546FEF765FA002840F3AF811BF8013C56
:1040F000009A0BF1FF3B04E05A4500F0B1811BF838
:10410000013D392B0BF10109F6D001338BF800305A
:1041100051462046FDF794FF56B12FB1B74203D068
:1041200039462046FDF78CFF31462046FDF788FFD3
:1041300029462046FDF784FF002389F80030DDE999
:1041400004231A601B9B002B3FF4FEAC0098C3F8BD
:1041500000900FB0BDEC028BBDE8F08FC0F11C00E9
:10416000069B03440693099B0344099380446FE72D
:10417000C2F1200206FA02F207EE102A09E5012632
:1041800063E501463A462046FEF73AF9019B012BCA
:10419000824640F3C58100230893DAF810200AEB29
:1041A00082021069FEF700F8C0F1200044E700BF6A
:1041B00018030020B4170020314600230A222046AD
:1041C000FDF748FF0B9B002B064640F3CE82049779
:1041D0009946099B002B05DD31461A462046FEF71D
:1041E0006FF90646089B002B40F0EB81B046029B1E
:1041F000009F03F001027B1E4B440893019B0A922F
:104200001343099351462846FFF7CEFB31468346B8
:104210002846FEF7CDF94246514681462046FEF734
:10422000E9F9C26801460BF13003002A42D1CDE919
:1042300006032846FEF7BCF9069902902046FDF7D2
:10424000FFFE029A079B1AB90999002900F07E82A5
:10425000B9F1000FC0F28381019949EA01090A9975
:1042600051EA090900F07B81002A00F3C681089A0F
:104270003B7007F101099742CB4600F0C481294603
:1042800000230A222046FDF7E5FE46450546314655
:104290004FF000034FF00A02204612D0FDF7DAFE7D
:1042A0004146064600230A222046FDF7D3FE4F462C
:1042B0008046A7E720460293FDF7C2FE029B01223B
:1042C000C6E7FDF7C7FE4F46064680469AE7019BC4
:1042D000022B71DC079B002B7FF47BAF049B5146C4
:1042E000013328460493FFF75FFBDDF800B000F1CF
:1042F00030030BF8013B0027EBE651462846FEF75A
:1043000057F90028BFF6BAAE294600230A222046F4
:10431000FDF7A0FE049B5F1E079B0546002B7FF464
:104320004BAF0B9B002B40F318829946B1E6BC4B78
:1043300000930333A4E41C2012E7DDE90201002806
:104340007FF474AEC1F31302002A00F0F480029BE4
:1043500008936DE601230793049B5B4403F1010975
:10436000B9F1010FCC460B93B8BF4FF0010C0021FF
:10437000BCF1170FE1637FF7BCAC012004225200AF
:1043800002F114036345014600F10100F7D9E1632E
:10439000AFE401230793BBF1000F52DDCDF82CB041
:1043A000D946DC46E3E700230793D5E700230793CC
:1043B000F1E7DDF82C900497B9F1000F7FF4A1AD7F
:1043C00051464B4605222046FDF744FE01468246F3
:1043D0002846FEF7EDF800287FF793AD049B03F124
:1043E000010B009B3122984603F8012B00935146A4
:1043F0002046FDF725FE0BF10103DDF80090049344
:10440000CDF80080002E7FF48FAE91E6A3EB0A0A70
:10441000C5E5314652462046FDF7F2FF2A460146E1
:1044200006462046FDF73EFF294605462046FDF795
:1044300007FEEAE50220B0EE485B81E4C0F13C00F3
:104440008EE64FF0010BD9464FE403D1019BDB0709
:104450003FF54CAED9461BF8013D302BFAD057E65C
:10446000049B009A013304933123137050E6BAF190
:10447000000F00F0238102F23342069B099313449C
:10448000DDF820A00693904492E507EE900AB1EE85
:104490000C5BB8EEE77BA6EE075B15EE902A51ECBD
:1044A000150BA2F1507141EC150BB1EE047B36EE09
:1044B000477BB4EEC57BF1EE10FA00F33781B1EE25
:1044C000455BB4EEC57BF1EE10FA7FF5FBAC4FF027
:1044D000000A564615E500F0F580049B51495A4202
:1044E00002F00F0001EBC00191ED006B121128EEFC
:1044F000066B00F04281B0EE467B4B49002602205D
:10450000D30705D591ED005B0130012627EE057B31
:10451000521001F10801F3D1002E06FE076B1EE4D4
:10452000029B002B7FF437AEDDE90201C1F31302D9
:10453000002A40F037813D4A0A40002A00F0FA8004
:10454000069B01330693012308F1010808936FE5E8
:104550002946089A2046FDF753FF05465AE5002AEA
:1045600012DD2946012220460193FDF7A9FF51469D
:104570000546FEF71DF80028019B40F3E180392B2A
:1045800000F0CA800BF13103B94609F8013B049BE6
:104590000133374604934646BAE538EE088BB4EE4D
:1045A000C68BF1EE10FA0ADCB4EE468BF1EE10FA8F
:1045B0007FF4DCAC17EE103AD8077FF5D7AC009A41
:1045C00054E471682046FDF715FD0746002800F009
:1045D000DE80336902339A0006F10C010C30ECF7EF
:1045E00027FB394601222046FDF76AFF8046FEE59B
:1045F000069BA3EB09030993DAE4392B00F08C80C6
:10460000B9460133C1E7049A01323746049246465F
:104610005FE529462046FDF7F3FE0546FAE400BFB4
:10462000141F002018030020F00200200000F07F7B
:104630005E4BFDEEC65B03EBC20C1CED023BB8EE1D
:10464000E57B36EE477B41EC160B15EE901A23EE18
:10465000063B00983031012A00F8011B00F08380EE
:10466000B2EE044B009B991827EE047BFDEEC76B5E
:1046700016EE903A303300F8013B8142B8EEE65B2B
:1046800037EE457BF0D1B6EE006B33EE065BB4EE51
:10469000C75BF1EE10FA3FF5E3AB36EE436BB4EED9
:1046A000C76BF1EE10FA7FF70DAC8946013919F8A6
:1046B000013C302BF9D0731C049339E50C9AC2F1FC
:1046C0003602DAE60220B0EE486BFFF748BBB9F1DC
:1046D000000F3FF4DAAE0B9A002A7FF7F3ABB2EE8D
:1046E000044B26EE046B013007EE900A049BB8EEF3
:1046F000E75BB1EE0C7BA6EE057B17EE90CA51ECA2
:10470000170B5E1EACF15071FFF747BB049B0133E2
:1047100004933123FFF7B1BB049BBB4601330493E1
:10472000392337460BF8013B4646E1E44FF0000AD7
:10473000564653E608927BE4731C04938946F7E4DB
:104740007FF422AFDA077FF51FAF18E7392BE3D0EC
:10475000B9F1000F3FF716AF16E7019B022B3FF7A9
:1047600028AE0497BAE501468DE7019B022B3FF77F
:1047700020AEDDF82C9004972BE50220FFF7EFBA6E
:104780000B4B0C48002240F2AF11FEF7E5FF084B3F
:1047900008483A4640F2EF21FEF7DEFF064B009351
:1047A000FFF7D2B9029B0893F7E400BF180300207B
:1047B000141B0020181F0020081F0020154B9842D2
:1047C00023D870B5144E4FF0000E40F6DB0403E022
:1047D00002F1010EA64516DC04EB0E0222F00103E5
:1047E00003EB620306EB4303521059785D88B3F87C
:1047F00004C041EA05218C446045E9D8884206D2CC
:10480000541EA645E8DDFF2070BDFF2070471878D4
:1048100070BD00BFEF010E000C3B00200148F7F710
:1048200009B800BF68BF01200148F7F707B800BF0B
:1048300068BF01200EB410B583B005AB064C53F829
:10484000042B01930146206800F044F803B0BDE852
:10485000104003B0704700BFC0A000202DE9F84F02
:104860004B6E9C0490462DD59368126843B38B46DB
:10487000064602F1080959E9025A5FEA9A0715D07B
:10488000043D002401E0A7420ED055F8041F5A460B
:10489000304601F05BFA431C04F10104F3D100231C
:1048A000C8E90133BDE8F88FD8F808302AF0030AC8
:1048B000A3EB0A03C8F8083009F10809002BDAD184
:1048C0000020ECE701F00CF80023C8E90133BDE853
:1048D000F88F00BF2DE9F04F2DED028BC5B00DF123
:1048E000500A834608EE101A164600210822504648
:1048F0001C460793F5F700F8BBF1000F04D0DBF876
:104900003430002B00F0A08618EE102A536EDB071F
:1049100040F11385B2F90C108AB295040BD418EE4D
:10492000103A41F4005199815B6E8AB218EE101A68
:1049300023F400534B66100740F1058118EE103A3E
:104940001B69002B00F0FF8002F01A030A2B00F015
:104950000A810023CDE91933CDE90D331BAA0C934D
:10496000189291460B930593B0464446A84BD3F852
:10497000E450F6F7EBFC2246034612A9CDF800A05E
:104980005846A847002800F04581C0F23981129AA4
:10499000252A034601D01C44E8E7B4EB0806054687
:1049A00040F03C81002361788DF8433004F1010828
:1049B00006934FF0FF371E462B2408F10108A1F1A2
:1049C00020035A2B00F27881DFE813F0B50276015C
:1049D0007601B0027601760176016A0076017601F1
:1049E0007D028D02760188029702760192025B00B9
:1049F0005B005B005B005B005B005B005B005B00DF
:104A000076017601760176017601760176017601EE
:104A100076015C02840076017601760176017601EA
:104A200076017601760176017601E800760176015D
:104A3000760133027601DA02760176018B05760182
:104A400076017601760176017601760176017601AE
:104A500076015C028600760176017601CD02860041
:104A60007F007601C0027601FD02EA00ED027F00C0
:104A7000760133027C006905760176016B057601CB
:104A80007C00A1F13003002218F8011B02EB820226
:104A900003EB4202A1F13003092BF5D906928EE710
:104AA0005846FEF779FB43680D931846F6F7DCFE8F
:104AB0000E9005465846FEF76FFB83680B93002D5A
:104AC00040F0D68498F8001077E798F8001046F088
:104AD000200672E746F01006B40640F18E81079B6F
:104AE000073323F007031A46596852F8083B079228
:104AF0000A460029C0F27084791C00F0A28526F0D5
:104B00008001039153EA020100F03F840A2B72F105
:104B1000000180F0418530338DF80F31039E012371
:104B200004930DF20F14049BBB42B8BF3B460393A2
:104B3000002308939DF84330002B00F0CB80039BAB
:104B400001330393C6E018EE101A584618EE105AB7
:104B500001F040F8002840F05286AA8902F01A03BA
:104B60000A2B7FF4F6AE18EE101AB1F90E30002BB6
:104B7000FFF6EFAE4B6EDB0702D4970540F11286CD
:104B800018EE101A23463246584600F069FE05908A
:104B9000059845B0BDEC028BBDE8F08F46F01006DD
:104BA00016F0200200F03681079B073323F007033D
:104BB00019465A6851F8083B079126F48061039121
:104BC000002100208DF84300781C00F0108203982B
:104BD00020F0800653EA020040F00882002F40F0E7
:104BE0003885002940F0D583039B13F0010304931B
:104BF00000F0118430238DF80F310DF20F1492E77D
:104C0000082200215046F4F777FE01231C44ADE64C
:104C1000389B0020B4EB080605461BD0199B1A9A56
:104C200001333244072BC9E900861A9219931CDD1F
:104C3000002A00F0A68318EE101A18AA5846FFF7AB
:104C40000DFE20BB0DF16C09059B33440593002D2F
:104C50007FF4A8AE1A9B002B40F0C18518EE103AE5
:104C60000022B3F90C30199215E009F10809EBE7BD
:104C700018EE101A18AA5846FFF7F0FD002800F0A9
:104C8000A680089B1BB108995846F6F703FF18EE5B
:104C9000103AB3F90C3018EE102A526E12F0010FD0
:104CA0009AB200F0A080500600F1B285059845B098
:104CB000BDEC028BBDE8F08F0029CBD000238DF82E
:104CC00043300123CDE903338DF8AC102BAC002326
:104CD00008931F4616F00203099302D0039B023388
:104CE000039316F084030A9305D1069B039A9D1A39
:104CF000002D00F37B82DDE91903411C9DF8432060
:104D000082B101220133C9F8042007290DF14302C1
:104D1000CDE91913C9F8002000F34A82084609F1C9
:104D200008090131099AE2B111AA0233C9F8002039
:104D300007294FF00202CDE91913C9F8042040F306
:104D40005082002B00F0438318EE101A18AA584620
:104D5000FFF784FD002894D1DDE919030DF16C09FA
:104D6000411C0A9A802A00F08481049ABD1A002D01
:104D700000F3D781049AC9F8004013440729CDE90C
:104D80001913C9F8042040F36E81002B00F07582DE
:104D900018EE101A18AA5846FFF760FD00287FF495
:104DA00070AF1A9B0DF16C09750705D5069A03992A
:104DB000541A002C00F36B82DDE90521039881422F
:104DC000ACBF521812180592002B7FF451AF08990E
:104DD00000231993002900F049815846F6F75AFE3E
:104DE0000DF16C09C1E59C053FF55DAF18EE104A69
:104DF000A06DF6F723FDA28955E7F006079A00F1AA
:104E00001F83710640F1198332F9043B0792DA17C8
:104E100011466EE616F01003079940F0098316F06C
:104E2000400000F001831A4651F8043B07919BB201
:104E3000C3E6079B1A4600238DF84330134653F808
:104E4000044B0393002C00F01284532900F0658377
:104E500016F0100540F061837B1C00F0B3843A46E5
:104E600029462046FEF778FB0890002800F09F8432
:104E7000031B039A049323EAE3732F4607920393D9
:104E8000089557E6432902D0F50640F12D83079D8A
:104E90000822002116A82BACF4F72EFD16AB55F80E
:104EA000042B21465846FEF7D1FB034601330490FC
:104EB00000F0B384049B079523EAE3730393002374
:104EC0008DF8433003E7079B53F8042B0692002A22
:104ED00080F29C82069A5242CDE9062398F800108F
:104EE00046F0040669E598F800108DF8434064E543
:104EF00098F8001046F080065FE5424612F8011B64
:104F00002A2900F09684A1F13003092B90464FF036
:104F100000073FF654AD18F8011B07EB870703EBBA
:104F20004707A1F13003092BF5D948E598F800109F
:104F300046F0010641E59DF84330002B7FF4C2ADF9
:104F4000202398F800108DF8433036E598F80010CB
:104F50006C2903BF98F8011046F0200608F10108FB
:104F600046F0100629E598F80010682903BF98F864
:104F7000011046F4007608F1010846F040061CE5F1
:104F800046F010030393039B13F0200200F0068207
:104F9000079B073323F0070319465A6851F8083B6B
:104FA000079101210DE6079A46F00203039352F898
:104FB000043B079247F63002ADF84420B84A0C9201
:104FC00002210022FDE5B70600F14882F50600F156
:104FD0004683740600F1D583B00540F14083079BFA
:104FE000059953F8042B07931170BEE40396012929
:104FF0003FF48CAD022944AC11D10C9803F00F01A1
:105000001B09415C04F8011D43EA0273120953EACB
:105010000201F3D1039E44AB1B1B049383E503F011
:105020000701DB0843EA4273D208303153EA020534
:10503000204604F8011DF2D1039EF307EBD5302979
:10504000E8D03023023804F8013C44AB1B1A039E1D
:105050000493044667E5049B1B9401221C931A9356
:1050600019920DF16C0909F108099DE60DF16C0921
:105070007BE4069A039D551B002D7FF776AE102D1D
:1050800040F3BB83099418EE104A07E000F1020CCC
:1050900009F108091046103D102D1EDD8149C9F89F
:1050A0000010421C10331021072ACDE91923C9F83A
:1050B0000410EBDD18AA002B74D0214658460DF1E0
:1050C0006C09FFF7CBFB00287FF4DBADDDE91903AA
:1050D000103D102D00F1010CE0DC099C714AC9F86B
:1050E00004502B44BCF1070FCDE919C3C9F80020C7
:1050F00040F39481002B00F01F8318EE101A18AAB9
:105100005846FFF7ABFB00287FF4BBAD049ADDE9FE
:105110001903BD1A002D00F101010DF16C097FF793
:1051200029AE102D29DD0994102718EE104A07E04A
:1051300000F1020C09F108091046103D102D1ADD8E
:10514000421C58491033072AC9E90017CDE9192331
:10515000EEDD18AA03B3214658460DF16C09FFF79E
:105160007DFB00287FF48DADDDE91903103D102D86
:1051700000F1010CE4DC099C61464A4AC9F804507C
:105180002B440729CDE91913C9F8002000F3E78063
:1051900009F108090131EDE54FF0010C18460DF158
:1051A0006C09CAE74FF0010C18460DF16C0972E763
:1051B000002B00F0048118EE101A18AA5846FFF7C9
:1051C0004DFB00287FF45DADDDE919030DF16C099D
:1051D000411CA7E5022311AA1C931B9201210DF18A
:1051E0006C09084609F10809411CBAE5102D40F385
:1051F000E582DDE919130F94084618EE104A07E01E
:1052000000F1020C09F108091046103D102D1DDDBA
:105210002549C9F80010421C10331021072ACDE996
:105220001923C9F80410EBDD18AA03B32146584628
:105230000DF16C09FFF712FB00287FF422ADDDE9C8
:105240001903103D102D00F1010CE1DC0F9C6046AC
:10525000154AC9F804502B440728CDE91903C9F8A9
:10526000002000F3C18009F10809411C46E51846F9
:105270004FF0010C0DF16C09C7E77607199353D570
:10528000069A0399541A002C4EDD0DF16C09102C6E
:1052900040F3B082199918EE106A10250DE000BF96
:1052A000B41F00208C930020FC3A0020881C09F1D8
:1052B00008091146103C102C1ADD4A1CB348103363
:1052C000072AC9E90005CDE91923EFDD18AA33B390
:1052D00031465846FFF7C2FA00287FF4D2ACDDE928
:1052E0001913103C102C01F101000DF16C09E4DCE4
:1052F000A64AC9F8044023440728CDE91903C9F890
:1053000000207FF759AD7BB118EE101A18AA584645
:10531000FFF7A4FA00287FF4B4AC1A9B4CE50120F7
:1053200019460DF16C09C5E7DDE9053203998A429A
:10533000ACBF9B185B18059349E5B2F90C108F05BB
:1053400018EE103A8AB23FF5E8AA18EE105A986D96
:10535000F6F770FAB5F90C108AB2FFF7DEBA002B37
:105360003FF479AE18EE101A18AA5846FFF776FAED
:1053700000287FF486AC19991A9B01310DF16C0954
:10538000F8E419920DF16C095EE4002F7FF4C3ABD1
:10539000039E0027049744ACFFF7C5BB039B13F0A3
:1053A000100354D1039A12F0400000F06B8107996A
:1053B0001A4651F8043B07919BB2012101E4099A76
:1053C000002A64D1184601210DF16C09C9E40121BC
:1053D00018460DF16C09C4E45B4262EB420203968D
:1053E0002D200121FFF7EEBB002B00F0888018EE86
:1053F000101A18AA5846FFF731FA00287FF441AC7A
:10540000DDE919030DF16C09411C77E498F80010EF
:105410000793FFF7D2BA44ACFFF785BB09F108093F
:105420000CF101016046A0E416F4007240F097818F
:1054300051F8043B0791FFF7C0BBB30500F1888129
:1054400052F8043B0792DA171146FFF752BB07994F
:1054500051F8043B07910121FFF7B3BB079B059867
:1054600053F8041B0793C217C1E90002FFF77DBA86
:105470000B9B002B3FF426AB0B9B1B78002B3FF4C0
:1054800021AB98F8001046F48066FFF796BA022325
:1054900011AA1C931B9201200DF16C09A2E6039640
:1054A00071E53B4B0C9316F0200259D0079B073354
:1054B00023F0070318465A6850F8083B0790F40792
:1054C00009D553EA020006D08DF84510302146F088
:1054D00002068DF8441026F4806103910221FFF743
:1054E00070BB2C4B0C93DEE7079B012153F8042B78
:1054F00003918DF8AC20079304912BACDFE49DF869
:105500004320002A40F03281099A002A7FF462AEDB
:10551000184601210DF16C0927E40021082216A884
:105520001394F4F7E9F9791C00F0BC800025079486
:105530002C460CE02BA95846FEF788F8421C204464
:1055400000F06B81B84208DC00F070810446139AC9
:10555000525916AB0435002AECD10494079CAFE0F5
:1055600016F0100307980CD116F0400405D01A4627
:1055700050F8043B07909BB2A1E716F4007240F08C
:10558000E18050F8043B079099E700BFFC3A002007
:10559000B41F0020A01F00200399049744AC9E462E
:1055A00008EE90BA01F480664FF0000C234606E046
:1055B000BEF10A0F72F1000239D3A6462A46A64967
:1055C0001EEB020040F100000F46A1FB001424F086
:1055D000030101EB9401401ABEEB00014FF0CC3502
:1055E00062F1000405FB01F507FB0455A1FB07412F
:1055F0000D44052704F00101A1FB071B09186408ED
:10560000303103F8011C44EAC5740CF1010C013B74
:105610006D08002ECCD00B9909786145C8D1BCF13A
:10562000FF0FC5D0BEF10A0F72F100026CD21C460A
:1056300044AB1B1B049F039E049318EE90BAFFF724
:1056400072BA0396FFF762BA5846F4F75BF8FFF7B1
:105650005BB9012903967FF4CDACFFF75CBA079BD9
:10566000059953F8042B11600793FFF77EB9062FB5
:105670003B46039A794C079228BF06230493039371
:10568000FFF725BB039B079913F4007214BF51F871
:10569000043B51F8043B07911CBF0246DBB20121D9
:1056A000FFF78FBA16AB00930023194613AA58468A
:1056B000FDF7F2FF03460133049000F0AE8013942F
:1056C000049B002B30D0632B63DC002308932BACAE
:1056D0000822002116A8F4F70FF9049D16AB0093D9
:1056E00013AA2B4621465846FDF7D6FF854240F0C7
:1056F000AB80039B049A07930023A3541F4622EA1E
:10570000E2730393FFF716BA0E9A0D999B1A184687
:105710000893F4F7EFF90B99089B4A780AB1013125
:105720000B914FF0000C48E7039B0793049B0393F6
:105730001F460893FFF7FEB9012118460DF16C09C9
:10574000FFF713BB50F8043B07902246DBB2B6E6E6
:1057500012F9043B0792DA171146FFF7CAB951F85C
:10576000043B07910246DBB2FFF727BA01231C93E3
:1057700001210DF143031B930DF16C090B46FFF75B
:10578000CDBA079B059953F8042B07931180FFF7B7
:10579000ECB8591C5846F2F70FF9044600283CD0E3
:1057A000089095E7886DF6F749F8FFF7E9B9039B8C
:1057B0000793CDE90377089FFFF7BCB919981A9BA7
:1057C000013045E5039B07932046F6F74DF820EAA4
:1057D000E0732F46049003930895FFF7ABB918EEDA
:1057E000101A18AA5846FFF739F800283FF436AACD
:1057F000FFF74DBA199801307AE58C466EE46B6E6E
:10580000D90705D4AB899A0502D4A86DF6F716F826
:105810004FF0FF330593FFF749BA18EE102AB2F99B
:105820000C3043F040039381FFF735BA079C04978F
:1058300046E7079B98F8011053F8047B07939046BE
:1058400047EAE777FFF7B9B818EE102A938943F0D3
:1058500040039381FFF715BACDCCCCCCC81F0020F4
:1058600070B50C468989ADF58E6D21F00201ADF859
:105870001410616E1B91E189ADF81610E169099170
:10588000616A0B911CA9029106914FF48061064652
:105890000491079118A80021CDE900320891F5F78D
:1058A000C3FFDDE9003202A93046FFF713F8051EF9
:1058B00007DB02A93046FDF7C7FA002818BF4FF0F2
:1058C000FF35BDF814305B0603D5A38943F04003D0
:1058D000A3811898F5F7AAFF28460DF58E6D70BDC7
:1058E0009368002B00F085802DE9F04FB1F90C3062
:1058F0000C461907804683B0174698B225D5236910
:105900001BB310F002033D682DD04FF0000ADFF802
:10591000C0B25646B9465E453346524628BF5B463E
:105920004046002E52D0E169676AB847002856DD2C
:10593000D9F808301B1A8244361AC9F80830002BEF
:10594000E9D1002003B0BDE8F08F2146404600F0C9
:1059500041F9002840F03881B4F90C303D6898B224
:1059600010F00203D1D110F0010944D14E46009746
:1059700046B38205D4F808B040F18580B3455A4655
:1059800000F2B48010F4906F40F0C1802068019262
:105990004946F3F735FFA368019AA3EB0B0123688F
:1059A000A1601344B24623600026009A9368A3EBDB
:1059B0000A03D1449360002BC3D0B4F90C0080B229
:1059C000002ED6D1D5E900960835D1E7D5E900A655
:1059D0000835A0E721464046FDF736FA88B3B4F90A
:1059E0000C3043F040034FF0FF30A38103B0BDE81B
:1059F000F08F002070471E46BA469946184600951B
:105A00001F4666B3002832D04A46D4E90413206802
:105A1000A568B24228BF3246884204D905EB030B81
:105A20005A4500F3A780934264DCE169656A3A460F
:105A30004046A847B0F1000BD1DDB9EB0B09C9D046
:105A40000120DAF80830A3EB0B035F44A6EB0B064A
:105A5000CAF80830002B3FF474AF002ED2D1009A60
:105A60005668134608320092002EF8D01F6832465E
:105A70000A213846FDF770FD002800F09C800130B7
:105A8000A0EB0709C0E720682369984216D862692D
:105A9000B24213D86FF00043B34228BF3346E169E6
:105AA00093FBF2F3676A02FB03F340464A46B847AA
:105AB000B0F1000A93DDA6EB0A0676E7B345DA46B5
:105AC00028BFB24652464946F3F79AFEA3682268B9
:105AD000A3EB0A035244A3602260002BEBD12146C2
:105AE0004046FDF7B1F90028E5D078E72068B346D5
:105AF00032464CE739460192F3F782FE019AA368D9
:105B00009B1AA360236813442360934695E7236898
:105B10002169A3EB010B636903EB430A0AEBDA7A11
:105B20000BF101034FEA6A0A33445345524684BFDE
:105B30009A46524643052CD511464046F1F73CFFA4
:105B400000283BD05A4621690190EBF771F8A289F1
:105B5000019B22F4906242F08002A28103EB0B00D1
:105B60002361AAEB0B03C4F814A0A3602060B34622
:105B700032460CE739465A46F3F742FE23685B4447
:105B8000236021464046FDF75FF900283FF455AFFA
:105B900025E74046F2F7D8F903460028DED121690F
:105BA0004046F5F777FFB4F90C300C2223F0800360
:105BB000C8F8002015E7721C914626E70C22B4F9BC
:105BC0000C30C8F800200CE74FF0FF30BAE600BFF9
:105BD00000FCFF7F38B5314B1B6805460C4613B1FE
:105BE0005A6B002A4ED0B4F90C3018079AB21CD563
:105BF000216929B312F0010007D00020A06060697C
:105C00004042A06139B1002038BD950758BF606996
:105C1000A0600029F7D1120658BF0846F4D543F01A
:105C20004003A3814FF0FF3038BDD1062ED5520777
:105C300014D4216943F00803A3819AB20029D9D171
:105C400002F42070B0F5007FD4D02146284600F041
:105C500047F9B4F90C3021699AB2CBE7216B51B105
:105C600004F14002914204D02846F5F713FFB4F93D
:105C70000C300022226321690022C4E9001223F0C3
:105C80002403D7E71846F3F73DFDACE7092243F0BC
:105C900040032A604FF0FF30A38138BDC0A0002030
:105CA0002DE9F04782B0824688461446F5F74EFB50
:105CB000012803D108F1FF33FE2B36D90DF1040979
:105CC000424604F15C0349465046FDF7BFFC421CC6
:105CD000064632D020B39DF804C0002509E02368B1
:105CE0005A1C226083F800C00135B54218D219F859
:105CF00001CFA368013B002BA360F0DAA769BB4288
:105D000061462246504602DBBCF10A0FE7D100F0A3
:105D100053F9431CE8D10646304602B0BDE8F0878F
:105D20004646304602B0BDE8F0875FFA88FC8DF841
:105D300004C006460DF10409CFE7A389304643F0BD
:105D40004003A38102B0BDE8F08700BF30B5536EB9
:105D500013F0010FB2F90C30144683B005469AB225
:105D600001D198051CD5900406D4626E43F400530B
:105D700042F40052A381626622462846FFF790FF54
:105D8000636EDA07054602D4A3899B0502D528462F
:105D900003B030BDA06DF5F751FD284603B030BD0E
:105DA000A06D0191F5F746FDB4F90C3001999AB256
:105DB000D9E700BF2DE9F04F8BB0DDE9158A149FBC
:105DC0000391814605921E46B8F1000F5CD0039BFB
:105DD000002B5ED0059B1D68002F6AD0741E4EB349
:105DE000039B0493043D002601950BE0039B2BBB12
:105DF000019B1A68002A3AD0BC455CD2013C631C66
:105E0000664617D0D8F800300293019BDAF8E050CC
:105E100053F8042F019307A943464846D8F804B025
:105E2000A847421C3AD000EB060CBC45DED9029BC9
:105E3000C8E9003B30460BB0BDE8F08F00280EDD0E
:105E4000049B019D18445A1E07A900F1FF3E11F85A
:105E5000013B02F8013F7245F9D101950490059B81
:105E60001A6804321A60019B1A68002AC4D1039B85
:105E70000BB1059B1A600CF1FF3600223046C8F8C2
:105E800000200BB0BDE8F08F039B00F58678002B57
:105E9000A0D1059B4FF0FF371D689FE706468A217A
:105EA00000223046C9F80010C8F800200BB0BDE849
:105EB000F08F3E46BEE76646BCE700BF10B584B033
:105EC000054C0698009007980190044800680294D9
:105ED000FFF770FF04B010BD389B0020C0A0002069
:105EE0002DE9F0418B890C46990796B008D504F14D
:105EF00043030122C4E90432236016B0BDE8F081F7
:105F0000B4F90E100029064625DB6A4600F0ACF80D
:105F100000281FDB019D05F47045A5F50055B5FA75
:105F200085F54FF480686D094FF4006741463046AF
:105F3000F1F742FDE0B1B4F90C30C4F8148043F03D
:105F4000800320602061A38135BB3B43A38116B051
:105F5000BDE8F081A38913F0800519D04FF0400807
:105F60000025414630462F46F1F726FD0028E2D1B4
:105F7000B4F90C309A05C0D423F0030304F14302B2
:105F800043F002030121C4E90421A3812260B4E7A4
:105F90004FF480682F46C9E7B4F90E10304600F080
:105FA00079F810B9B4F90C30CFE7A38923F00303D3
:105FB00043F001031BB2C8E7F8B50D461446064688
:105FC00010B1436B002B4CD0B4F90C20A369A36033
:105FD000170790B21BD52369CBB1EDB281042F46D0
:105FE00022D522686169D31A994229DD0133A1685B
:105FF0000139A160511C2160157062699A4227D055
:10600000A389DB0701D50A2D22D03846F8BD2146E9
:106010003046FFF7DFFD08BBB4F90C20236990B2CE
:10602000EDB281042F46DCD442F40052A281626EAC
:10603000616922F4005262662268D31A9942D5DC63
:1060400021463046FCF700FF40B922680123CEE725
:1060500021463046FCF7F8FE0028D6D04FF0FF3737
:10606000D3E7F3F74FFBAFE770B50C46084D034697
:106070000026204611461C462E60EBF7CFFA431C43
:1060800000D070BD2B68002BFBD0236070BD00BF1B
:1060900024C1012038B5074D0022044608462A6075
:1060A000EBF7C2FA431C00D038BD2B68002BFBD0A5
:1060B000236038BD24C1012081F0004102E000BF0F
:1060C00083F0004330B54FEA41044FEA430594EAB8
:1060D000050F08BF90EA020F1FBF54EA000C55EAF3
:1060E000020C7FEA645C7FEA655C00F0E2804FEAC4
:1060F0005454D4EB5555B8BF6D420CDD2C4480EAA6
:10610000020281EA030382EA000083EA010180EAD5
:10611000020281EA0303362D88BF30BD11F0004F23
:106120004FEA01314FF4801C4CEA113102D0404259
:1061300061EB410113F0004F4FEA03334CEA133394
:1061400002D0524263EB430394EA050F00F0A780AC
:10615000A4F10104D5F1200E0DDB02FA0EFC22FAA7
:1061600005F2801841F1000103FA0EF2801843FA9B
:1061700005F359410EE0A5F120050EF1200E012A8C
:1061800003FA0EFC28BF4CF0020C43FA05F3C018CA
:1061900051EBE37101F0004507D54FF0000EDCF143
:1061A000000C7EEB00006EEB0101B1F5801F1BD3EC
:1061B000B1F5001F0CD349085FEA30004FEA3C0CF0
:1061C00004F101044FEA445212F5800F80F09A80E6
:1061D000BCF1004F08BF5FEA500C50F1000041EBEA
:1061E000045141EA050130BD5FEA4C0C404141EBEE
:1061F0000101013C28BFB1F5801FE9D291F0000FE9
:1062000004BF01460020B1FA81F308BF2033A3F197
:106210000B03B3F120020CDA0C3208DD02F1140C8E
:10622000C2F10C0201FA0CF021FA02F10CE002F1C9
:106230001402D8BFC2F1200C01FA02F120FA0CFCC2
:10624000DCBF41EA0C019040E41AA2BF01EB04510B
:10625000294330BD6FEA04041F3C1CDA0C340EDC09
:1062600004F11404C4F1200220FA04F001FA02F34C
:1062700040EA030021FA04F345EA030130BDC4F10A
:106280000C04C4F1200220FA02F001FA04F340EAFF
:106290000300294630BD21FA04F0294630BD94F0B0
:1062A000000F83F4801306BF81F480110134013D97
:1062B0004EE77FEA645C18BF7FEA655C29D094EA08
:1062C000050F08BF90EA020F05D054EA000C04BF86
:1062D0001946104630BD91EA030F1EBF0021002071
:1062E00030BD5FEA545C05D14000494128BF41F010
:1062F000004130BD14F580043CBF01F5801130BD74
:1063000001F0004545F0FE4141F470014FF00000FE
:1063100030BD7FEA645C1ABF194610467FEA655CAF
:106320001CBF0B46024650EA013406BF52EA033551
:1063300091EA030F41F4002130BD00BF90F0000F3F
:1063400004BF0021704730B54FF4806404F132047B
:106350004FF000054FF0000150E700BF90F0000F34
:1063600004BF0021704730B54FF4806404F132045B
:1063700010F0004548BF40424FF000013EE700BF2B
:1063800042004FEAE2014FEA31014FEA02701FBFBB
:1063900012F07F4393F07F4F81F06051704732F0ED
:1063A0007F4208BF704793F07F4F04BF41F4002144
:1063B000704730B54FF4607401F0004521F00041A2
:1063C0001CE700BF50EA010208BF704730B54FF02C
:1063D00000050AE050EA010208BF704730B511F02D
:1063E000004502D5404261EB41014FF4806404F165
:1063F00032045FEA915C3FF4D8AE4FF003025FEAEB
:10640000DC0C18BF03325FEADC0C18BF033202EB6E
:10641000DC02C2F1200300FA03FC20FA02F001FAC8
:1064200003FE40EA0E0021FA02F11444BDE600BF6B
:106430007BB972B90029BEBF00204FF0004106E0D1
:1064400008BF00281CBF6FF000414FF0FF30F1F78C
:1064500077BAADF1080C6DE904CE002909DB002BF9
:106460001ADBF1F709F9DDF804E0DDE9022304B0F5
:106470007047404261EB4101002B1BDBF1F7FCF858
:10648000DDF804E0DDE9022304B0404261EB4101A4
:10649000524263EB43037047524263EB4303F1F70D
:1064A000EBF8DDF804E0DDE9022304B0404261EBE3
:1064B00041017047524263EB4303F1F7DDF8DDF829
:1064C00004E0DDE9022304B0524263EB430370476A
:1064D00008B502460B4643EC172BB5EEC07BF1EE38
:1064E00010FA03D4BDE8084000F00AB8B1EE477BCB
:1064F00051EC170B00F004F8404261EB410108BD7C
:106500009FED0B6B41EC170B9FED0B5B27EE066BC2
:10651000BCEEC66BB8EE464BA4EE457BFCEEC77BEB
:1065200016EE101A17EE900A704700BFAFF3008006
:10653000000000000000F03D000000000000F041FD
:106540005FF800F0891700605FF800F05D1F0060E1
:086550005FF800F0B11F0060CC
:04655800F8B500BFD3
:08655C00A0C3FE7F0100000056
:106564000000000000000000000000000000000027
:106574000000000000000000000000000000000017
:106584000000000000000000000000000000000007
:1065940000000000000000000000000000000000F7
:1065A40000000000000000000000000000000000E7
:1065B40000000000000000000000000000000000D7
:1065C40000000000000000000000000000000000C7
:1065D40000000000000000000000000000000000B7
:1065E40000000000000000000000000000000000A7
:1065F4000000000000000000000000000000000097
:106604000000000000000000000000000000000086
:106614000000000000000000000000000000000076
:106624000000000000000000000000000000000066
:106634000000000000000000000000000000000056
:106644000000000000000000000000000000000046
:106654000000000000000000000000000000000036
:106664000000000000000000000000000000000026
:106674000000000000000000000000000000000016
:106684000000000000000000000000000000000006
:1066940000000000000000000000000000000000F6
:1066A40000000000000000000000000000000000E6
:1066B40000000000000000000000000000000000D6
:1066C40000000000000000000000000000000000C6
:1066D40000000000000000000000000000000000B6
:1066E40000000000000000000000000000000000A6
:1066F4000000000000000000000000000000000096
:106704000000000000000000000000000000000085
:106714000000000000000000000000000000000075
:106724000000000000000000000000000000000065
:106734000000000000000000000000000000000055
:106744000000000000000000000000000000000045
:106754000000000000000000000000000000000035
:106764000000000000000000000000000000000025
:106774000000000000000000000000000000000015
:106784000000000000000000000000000000000005
:1067940000000000000000000000000000000000F5
:1067A40000000000000000000000000000000000E5
:1067B40000000000000000000000000000000000D5
:1067C40000000000000000000000000000000000C5
:1067D40000000000000000000000000000000000B5
:1067E400182D4454FB21E9BFD221337F7CD90240C8
:1067F400D221337F7CD902C0000000000000008059
:10680400182D4454FB210940182D4454FB2109C080
:1068140000000040FB21F93F000000002D44743EBD
:10682400000000809846F83C0000006051CC783BA2
:1068340000000080831BF0390000004020257A38D6
:10684400000000802282E336000000001DF3693559
:106854000080E03779C34143176E05B5B5B8934658
:10686400F5F93FE9034F384D321D30F94877825A24
:106874003CBF737FDD4F1575000000000000F03F42
:106884000000000000002440000000000000594007
:106894000000000000408F40000000000088C3405A
:1068A40000000000006AF8400000000080842E41CF
:1068B40000000000D01263410000000084D797411B
:1068C4000000000065CDCD41000000205FA0024221
:1068D400000000E876483742000000A2941A6D4296
:1068E400000040E59C30A2420000901EC4BCD64289
:1068F40000003426F56B0C430080E03779C3414334
:1069040000A0D8855734764300C84E676DC1AB43A9
:10691400003D9160E458E143408CB5781DAF1544C7
:1069240050EFE2D6E41A4B4492D54D06CFF08044A2
:10693400F64AE1C7022DB544B49DD9794378EA44B7
:106944004FBB610567ACDD3F182D4454FB21E93F83
:106954009BF681D20B73EF3F182D4454FB21F93F72
:10696400E2652F227F2B7A3C075C143326A6813CF8
:10697400BDCBF07A8807703C075C143326A6913CA3
:10698400BC89D897B2D29C3C33A7A8D523F6493901
:106994003DA7F444FD0FA5329D978CCF08BA5B2523
:1069A400436FAC642806681133EC663AD9808439A5
:1069B40000000000C6A347340000000000000000EF
:1069C4002F385E3A4DEC88390000000074EE0A342A
:1069D40000000000000000000000000006000000AD
:1069E4000D00000013000000190000001F0000004B
:1069F40025000000300000003B00000045000000BE
:106A04004E000000570000005F0000006600000018
:106A14006D00000078000000810000001A000000F2
:106A24002000000024000000280000002C000000CA
:106A3400300000003900000041000000490000005F
:106A4400510000006F0000008F000000BB00000038
:106A5400D2000000E6000000FF000000FF0000007C
:106A640008000000010000000C000000010000000C
:106A740010000000010000001400000001000000EC
:106A84001800000001000000889000208C90002075
:106A94009090002094900020989000209C900020DA
:106AA400A0900020A4900020A8900020AC9000208A
:106AB400B0900020B4900020B8900020C090002036
:106AC400CC900020D490002098900020DC900020EE
:106AD400E4900020EC900020F4900020009100202D
:106AE400089100201491002020910020249100207E
:106AF400289100202C910020309100203491002016
:106B0400389100203C910020449100204C910020B9
:106B140054910020609100206C9100207491002019
:106B2400809100208C91002098910020B091002049
:106B3400B4910020B8910020B8900020C0900020AB
:106B4400CC900020D490002098900020DC9000206D
:106B5400E4900020EC900020F490002000910020AC
:106B64000891002014910020D0910020D49100209D
:106B7400740A0020740A0020740A0020740A002099
:106B8400740A00204E4F4D3A200000002020446932
:106B940072656374204144432072656164696E6761
:106BA40020696E2056203D20000000004552523AD4
:106BB40020000000FF007801800143028801870162
:106BC4008C018B01920191019501F60199019801C3
:106BD4009A013D029E012002A801A701AD01AC016A
:106BE400B001AF01B901B801BD01BC01BF01F7019A
:106BF400C601C401C901C701CC01CA01DD018E016E
:106C0400F301F101F501F4013A02652C3C023B0267
:106C14003E02662C42024102530281015402860163
:106C24005602890157028A0159028F015B029001C1
:106C3400600293016302940168029701690296015C
:106C44006B02622C6F029C0172029D0175029F010E
:106C54007D02642C8002A6018302A9018802AE0190
:106C6400890244028A02B1018B02B2018C024502FC
:106C74009202B7017B03FD037C03FE037D03FF0344
:106C8400AC038603C203A303CC038C03CD038E039E
:106C9400CE038F03F203F903F803F703FB03FA03AC
:106CA400CF04C0047D1D632C511F591F531F5B1F4C
:106CB400551F5D1F571F5F1F781FF81F791FF91F8E
:106CC400B31FBC1FCC1FC31FE51FEC1FFC1FF31F0A
:106CD4004E21322184218321612C602C762C752C49
:106CE4000019000085D800000000000074C00F40A7
:106CF400C0000000000000000200000050851F409A
:106D040001000000340000000200000050851F4014
:106D140000000000010000000200000054851F4034
:106D240001000000350000000200000054851F40EF
:106D340000000000FF004000260018007C00000056
:106D44006100E01AE000E017F800E00700010130FC
:106D540032010106390101104A01012E79010106AF
:106D640082010104A0010106B3010104CD01011057
:106D7400DE010112F8010128220201124602010A71
:106D8400AD03DB03B103E011C303E009D803011829
:106D94003004E0205004B010600401228A0401365B
:106DA400C104010ED00401446105D026001E0196E1
:106DB400A01E015A001F0808101F0806201F0808FB
:106DC400301F0808401F0806601F0808701F4A0289
:106DD400721F5604761F64027A1F70027C1F7E02A3
:106DE400801F0808901F0808A01F0808B01F080289
:106DF400D01F0802E01F08027021F010D024E61A08
:106E0400302CD02F672C0106802C0164002D002625
:106E140041FFE01A1F1C1F1E1F1E1F1F1E1F1E1FC7
:106E24001F1C1F1E1F1E1F1F1E1F1E1F436F72725B
:106E3400656374696E672074696D65206472696640
:106E44007400000025753A25753A25752025752F9F
:106E540025752F25752C20535A413A2025660000AC
:106E6400544D206275666665722061732072657187
:106E740075657374656400005A65706879722D4392
:106E84005249543A200000005A65706879722D46C0
:106E9400494E453A200000005A65706879722D57B2
:106EA40041524E3A2000000053747261746F436F74
:106EB400726520756E61626C6520746F20737461F5
:106EC40072742053442063617264000053747261CD
:106ED400746F436F726520737461727465642053B8
:106EE40044206361726400005443207265636569E1
:106EF40076656420746F6F20717569636B6C79219A
:106F0400204C617374205443206F766572777269E4
:106F14007474656E00000000556E6B6E6F776E20A2
:106F24006D65737361676520746F20726F75746526
:106F3400000000004E756C6C2074656C65636F6DA9
:106F44006D616E640000000043757272656E74209A
:106F54006D6F64653A2025752C20737562737461B6
:106F640074653A202575000042616420636F6D6D7D
:106F7400616E6420617420544320706F7369746976
:106F84006F6E20257500000052657365742063617F
:106F940075736564206279207761746368646F67D0
:106FA400000000005A657068797220636F6D6D206F
:106FB4006C6F73732074696D656F757400000000E5
:106FC4004361726420697320746F6F20736D616C08
:106FD4006C2E0D0A00000000466F726D617420442F
:106FE4006F6E650D0A000000466F726D6174204675
:106FF40061696C65640D0A0042616420636C757399
:1070040074657220636F756E740D0A004465766949
:10701400636520697320746F6F20736D616C6C0DF0
:107024000A00000057726974696E67204641542053
:10703400000000002E00000057726974696E67201A
:10704400757063617365207461626C650D0A00007C
:1070540057726974696E6720726F6F740D0A00004D
:10706400466F726D617420646F6E650D0A000000D6
:10707400466F726D6174206661696C65640D0A0007
:1070840045584641540000005363686564756C6557
:107094002071756575652066756C6C0052485300E7
:1070A400524D44004D4350393830380043414C0070
:1070B4004D4D43353938334D410000004C534D3666
:1070C40044534F54520000003B000000525344000C
:1070D4004E434152000000006672616D655F636F4C
:1070E400756E742C6169725F74656D705F64656739
:1070F400432C68756D646974795F70657263656E3D
:10710400742C6873656E736F725F74656D705F6401
:107114006567432C707265735F6D622C696E74656C
:10712400726E616C5F74656D705F646567432C6D2E
:107134006F64756C655F7374617475732C6D6F64C3
:10714400756C655F6572726F722C7063625F7375C4
:1071540070706C795F562C6C736D3330335F74656B
:107164006D705F646567432C7063625F686561740A
:1071740065725F6F6E2C6D6167585F6D472C6D6132
:1071840067595F6D472C6D61675A5F6D472C61636A
:1071940063656C585F6D672C616363656C595F6DE3
:1071A400672C616363656C5A5F6D672C726F6C6CDE
:1071B4005F6465672C70697463685F6465672C68D5
:1071C400656164696E675F6465672C6F7269656E7B
:1071D400746174696F6E5F7175616C6974790000B4
:1071E4006E616E00696E66006F7666006CC00F405B
:1071F400C0000000504F00002D4600000CFF0000AE
:1072040013000000000000000000000024851F405F
:107214000BFF00001300000000000000000000004D
:1072240028851F400DFF000013000000000000002F
:107234000000000020851F400A25240013000000E0
:107244001200000012000000010203000000000010
:107254001C851F4000000000000000005253343120
:107264003A200000456E746572696E6720464C00D2
:10727400464C205761697420666F72204750532032
:1072840054696D6500000000456E746572696E672F
:1072940020464C5F49444C45000000005374617221
:1072A4007454696D655365636F6E647320557064BF
:1072B4006174656420746F3A2000000050756D702D
:1072C4002054656D7020746F6F206C6F7700000020
:1072D4005368757474696E6720646F776E204C50C0
:1072E400430000004C617374204D656173757265D1
:1072F4006D656E742061743A200000004E657874E8
:10730400204D6561737572656D656E742073636875
:10731400656475656C656420666F723A20000000D0
:10732400456E746572696E6720464C5F5741524DD5
:1073340055500000464C2049646C6500456E7465E8
:1073440072696E6720464C5F464C555348000000F6
:10735400464C205761726D7570000000456E74656F
:1073640072696E6720464C5F4D4541535552450046
:10737400464C20466C75736800000000504841205C
:10738400526561642054696D656F75740000000076
:10739400526563656976656420504841204279747A
:1073A40065733A200000000050756C736520436FCC
:1073B400756E743A20000000636F6C6C65637469C9
:1073C4006E6720484B000000466C6F773A2000003F
:1073D40050756D703120543A2000000050756D7066
:1073E4003220543A20000000496E6C657420543AEF
:1073F40020000000456E746572696E6720464C5F1C
:1074040053454E445F54454C454D45545259000034
:107414004D65617375726D656E74206572726F72FD
:107424006564206F75740000464C204D656173756A
:1074340072650000496E204572726F722053756246
:10744400205374617465000053687574646F776EBB
:10745400207761726E696E6720726563656976650F
:107464006420696E20464C0045786974696E672013
:10747400464C0000556E6B6E6F776E2073756273A9
:107484007461746520696E20464C00002053687551
:107494007420646F776E2C20456E746572696E6714
:1074A4002053410053656E64696E6720736166659D
:1074B4007479206D65737361676500005761697441
:1074C400696E67206F6E20736166657479206163ED
:1074D4006B0000005341206C6F6F7000536875742B
:1074E400646F776E207761726E696E672072656370
:1074F400656976656420696E205341004578697436
:10750400696E672053410000556E6B6E6F776E2075
:10751400737562737461746520696E205341000051
:107524005253343120726567656E65726174696F98
:107534006E20696E69746961746564005472616E69
:10754400736D69742000000020525334312073613C
:107554006D706C6573000000456E746572696E67CA
:10756400205342005342206C6F6F700053656E6469
:10757400696E67206D6F64652072657175657374DB
:1075840020746F204F42430053687574646F776EA4
:10759400207761726E696E672072656365697665CE
:1075A4006420696E2053420045786974696E6720CF
:1075B40053420000556E6B6E6F776E207375627365
:1075C4007461746520696E20534200002559256D4D
:1075D40025642548254D255300000000456E74653B
:1075E40072696E67204C50004C50206C6F6F7000B5
:1075F40053687574646F776E207761726E696E6715
:1076040020726563656976656420696E204C50005C
:1076140045786974696E67204C500000556E6B6E36
:107624006F776E20737562737461746520696E2060
:107634004C5000004C50435F000000002E72656106
:1076440064795F746D000000556E61626C6520742E
:107654006F206F70656E20002C204C5043206461B5
:1076640074612077696C6C206E6F7420626520777A
:1076740072697474656E000057726974696E67206C
:107684004C504320746F20003C544D3E0A000000CF
:10769400093C4D73673E303C2F4D73673E0A000032
:1076A400093C496E73743E4C50433C2F496E7374CD
:1076B4003E0A0000093C5374617465466C6167318D
:1076C4003E0000005741524E0000000046494E451E
:1076D400000000003C2F5374617465466C6167318F
:1076E4003E0A0000093C53746174654D657373313F
:1076F4003E0000003C2F53746174654D6573733113
:107704003E0A0000093C5374617465466C6167323B
:107714003E0000003C2F5374617465466C6167320F
:107724003E0A0000093C53746174654D65737332FD
:107734003E0000003C2F53746174654D65737332D1
:107744003E0A0000093C4C656E6774683E00000008
:107754003C2F4C656E6774683E0000003C2F544D0E
:107764003E0A00003C4352433E30303030303C2F20
:107774004352433E0A000000535441525400000057
:10778400454E4400207772697474656E00000000F1
:107794004F7574206F6620626F756E647320616329
:1077A40074696F6E20666C616720616363657373CF
:1077B4000000000054696D652C76616C69642C6668
:1077C40072616D655F636F756E742C6169725F744D
:1077D400656D705F646567432C68756D6469747961
:1077E4005F70657263656E742C6873656E736F7217
:1077F4005F74656D705F646567432C707265735F59
:107804006D622C696E7465726E616C5F74656D7007
:107814005F646567432C6D6F64756C655F73746139
:107824007475732C6D6F64756C655F6572726F72BD
:107834002C7063625F737570706C795F562C6C7317
:107844006D3330335F74656D705F646567432C70AE
:1078540063625F6865617465725F6F6E2C6D6167EA
:10786400585F6D472C6D6167595F6D472C6D61677B
:107874005A5F6D472C616363656C585F6D672C615B
:107884006363656C595F6D672C616363656C5A5FF4
:107894006D670000456E746572696E672045460029
:1078A4004546206C6F6F700053687574646F776E13
:1078B400207761726E696E672072656365697665AB
:1078C4006420696E2045460045786974696E6720B6
:1078D40045460000556E6B6E6F776E20737562734C
:1078E4007461746520696E204546000053656E64BA
:1078F400696E67205265636F7264733A20000000FA
:10790400525334315F0000002E6373760000000090
:107914002C2052533431206461742077696C6C20BC
:107924006E6F742062652073746F7265640000006A
:1079340052533431206373762077696C6C2062650E
:10794400206C6F6767656420746F20005253343174
:10795400206572726F7220666C6167005253343115
:107964000000000053656E64696E67205253343121
:107974002073616D706C65733A20000053656E640A
:10798400696E672042797465733A20002C00000008
:1079940054433A204368616E67696E6720466C758C
:1079A4007368696E672054696D65000054433A201A
:1079B4004368616E67696E67205761726D557054D4
:1079C400696D650054433A204368616E67696E6768
:1079D400204379636C6554696D65000054433A2013
:1079E4004368616E67696E67204E756D62657220CB
:1079F4006F662053616D706C6573207065722043EF
:107A040079636C650000000054433A204368616E5A
:107A140067696E672053616D706C657320746F20A5
:107A2400417665726167650048472062696E73201C
:107A3400756E696D706C656D656E746564000000CB
:107A44004C472062696E7320756E696D706C656D4C
:107A5400656E74656400000054433A204368616EA7
:107A6400676520504841207265717565737465645B
:107A7400000000002048694761696E5468726573AC
:107A8400686F6C643A0000002C2048694761696E95
:107A94004F66667365743A002C204C6F4761696EBB
:107AA4004F66667365743A0054433A205253343136
:107AB40020726567656E207265717565737465649F
:107AC4000000000054433A205570646174656420DA
:107AD40042454D4620466C6F7720536574706F693C
:107AE4006E7420746F3A200054433A2055706461D8
:107AF4007465642050756D70204D696E2054656DF9
:107B04007020746F3A200000556E6B6E6F776E2094
:107B1400544320726563656976656400504841206A
:107B2400636F6E6669672072616E67652065727245
:107B34006F723A20000000002C20000050484120C1
:107B440077696C6C206E6F7420626520636F6E665B
:107B54006967757265640000237468726573682CC4
:107B6400000000000D0000002368676F66662C00AB
:107B7400236C676F66662C0023736176650D0000C5
:107B8400504841204C6F204761696E204261736503
:107B94006C696E65204F666673657420636F6D6DE6
:107BA400616E6465643A200050484120486920476A
:107BB40061696E20426173656C696E65204F66660B
:107BC40073657420636F6D6D616E6465643A200043
:107BD400504841204869204761696E2054687265A5
:107BE40073686F6C6420636F6D6D616E6465643A75
:107BF400200000004D736700496E7374000000009C
:107C04004D6F64650000000041636B0041434B000D
:107C14004E414B004C656E6774680000435243004C
:107C24005341636B00000000524141636B0000004C
:107C3400544D41636B000000475053004461746528
:107C4400000000004C6F6E004C617400416C7400C5
:107C5400535A41005642415400000000446966668C
:107C6400000000005175616C6974790025752F2539
:107C7400752F25750000000025753A25753A257580
:107C84000000000053746174654D65737332000025
:107C940053746174654D65737333000053000000C1
:107CA400494D52005357446174650000535756655B
:107CB4007273696F6E0000005A50726F746F636F55
:107CC4006C56657273696F6E00000000494D416324
:107CD4006B0000004E41434B0000000054434163DD
:107CE4006B0000003C4352433E0000003C2F4352D3
:107CF400433E0A00544D0000435249540000000022
:107D0400554E4B4E0000000053746174654D65730D
:107D140073310000300000005374617465466C6177
:107D2400673100005374617465466C61673200000A
:107D34005374617465466C61673300000000000091
:107D4400000000000DF400000DF400000DF400002C
:107D54000DF400000DF400000DF400000DF400001B
:107D64000DF400000DF4000000000000000000000D
:107D7400550D0000410D0000C9070000190D000059
:107D8400DD0D0000CD0C0000750C000000000000AB
:107D940000000000F913010005140100FD130100A7
:107DA40005150100751C0100A51B0100011C010043
:107DB400A11A010081160100B5200100151401006B
:107DC40089130100451D0100751301007913010099
:107DD400811301008513010099160100D51E0100CD
:107DE4005D1E0100B51901006D1301007D13010032
:107DF400B51F0100DD1C0100791401000000000022
:107E040000000000A5AC0000D1FD0000CDFD000085
:107E1400C9FD0000C99E0000D19E0000CD9E000057
:107E2400C5FD0000000000000000000035D7000080
:107E340029D9000051D10000A9D2000071D100005D
:107E440015D2000099D100002DD30000C5D2000046
:107E54004DD100000000000000000000210B0000D4
:107E6400750E0000C9070000F90A0000150A000099
:107E7400A10A0000750A0000D10F0000791000006B
:107E84000000000000000000550D0000410D00003E
:107E9400C9070000190D0000DD0D0000CD0C000025
:107EA400750C00000000000000000000B90E000086
:107EB400F90E0000B50C00002D0D0000290E000085
:107EC4005D0C0000050D00005D080000410F00007E
:107ED400750B0000910B0000E5070000D1070000BE
:107EE4000D0800008D0C0000AD0B0000ED08000033
:107EF400A50900003509000099080000890D00005B
:107F040000000000000000000DF4000029D900006A
:107F1400C9070000CD0700000DF400000DF40000B7
:107F24000DF4000000000000000000000DC200007D
:107F34002DC200000000000000000000E5940000D5
:107F4400F5960000B99600000196000065960000C1
:107F5400AD9500002D9700001D9800005998000071
:107F640035990000000000000000000081CC0000F2
:107F7400ADCC0000C90700007DCC000039CC000066
:107F840045CC000065CC00000000000000000000AB
:107F94009522010099220100052101008926010092
:107FA400D1320100512C010091870000C52201004B
:107FB400A1320100E1330100D92C0100990D010027
:107FC400F92901002522010031220100F9200100D4
:107FD400FD200100012101003D2201006122010078
:107FE4008522010005270100A9220100DD240100EA
:107FF40051270100252801000000000000000000B6
:10800400F9190000451D00001D160000D9000000EC
:10801400B11400002915000069000000751A000061
:10802400591A0000D8399D270054EA2A00A4781F61
:10803400007B9A172C2066756E6374696F6E3A2004
:1080440000000000617373657274696F6E202225ED
:108054007322206661696C65643A2066696C6520E8
:10806400222573222C206C696E65202564257325D6
:10807400730A000042616C6C6F63207375636365FF
:1080840065646564000000002F566F6C756D657340
:108094002F646174612F6A656E6B696E732F776FDD
:1080A400726B73706163652F474E552D746F6F6CDF
:1080B400636861696E2F61726D2D31312F73726344
:1080C4002F6E65776C69622D63796777696E2F6EA1
:1080D40065776C69622F6C6962632F7374646C6971
:1080E400622F6764746F612D6765746865782E63A9
:1080F400000000000000000000000000000000007C
:10810400000000000000000000000000000000006B
:10811400000000000000000000000000000000005B
:10812400000000001011121314151617181900007E
:1081340000000000001A1B1C1D1E1F000000000090
:10814400000000000000000000000000000000002B
:1081540000000000001A1B1C1D1E1F000000000070
:10816400000000000000000000000000000000000B
:1081740000000000000000000000000000000000FB
:1081840000000000000000000000000000000000EB
:1081940000000000000000000000000000000000DB
:1081A40000000000000000000000000000000000CB
:1081B40000000000000000000000000000000000BB
:1081C40000000000000000000000000000000000AB
:1081D400000000000000000000000000000000009B
:1081E400000000000000000000000000000000008B
:1081F400000000001F0000001C0000001F00000021
:108204001E0000001F0000001E0000001F000000F0
:108214001F0000001E0000001F0000001E000000E0
:108224001F0000001F0000001D0000001F000000D0
:108234001E0000001F0000001E0000001F000000C0
:108244001F0000001E0000001F0000001E000000B0
:108254001F0000002F566F6C756D65732F64617479
:10826400612F6A656E6B696E732F776F726B7370B3
:108274006163652F474E552D746F6F6C6368616938
:108284006E2F61726D2D31312F7372632F6E65778E
:108294006C69622D63796777696E2F6E65776C6997
:1082A400622F6C6962632F7374646C69622F6D70E2
:1082B4007265632E6300000065256C640000000095
:1082C4002573252E2A640000257325302E2A640088
:1082D4002B0000002D000000252E32640000000059
:1082E40025326400252E32642F252E32642F252E4C
:1082F40032640000256C7500592D256D2D25640010
:108304002E2A7500252E336400000000252E3264C9
:108314003A252E3264000000256C6C6400000000D5
:10832400252E32643A252E32643A252E326400001A
:10833400252B30336C64252E326C6400303132339B
:108344003435363738396162636465666768696AEB
:108354006B6C6D6E6F707172737475767778797AF1
:108364000000000000202020202020202020282899
:1083740028282820202020202020202020202020E1
:108384002020202020881010101010101010101021
:108394001010101010040404040404040404041051
:1083A40010101010101041414141414101010101DF
:1083B40001010101010101010101010101010101A9
:1083C40010101010101042424242424202020202B5
:1083D4000202020202020202020202020202020279
:1083E4001010101020000000000000000000000029
:1083F4000000000000000000000000000000000079
:108404000000000000000000000000000000000068
:108414000000000000000000000000000000000058
:108424000000000000000000000000000000000048
:108434000000000000000000000000000000000038
:108444000000000000000000000000000000000028
:108454000000000000000000000000000000000018
:108464000000000000000000496E66696E697479BE
:10847400000000004E614E002F566F6C756D6573E1
:108484002F646174612F6A656E6B696E732F776FE9
:10849400726B73706163652F474E552D746F6F6CEB
:1084A400636861696E2F61726D2D31312F73726350
:1084B4002F6E65776C69622D63796777696E2F6EAD
:1084C40065776C69622F6C6962632F7374646C697D
:1084D400622F64746F612E63000000004A495300E8
:1084E400534A4953000000004555434A50000000D8
:1084F4006E660000696E697479000000616E0000A8
:1085040030313233343536373839414243444546C5
:108514000000000030313233343536373839616287
:108524006364656600000000286E756C6C290000A9
:10853400494E46004E414E00545A0000474D5400E7
:108544002531315B2D2B302D39412D5A612D7A5D2A
:10855400256E00002531315B412D5A612D7A5D2550
:108564006E000000256875256E3A256875256E3AFB
:10857400256875256E0000004D256875256E2E252D
:108584006875256E2E256875256E00002F25687583
:10859400256E3A256875256E3A256875256E0000A6
:1085A4000030013002300CFF0EFFFB301AFF1BFFBE
:1085B4001FFF01FF9B309C30B40040FFA8003EFF2A
:1085C4003E203FFFFD30FE309D309E300330DD4EB7
:1085D400053006300730FC30142010200FFF3CFF1C
:1085E4001C3016205CFF26202520182019201C2072
:1085F4001D2008FF09FF143015303BFF3DFF5BFFD2
:108604005DFF083009300A300B300C300D300E306D
:108614000F30103011300BFF1222B100D700F700D9
:108624001DFF60221CFF1EFF662267221E223422C9
:1086340042264026B000322033200321A50004FF47
:10864400A200A30005FF03FF06FF0AFF20FFA70007
:1086540006260526CB25CF25CE25C725C625A1254B
:10866400A025B325B225BD25BC253B20123092217F
:10867400902191219321133000000000000000009C
:1086840000000000000000000000000000000822BC
:108694000B2286228722822283222A222922000078
:1086A400000000000000000000000000000027227D
:1086B4002822AC00D221D421002203222922000046
:1086C40000000000000000000000000000000000A6
:1086D40000002022A5221223022207226122522214
:1086E4006A226B221A223D221D2235222B222C22A1
:1086F40000000000000000000000000000002B212A
:1087040030206F266D266A2620202120B6002C22D8
:10871400000000000000EF25000000000000000041
:10872400000000000000000101010101010101013C
:10873400010000000000000001010101010101012C
:108744000101010101010101010101010101010115
:10875400010100000000000000010101010101010C
:1087640001010101010101010101010101010101F5
:10877400010101009103920393039403950396036B
:108784009703980399039A039B039C039D039E03F9
:108794009F03A003A103A303A403A503A603A703A4
:1087A400A803A9030000000000000000000000006E
:1087B40000000000B103B203B303B403B503B6036E
:1087C400B703B803B903BA03BB03BC03BD03BE03B9
:1087D400BF03C003C103C303C403C503C603C70364
:1087E400C803C90310041104120413041404150467
:1087F400010416041704180419041A041B041C04A5
:108804001D041E041F042004210422042304240440
:10881400250426042704280429042A042B042C04F0
:108824002D042E042F0400000000000000000000AE
:108834000000000000000000000000000000000034
:1088440000000000300431043204330434043504DD
:10885400510436043704380439043A043B043C0414
:108864003D043E043F0440044104420443044404E0
:10887400450446044704480449044A044B044C0490
:108884004D044E044F040000002502250C2510253C
:10889400182514251C252C25242534253C250125A3
:1088A40003250F2513251B251725232533252B25C4
:1088B4003B254B2520252F25282537253F251D25FC
:1088C40030252525382542259C4E1655035A3F96BA
:1088D400C0541B612863F659229075841C83507A16
:1088E400AA60E163256EED656684A682F59B9368B4
:1088F4002757A16571629B5BD0597B86F498627D92
:10890400BE7D8E9B16629F7CB788895BB55E0963CA
:1089140097664868C7958D974F67E54E0A4F4D4F48
:108924009D4F4950F2563759D459015A095CDF60BA
:108934000F61706113660569BA704F757075FB79C4
:10894400AD7DEF7DC3800E846388028B55907A9051
:108954003B53954EA54EDF57B280C190EF78004E41
:10896400F158A26E3890327A28838B822F9C415121
:108974007053BD54E154E056FB59155FF298EB6D0A
:10898400E4802D8562967096A096FB970B54F35362
:10899400875BCF70BD7FC28FE8966F535C9DBA7AB8
:1089A400114E9378FC81266E185604551D6B1A855A
:1089B4003B9CE559A953666DDC748F954256914EE4
:1089C4004B90F2964F830C99E153B655305B715F2F
:1089D4002066F3660468386CF36C296D5B74C876A2
:1089E4004E7A3498F1825B88608AED92B26DAB75F1
:1089F400CA76C599A660018B8A8DB2958E69AD53EE
:108A04008651125730584459B45BF65E2860A96306
:108A1400F463BF6C146F8E7014715971D5713F7308
:108A2400017E7682D182978560905B921B9D695806
:108A3400BC655A6C2575F9512E596559805FDC5F08
:108A4400BC62FA652A6A276BB46B8B73C17F568943
:108A54002C9D0E9DC49EA15C966C7B8304514B5C43
:108A6400B661C68176686172594EFA4F785369606F
:108A7400296E4F7AF3970B4E1653EE4E554F3D4FDA
:108A8400A14F734FA052EF5309560F59C15AB65B09
:108A9400E15BD17987669C67B6674C6BB36C6B708E
:108AA400C2738D79BE793C7A877BB182DB82048381
:108AB4007783EF83D3836687B28A2956A88CE68F9F
:108AC4004E901E978A86C44FE85C116259723B75BA
:108AD400E581BD82FE86C08CC5961399D599CB4E8F
:108AE4001A4FE389DE564A58CA58FB5EEB5F2A6088
:108AF40094606260D0611262D0623965419B66669F
:108B0400B068776D70704C758676757DA582F9872F
:108B14008B958E969D8CF151BE521659B354B35B0E
:108B2400165D68618269AF6D8D78CB845788728ACF
:108B3400A793B89A6C6DA899D986A357FF67CE8678
:108B44000E92835287560454D35EE162B9643C6842
:108B54003868BB6B7273BA786B7A9A89D2896B8DD9
:108B6400038FED90A39594966997665BB35C7D69DA
:108B74004D984E989B63207B2B6A7F6AB6680D9C48
:108B84005F6F72529D557060EC623B6D076ED16EE3
:108B94005B841089448F144E399CF6531B693A6ADE
:108BA40084972A685C51C37AB284DC918C935B56B7
:108BB400289D226805833184A57C0852C582E67409
:108BC4007E4E834FA051D25B0A52D852E752FB5DCE
:108BD4009A552A58E6598C5B985BDB5B725E795E2A
:108BE400A3601F616361BE61DB636265D167536823
:108BF400FA683E6B536B576C226F976F456FB07476
:108C04001875E3760B77FF7AA17B217CE97D367FAB
:108C1400F07F9D8066829E83B389CC8AAB8C8490DE
:108C2400519493959195A2956596D3972899188216
:108C3400384E2B54B85CCC5DA9734C763C77A95C58
:108C4400EB7F0B8DC196119854985898014F0E4F95
:108C540071539C556856FA574759095BC45B905C3D
:108C64000C5E7E5ECC5FEE633A67D765E2651F6794
:108C7400CB68C4685F6A305EC56B176C7D6C7F75AA
:108C84004879635B007A007DBD5F8F89188AB48C54
:108C9400778DCC8E1D8FE2980E9A3C9B804E7D5032
:108CA400005193599C5B2F628062EC643A6BA07212
:108CB40091754779A97FFB87BC8A708BAC63CA83A3
:108CC400A09709540354AB555468586A708A27789E
:108CD4007567CD9E7453A25B1A8150860690184E18
:108CE400454EC74E114FCA533854AE5B135F2560CF
:108CF40051653D67426C726CE36C78700374767AEC
:108D0400AE7A087B1A7DFE7C667DE7655B72BB5399
:108D1400455CE85DD262E0621963206E5A86318A4E
:108D2400DD8DF892016FA6795A9BA84EAB4EAC4EDE
:108D34009B4FA04FD1504751F67A7151F65154537D
:108D440021537F53EB53AC558358E15C375F4A5F43
:108D54002F6050606D601F6359654B6AC16CC272AD
:108D6400ED72EF77F880058108824E85F790E193E4
:108D7400FF9757995A9AF04EDD512D5C81666D69C3
:108D8400405CF266756989735068817CC550E45211
:108D94004757FE5D2693A465236B3D6B347481793C
:108DA400BD794B7BCA7DB982CC837F885F89398B3F
:108DB400D18FD1911F5480925D4E3650E5533A5372
:108DC400D7729673E977E682AF8EC699C899D2991D
:108DD40077511A615E86B0557A7A7650D35B4790A4
:108DE4008596324EDB6AE791515C485C98639F7AC2
:108DF400936C7497618FAA7A8A718896827C1768BB
:108E0400707E51686C93F2521B54AB85138AA47F15
:108E1400CD8EE190665388884179C24FBE5011527D
:108E2400445153552D57EA738B575159625F845FF0
:108E3400756076616761A961B2633A646C656F6657
:108E44004268136E66753D7AFB7C4C7D997D4B7E42
:108E54006B7F0E834A83CD86088A638A668BFD8E78
:108E64001A988F9DB882CE8FE89B87521F628364C5
:108E7400C06F999641689150206B7A6C546F747AE4
:108E8400507D4088238A0867F64E39502650655035
:108E94007C5138526352A7550F570558CC5AFA5E85
:108EA400B261F861F36272631C69296A7D72AC7203
:108EB4002E7314786F78797D0C77A9808B89198B40
:108EC400E28CD28E639075937A965598139A789E15
:108ED40043519F53B3537B5E265F1B6E906E847326
:108EE400FE73437D3782008AFA8A50964E4E0B50A9
:108EF400E4537C54FA56D159645BF15DAB5E275F51
:108F040038624565AF67566ED072CA7CB488A1805A
:108F1400E180F0834E86878AE88D3792C7966798FA
:108F2400139F944E924E0D4F485349543E542F5A1A
:108F34008C5FA15F9F60A7688E6A5A7481789E8A4D
:108F4400A48A778B90915E4EC99BA44E7C4FAF4F01
:108F54001950165049516C519F52B952FE529A53AE
:108F6400E35311540E5489555157A2577D59545BFC
:108F74005D5B8F5BE55DE75DF75D785E835E9A5EC2
:108F8400B75E185F52604C619762D862A7633B6515
:108F940002664366F4666D6721689768CB695F6C07
:108FA4002A6D696D2F6E9D6E327587766C783F7A67
:108FB400E07C057D187D5E7DB17D15800380AF80EA
:108FC400B18054818F812A8252834C8861881B8BA3
:108FD400A28CFC8CCA90759171923F78FC92A495F6
:108FE4004D9605989999D89A3B9D5B52AB52F7538D
:108FF4000854D558F762E06F6A8C5F8FB99E4B5165
:109004003B524A54FD56407A7791609DD29E4473F8
:10901400096F70811175FD5FDA60A89ADB72BC8FED
:10902400646B0398CA4EF0566457BE585A5A686027
:10903400C7610F6606663968B168F76DD5753A7D04
:109044006E82429B9B4E504FC95306556F5DE65D41
:10905400EE5DFB67996C73740278508A9693DF888F
:109064005057A75E2B63B550AC508D510067C9545F
:109074005E58BB59B05B695F4D62A1633D68736B19
:10908400086E7D70C7918072157826786D798E652B
:10909400307DDC83C188098F9B96645228575067C2
:1090A4006A7FA18CB45142572A963A588A69B4808F
:1090B400B2540E5DFC579578FA9D5C4F4A528B541E
:1090C4003E6428661467F567847A567B227D2F9365
:1090D4005C68AD9B397B19538A513752DF5BF6626A
:1090E400AE64E6642D67BA6BA985D1969076D69B5B
:1090F4004C630693AB9BBF765266094E9850C2539D
:10910400715CE860926463655F68E671CA73237595
:10911400977B827E9586838BDB8C78911099AC65E6
:10912400AB668B6BD54ED44E3A4F7F4F3A52F853C1
:10913400F253E355DB56EB58CB59C959FF59505BF1
:109144004D5C025E2B5ED75F1D6007632F655C5B21
:10915400AF65BD65E8659D67626B7B6B0F6C45739E
:109164004979C179F87C197D2B7DA2800281F38134
:1091740096895E8A698A668A8C8AEE8AC78CDC8CB8
:10918400CC96FC986F6B8B4E3C4F8D4F5051575B78
:10919400FA5B486101634266216BCB6EBB6C3E7225
:1091A400BD74D475C1783A790C803380EA81948493
:1091B4009E8F506C7F9E0F5F588B2B9DFA7AF88E92
:1091C4008D5BEB96034EF153F7573159C95AA45BA3
:1091D40089607F6E066FBE75EA8C9F5B0085E07BBD
:1091E4007250F4679D82615C4A851E7E0E8299519D
:1091F400045C6863668D9C656E713E79177D05809D
:109204001D8BCA8E6E90C786AA901F50FA523A5C84
:1092140053677C7035724C91C8912B93E582C25B85
:10922400315FF9603B4ED653885B4B6231678A6B82
:10923400E972E0732E7A6B81A38D52919699125143
:10924400D7536A54FF5B8863396AAC7D0097DA565A
:10925400CE536854975B315CDE5DEE4F0161FE6274
:10926400326DC079CB79427D4D7ED27FED811F82F4
:10927400908446887289908B748E2F8F31904B9195
:109284006C91C6969C91C04E4F4F45514153935F8C
:109294000E62D467416C0B6E6373267ECD9183920C
:1092A400D4531959BF5BD16D5D792E7E9B7C7E585A
:1092B4009F71FA515388F08FCA4FFB5C2566AC77D7
:1092C400E37A1C82FF99C651AA5FEC656F69896BCA
:1092D400F36D966E646FFE76147DE15D75908791F3
:1092E4000698E6511D5240629166D9661A6EB65EC2
:1092F400D27D727FF866AF85F785F88AA952D95373
:1093040073598F5E905F5560E4926496B7501F5115
:10931400DD5220534753EC53E85446553155175604
:109324006859BE593C5AB55B065C0F5C115C1A5C0B
:10933400845E8A5EE05E705F7F628462DB628C635F
:10934400776307660C662D6676667E67A2681F6A79
:10935400356ABC6C886D096E586E3C7126716771F4
:10936400C77501775D7801796579F079E07A117BC9
:10937400A77C397D9680D6838B8449855D88F38864
:109384001F8A3C8A548A738A618CDE8CA49166920B
:109394007E9318949C9698970A4E084E1E4E574EEC
:1093A40097517052CE573458CC58225B385EC56002
:1093B400FE6461675667446DB6727375637AB884E8
:1093C400728BB89120933156F457FE98ED620D6973
:1093D400966BED71547E77807282E689DF985587AB
:1093E400B18F3B5C384FE14FB54F0755205ADD5BD9
:1093F400E95BC35F4E612F63B0654B66EE689B69A2
:10940400786DF16D3375B9751F775E79E679337DC3
:10941400E381AF82AA85AA893A8AAB8E9B8F329068
:10942400DD910797BA4EC14E03527558EC580B5C48
:109434001A753D5C4E810A8AC58F63966D97257BAC
:10944400CF8A08986291F356A853179039548257DB
:10945400255EA863346C8A7061778B7CE07F7088AA
:1094640042905491109318938F965E74C49A075D3A
:10947400695D7065A267A88DDB966E63496719699B
:10948400C5831798C096FE88846F7A64F85B164E7D
:109494002C705D752F66C4513652E252D359815FE8
:1094A400276010623F6574651F667466F26816680B
:1094B400636B056E72721F75DB76BE7C5680F05846
:1094C400FD887F89A08A938ACB8A1D9092915297B6
:1094D400599789650E7A0681BB962D5EDC601A6207
:1094E400A56514669067F3774D7A4D7C3E7E0A81BC
:1094F400AC8C648DE18D5F8EA9780752D962A56327
:10950400426498622D8A837AC07BAC8AEA96767D1F
:109514000C824987D94E485143536053A35B025C84
:10952400165CDD5D26624762B06413683468C96CFA
:10953400456D176DD3675C6F4E717D71CB657F7A16
:10954400AD7BDA7D4A7EA87F7A811B823982A6852B
:109554006E8ACE8CF58D78907790AD9291928395AA
:10956400AE9B4D528455386F367168518579557E5E
:10957400B381CE7C4C565158A85CAA63FE66FD6646
:109584005A69D9728F758E750E795679DF79977C01
:10959400207D447D0786348A3B966190209FE75066
:1095A4007552CC53E2530950AA55EE584F593D72A7
:1095B4008B5B645C1D53E360F3605C6383633F63B4
:1095C400BB63CD64E965F966E35DCD69FD69156F3B
:1095D400E571894EE975F876937ADF7CCF7D9C7DC1
:1095E4006180498358836C84BC84FB85C588708DF5
:1095F40001906D9097931C97129ACF5097588E6153
:10960400D3813585088D2090C34F745047527353CE
:109614006F6049635F672C6EB38D1F90D74F5E5C9C
:10962400CA8CCF659A7D525396887651C363585B32
:109634006B5B0A5C0D6451675C90D64E1A592A59CB
:10964400706C518A3E551558A559F0605362C16734
:10965400358255694096C499289A534F0658FE5B43
:109664001080B15C2F5E855F20604B613462FF66C1
:10967400F06CDE6ECE807F81D4828B88B88C0090B3
:109684002E908A96DB9EDB9BE34EF05327592C7B6E
:109694008D914C98F99DDD6E277053534455855B2D
:1096A40058629E62D362A26CEF6F2274178A389458
:1096B400C16FFE8A3883E751F886EA53E953464F6F
:1096C4005490B08F6A593181FD5DEA7ABF8FDA68B0
:1096D400378CF872489C3D6AB08A394E5853065606
:1096E4006657C562A263E6654E6BE16D5B6EAD7055
:1096F400ED77EF7AAA7BBB7D3D80C680CB86958AC9
:109704005B93E356C7583E5FAD659666806AB56B5A
:109714003775C78A2450E57730571B5F65607A66D2
:10972400606CF4751A7A6E7FF48118874590B3994A
:10973400C97B5C75F97A517BC4841090E979927A7B
:109744003683E15A40772D4EF24E995BE05FBD625D
:109754003C66F167E86C6B8677883B8A4E91F3929E
:10976400D099176A26702A73E7825784AF8C014E0A
:109774004651CB518B55F55B165E335E815E145FAB
:10978400355F6B5FB45FF2611163A2661D676E6F34
:1097940052723A753A777480398178817687BF8AB4
:1097A400DC8A858DF38D9A9277950298E59CC55253
:1097B4005763F4761567886CCD73C38CAE93739638
:1097C400256D9C580E69CC69FD8F9A93DB751A90B0
:1097D4005A580268B463FB69434F2C6FD867BB8F38
:1097E4002685B47D54933F69706F6A57F7582C5B94
:1097F4002C7D2A720A54E391B49DAD4E4E4F5C50B9
:10980400755043529E8C485424589A5B1D5E955E55
:10981400AD5EF75E1F5F8C60B5623A63D063AF687C
:10982400406C87788E790B7AE07D4782028AE68ADB
:10983400448E1390B8902D91D8910E9FE56C586486
:10984400E2647565F46E84761B7B6990D193BA6E7D
:10985400F254B95FA4644D8FED8F449278516B58E4
:109864002959555C975EFB6D8F7E1C75BC8CE28E0E
:109874005B98B9701D4FBF6BB16F3075FB964E513D
:10988400105435585758AC59605C925F97655C67C3
:10989400216E7B76DF83ED8C1490FD904D932578BB
:1098A4003A78AA52A65E1F577459126012505A5140
:1098B400AC51CD5100521055545858585759955BD6
:1098C400F65C8B5DBC6095622D6471674368BC680F
:1098D400DF68D776D86D6F6E9B6D6F70C871535FFC
:1098E400D8757779497B547B527BD67C717D305215
:1098F40063846985E4850E8A048B468C0F8E0390FD
:109904000F90199476962D98309AD895CD50D552BB
:109914000C5402580E5CA7619E641E6DB377E57A01
:10992400F480048453908592E05C079D3F53975FD5
:10993400B35F9C6D79726377BF79E47BD26BEC7211
:10994400AD8A0368616AF851817A34694A5CF69C8D
:10995400EB82C55B49911E7078566F5CC760666583
:109964008C6C5A8C419013985154C7660D92485987
:10997400A39085514D4EEA5199850E8B58707A63A8
:109984004B936269B499047E777557536069DF8E8F
:10999400E3965D6C8C4E3C5C105FE98F0253D18C76
:1099A40089807986FF5EE565734E655182593F5C17
:1099B400EE97FB4E8A59CD5F8D8AE16FB07962795B
:1099C400E75B71842B73B171745EF55F7B639A649A
:1099D400C371987C434EFC5E4B4EDC57A256A96083
:1099E400C36F0D7DFD803381BF81B28F9789A486BB
:1099F400F45D8A62AD6487897767E26C3E6D367484
:109A04003478465A757FAD82AC99F34FC35EDD62FC
:109A1400926357656F67C3764C72CC80BA80298F86
:109A24004D910D50F957925A856873696471FD72AE
:109A3400B78CF258E08C6A9619907F87E479E777BF
:109A440029842F4F65525A53CD62CF67CA6C7D76F5
:109A5400947B957C36828485EB8FDD66206F06725D
:109A64001B7EAB83C199A69EFD51B17B7278B87BF6
:109A74008780487BE86A615E8C80517560756B51A4
:109A840062928C6E7A769791EA9A104F707F9C62FC
:109A94004F7BA595E99C7A565958E486BC96344F79
:109AA40024524A53CD53DB53065E2C6491657F6781
:109AB4003E6C4E6C4872AF72ED735475417E2C82CD
:109AC400E985A98CC47BC69169711298EF983D63AE
:109AD40069666A75E476D0784385EE862A535153D5
:109AE40026548359875E7C5FB26049627962AB62B7
:109AF4009065D46BCC6CB275AE769178D879CB7D09
:109B0400777FA580AB88B98ABB8C7F905E97DB9802
:109B14000B6A387C99503E5CAE5F8767D86B3574AE
:109B240009778E7F3B9FCA67177A39538B75ED9AF5
:109B3400665F9D81F18398803C5FC55F6275467B5B
:109B44003C906768EB599B5A107D7E762C8BF54FC1
:109B54006A5F196A376C026FE27468796888558A9B
:109B6400798CDF5ECF63C575D279D7822893F29260
:109B74009C84ED862D9CC1546C5F8C655C6D157066
:109B8400A78CD38C3B984F65F6740D4ED84EE05796
:109B94002B59665ACC5BA851035E9C5E16607662B4
:109BA4007765A7656E666E6D3672267B50819A81E5
:109BB40099825C8BA08CE68C748D1C964496AE4F77
:109BC400AB64666B1E8261846A85E890015C5369AC
:109BD400A8987A8457850F4F6F52A95F455E0D6729
:109BE4008F79798107898689F56D175F5562B86C1D
:109BF400CF4E6972929B06523B547456B358A4617B
:109C04006E621A716E59897CDE7C1B7DF0968765C5
:109C14005E80194E754F75514058635E735E0A5FDE
:109C2400C467264E3D8589955B96737C0198FB50ED
:109C3400C1585676A7782552A5771185867B4F5053
:109C440009594772C77BE87DBA8FD48F4D90BF4FB7
:109C5400C952295A015FAD97DD4F1782EA92035723
:109C64005563696B2B75DC88148F427ADF529358E5
:109C740055610A62AE66CD6B3F7CE9832350F84F91
:109C840005534654315849599D5BF05CEF5C295D9E
:109C9400965EB16267633E65B9650B67D56CE16C2E
:109CA400F97032782B7EDE80B3820C84EC840287D8
:109CB40012892A8A4A8CA690D292FD98F39C6C9DB4
:109CC4004F4EA14E8D5056524A57A8593D5ED85F0B
:109CD400D95F3F62B4661B67D067D2689251217D19
:109CE400AA80A881008B8C8CBF8C7E9232962054E3
:109CF4002C981753D5505C53A858B26434676772D4
:109D04006677467AE691C352A16C866B00584C5E26
:109D140054592C67FB7FE151C6766964E878549BFB
:109D2400BB9ECB57B95927669A67CE6BE954D9695C
:109D3400555E9C819567AA9BFE67529C5D68A64E02
:109D4400E34FC853B9622B67AB6CC48FAD4F6D7EC4
:109D5400BF9E074E6261806E2B6F138573542A6712
:109D6400459BF35D957BAC5CC65B1C874A6ED184D6
:109D7400147A088199598D7C116C2077D952225913
:109D840021715F72DB772797619D0B697F5A185A9F
:109D9400A5510D547D540E66DF76F78F9892F49C8E
:109DA400EA595D72C56E4D51C968BF7DEC7D6297FD
:109DB400BA9E7864216A028384595F5BDB6B1B73F0
:109DC400F276B27D1780998432512867D99EEE7657
:109DD4006267FF520599245C3B627E7CB08C4F55D0
:109DE400B6600B7D809501535F4EB6511C593A7293
:109DF4003680CE91255FE2778453795F047DAC850C
:109E0400338A8D8E5697F367AE8553940961086142
:109E1400B96C5276ED8A388F2F55514F2A51C7525B
:109E2400CB53A55B7D5EA0608261D6630967DA6768
:109E3400676E8C6D3673377331755079D588988A0F
:109E44004A909190F590C4968D871559884E594F34
:109E54000E4E898A3F8F1098AD507C5E9659B95B3F
:109E6400B85EDA63FA63C164DC664A69D8690B6D6B
:109E7400B66E94712875AF7A8A7F00804984C9844C
:109E84008189218B0A8E65907D960A997E61916203
:109E9400326B836C746DCC7FFC7FC06D857FBA8719
:109EA400F8886567B1833C98F7961B6D617D3D84A6
:109EB4006A91714E7553505D046BEB6FCD852D86A1
:109EC400A78929520F54655C4E67A8680674837489
:109ED400E275CF88E188CC91E29678968B5F8773A0
:109EE400CB7A4E84A06365758952416D9C6E09746A
:109EF40059756B78927C8696DC7A8D9FB64F6E612D
:109F0400C5655C86864EAE4EDA50214ECC51EE5B72
:109F140099658168BC6D1F734276AD771C7AE77CC6
:109F24006F82D28A7C90CF91759618989B52D17D7E
:109F34002B5098539767CB6DD0713374E8812A8F77
:109F4400A396579C9F9E60744158996D2F7D5E988F
:109F5400E44E364F8B4FB751B152BA5D1C60B273A9
:109F64003C79D3823492B796F6960A97979E629F6D
:109F7400A666746B1752A352C870C288C95E4B6040
:109F84009061236F49713E7CF47D6F80EE84239051
:109F94002C9342546F9BD36A8970C28CEF8D329795
:109FA400B452415ACA5E045F17677C6994696A6D4A
:109FB4000F6F6272FC72ED7B01807E804B87CE90C6
:109FC4006D51939E84798B803293D68A2D508C5414
:109FD400718A6A6BC48C0781D160A067F29D994E27
:109FE400984E109C6B8AC185688500697E6E97784F
:109FF400558100000A00010002000300040005006E
:10A0040006000700080009000A000B000C000D0000
:10A014000E000F00100000000A00010002000300FF
:10A024000400050006000700080009000A000B00F0
:10A034000C000D000E000F00100000002020202056
:10A04400202020202020202020202020202020200C
:10A0540020202020202020202020202020202020FC
:10A06400202020202020202020202020000000006C
:10A074001F001C2000000000142100000200162410
:10A084000000000014250000020015280000000054
:10A09400112900000000142A00000000182B000001
:10A0A4000000142C00000000102D00000000142EED
:10A0B400000001000C3000000900143A0000010007
:10A0C400183C00000200143F00000100034100009E
:10A0D4001900155B00000000145C00000000115D15
:10A0E40000000000175E000000000F5F0000000089
:10A0F400176000000000036100001900157B0000D8
:10A104000000187C00000000117D00000000187E93
:10A1140000000000007F000020001CA000000000E0
:10A1240014A10000000016A20000030019A60000FC
:10A13400000014A70000000017A80000000019A9DF
:10A144000000000006AA0000000013AB000000009D
:10A1540018AC0000000001AD0000000019AE0000C2
:10A16400000017AF0000000019B00000000018B193
:10A17400000000000EB20000010017B4000000004F
:10A1840003B50000000014B60000010017B8000079
:10A1940000000EB90000000006BA0000000012BB67
:10A1A400000000000EBC0000020014BF000000000C
:10A1B40003C00000160018D70000000003D80000F8
:10A1C400060004DF0000000003E00000160018F79A
:10A1D4000000000003F800003F0004380100000004
:10A1E400033901000F00044901000000034A010083
:10A1F4004200048D01000000038E01000C00049B4A
:10A2040001000000039C01000D0004AA01000100EC
:10A2140003AC01000D0004BA0100000006BB0100FC
:10A22400000003BC0100010004BE0100000003BFE4
:10A234000100000006C00100030003C40100000087
:10A2440007C50100000003C60100010007C80100A2
:10A25400000003C90100010007CB0100000003CC8A
:10A264000100230004F00100000003F101000000DC
:10A2740007F20100000003F301002D000421020095
:10A284000000032202001100043402000500033A16
:10A2940002001A00045502000000035602000100E7
:10A2A400045802000000035902000000045A02008E
:10A2B4000000035B02000100045D02000200036071
:10A2C40002000100046202000000036302000000B7
:10A2D4000464020000000365020001000467020038
:10A2E4000000036802000400046D02000100036F13
:10A2F400020000000470020000000371020001006B
:10A3040004730200010003750200000004760200D9
:10A314000600037D02000000047E020001000380A9
:10A324000200000004810200000003820200010018
:10A33400048402000200038702000500048D020069
:10A34400040003920200000004930200000006943B
:10A3540002000000049502000700039D02000100B2
:10A36400049F0200100005B00200110017C2020091
:10A37400030005C602000B0017D202000D0005E021
:10A384000200040017E50200060005EC02000000CC
:10A3940017ED0200000005EE0200000017EF0200B6
:10A3A40010000B0003006F0003700300030005742A
:10A3B400030000001775030000000376030001008A
:10A3C400057A03000000037B03000200147E0300EF
:10A3D4000000037F030000001784030001000386CC
:10A3E4000300000014870300000003880300020038
:10A3F400038C03000000038E03000100049003009B
:10A40400000003910300100003A303000C0004B038
:10A414000300000003B10300200008D2030002007F
:10A4240003D50300200018F60300000003F703001F
:10A43400040004FC0300000003FD030084001982EF
:10A44400040000000B83040004000A8804000100D7
:10A45400038A0400A5000331050025000559050001
:10A464000000145A050005000460050000000361A3
:10A47400050025000487050001001489050000007B
:10A48400108A05000000198D05000100168F0500D3
:10A4940000000B9105002C0010BE050000000BBF4E
:10A4A4000500000014C0050000000BC105000100F8
:10A4B40014C3050000000BC40500010014C6050008
:10A4C40000000BC70500000006D005001A0006EFC7
:10A4D4000500030014F30500010001000600050057
:10A4E400180606000200140906000100160B0600F7
:10A4F4000000140C06000100190E060001000B10E8
:10A5040006000A00141B06000000011C06000000DF
:10A51400141D06000200062006001F000540060068
:10A5240000000641060009000B4B060014000C60F5
:10A5340006000900146A06000300066E0600010006
:10A544000B700600000006710600620014D40600B9
:10A55400000006D5060000000BD60600060001DD4B
:10A564000600000019DE060000000BDF06000500EF
:10A5740005E5060001000BE70600010019E90600E5
:10A5840000000BEA0600030006EE060001000CF0D2
:10A594000600090006FA0600020019FD0600010083
:10A5A40006FF06000000140007000D00010F07005D
:10A5B40000000610070000000B110700000006123F
:10A5C40007001D000B3007001A00064D0700580055
:10A5D4000BA607000A0006B1070000000CC0070024
:10A5E400090006CA070020000BEB0700080005F469
:10A5F4000700010019F60700000014F70700020025
:10A6040005FA070000000BFD0700000016FE070016
:10A6140001000600080015000B1608000300051AC7
:10A62400080000000B1B08000800052408000000B7
:10A634000B25080002000528080000000B2908006B
:10A644000400143008000E000640080018000B59DE
:10A6540008000200145E08000000066008000A00FA
:10A664000670080017001788080000000689080013
:10A6740005000190080001000B980800070006A0DF
:10A684000800280005C9080000000BCA08001700CC
:10A6940001E2080000000BE308001F0009030900A1
:10A6A40000000604090035000B3A09000000093BCC
:10A6B400090000000B3C09000000063D09000000F1
:10A6C400093E090002000B4109000700094909007D
:10A6D40003000B4D09000000094E0900010006505B
:10A6E400090000000B510900060006580900090082
:10A6F4000B62090001001464090001000C660900E2
:10A7040009001470090000000571090000000672B8
:10A7140009000E000B8109000000098209000100F4
:10A72400068509000700068F090001000693090049
:10A73400150006AA0900060006B20900000006B6C4
:10A74400090003000BBC0900000006BD090000005D
:10A7540009BE090002000BC10900030009C7090072
:10A76400010009CB090001000BCD0900000006CE51
:10A774000900000009D70900000006DC09000100F7
:10A7840006DF090002000BE2090001000CE60900E3
:10A79400090006F00900010016F2090001000EF498
:10A7A4000900050019FA0900000016FB0900000061
:10A7B40006FC0900000014FD090000000BFE09005E
:10A7C40000000B010A00010009030A00000006054D
:10A7D4000A000500060F0A00010006130A0015000E
:10A7E400062A0A00060006320A00010006350A009D
:10A7F400010006380A0001000B3C0A000000093E73
:10A804000A0002000B410A0001000B470A00010084
:10A814000B4B0A0002000B510A00000006590A0003
:10A824000300065E0A0000000C660A0009000B70B3
:10A834000A00010006720A0002000B750A000000FB
:10A8440014760A0000000B810A00010009830A0043
:10A85400000006850A000800068F0A00020006931D
:10A864000A00150006AA0A00060006B20A00010042
:10A8740006B50A0004000BBC0A00000006BD0A006D
:10A88400000009BE0A0002000BC10A0004000BC745
:10A894000A00010009C90A00000009CB0A000100EE
:10A8A4000BCD0A00000006D00A00000006E00A00F2
:10A8B40001000BE20A0001000CE60A00090014F092
:10A8C4000A00000016F10A00000006F90A00000060
:10A8D4000BFA0A0005000B010B00000009020B0033
:10A8E400010006050B000700060F0B00010006130C
:10A8F4000B001500062A0B00060006320B000100AF
:10A9040006350B0004000B3C0B000000063D0B0059
:10A914000000093E0B0000000B3F0B000000094043
:10A924000B0000000B410B00030009470B00010062
:10A93400094B0B0001000B4D0B0000000B550B00E5
:10A94400010009570B000000065C0B000100065FC4
:10A954000B0002000B620B0001000C660B000900E7
:10A9640019700B00000006710B0000000E720B0042
:10A9740005000B820B00000006830B000000068517
:10A984000B000500068E0B00020006920B0003006C
:10A9940006990B000100069C0B000000069E0B00AC
:10A9A400010006A30B00010006A80B00020006AE7E
:10A9B4000B000B0009BE0B0001000BC00B000000D4
:10A9C40009C10B00010009C60B00020009CA0B00F3
:10A9D40002000BCD0B00000006D00B00000009D7CD
:10A9E4000B0000000CE60B0009000EF00B00020047
:10A9F40019F30B00050016F90B00000019FA0B00FF
:10AA040000000B000C00000009010C0002000B0404
:10AA14000C00000006050C000700060E0C000200E6
:10AA240006120C001600062A0C000F000B3C0C004A
:10AA34000000063D0C0000000B3E0C000200094122
:10AA44000C0003000B460C0002000B4A0C00030030
:10AA54000B550C00010006580C000200065D0C00AA
:10AA6400000006600C0001000B620C0001000C6683
:10AA74000C00090014770C0000000E780C0006008E
:10AA8400197F0C00000006800C0000000B810C00F4
:10AA9400000009820C00010014840C0000000685EB
:10AAA4000C000700068E0C00020006920C00160033
:10AAB40006AA0C00090006B50C0004000BBC0C002F
:10AAC400000006BD0C00000009BE0C0000000BBF16
:10AAD4000C00000009C00C0004000BC60C000000B0
:10AAE40009C70C00010009CA0C0001000BCC0C00C2
:10AAF400010009D50C00010006DD0C00010006E090
:10AB04000C0001000BE20C0001000CE60C00090033
:10AB140006F10C0001000B000D00010009020D00FC
:10AB2400010006040D000800060E0D0002000612C6
:10AB34000D0028000B3B0D000100063D0D00000038
:10AB4400093E0D0002000B410D00030009460D00F3
:10AB54000200094A0D0002000B4D0D000000064ED4
:10AB64000D000000194F0D00000006540D000200F6
:10AB740009570D0000000E580D000600065F0D0079
:10AB840002000B620D0001000C660D0009000E703E
:10AB94000D00080019790D000000067A0D0005006B
:10ABA4000B810D00000009820D00010006850D00D7
:10ABB4001100069A0D00170006B30D00080006BD2B
:10ABC4000D00000006C00D0006000BCA0D000000B9
:10ABD40009CF0D0002000BD20D0002000BD60D00B0
:10ABE400000009D80D0007000CE60D00090009F269
:10ABF4000D00010014F40D00000006010E002F00EA
:10AC04000B310E00000006320E0001000B340E0062
:10AC14000600163F0E00000006400E000500054623
:10AC24000E0000000B470E000700144F0E0000003A
:10AC34000C500E000900145A0E00010006810E008B
:10AC4400010006840E00000006860E000400068C37
:10AC54000E00170006A50E00000006A70E0009004E
:10AC64000BB10E00000006B20E0001000BB40E0082
:10AC7400080006BD0E00000006C00E00040005C654
:10AC84000E0000000BC80E0005000CD00E000900D9
:10AC940006DC0E00030006000F00000019010F007F
:10ACA400020014040F000E0019130F000000141406
:10ACB4000F00000019150F0002000B180F0001000F
:10ACC400191A0F0005000C200F0009000E2A0F00AE
:10ACD400090019340F0000000B350F00000019366D
:10ACE4000F0000000B370F00000019380F000000A0
:10ACF4000B390F000000153A0F000000113B0F0044
:10AD04000000153C0F000000113D0F000000093E3B
:10AD14000F00010006400F00070006490F00230042
:10AD24000B710F000D00097F0F0000000B800F0056
:10AD3400040014850F0000000B860F000100068834
:10AD44000F0004000B8D0F000A000B990F00230065
:10AD540019BE0F0007000BC60F00000019C70F0033
:10AD6400050019CE0F00010014D00F00040019D5FE
:10AD74000F00030014D90F000100060010002A0080
:10AD8400092B100001000B2D1000030009311000E5
:10AD940000000B32100005000938100000000B39C8
:10ADA40010000100093B100001000B3D10000100E0
:10ADB400063F100000000C4010000900144A100067
:10ADC40005000650100005000956100001000B583C
:10ADD40010000100065A100003000B5E1000020070
:10ADE40006611000000009621000020006651000F0
:10ADF4000100096710000600066E100002000B71C6
:10AE040010000300067510000C000B8210000000F7
:10AE14000983100001000B85100001000987100050
:10AE240005000B8D10000000068E10000000098F35
:10AE3400100000000C9010000900099A1000020094
:10AE44000B9D10000000199E1000010003A01000CB
:10AE5400250003C71000000003CD1000000003D03C
:10AE640010002A0014FB1000000005FC1000000074
:10AE740003FD10000200060011004801064A1200FA
:10AE84000300065012000600065812000000065A7D
:10AE940012000300066012002800068A1200030054
:10AEA40006901200200006B21200030006B8120039
:10AEB400060006C01200000006C21200030006C805
:10AEC40012000E0006D81200380006121300030008
:10AED4000618130042000B5D1300020014601300F7
:10AEE40008000E6913001300068013000F00199068
:10AEF4001300090003A01300550003F81300050014
:10AF0400100014000000060114006B02196D1600F5
:10AF14000000146E16000000066F160010001C805E
:10AF240016000000068116001900159B160000008B
:10AF3400119C1600000006A016004A0014EB16002F
:10AF440002000DEE1600020006F1160007000600CE
:10AF5400170011000B12170002000915170000005A
:10AF6400061F170012000B321700010009341700E6
:10AF740000001435170001000640170011000B52A1
:10AF840017000100066017000C00066E170002008F
:10AF94000B72170001000680170033000BB4170072
:10AFA400010009B6170000000BB71700060009BE20
:10AFB400170007000BC61700000009C7170001009F
:10AFC4000BC917000A0014D41700020005D7170094
:10AFD400000014D81700020016DB1700000006DC7E
:10AFE400170000000BDD170000000CE0170009003B
:10AFF4000EF01700090014001800050010061800D0
:10B0040000001407180003000B0B18000200010EC7
:10B01400180000000B0F180000000C1018000900A5
:10B0240006201800220005431800000006441800FA
:10B0340034000680180004000B8518000100068700
:10B04400180021000BA91800000006AA180000002F
:10B0540006B018004500060019001E000B20190058
:10B0640002000923190003000B2719000100092914
:10B07400190002000930190001000B321900000008
:10B084000933190005000B39190002001940190091
:10B0940000001444190001000C4619000900065070
:10B0A40019001D00067019000400068019002B0009
:10B0B40006B0190019000CD0190009000EDA1900A5
:10B0C400000019DE1900210006001A0016000B17F3
:10B0D4001A00010009191A0001000B1B1A000000D4
:10B0E400141E1A00010006201A00340009551A0023
:10B0F40000000B561A00000009571A0000000B58F4
:10B104001A0006000B601A00000009611A00000012
:10B114000B621A00000009631A0001000B651A0093
:10B124000700096D1A0005000B731A0009000B7F54
:10B134001A0000000C801A0009000C901A00090083
:10B1440014A01A00060005A71A00000014A81A008B
:10B1540005000BB01A000D000ABE1A0000000BBF58
:10B164001A000F000B001B00030009041B00000061
:10B1740006051B002E000B341B00000009351B00C4
:10B1840000000B361B000400093B1B0000000B3CB5
:10B194001B000000093D1B0004000B421B000000C3
:10B1A40009431B00010006451B0007000C501B004F
:10B1B4000900145A1B00060019611B0009000B6BDF
:10B1C4001B00080019741B000800147D1B000100FB
:10B1D4000B801B00010009821B00000006831B007A
:10B1E4001D0009A11B0000000BA21B00030009A6FF
:10B1F4001B0001000BA81B00010009AA1B00000092
:10B204000BAB1B00020006AE1B0001000CB01B00C0
:10B21400090006BA1B002B000BE61B00000009E71F
:10B224001B0000000BE81B00010009EA1B000200E0
:10B234000BED1B00000009EE1B0000000BEF1B00D0
:10B24400020009F21B00010014FC1B0003000600AD
:10B254001C00230009241C0007000B2C1C00070001
:10B2640009341C0001000B361C000100143B1C00B7
:10B2740004000C401C000900064D1C0002000C5088
:10B284001C000900065A1C001D0005781C0005005E
:10B29400147E1C00010003801C00080003901C00A5
:10B2A4002A0003BD1C00020014C01C0007000BD0C0
:10B2B4001C00020014D31C0000000BD41C000C0062
:10B2C40009E11C0000000BE21C00060006E91C005A
:10B2D40003000BED1C00000006EE1C0005000BF43F
:10B2E4001C00000006F51C00010009F71C0000000A
:10B2F4000BF81C00010006FA1C00000004001D00ED
:10B304002B00052C1D003E00046B1D000C0005786D
:10B314001D00000003791D000000047A1D000200D6
:10B32400037D1D000000047E1D000F00038E1D0020
:10B334000000048F1D000B00059B1D0024000BC0A2
:10B344001D003F0003001E00950004961E0004002B
:10B35400039B1E000000049C1E000100039E1E00AF
:10B364000000049F1E00000003A01E0075000318C7
:10B374001F00050003201F00250003481F000500CF
:10B3840004501F00000003511F00000004521F005E
:10B39400000003531F00000004541F000000035565
:10B3A4001F00000004561F00000003571F00000088
:10B3B40003591F000000035B1F000000035D1F0012
:10B3C4000000035F1F001E0003801F0007000788A2
:10B3D4001F00070003901F00070007981F000700C5
:10B3E40003A01F00070007A81F00070003B01F00E9
:10B3F400010004B21F00000003B31F00000004B4E6
:10B404001F00000004B61F00010003B81F00030062
:10B4140007BC1F00000017BD1F00000003BE1F0073
:10B42400000017BF1F00020004C21F00000003C376
:10B434001F00000004C41F00000004C61F00010018
:10B4440003C81F00030007CC1F00000017CD1F0016
:10B45400020003D01F00010004D21F00010004D623
:10B464001F00010003D81F00030017DD1F000200A6
:10B4740003E01F00010004E21F00020003E51F00B7
:10B48400000004E61F00010003E81F00040017ED9C
:10B494001F00020004F21F00000003F31F0000005D
:10B4A40004F41F00000004F61F00010003F81F004D
:10B4B400030007FC1F00000017FD1F0001001C0013
:10B4C40020000A00010B20000400101020000500D9
:10B4D4001416200001001318200000001219200087
:10B4E4000000151A20000000131B20000100121D8B
:10B4F40020000000151E20000000131F2000000083
:10B504001420200007001A28200000001B29200016
:10B514000000012A200004001C2F20000000143029
:10B5240020000800133920000000123A2000000017
:10B53400143B200003000F3F2000010014412000B1
:10B5440002001844200000001545200000001146A8
:10B5540020000000144720000A00185220000000B8
:10B564001453200000000F54200000001455200044
:10B5740009001C5F20000000016020000400016637
:10B58400200009000E70200000000571200000005A
:10B594000E7420000500187A20000200157D20009A
:10B5A4000000117E20000000057F200000000E80B6
:10B5B40020000900188A20000200158D20000000D8
:10B5C400118E20000000059020000C0016A0200021
:10B5D40020000BD020000C000ADD200003000BE14A
:10B5E400200000000AE2200002000BE520000B000E
:10B5F40019002100010008022100000019032100A4
:10B604000300080721000000190821000100040AB2
:10B6140021000000080B21000200040E210001009B
:10B624000810210002000413210000001914210055
:10B634000000081521000000191621000100181847
:10B6440021000000081921000400191E2100050032
:10B6540008242100000019252100000003262100F0
:10B6640000001927210000000828210000001929E2
:10B6740021000000032A21000100082C2100010000
:10B68400192E21000000042F2100000008302100A1
:10B6940001000332210000000833210000000434BB
:10B6A40021000000063521000300043921000000B8
:10B6B400193A21000100043C21000100083E210048
:10B6C4000100184021000400084521000000044640
:10B6D40021000300194A21000000184B210000003A
:10B6E400194C21000100034E21000000194F2100D4
:10B6F40000000E5021000F000D6021002200038382
:10B70400210001000D85210003000E8921000000A5
:10B71400198A2100010018902100040019952100C4
:10B724000400189A21000100199C2100030018A0AC
:10B734002100000019A12100010018A3210000002C
:10B7440019A42100010018A62100000019A7210056
:10B75400060018AE2100000019AF21001E0018CE0B
:10B764002100010019D02100010018D2210000009D
:10B7740019D32100000018D42100000019D521009C
:10B784001E0018F421000B011900230007001508FE
:10B7940023000000110923000000150A2300000003
:10B7A400110B23000000190C2300130018202300A0
:10B7B4000100192223000600152923000000112A84
:10B7C40023000000192B23005000187C23000000E4
:10B7D400197D23001D00189B2300180019B42300B1
:10B7E400270018DC2300050019E223004400194057
:10B7F40024000A000E6024003B00199C24004D0024
:10B804000EEA2400150019002500B60018B725001B
:10B81400000019B82500080018C12500000019C24D
:10B824002500350018F825000700190026006E00D1
:10B83400186F2600000019702600F700156827000D
:10B844000000116927000000156A27000000116B31
:10B8540027000000156C27000000116D2700000070
:10B86400156E27000000116F2700000015702700D7
:10B8740000001171270000001572270000001173E9
:10B884002700000015742700000011752700000030
:10B894000E7627001D00199427002B0018C02700DE
:10B8A400040015C52700000011C62700000018C7B2
:10B8B40027001E0015E62700000011E727000000FE
:10B8C40015E82700000011E92700000015EA270009
:10B8D400000011EB2700000015EC2700000011ED1B
:10B8E4002700000015EE2700000011EF27000000DC
:10B8F40018F027000F0019002800FF001800290085
:10B904008200158329000000118429000000158598
:10B914002900000011862900000015872900000075
:10B92400118829000000158929000000118A2900C6
:10B934000000158B29000000118C29000000158DD2
:10B9440029000000118E29000000158F2900000035
:10B95400119029000000159129000000119229007E
:10B96400000015932900000011942900000015958A
:10B9740029000000119629000000159729000000F5
:10B98400119829000000189929003E0015D82900B3
:10B99400000011D92900000015DA2900000011DB8C
:10B9A4002900000018DC29001F0015FC29000000F4
:10B9B40011FD2900000018FE2900010119002B00C7
:10B9C4002F0018302B00140019452B0001001847D4
:10B9D4002B000500194D2B00260019762B001F00A3
:10B9E40019972B00680003002C00700004712C00D0
:10B9F400000003722C00010004742C000000037585
:10BA04002C00010004772C000400057C2C000100AC
:10BA1400037E2C00650004E42C00000019E52C00D2
:10BA2400050003EB2C0003000BEF2C00020003F2D3
:10BA34002C00010014F92C0003000EFD2C00000062
:10BA440014FE2C00010003002D00250003272D0007
:10BA54000000032D2D00000006302D003700056F77
:10BA64002D00000014702D0000000B7F2D0000003D
:10BA740006802D00160006A02D00060006A82D0045
:10BA8400060006B02D00060006B82D00060006C00C
:10BA94002D00060006C82D00060006D02D00060065
:10BAA40006D82D0006000BE02D001F0014002E0008
:10BAB400010013022E00000012032E0000001304E4
:10BAC4002E00000012052E00000014062E000200B5
:10BAD40013092E000000120A2E000000140B2E0081
:10BAE4000000130C2E000000120D2E000000140E96
:10BAF4002E00080010172E00000014182E0001005C
:10BB0400101A2E000000141B2E000000131C2E001F
:10BB14000000121D2E000000141E2E000100132030
:10BB24002E00000012212E00000015222E0000001D
:10BB340011232E00000015242E00000011252E00D4
:10BB4400000015262E00000011272E0000001528E5
:10BB54002E00000011292E000000142A2E000400DB
:10BB6400052F2E00000014302E000900103A2E007C
:10BB74000100143C2E00030010402E00000014416C
:10BB84002E00000015422E00000014432E000C006D
:10BB940019502E00010014522E00020015552E00DB
:10BBA400000011562E00000015572E0000001158F9
:10BBB4002E00000015592E000000115A2E0000001E
:10BBC400155B2E000000115C2E000000105D2E009D
:10BBD400000019802E001900199B2E00580019002E
:10BBE4002F00D50019F02F000B001C0030000000BE
:10BBF4001401300002001904300000000505300073
:10BC040000000606300000000D0730000000150893
:10BC140030000000110930000000150A3000000057
:10BC2400110B30000000150C30000000110D300025
:10BC34000000150E30000000110F30000000151038
:10BC44003000000011113000000019123000010012
:10BC540015143000000011153000000015163000D6
:10BC640000001117300000001518300000001119F1
:10BC740030000000151A30000000111B30000000D5
:10BC8400101C30000000151D30000000111E300093
:10BC940001001920300000000D21300008000B2A9B
:10BCA40030000300092E3000010010303000000085
:10BCB4000531300004001936300001000D38300021
:10BCC4000200053B30000000063C30000000143D3B
:10BCD40030000000193E30000100064130005500DC
:10BCE4000B9930000100179B30000100059D3000C6
:10BCF4000100069F3000000010A03000000006A1E3
:10BD04003000590014FB3000000005FC3000020034
:10BD140006FF30000000060531002A00063131001C
:10BD24005D001990310001000E9231000300199654
:10BD34003100090006A031001F0019C031002300A2
:10BD440006F031000F00190032001E000E203200F0
:10BD54000900192A32001D000E483200070019504C
:10BD6400320000000E5132000E00196032001F0034
:10BD74000E8032000900198A320026000EB132000A
:10BD84000E0019C032003F0106003400BF1919C06B
:10BD94004D003F0006004E0014520515A00000009F
:10BDA4000616A00076041990A400360006D0A4005C
:10BDB400270005F8A400050014FEA40001000600F5
:10BDC400A5000B01050CA6000000140DA60002003E
:10BDD4000610A6000F000C20A6000900062AA600E3
:10BDE40001000340A6002D00066EA60000000B6FA4
:10BDF400A60000000A70A60002001473A60000004A
:10BE04000B74A6000900147EA6000000057FA6009E
:10BE140000000380A6001B00059CA60001000B9EE9
:10BE2400A600010006A0A60045000DE6A600090034
:10BE34000BF0A600010014F2A60005001700A700ED
:10BE440016000517A70008001720A7000100032209
:10BE5400A7000D000430A70001000332A7003D0035
:10BE64000570A70000000471A70007000379A7006C
:10BE74000E000588A70000001789A7000100038BA6
:10BE8400A7000200048EA7000000068FA700000090
:10BE94000390A70004000495A70000000396A700E0
:10BEA400180004AFA700000003B0A7001A0003D0D5
:10BEB400A700010004D3A700000004D5A7000000D8
:10BEC40003D6A700030005F2A700020003F5A700AC
:10BED400010006F7A700000005F8A700010004FA16
:10BEE400A700000006FBA70006000B02A800000044
:10BEF4000603A80002000B06A80000000607A8001D
:10BF040003000B0BA8000000060CA8001600092370
:10BF1400A80001000B25A80001000927A8000000C3
:10BF24001928A80003000B2CA80000000E30A8005C
:10BF340005001936A80001001638A80000001939B8
:10BF4400A80000000640A80033001474A8000300F1
:10BF54000980A80001000682A800310009B4A800E5
:10BF64000F000BC4A800010014CEA80001000CD0DF
:10BF7400A80009000BE0A800110006F2A8000500C3
:10BF840014F8A800020006FBA800000014FCA80096
:10BF9400000006FDA80001000BFFA80000000C0033
:10BFA400A9000900060AA9001B000B26A900070026
:10BFB400142EA90001000630A90016000B47A900A1
:10BFC4000A000952A9000100145FA90000000660DC
:10BFD400A9001C000B80A90002000983A90000002D
:10BFE4000684A9002E000BB3A900000009B4A9001F
:10BFF40001000BB6A900030009BAA90001000BBC9B
:10C00400A900010009BEA900020014C1A9000C0086
:10C0140005CFA90000000CD0A900090014DEA90076
:10C02400010006E0A90004000BE5A900000005E6F4
:10C03400A900000006E7A90008000CF0A900090007
:10C0440006FAA90004000600AA0028000B29AA0089
:10C054000500092FAA0001000B31AA0001000933D1
:10C06400AA0001000B35AA0001000640AA00020044
:10C074000B43AA0000000644AA0007000B4CAA00C8
:10C084000000094DAA0000000C50AA000900145C2D
:10C09400AA0003000660AA000F000570AA000000B1
:10C0A4000671AA0005001977AA000200067AAA0000
:10C0B4000000097BAA0000000B7CAA000000097D97
:10C0C400AA000000067EAA0031000BB0AA000000FE
:10C0D40006B1AA0000000BB2AA00020006B5AA002D
:10C0E40001000BB7AA00010006B9AA0004000BBEA8
:10C0F400AA00010006C0AA0000000BC1AA000000AB
:10C1040006C2AA00000006DBAA00010005DDAA00A1
:10C11400000014DEAA00010006E0AA000A0009EBF0
:10C12400AA0000000BECAA00010009EEAA0001001D
:10C1340014F0AA00010006F2AA00000005F3AA0008
:10C14400010009F5AA0000000BF6AA000000060190
:10C15400AB0005000609AB0005000611AB000500A5
:10C164000620AB0006000628AB0006000430AB0036
:10C1740022000353AB0000000454AB000600175B1D
:10C18400AB000000055CAB0003000460AB000800DA
:10C194000569AB000000176AAB0001000370AB0037
:10C1A4004F0006C0AB00220009E3AB0001000BE521
:10C1B400AB00000009E6AB0001000BE8AB00000097
:10C1C40009E9AB00010014EBAB00000009ECAB0083
:10C1D40000000BEDAB0000000CF0AB000900060002
:10C1E400AC00A32B06B0D700160006CBD700300056
:10C1F4000200D800FF070600F9006D010670FA007E
:10C2040069000400FB0006000413FB000400061D83
:10C21400FB0000000B1EFB000000061FFB000900D2
:10C224001829FB000000062AFB000C000638FB005E
:10C234000400063EFB0000000640FB00010006432C
:10C24400FB0001000646FB006B0017B2FB00100068
:10C2540006D3FB006A01113EFD000000153FFD00FE
:10C2640000001940FD000F000650FD003F0006923B
:10C27400FD00350019CFFD00000006F0FD000B00A5
:10C2840016FCFD00000019FDFD0002000B00FE007D
:10C294000F001410FE0006001517FE000000111810
:10C2A400FE0000001419FE0000000B20FE000F0029
:10C2B4001430FE0000001031FE0001000F33FE00B8
:10C2C40001001535FE0000001136FE000000153790
:10C2D400FE0000001138FE0000001539FE000000C9
:10C2E400113AFE000000153BFE000000113CFE0068
:10C2F4000000153DFE000000113EFE000000153F49
:10C30400FE0000001140FE0000001541FE00000088
:10C314001142FE0000001543FE0000001144FE001F
:10C3240000001445FE0001001547FE0000001148FE
:10C33400FE0000001449FE0003000F4DFE00020041
:10C344001450FE0002001454FE0003001058FE00B6
:10C3540000001559FE000000115AFE000000155B94
:10C36400FE000000115CFE000000155DFE000000F0
:10C37400115EFE000000145FFE0002001862FE0061
:10C3840000001063FE0000001864FE000200146840
:10C39400FE0000001669FE000000146AFE000100A1
:10C3A4000670FE0004000676FE00860001FFFE0013
:10C3B40000001401FF0002001604FF000000140531
:10C3C400FF0002001508FF0000001109FF00000033
:10C3D400140AFF000000180BFF000000140CFF00FB
:10C3E4000000100DFF000000140EFF0001000C10EF
:10C3F400FF000900141AFF000100181CFF000200CE
:10C40400141FFF0001000321FF001900153BFF006A
:10C414000000143CFF000000113DFF000000173E27
:10C42400FF0000000F3FFF0000001740FF00000066
:10C434000341FF001900155BFF000000185CFF00BA
:10C444000000115DFF000000185EFF000000155F92
:10C45400FF0000001160FF0000001461FF000000F5
:10C464001562FF0000001163FF0000001464FF0068
:10C4740001000666FF0009000570FF000000067158
:10C48400FF002C00059EFF00010006A0FF001E0017
:10C4940006C2FF00050006CAFF00050006D2FF0021
:10C4A400050006DAFF00020016E0FF00010018E2B2
:10C4B400FF00000017E3FF00000019E4FF00000084
:10C4C40016E5FF00010019E8FF00000018E9FF006D
:10C4D400030019EDFF00010001F9FF00020019FC3F
:10C4E400FF000100060000010B00060D0001190009
:10C4F400062800011200063C00010100063F00016D
:10C504000E00065000010D00068000017A001400A0
:10C51400010102000E0701012C0019370101080076
:10C524000D40010134000E75010103001979010168
:10C5340010000E8A01010100198C010102001990FA
:10C5440001010C0019A00101000019D001012C0007
:10C554000BFD01010000068002011C0006A002017F
:10C5640030000BE0020100000EE102011A00060097
:10C5740003011F000E2003010300062D0301130015
:10C584000D41030100000642030107000D4A0301A7
:10C5940000000650030125000B7603010400068009
:10C5A40003011D00149F0301000006A003012300E2
:10C5B40006C80301070014D0030100000DD10301D4
:10C5C4000400030004014F00065004014D000CA0B8
:10C5D4000401090003B00401230003D8040123006B
:10C5E400060005012700063005013300146F05011C
:10C5F4000000037005010A00037C05010E00038C92
:10C6040005010600039405010100039705010A00D2
:10C6140003A305010E0003B30501060003BB0501D6
:10C6240001000600060136010640070115000660F8
:10C634000701070005800701050005870701290098
:10C6440005B20701080006000801050006080801F4
:10C654000000060A08012B00063708010100063C09
:10C6640008010000063F08011600145708010000E5
:10C674000E58080107000660080116001977080122
:10C6840001000E7908010600068008011E000EA7AD
:10C694000801080006E00801120006F40801010080
:10C6A4000EFB080104000600090115000E1609011D
:10C6B4000500141F09010000062009011900143F98
:10C6C400090100000680090137000EBC09010100C0
:10C6D40006BE090101000EC009010F000ED20901B6
:10C6E4002D0006000A0100000B010A0102000B05DF
:10C6F4000A0101000B0C0A01030006100A010300E1
:10C7040006150A01020006190A011C000B380A0169
:10C7140002000B3F0A0100000E400A0108001450F9
:10C724000A01080006600A011C000E7D0A010100CE
:10C73400147F0A01000006800A011C000E9D0A01F4
:10C74400020006C00A01070019C80A01000006C950
:10C754000A011B000BE50A0101000EEB0A010400AB
:10C7640014F00A01060006000B01350014390B0110
:10C77400060006400B0115000E580B010700066069
:10C784000B0112000E780B01070006800B0111004B
:10C7940014990B0103000EA90B01060006000C01FD
:10C7A400480003800C01320003C00C0132000EFA71
:10C7B4000C01050006000D0123000B240D010300EC
:10C7C4000C300D0109000E600E011E0006800E01E2
:10C7D40029000BAB0E01010010AD0E01000006B0E4
:10C7E4000E01010006000F011C000E1D0F010900BF
:10C7F40006270F01000006300F0115000B460F013C
:10C804000A000E510F01030014550F0104000670B5
:10C814000F0111000B820F01030014860F010300A6
:10C8240006B00F0114000EC50F01060006E00F014B
:10C8340016000900100100000B011001000009029C
:10C84400100100000603100134000B3810010E0023
:10C854001447100106000E52100113000C6610015B
:10C8640009000B70100100000671100101000B7328
:10C87400100101000675100100000B7F1001020079
:10C88400098210010000068310012C0009B0100178
:10C8940002000BB31001030009B7100101000BB92A
:10C8A4001001010014BB1001010001BD10010000C2
:10C8B40014BE100103000BC21001000001CD1001D1
:10C8C400000006D0100118000CF0100109000B0044
:10C8D400110102000603110123000B2711010400BA
:10C8E400092C110100000B2D110107000C36110158
:10C8F4000900144011010300064411010000094518
:10C904001101010006471101000006501101220027
:10C914000B7311010000147411010100067611015A
:10C9240000000B801101010009821101000006833F
:10C9340011012F0009B3110102000BB61101080007
:10C9440009BF1101010006C11101030014C5110141
:10C9540003000BC91101030014CD1101000009CE1D
:10C96400110100000BCF110100000CD011010900CE
:10C9740006DA1101000014DB1101000006DC1101CC
:10C98400000014DD110102000EE111011300060084
:10C9940012011100061312011800092C12010200E1
:10C9A4000B2F120102000932120101000B34120193
:10C9B40000000935120100000B3612010100143881
:10C9C400120105000B3E1201000006801201060050
:10C9D400068812010000068A12010300068F120164
:10C9E4000E00069F1201090014A91201000006B0EE
:10C9F40012012E000BDF1201000009E012010200F7
:10CA04000BE3120107000CF0120109000B001301E3
:10CA14000100090213010100060513010700060FB6
:10CA240013010100061313011500062A1301060061
:10CA34000632130101000635130104000B3B1301F8
:10CA44000100063D13010000093E130101000B40E3
:10CA540013010000094113010300094713010100F8
:10CA6400094B13010200065013010000095713017A
:10CA74000000065D130104000962130101000B6646
:10CA8400130106000B7013010400060014013400A6
:10CA94000935140102000B38140107000940140180
:10CAA40001000B42140102000945140100000B4669
:10CAB40014010000064714010300144B1401040080
:10CAC4000C5014010900145A14010100145D1401DE
:10CAD40000000B5E14010000065F140102000680D2
:10CAE40014012F0009B0140102000BB31401050056
:10CAF40009B9140100000BBA1401000009BB1401A8
:10CB040003000BBF1401010009C1140100000BC292
:10CB14001401010006C41401010014C6140100002C
:10CB240006C7140100000CD0140109000680150189
:10CB34002E0009AF150102000BB21501030009B85C
:10CB4400150103000BBC1501010009BE150100000D
:10CB54000BBF1501010014C11501160006D81501FB
:10CB640003000BDC15010100060016012F0009303B
:10CB7400160102000B3316010700093B16010100E0
:10CB84000B3D16010000093E160100000B3F160183
:10CB940001001441160102000644160100000C5065
:10CBA40016010900146016010C00068016012A0003
:10CBB4000BAB1601000009AC160100000BAD160109
:10CBC400000009AE160101000BB01601050009B6FC
:10CBD400160100000BB71601000006B8160100008C
:10CBE40014B9160100000CC0160109000600170153
:10CBF4001A000B1D170102000920170101000B2266
:10CC0400170103000926170100000B271701040070
:10CC14000C30170109000E3A17010100143C1701EA
:10CC24000200193F17010000064017010600060024
:10CC340018012B00092C180102000B2F1801080001
:10CC44000938180100000B3918010100143B1801C0
:10CC5400000003A018013F000CE0180109000EEACF
:10CC64001801080006FF1801070006091901000051
:10CC7400060C19010700061519010100061819010F
:10CC840017000930190105000937190101000B3B90
:10CC940019010100093D190100000B3E19010000B2
:10CCA400063F19010000094019010000064119015D
:10CCB40000000942190100000B431901000014444B
:10CCC400190102000C501901090006A019010700FE
:10CCD40006AA1901260009D1190102000BD4190171
:10CCE40003000BDA1901010009DC190103000BE050
:10CCF4001901000006E11901000014E21901000005
:10CD040006E31901000009E41901000006001A01F4
:10CD140000000B011A010900060B1A0127000B334E
:10CD24001A01050009391A010000063A1A01000027
:10CD34000B3B1A010300143F1A0107000B471A01A9
:10CD4400000006501A0100000B511A010500095792
:10CD54001A0101000B591A010200065C1A012D0088
:10CD64000B8A1A010C0009971A0100000B981A018A
:10CD74000100149A1A010200069D1A010000149E73
:10CD84001A01040006B01A01480006001C0108003C
:10CD9400060A1C012400092F1C0100000B301C0191
:10CDA40006000B381C010500093E1C0100000B3F66
:10CDB4001C01000006401C01000014411C01040079
:10CDC4000C501C0109000E5A1C01120014701C01A5
:10CDD400010006721C011D000B921C01150009A91B
:10CDE4001C0100000BAA1C01060009B11C01000073
:10CDF4000BB21C01010009B41C0100000BB51C019D
:10CE0400010006001D01060006081D010100060BB5
:10CE14001D0125000B311D0105000B3A1D01000009
:10CE24000B3C1D0101000B3F1D01060006461D01C0
:10CE340000000B471D0100000C501D010900066095
:10CE44001D01050006671D010100066A1D011F0082
:10CE5400098A1D0104000B901D01010009931D01A5
:10CE640001000B951D01000009961D0100000B97A0
:10CE74001D01000006981D0100000CA01D01090001
:10CE840006E01E0112000BF31E01010009F51E014C
:10CE9400010014F71E01010006B01F0100000EC0BE
:10CEA4001F01140019D51F01070016DD1F0103001F
:10CEB40019E11F01100014FF1F01000006002001EA
:10CEC40099030D0024016E001470240104000680EF
:10CED4002401C30006902F01600014F12F0101000A
:10CEE400060030012E04013034010800060044011C
:10CEF400460206006801380206406A011E000C6002
:10CF04006A010900146E6A01010006706A014E008C
:10CF14000CC06A01090006D06A011D000BF06A0109
:10CF2400040014F56A01000006006B012F000B30A9
:10CF34006B01060014376B010400193C6B010300FC
:10CF440005406B01030014446B01000019456B019B
:10CF540000000C506B0109000E5B6B0106000663B8
:10CF64006B011400067D6B01120003406E013F004B
:10CF74000E806E01160014976E01030006006F0107
:10CF84004A000B4F6F01000006506F010000095169
:10CF94006F0136000B8F6F01030005936F010C00C6
:10CFA40005E06F01010014E26F01000005E36F0169
:10CFB40000000BE46F01000009F06F01010006009E
:10CFC4007001F71706008801D50406008D010800DA
:10CFD40005F0AF01030005F5AF01060005FDAF0143
:10CFE40001000600B00122010650B10102000664EE
:10CFF400B10103000670B1018B010600BC016A0097
:10D004000670BC010C000680BC0108000690BC013F
:10D014000900199CBC0100000B9DBC010100149F78
:10D02400BC01000001A0BC0103000B00CF012D00D6
:10D034000B30CF0116001950CF0173001900D00135
:10D04400F5001900D10126001929D1013B00096519
:10D05400D10101000B67D1010200196AD10102005C
:10D06400096DD10105000173D10107000B7BD101CA
:10D0740007001983D10101000B85D1010600198C29
:10D08400D1011D000BAAD101030019AED1013C004E
:10D094001900D20141000B42D20102001945D2010C
:10D0A40000000EE0D20113001900D30156000E60F7
:10D0B400D30118000800D4011900041AD40119007E
:10D0C4000834D4011900044ED40106000456D401D6
:10D0D40011000868D40119000482D4011900089CC5
:10D0E400D4010000089ED401010008A2D40100006C
:10D0F40008A5D401010008A9D401030008AED40195
:10D10400070004B6D401030004BBD401000004BD2D
:10D11400D401060004C5D4010A0008D0D4011900C2
:10D1240004EAD40119000804D50101000807D50157
:10D134000300080DD50107000816D5010600041EDA
:10D14400D50119000838D5010100083BD5010300B9
:10D154000840D50104000846D5010000084AD5015D
:10D1640006000452D5011900086CD5011900048683
:10D17400D501190008A0D501190004BAD501190078
:10D1840008D4D501190004EED50119000808D60108
:10D1940019000422D6011900083CD60119000456CE
:10D1A400D60119000870D6011900048AD6011B00A3
:10D1B40008A8D601180018C1D601000004C2D6017F
:10D1C400180018DBD601000004DCD601050008E2D3
:10D1D400D601180018FBD601000004FCD601180083
:10D1E4001815D70100000416D7010500081CD70143
:10D1F40018001835D70100000436D7011800184F5D
:10D20400D70100000450D70105000856D7011800C3
:10D21400186FD70100000470D70118001889D701CE
:10D224000000048AD70105000890D701180018A946
:10D23400D701000004AAD701180018C3D7010000C1
:10D2440004C4D701050008CAD701000004CBD701E4
:10D2540000000CCED70131001900D801FF010B00EA
:10D26400DA0136001937DA0103000B3BDA01310029
:10D27400196DDA0107000B75DA0100001976DA017D
:10D284000D000B84DA0100001985DA01010014870E
:10D29400DA0104000B9BDA0104000BA1DA010E0091
:10D2A4000400DF010900060ADF010000040BDF01AE
:10D2B40013000B00E00106000B08E00110000B1B3B
:10D2C400E00106000B23E00101000B26E00104004D
:10D2D4000600E1012C000B30E10106000537E101F5
:10D2E40006000C40E1010900064EE1010000194F5F
:10D2F400E10100000690E2011D000BAEE201000016
:10D3040006C0E2012B000BECE20103000CF0E20189
:10D31400090016FFE201000006E0E701060006E846
:10D32400E701030006EDE701010006F0E7010E0046
:10D334000600E801C4000EC7E80108000BD0E801AC
:10D3440006000300E90143000B44E9010600054B14
:10D35400E90100000C50E9010900145EE901010033
:10D364000E71EC013A0019ACEC0100000EADEC01B9
:10D37400020016B0EC0100000EB1EC0103000E0136
:10D38400ED012C00192EED0100000E2FED010E0011
:10D394000600EE0103000605EE011A000621EE0167
:10D3A40001000624EE0100000627EE010000062914
:10D3B400EE0109000634EE0103000639EE01000017
:10D3C400063BEE0100000642EE0100000647EE01B6
:10D3D40000000649EE010000064BEE010000064D78
:10D3E400EE0102000651EE0101000654EE010000B8
:10D3F4000657EE0100000659EE010000065BEE013F
:10D404000000065DEE010000065FEE01000006610B
:10D41400EE0101000664EE0100000667EE01030060
:10D42400066CEE0106000674EE0103000679EE01B7
:10D434000300067EEE0100000680EE010900068B63
:10D44400EE01100006A1EE01020006A5EE010400A3
:10D4540006ABEE01100018F0EE0101001900F00116
:10D464002B001930F001630019A0F0010E0019B16E
:10D47400F0010E0019C1F0010E0019D1F0012400D1
:10D484000E00F1010C00190DF101A00019E6F101E3
:10D494001C001910F2012B001940F2010800195068
:10D4A400F20101001960F20105001900F301FA000C
:10D4B40017FBF30104001900F401D70219DDF6018A
:10D4C4000F0019F0F6010C001900F7017300198020
:10D4D400F701580019E0F7010B0019F0F7010000FB
:10D4E4001900F8010B001910F80137001950F80160
:10D4F40009001960F80127001990F8011D0019B0FE
:10D50400F80101001900F90153011960FA010D0035
:10D514001970FA0104001978FA0104001980FA015B
:10D5240006001990FA011C0019B0FA010A0019C08A
:10D53400FA01050019D0FA01090019E0FA010700FF
:10D5440019F0FA0106001900FB0192001994FB017D
:10D5540036000CF0FB01090006000002DFA60600FD
:10D56400A70238100640B702DD000620B802811673
:10D5740006B0CE02301D0600F8021D0206000003AC
:10D584004A130101000E00000120000E5F000B0091
:10D59400010EEF000C5F104E154E2A4E314E364EE2
:10D5A4003C4E3F4E424E564E584E824E854E6B8CEC
:10D5B4008A4E12820D5F8E4E9E4E9F4EA04EA24EFC
:10D5C400B04EB34EB64ECE4ECD4EC44EC64EC24EE7
:10D5D400D74EDE4EED4EDF4EF74E094F5A4F304FC9
:10D5E4005B4F5D4F574F474F764F884F8F4F984F44
:10D5F4007B4F694F704F914F6F4F864F964F185125
:10D60400D44FDF4FCE4FD84FDB4FD14FDA4FD04FEF
:10D61400E44FE54F1A50285014502A502550055015
:10D624001C4FF64F215029502C50FE4FEF4F1150F4
:10D6340006504350475003675550505048505A5075
:10D6440056506C50785080509A508550B450B25017
:10D65400C950CA50B350C250D650DE50E550ED50B8
:10D66400E350EE50F950F550095101510251165151
:10D67400155114511A5121513A5137513C513B51D2
:10D684003F51405152514C5154516251F87A6951B1
:10D694006A516E5180518251D8568C5189518F51A3
:10D6A4009151935195519651A451A651A251A9510A
:10D6B400AA51AB51B351B151B251B051B551BD5151
:10D6C400C551C951DB51E0515586E951ED51F05135
:10D6D400F551FE5104520B5214520E5227522A5243
:10D6E4002E52335239524F5244524B524C525E5284
:10D6F40054526A527452695273527F527D528D52FF
:10D7040094529252715288529152A88FA78FAC5260
:10D71400AD52BC52B552C152CD52D752DE52E35231
:10D72400E652ED98E052F352F552F852F95206538C
:10D73400085338750D5310530F5315531A5323536D
:10D744002F53315333533853405346534553174E95
:10D7540049534D53D6515E5369536E5318597B53F5
:10D76400775382539653A053A653A553AE53B05345
:10D77400B653C353127CD996DF53FC66EE71EE5355
:10D78400E853ED53FA5301543D5440542C542D5452
:10D794003C542E54365429541D544E548F547554AD
:10D7A4008E545F5471547754705492547B54805403
:10D7B4007654845490548654C754A254B854A554EF
:10D7C400AC54C454C854A854AB54C254A454BE5406
:10D7D400BC54D854E554E6540F551455FD54EE5436
:10D7E400ED54FA54E2543955405563554C552E5571
:10D7F4005C55455556555755385533555D559955CE
:10D804008055AF548A559F557B557E5598559E55E6
:10D81400AE557C558355A9558755A855DA55C55538
:10D82400DF55C455DC55E455D4551456F7551656F2
:10D83400FE55FD551B56F9554E565056DF7134565C
:10D844003656325638566B5664562F566C566A56B0
:10D85400865680568A56A05694568F56A556AE566E
:10D86400B656B456C256BC56C156C356C056C85610
:10D87400CE56D156D356D756EE56F9560057FF56C4
:10D884000457095708570B570D571357185716576E
:10D89400C7551C572657375738574E573B5740578D
:10D8A4004F576957C057885761577F5789579357C0
:10D8B400A057B357A457AA57B057C357C657D457FE
:10D8C400D257D3570A58D657E3570B5819581D58EF
:10D8D4007258215862584B587058C06B52583D5872
:10D8E40079588558B9589F58AB58BA58DE58BB5820
:10D8F400B858AE58C558D358D158D758D958D8580D
:10D90400E558DC58E458DF58EF58FA58F958FB58F2
:10D91400FC58FD5802590A5910591B59A668255933
:10D924002C592D59325938593E59D27A5559505992
:10D934004E595A5958596259605967596C5969591D
:10D94400785981599D595E4FAB4FA359B259C65965
:10D95400E859DC598D59D959DA59255A1F5A115A9F
:10D964001C5A095A1A5A405A6C5A495A355A365A44
:10D97400625A6A5A9A5ABC5ABE5ACB5AC25ABD5AA9
:10D98400E35AD75AE65AE95AD65AFA5AFB5A0C5B62
:10D994000B5B165B325BD05A2A5B365B3E5B435BA8
:10D9A400455B405B515B555B5A5B5B5B655B695BED
:10D9B400705B735B755B785B88657A5B805B835BAC
:10D9C400A65BB85BC35BC75BC95BD45BD05BE45B42
:10D9D400E65BE25BDE5BE55BEB5BF05BF65BF35B1C
:10D9E400055C075C085C0D5C135C205C225C285CB5
:10D9F400385C395C415C465C4E5C535C505C4F5C0B
:10DA0400715B6C5C6E5C624E765C795C8C5C915C88
:10DA1400945C9B59AB5CBB5CB65CBC5CB75CC55CA2
:10DA2400BE5CC75CD95CE95CFD5CFA5CED5C8C5D5A
:10DA3400EA5C0B5D155D175D5C5D1F5D1B5D115D33
:10DA4400145D225D1A5D195D185D4C5D525D4E5D7D
:10DA54004B5D6C5D735D765D875D845D825DA25D0B
:10DA64009D5DAC5DAE5DBD5D905DB75DBC5DC95D4A
:10DA7400CD5DD35DD25DD65DDB5DEB5DF25DF55DC5
:10DA84000B5E1A5E195E115E1B5E365E375E445E87
:10DA9400435E405E4E5E575E545E5F5E625E645EF1
:10DAA400475E755E765E7A5EBC9E7F5EA05EC15EFA
:10DAB400C25EC85ED05ECF5ED65EE35EDD5EDA5ED9
:10DAC400DB5EE25EE15EE85EE95EEC5EF15EF35E23
:10DAD400F05EF45EF85EFE5E035F095F5D5F5C5FAF
:10DAE4000B5F115F165F295F2D5F385F415F485FF1
:10DAF4004C5F4E5F2F5F515F565F575F595F615FA9
:10DB04006D5F735F775F835F825F7F5F8A5F885F2C
:10DB1400915F875F9E5F995F985FA05FA85FAD5F2D
:10DB2400BC5FD65FFB5FE45FF85FF15FDD5FB3600E
:10DB3400FF5F216060601960106029600E603160D1
:10DB44001B6015602B6026600F603A605A6041606C
:10DB54006A6077605F604A6046604D6063604360FE
:10DB6400646042606C606B60596081608D60E760E6
:10DB740083609A6084609B60966097609260A760FF
:10DB84008B60E160B860E060D360B460F05FBD605A
:10DB9400C660B560D8604D6115610661F660F760D6
:10DBA4000061F460FA6003612161FB60F1600D6162
:10DBB4000E6147613E61286127614A613F613C61B2
:10DBC4002C6134613D6142614461736177615861E4
:10DBD40059615A616B6174616F61656171615F6103
:10DBE4005D6153617561996196618761AC6194610E
:10DBF4009A618A619161AB61AE61CC61CA61C961AC
:10DC0400F761C861C361C661BA61CB61797FCD61D7
:10DC1400E661E361F661FA61F461FF61FD61FC6153
:10DC2400FE610062086209620D620C6214621B628A
:10DC34001E6221622A622E62306232623362416263
:10DC44004E625E6263625B62606268627C62826290
:10DC540089627E62926293629662D4628362946203
:10DC6400D762D162BB62CF62FF62C662D464C8620B
:10DC7400DC62CC62CA62C262C7629B62C9620C6324
:10DC8400EE62F162276302630863EF62F562506338
:10DC94003E634D631C644F6396638E638063AB6322
:10DCA4007663A3638F6389639F63B5636B636963FF
:10DCB400BE63E963C063C663E363C963D263F663A7
:10DCC400C4631664346406641364266436641D6590
:10DCD400176428640F6467646F6476644E642A650D
:10DCE40095649364A564A9648864BC64DA64D264AA
:10DCF400C564C764BB64D864C264F164E764098220
:10DD0400E064E164AC62E364EF642C65F664F4649B
:10DD1400F264FA640065FD6418651C650565246594
:10DD240023652B65346535653765366538654B7510
:10DD34004865566555654D6558655E655D657265F2
:10DD44007865826583658A8B9B659F65AB65B765DE
:10DD5400C365C665C165C465CC65D265DB65D96537
:10DD6400E065E165F16572670A660366FB657367E2
:10DD74003566366634661C664F6644664966416697
:10DD84005E665D666466676668665F666266706640
:10DD9400836688668E668966846698669D66C166B3
:10DDA400B966C966BE66BC66C466B866D666DA6617
:10DDB400E0663F66E666E966F066F566F7660F6755
:10DDC40016671E672667276738972E673F6736678B
:10DDD40041673867376746675E6760675967636797
:10DDE400646789677067A9677C676A678C678B67F4
:10DDF400A667A1678567B767EF67B467EC67B36722
:10DE0400E967B867E467DE67DD67E267EE67B9670D
:10DE1400CE67C667E7679C6A1E68466829684068DB
:10DE24004D6832684E68B3682B68596863687768D0
:10DE34007F689F688F68AD6894689D689B688368F5
:10DE4400AE6AB9687468B568A068BA680F698D6805
:10DE54007E680169CA680869D86822692669E16828
:10DE64000C69CD68D468E768D568366912690469B5
:10DE7400D768E3682569F968E068EF6828692A6962
:10DE84001A6923692169C668796977695C6978695F
:10DE94006B6954697E696E69396974693D69596948
:10DEA400306961695E695D6981696A69B269AE698F
:10DEB400D069BF69C169D369BE69CE69E85BCA69C3
:10DEC400DD69BB69C369A7692E6A9169A0699C6908
:10DED4009569B469DE69E869026A1B6AFF690A6BBD
:10DEE400F969F269E769056AB1691E6AED69146A3C
:10DEF400EB690A6A126AC16A236A136A446A0C6A81
:10DF0400726A366A786A476A626A596A666A486AED
:10DF1400386A226A906A8D6AA06A846AA26AA36ACD
:10DF2400976A1786BB6AC36AC26AB86AB36AAC6A7C
:10DF3400DE6AD16ADF6AAA6ADA6AEA6AFB6A056B90
:10DF44001686FA6A126B166B319B1F6B386B376B34
:10DF5400DC76396BEE98476B436B496B506B596BAE
:10DF6400546B5B6B5F6B616B786B796B7F6B806BF6
:10DF7400846B836B8D6B986B956B9E6BA46BAA6B98
:10DF8400AB6BAF6BB26BB16BB36BB76BBC6BC66B8C
:10DF9400CB6BD36BDF6BEC6BEB6BF36BEF6BBE9EFE
:10DFA400086C136C146C1B6C246C236C5E6C556CC9
:10DFB400626C6A6C826C8D6C9A6C816C9B6C7E6CEE
:10DFC400686C736C926C906CC46CF16CD36CBD6CAB
:10DFD400D76CC56CDD6CAE6CB16CBE6CBA6CDB6CB2
:10DFE400EF6CD96CEA6C1F6D4D88366D2B6D3D6DF1
:10DFF400386D196D356D336D126D0C6D636D936DE8
:10E00400646D5A6D796D596D8E6D956DE46F856D86
:10E01400F96D156E0A6EB56DC76DE66DB86DC66D9A
:10E02400EC6DDE6DCC6DE86DD26DC56DFA6DD96D9C
:10E03400E46DD56DEA6DEE6D2D6E6E6E2E6E196EFD
:10E04400726E5F6E3E6E236E6B6E2B6E766E4D6ED1
:10E054001F6E436E3A6E4E6E246EFF6E1D6E386EEA
:10E06400826EAA6E986EC96EB76ED36EBD6EAF6EB9
:10E07400C46EB26ED46ED56E8F6EA56EC26E9F6E78
:10E08400416F116F4C70EC6EF86EFE6E3F6FF26E66
:10E09400316FEF6E326FCC6E3E6F136FF76E866F1B
:10E0A4007A6F786F816F806F6F6F5B6FF36F6D6FD7
:10E0B400826F7C6F586F8E6F916FC26F666FB36F94
:10E0C400A36FA16FA46FB96FC66FAA6FDF6FD56F0F
:10E0D400EC6FD46FD86FF16FEE6FDB6F09700B705C
:10E0E400FA6F117001700F70FE6F1B701A70746FED
:10E0F4001D7018701F7030703E70327051706370F4
:10E1040099709270AF70F170AC70B870B370AE70FB
:10E11400DF70CB70DD70D9700971FD701C711971DD
:10E12400657155718871667162714C7156716C714B
:10E134008F71FB7184719571A871AC71D771B971CC
:10E14400BE71D271C971D471CE71E071EC71E77195
:10E15400F571FC71F971FF710D7210721B722872E6
:10E164002D722C72307232723B723C723F7240726A
:10E1740046724B72587274727E72827281728772A6
:10E1840092729672A272A772B972B272C372C67296
:10E19400C472CE72D272E272E072E172F972F772F4
:10E1A4000F5017730A731C7316731D7334732F7314
:10E1B400297325733E734E734F73D89E57736A73D6
:10E1C40068737073787375737B737A73C873B3737E
:10E1D400CE73BB73C073E573EE73DE73A274057400
:10E1E4006F742574F87332743A7455743F745F74A1
:10E1F400597441745C746974707463746A74767469
:10E204007E748B749E74A774CA74CF74D474F173BF
:10E21400E074E374E774E974EE74F274F074F17406
:10E22400F874F7740475037505750C750E750D7522
:10E23400157513751E7526752C753C7544754D75CD
:10E244004A7549755B7546755A7569756475677560
:10E254006B756D75787576758675877574758A7541
:10E264008975827594759A759D75A575A375C27522
:10E27400B375C375B575BD75B875BC75B175CD7518
:10E28400CA75D275D975E375DE75FE75FF75FC75B3
:10E294000176F075FA75F275F3750B760D760976DD
:10E2A4001F76277620762176227624763476307689
:10E2B4003B764776487646765C7658766176627623
:10E2C400687669766A7667766C7670767276767634
:10E2D40078767C768076837688768B768E7696765C
:10E2E400937699769A76B076B476B876B976BA7625
:10E2F400C276CD76D676D276DE76E176E576E776A8
:10E30400EA762F86FB7608770777047729772477D0
:10E314001E77257726771B773777387747775A77AD
:10E3240068776B775B7765777F777E7779778E779A
:10E334008B779177A0779E77B077B677B977BF77E9
:10E34400BC77BD77BB77C777CD77D777DA77DC77BC
:10E35400E377EE77FC770C781278267920782A799F
:10E3640045788E78747886787C789A788C78A378D7
:10E37400B578AA78AF78D178C678CB78D478BE78D7
:10E38400BC78C578CA78EC78E778DA78FD78F478E0
:10E3940007791279117919792C792B794079607977
:10E3A40057795F795A79557953797A797F798A7966
:10E3B4009D79A7794B9FAA79AE79B379B979BA795E
:10E3C400C979D579E779EC79E179E379087A0D7A35
:10E3D400187A197A207A1F7A8079317A3B7A3E7AD0
:10E3E400377A437A577A497A617A627A697A9D9F51
:10E3F400707A797A7D7A887A977A957A987A967A01
:10E40400A97AC87AB07AB67AC57AC47ABF7A839080
:10E41400C77ACA7ACD7ACF7AD57AD37AD97ADA7AA0
:10E42400DD7AE17AE27AE67AED7AF07A027B0F7BA2
:10E434000A7B067B337B187B197B1E7B357B287B11
:10E44400367B507B7A7B047B4D7B0B7B4C7B457B03
:10E45400757B657B747B677B707B717B6C7B6E7B70
:10E464009D7B987B9F7B8D7B9C7B9A7B8B7B927B1C
:10E474008F7B5D7B997BCB7BC17BCC7BCF7BB47B60
:10E48400C67BDD7BE97B117C147CE67BE57B607CD1
:10E49400007C077C137CF37BF77B177C0D7CF67B7D
:10E4A400237C277C2A7C1F7C377C2B7C3D7C4C7C0A
:10E4B400437C547C4F7C407C507C587C5F7C647CE7
:10E4C400567C657C6C7C757C837C907CA47CAD7C68
:10E4D400A27CAB7CA17CA87CB37CB27CB17CAE7CFE
:10E4E400B97CBD7CC07CC57CC27CD87CD27CDC7C05
:10E4F400E27C3B9BEF7CF27CF47CF67CFA7C067D30
:10E50400027D1C7D157D0A7D457D4B7D2E7D327DF2
:10E514003F7D357D467D737D567D4E7D727D687D64
:10E524006E7D4F7D637D937D897D5B7D8F7D7D7D5C
:10E534009B7DBA7DAE7DA37DB57DC77DBD7DAB7D65
:10E544003D7EA27DAF7DDC7DB87D9F7DB07DD87D95
:10E55400DD7DE47DDE7DFB7DF27DE17D057E0A7E51
:10E56400237E217E127E317E1F7E097E0B7E227EDB
:10E57400467E667E3B7E357E397E437E377E327EA6
:10E584003A7E677E5D7E567E5E7E597E5A7E797EB9
:10E594006A7E697E7C7E7B7E837ED57D7D7EAE8F2A
:10E5A4007F7E887E897E8C7E927E907E937E947E12
:10E5B400967E8E7E9B7E9C7E387F3A7F457F4C7F05
:10E5C4004D7F4E7F507F517F557F547F587F5F7FB3
:10E5D400607F687F697F677F787F827F867F837FA4
:10E5E400887F877F8C7F947F9E7F9D7F9A7FA37F88
:10E5F400AF7FB27FB97FAE7FB67FB87F718BC57FA7
:10E60400C67FCA7FD57FD47FE17FE67FE97FF37F32
:10E61400F97FDC98068004800B80128018801980B2
:10E624001C80218028803F803B804A804680528025
:10E6340058805A805F8062806880738072807080A6
:10E64400768079807D807F808480868085809B80B1
:10E6540093809A80AD809051AC80DB80E580D98036
:10E66400DD80C480DA80D6800981EF80F1801B814F
:10E67400298123812F814B818B9646813E81538151
:10E684005181FC8071816E81658166817481838191
:10E6940088818A8180818281A0819581A481A381DE
:10E6A4005F819381A981B081B581BE81B881BD812B
:10E6B400C081C281BA81C981CD81D181D981D881FA
:10E6C400C881DA81DF81E081E781FA81FB81FE8103
:10E6D40001820282058207820A820D8210821682DA
:10E6E40029822B82388233824082598258825D8209
:10E6F4005A825F826482628268826A826B822E821C
:10E704007182778278827E828D829282AB829F82AE
:10E71400BB82AC82E182E382DF82D282F482F38222
:10E72400FA8293830383FB82F982DE820683DC828E
:10E734000983D982358334831683328331834083BA
:10E744003983508345832F832B83178318838583D1
:10E754009A83AA839F83A283968323838E8387834A
:10E764008A837C83B58373837583A0838983A88319
:10E77400F4831384EB83CE83FD830384D8830B84D7
:10E78400C183F7830784E083F2830D842284208489
:10E79400BD8338840685FB836D842A843C845A8532
:10E7A400848477846B84AD846E8482846984468493
:10E7B4002C846F8479843584CA846284B984BF8448
:10E7C4009F84D984CD84BB84DA84D084C184C684F4
:10E7D400D684A1842185FF84F484178518852C852B
:10E7E4001F8515851485FC84408563855885488577
:10E7F400418502864B8555858085A48588859185CC
:10E804008A85A8856D8594859B85EA8587859C8501
:10E8140077857E859085C985BA85CF85B985D0856C
:10E82400D585DD85E585DC85F9850A8613860B8625
:10E83400FE85FA85068622861A8630863F864D86B0
:10E84400554E54865F86678671869386A386A9860D
:10E85400AA868B868C86B686AF86C486C686B08624
:10E86400C9862388AB86D486DE86E986EC86DF8675
:10E87400DB86EF8612870687088700870387FB8677
:10E88400118709870D87F9860A8734873F87378779
:10E894003B87258729871A8760875F8778874C8716
:10E8A4004E877487578768876E875987538763872E
:10E8B4006A870588A2879F878287AF87CB87BD87B2
:10E8C400C087D087D696AB87C487B387C787C687E8
:10E8D400BB87EF87F287E0870F880D88FE87F6876E
:10E8E400F7870E88D2871188168815882288218890
:10E8F40031883688398827883B88448842885288FA
:10E9040059885E8862886B8881887E889E8875882D
:10E914007D88B5887288828897889288AE8899881D
:10E92400A2888D88A488B088BF88B188C388C48829
:10E93400D488D888D988DD88F9880289FC88F48845
:10E94400E888F28804890C890A89138943891E8915
:10E9540025892A892B89418944893B8936893889C3
:10E964004C891D8960895E89668964896D896A8993
:10E974006F89748977897E89838988898A8993894B
:10E984009889A189A989A689AC89AF89B289BA89EC
:10E99400BD89BF89C089DA89DC89DD89E789F48981
:10E9A400F889038A168A108A0C8A1B8A1D8A258A8A
:10E9B400368A418A5B8A528A468A488A7C8A6D8A68
:10E9C4006C8A628A858A828A848AA88AA18A918AC0
:10E9D400A58AA68A9A8AA38AC48ACD8AC28ADA8A2E
:10E9E400EB8AF38AE78AE48AF18A148BE08AE28A62
:10E9F400F78ADE8ADB8A0C8B078B1A8BE18A168BEB
:10EA0400108B178B208B338BAB97268B2B8B3E8BEA
:10EA1400288B418B4C8B4F8B4E8B498B568B5B8B4E
:10EA24005A8B6B8B5F8B6C8B6F8B748B7D8B808B1A
:10EA34008C8B8E8B928B938B968B998B9A8B3A8C37
:10EA4400418C3F8C488C4C8C4E8C508C558C628CF9
:10EA54006C8C788C7A8C828C898C858C8A8C8D8C4D
:10EA64008E8C948C7C8C988C1D62AD8CAA8CBD8C05
:10EA7400B28CB38CAE8CB68CC88CC18CE48CE38C19
:10EA8400DA8CFD8CFA8CFB8C048D058D0A8D078D38
:10EA94000F8D0D8D108D4E9F138DCD8C148D168D75
:10EAA400678D6D8D718D738D818D998DC28DBE8DA8
:10EAB400BA8DCF8DDA8DD68DCC8DDB8DCB8DEA8D55
:10EAC400EB8DDF8DE38DFC8D088E098EFF8D1D8E01
:10EAD4001E8E108E1F8E428E358E308E348E4A8E50
:10EAE400478E498E4C8E508E488E598E648E608E21
:10EAF4002A8E638E558E768E728E7C8E818E878E54
:10EB0400858E848E8B8E8A8E938E918E948E998E22
:10EB1400AA8EA18EAC8EB08EC68EB18EBE8EC58EE0
:10EB2400C88ECB8EDB8EE38EFC8EFB8EEB8EFE8E40
:10EB34000A8F058F158F128F198F138F1C8F1F8FBC
:10EB44001B8F0C8F268F338F3B8F398F458F428FCE
:10EB54003E8F4C8F498F468F4E8F578F5C8F628FBD
:10EB6400638F648F9C8F9F8FA38FAD8FAF8FB78F71
:10EB7400DA8FE58FE28FEA8FEF8F8790F48F05901D
:10EB8400F98FFA8F1190159021900D901E90169088
:10EB94000B902790369035903990F88F4F90509085
:10EBA400519052900E9049903E90569058905E909D
:10EBB40068906F907690A896729082907D908190E4
:10EBC40080908A9089908F90A890AF90B190B590E2
:10EBD400E290E4904862DB90029112911991329193
:10EBE40030914A91569158916391659169917391CD
:10EBF40072918B9189918291A291AB91AF91AA91DB
:10EC0400B591B491BA91C091C191C991CB91D09170
:10EC1400D691DF91E191DB91FC91F591F6911E92F1
:10EC2400FF9114922C92159211925E9257924592F2
:10EC340049926492489295923F924B9250929C9240
:10EC4400969293929B925A92CF92B992B792E992EA
:10EC54000F93FA9244932E93199322931A93239326
:10EC64003A9335933B935C9360937C936E93569362
:10EC7400B093AC93AD939493B993D693D793E8930D
:10EC8400E593D893C393DD93D093C893E4931A94F4
:10EC94001494139403940794109436942B943594F9
:10ECA40021943A944194529444945B946094629471
:10ECB4005E946A9429927094759477947D945A948E
:10ECC4007C947E9481947F94829587958A9594957B
:10ECD400969598959995A095A895A795AD95BC9569
:10ECE400BB95B995BE95CA95F66FC395CD95CC9550
:10ECF400D595D495D695DC95E195E595E295219643
:10ED040028962E962F9642964C964F964B9677962B
:10ED14005C965E965D965F96669672966C968D96F8
:10ED2400989695969796AA96A796B196B296B09607
:10ED3400B496B696B896B996CE96CB96C996CD9615
:10ED44004D89DC960D97D596F99604970697089702
:10ED540013970E9711970F971697199724972A9739
:10ED6400309739973D973E974497469748974297EF
:10ED740049975C976097649766976897D2526B97A8
:10ED84007197799785977C9781977A9786978B97D0
:10ED94008F9790979C97A897A697A397B397B497A4
:10EDA400C397C697C897CB97DC97ED974F9FF29779
:10EDB400DF7AF697F5970F980C983898249821984D
:10EDC40037983D9846984F984B986B986F987098E1
:10EDD400719874987398AA98AF98B198B698C49893
:10EDE400C398C698E998EB980399099912991499CC
:10EDF400189921991D991E99249920992C992E9935
:10EE04003D993E9942994999459950994B995199FF
:10EE140052994C99559997999899A599AD99AE9904
:10EE2400BC99DF99DB99DD99D899D199ED99EE993F
:10EE3400F199F299FB99F899019A0F9A059AE29936
:10EE4400199A2B9A379A459A429A409A439A3E9A2B
:10EE5400559A4D9A5B9A579A5F9A629A659A649A00
:10EE6400699A6B9A6A9AAD9AB09ABC9AC09ACF9AE8
:10EE7400D19AD39AD49ADE9ADF9AE29AE39AE69ADE
:10EE8400EF9AEB9AEE9AF49AF19AF79AFB9A069B08
:10EE9400189B1A9B1F9B229B239B259B279B289B8C
:10EEA400299B2A9B2E9B2F9B329B449B439B4F9BCE
:10EEB4004D9B4E9B519B589B749B939B839B919B17
:10EEC400969B979B9F9BA09BA89BB49BC09BCA9B14
:10EED400B99BC69BCF9BD19BD29BE39BE29BE49BBC
:10EEE400D49BE19B3A9CF29BF19BF09B159C149C58
:10EEF400099C139C0C9C069C089C129C0A9C049CD8
:10EF04002E9C1B9C259C249C219C309C479C329CC1
:10EF1400469C3E9C5A9C609C679C769C789CE79C93
:10EF2400EC9CF09C099D089DEB9C039D069D2A9DED
:10EF3400269DAF9D239D1F9D449D159D129D419D22
:10EF44003F9D3E9D469D489D5D9D5E9D649D519D5A
:10EF5400509D599D729D899D879DAB9D6F9D7A9D06
:10EF64009A9DA49DA99DB29DC49DC19DBB9DB89D24
:10EF7400BA9DC69DCF9DC29DD99DD39DF89DE69D0A
:10EF8400ED9DEF9DFD9D1A9E1B9E1E9E759E799E76
:10EF94007D9E819E889E8B9E8C9E929E959E919E28
:10EFA4009D9EA59EA99EB89EAA9EAD9E6197CC9E4D
:10EFB400CE9ECF9ED09ED49EDC9EDE9EDD9EE09EA5
:10EFC400E59EE89EEF9EF49EF69EF79EF99EFB9EBC
:10EFD400FC9EFD9E079F089FB776159F219F2C9F3F
:10EFE4003E9F4A9F529F549F639F5F9F609F619F74
:10EFF400669F679F6C9F6A9F779F729F769F959F7E
:10F004009C9FA09F2F58C76959906474DC519971D3
:10F0140000000042C8801F40B8821F400800000062
:10F0240000000042C4801F40B4821F40040000005E
:10F0340000C0004224801F4014821F4010000000C2
:10F0440000C0004228801F4018821F40200000009A
:10F0540000C000422C801F401C821F404000000062
:10F0640000C0004234801F4024821F400001000081
:10F074000040004264811F4054831F40000400008C
:10F084000040004280811F4070831F400000020046
:10F09400004000427C811F406C831F40000001003F
:10F0A4000040004268811F4058831F400008000050
:10F0B400004000423C811F402C831F40010000009F
:10F0C4000040004244811F4034831F40040000007C
:10F0D4000040004240811F4030831F400200000076
:10F0E4000040004248811F4038831F400800000050
:10F0F4000000004204811F40F4821F40000004000D
:10F104000000004208811F40F8821F4000000800F0
:10F114000000004218811F4008831F400000800047
:10F124000000004214811F4004831F40000040007F
:10F134000000004200811F40F0821F4000000200D6
:10F1440000000042FC801F40EC821F4000000100D0
:10F154000000004224811F4014831F40000000046B
:10F164000000004228811F4018831F40000000084F
:10F17400000000421C811F400C831F40000000015E
:10F184000000004220811F4010831F400000000245
:10F1940000000042EC801F40DC821F400010000091
:10F1A40000000042F0801F40E0821F400020000069
:10F1B4000000004234811F4024831F4000000040AF
:10F1C4000000004238811F4028831F400000008057
:10F1D4000080004294801F4084821F40000004008D
:10F1E40000C0004290801F4080821F4000000080C9
:10F1F40000800042A8801F4098821F4000008000C9
:10F2040000800042A4801F4094821F400000400000
:10F21400004000426C811F405C831F4000100000CE
:10F2240000C0004230801F4020821F408000000048
:10F2340000400042B0811F40A0831F400000002016
:10F2440000400042AC811F409C831F40000000101E
:10F254000040004284811F4074831F40000004006A
:10F264000040004288811F4078831F40000008004E
:10F27400000000422C811F401C831F40000000102E
:10F284000000004230811F4020831F400000002006
:10F29400000000420C811F40FC821F40000010004F
:10F2A4000000004210811F4000831F400000200026
:10F2B40000800042C8811F40B8831F4000800000C6
:10F2C40000800042C4811F40B4831F4000400000FE
:10F2D40000800042C0811F40B0831F400020000016
:10F2E40000800042BC811F40AC831F40001000001E
:10F2F40000800042D0811F40C0831F4000000200F4
:10F3040000800042CC811F40BC831F4000000100EC
:10F3140000C0004274801F4064821F40000000014E
:10F3240000C0004280801F4070821F40000000081F
:10F3340000C0004284801F4074821F4000000010FF
:10F3440000C000426C801F405C821F4000004000EF
:10F3540000C000427C801F406C821F4000000004FB
:10F3640000C0004278801F4068821F4000000002F5
:10F3740000C0004288801F4078821F4000000020A7
:10F384003100000035000000CEFBFFFFCB0300007E
:10F39400010000000000000034000000CEFBFFFF6D
:10F3A400CB03000001000000000000000200000088
:10F3B400030000000400000006000000FB21F93FE8
:10F3C400FB2109407CD91240FB2119407A6A1F4075
:10F3D4007CD92240BBFD2540FB2129403A462C40E4
:10F3E4007A6A2F405C4731407CD932409C6B344070
:10F3F400BBFD3540DB8F3740FB2139401BB43A401D
:10F404003A463C405AD83D407A6A3F404C7E4040A0
:10F414005C4741406C1042407CD942408CA243403E
:10F424009C6B4440AC344540BBFD4540CBC6464094
:10F43400DB8F4740EB584840FB2149400500000062
:10F44400190000007D00000007080C0B06050F00E2
:10F454000D0E0102838407080C0B06050F000D0E28
:10F4640001028384FFFFFFFFFFFFFFFFFFFF818295
:10F47400090A000001010004010000040132010135
:10F484000132020101100101011101010112010205
:10F494000103020601030106011202020200000137
:10F4A4000202000102010001021000010222000117
:10F4B40002230001000000000000000002210001FE
:10F4C40002200001000000000000000001300101E2
:10F4D40001310101010200040103000400000000E5
:10F4E40000000000012102010121010100000000CF
:10F4F40000000000000000000110020100000000F4
:10F5040000000000011301060113020600000000C0
:10F5140000000000000000000000000001010201E2
:10F5240001010101010002010100010101020201C6
:10F5340001020101000000000000000000000000C2
:10F54400012302010000000000000000012001016D
:10F5540053747261746F436F72655F4C50432062E1
:10F5640075696C64200000004A756C2020342032D8
:10F574003032360031393A35303A33340000000045
:10F58400436F6E6669677572656420666F72207377
:10F5940074616E64617264205A6570687972207057
:10F5A4006F7274004C435F434F4C4C415445000010
:10F5B4004C435F4354595045000000004C435F4D99
:10F5C4004F4E4554415259004C435F4E554D4552A0
:10F5D400494300004C435F54494D45004C435F4D43
:10F5E40045535341474553004A616E0046656200E6
:10F5F4004D617200417072004D6179004A756E0070
:10F604004A756C0041756700536570004F63740060
:10F614004E6F7600446563004A616E7561727900CD
:10F624004665627275617279000000004D61726313
:10F6340068000000417072696C0000004A756E65D4
:10F64400000000004A756C79000000004175677580
:10F654007374000053657074656D62657200000018
:10F664004F63746F626572004E6F76656D6265728A
:10F6740000000000446563656D626572000000006F
:10F6840053756E004D6F6E005475650057656400C8
:10F6940054687500467269005361740053756E6452
:10F6A400617900004D6F6E64617900005475657373
:10F6B400646179005765646E657364617900000064
:10F6C400546875727364617900000000467269645D
:10F6D40061790000536174757264617900000000FF
:10F6E40025483A254D3A255300000000256D2F2565
:10F6F400642F2579000000002561202562202565FE
:10F704002025483A254D3A2553202559000000006C
:10F71400414D0000504D00002561202562202565E3
:10F724002025483A254D3A255320255A20255900AD
:10F734006D64000025493A254D3A25532025700073
:10F7440083F9A200444E6E00FC291500D15727000E
:10F75400DD34F50062DBC0003C9995004190430024
:10F764006351FE00BBDEAB00B761C5003A6E2400F6
:10F77400D24D42004906E00009EA2E001C92D10055
:10F78400EB1DFE0029B11C00E83EA700F535820000
:10F7940044BB2E009CE98400B4267000417E5F00C7
:10F7A400D6913900538339009CF439008B5F84006F
:10F7B40028F9BD00F81F3B00DEFF97000F980500F5
:10F7C400112FEF000A5A8B006D1F6D00CF7E36009B
:10F7D40009CB2700464FB7009E663F002DEA5F0025
:10F7E400BA277500E5EBC7003D7BF100F739070048
:10F7F40092528A00FB6BEA001FB15F00085D8D0026
:10F80400300356007BFC4600F0AB6B0020BCCF00FD
:10F8140036F49A00E3A91D005E619100081BE6001E
:10F8240085996500A0145F008D40680080D8FF00B2
:10F8340027734D0006063100CA561500C9A8730087
:10F844007BE260006B8CC00000010000D0A00020AF
:10F8540012000000000600001C2200600A000000E4
:10F8640000020000B82100606200000000070000F0
:10F874005421006062000000EE03000044A1002057
:10F8840012000000000004EE1CA10020280000006B
:10F89400000300005021006000000000010309047F
:10F8A40038210060000000000203090420210060E8
:10F8B40000000000030309046CA100200000000004
:10F8C4000000000000000000000000003030303074
:10F8D4003030303030303030303030303030303024
:10F8E4003030303030303030303030303030303014
:10F8F40030303030303030303030303000000000C4
:10F9040000000000ACBF012014C001207CC0012015
:10F9140000000000000000000000000000000000E3
:10F9240000000000000000000000000000000000D3
:10F9340000000000000000000000000000000000C3
:10F9440000000000000000000000000000000000B3
:10F9540000000000000000000000000000000000A3
:10F964000000000000000000000000000000000093
:10F974000000000000000000000000000000000083
:10F984000000000000000000000000000000000073
:10F994000000000000000000010000000000000062
:10F9A4000E33CDAB34126DE6ECDE05000B00000027
:10F9B4000000000000000000000000000000000043
:10F9C4000000000000000000000000000000000033
:10F9D4000000000000000000000000000000000023
:10F9E4000000000000000000000000000000000013
:10F9F4000000000000000000000000000000000003
:10FA040000000000000000000000000000000000F2
:10FA140000000000000000000000000000000000E2
:10FA240001000000000000004A0000000000000087
:10FA340000000000000000000000000000000000C2
:10FA440000000000000000000000000000000000B2
:10FA54004A00000000000000000000000000000058
:10FA64000000000000000000000000000000000092
:10FA740000000000000000000029DE07007B9A1748
:10FA840000003A408C0C0020000000000000000040
:10FA94000000000000000000000000000000000062
:10FAA4000000000000000000000000000000000052
:10FAB4000000000000000000000000000000000042
:10FAC4000000000000000000000000000000000032
:10FAD400A418002000000000E8030000000000005B
:10FAE400CC18002000000000E80300000000000023
:10FAF400008019408007002000000000BCBC0120E9
:10FB0400FCBB0120000000000000000040000000D9
:10FB14004000000040000000400000000000000021
:10FB240000000000000000000000000000000000D1
:10FB340000000000000000000000000000000000C1
:10FB4400CC18002000000000E803000000000000C2
:10FB540000C01940C89A002000000000FCBC01202D
:10FB64003CBC012000000000000000002800000050
:10FB740040000000280000004000000000000000D9
:10FB84000000000000000000000000000000000071
:10FB94000000000000000000000000000000000061
:10FBA400CC18002000000000E80300000000000062
:10FBB40000401940689A00200000000024BD012084
:10FBC4007CBC0120000000000000000028000000B0
:10FBD4004000000028000000400000000000000079
:10FBE4000000000000000000000000000000000011
:10FBF4000000000000000000000000000000000001
:10FC04000C1A002000000000E803000000000000BF
:10FC140000003F40D0200060000000000000000011
:10FC240000000000000000000000000000000000D0
:10FC340000000000000000000000000000000000C0
:10FC440000000000000000000000000000000000B0
:10FC540000000000000000000000000000000000A0
:10FC64000000000000000000000000000000000090
:10FC74000000000000000000000000000000000080
:10FC84000000000000000000000000000000000070
:10FC94000000000000000000000000000000000060
:10FCA4000000000000000000000000000000000050
:10FCB4000000000000000000000000000000000040
:10FCC4000000000000000000000000000000000030
:10FCD4000000000000000000000000000000000020
:10FCE4000000000000000000000000000000000010
:10FCF4000000000000000000000000000000000000
:10FD040000000000000000000000000000000000EF
:10FD140000000000000000000000000000000000DF
:10FD240000000000000000000000000000000000CF
:10FD340000000000000000000000000000000000BF
:10FD44000C1A002000000000E8030000000000007E
:10FD540000803F40802000600000000000000000A0
:10FD6400000000000000000000000000000000008F
:10FD7400000000000000000000000000000000007F
:10FD8400000000000000000000000000000000006F
:10FD9400000000000000000000000000000000005F
:10FDA400000000000000000000000000000000004F
:10FDB400000000000000000000000000000000003F
:10FDC400000000000000000000000000000000002F
:10FDD400000000000000000000000000000000001F
:10FDE400000000000000000000000000000000000F
:10FDF40000000000000000000000000000000000FF
:10FE040000000000000000000000000000000000EE
:10FE140000000000000000000000000000000000DE
:10FE240000000000000000000000000000000000CE
:10FE340000000000000000000000000000000000BE
:10FE440000000000000000000000000000000000AE
:10FE5400000000000000000000000000000000009E
:10FE6400000000000000000000000000000000008E
:10FE7400000000000000000000000000000000007E
:10FE84000C1A002000000000E8030000000000003D
:10FE940000C03F403020006000000000000000006F
:10FEA400000000000000000000000000000000004E
:10FEB400000000000000000000000000000000003E
:10FEC400000000000000000000000000000000002E
:10FED400000000000000000000000000000000001E
:10FEE400000000000000000000000000000000000E
:10FEF40000000000000000000000000000000000FE
:10FF040000000000000000000000000000000000ED
:10FF140000000000000000000000000000000000DD
:10FF240000000000000000000000000000000000CD
:10FF340000000000000000000000000000000000BD
:10FF440000000000000000000000000000000000AD
:10FF5400000000000000000000000000000000009D
:10FF6400000000000000000000000000000000008D
:10FF7400000000000000000000000000000000007D
:10FF8400000000000000000000000000000000006D
:10FF9400000000000000000000000000000000005D
:10FFA400000000000000000000000000000000004D
:10FFB400000000000000000000000000000000003D
:10FFC400312E30002C010000071800009DD80000DD
:10FFD4000000000074C00F400C000000220000006C
:10FFE4000100000048851F400100000030000000AF
:0CFFF4000200000048851F4000000000D3
:02000004600397
:1000000023000000010000004C851F40010000009B
:10001000FF000000FF0000000000000000000000E2
:1000200032024000260018007B000000061A000083
:1000300091D80000000000007CC00F400000000CC0
:100040001C0000000200000058851F400100000055
:10005000FF000000FF0000000000000000000000A2
:100060001D000000020000005C851F400100000030
:10007000FF000000FF000000000000000000000082
:10008000FF004000260018007D0000001DCC00008D
:1000900064BF0120803020200000000043000000E9
:1000A0000000000000000000000000000000000050
:1000B00000000000000000000000000043000000FD
:1000C0000000000000000000000000000000000030
:1000D00000000000000000000000000043000000DD
:1000E0000000000000000000000000000000000010
:1000F00000000000000000000000000043000000BD
:1001000000000000000000000000000000000000EF
:10011000000000000000000000000000430000009C
:1001200000000000000000000000000000000000CF
:10013000000000000000000000000000430000007C
:1001400000000000000000000000000000000000AF
:10015000000000000000000000000000430000005C
:10016000000000000000000000000000000000008F
:100170000000000000000000000000002D0D020043
:1001800031A3010000000000041E0020D40A00205A
:10019000740A0020740A0020740A0020740A0020E7
:1001A000740A0020740A0020740A0020740A0020D7
:1001B000740A0020FFFFFFFFFFFFFFFFFFFFFFFFAD
:1001C000FFFF0000010041534349490000000000C7
:1001D000000000000000000000000000000000001F
:1001E00000000000000041534349490000000000A6
:1001F00000000000000000000000000000000000FF
:1002000000000000000000000000000000000000EE
:10021000A49C0020A49C0020AC9C0020AC9C00204E
:10022000B49C0020B49C0020BC9C0020BC9C0020FE
:10023000C49C0020C49C0020CC9C0020CC9C0020AE
:10024000D49C0020D49C0020DC9C0020DC9C00205E
:10025000E49C0020E49C0020EC9C0020EC9C00200E
:10026000F49C0020F49C0020FC9C0020FC9C0020BE
:10027000049D0020049D00200C9D00200C9D00206A
:10028000149D0020149D00201C9D00201C9D00201A
:10029000249D0020249D00202C9D00202C9D0020CA
:1002A000349D0020349D00203C9D00203C9D00207A
:1002B000449D0020449D00204C9D00204C9D00202A
:1002C000549D0020549D00205C9D00205C9D0020DA
:1002D000649D0020649D00206C9D00206C9D00208A
:1002E000749D0020749D00207C9D00207C9D00203A
:1002F000849D0020849D00208C9D00208C9D0020EA
:10030000949D0020949D00209C9D00209C9D002099
:10031000A49D0020A49D0020AC9D0020AC9D002049
:10032000B49D0020B49D0020BC9D0020BC9D0020F9
:10033000C49D0020C49D0020CC9D0020CC9D0020A9
:10034000D49D0020D49D0020DC9D0020DC9D002059
:10035000E49D0020E49D0020EC9D0020EC9D002009
:10036000F49D0020F49D0020FC9D0020FC9D0020B9
:10037000049E0020049E00200C9E00200C9E002065
:10038000149E0020149E00201C9E00201C9E002015
:10039000249E0020249E00202C9E00202C9E0020C5
:1003A000349E0020349E00203C9E00203C9E002075
:1003B000449E0020449E00204C9E00204C9E002025
:1003C000549E0020549E00205C9E00205C9E0020D5
:1003D000649E0020649E00206C9E00206C9E002085
:1003E000749E0020749E00207C9E00207C9E002035
:1003F000849E0020849E00208C9E00208C9E0020E5
:10040000949E0020949E00209C9E00209C9E002094
:10041000A49E0020A49E0020AC9E0020AC9E002044
:10042000B49E0020B49E0020BC9E0020BC9E0020F4
:10043000C49E0020C49E0020CC9E0020CC9E0020A4
:10044000D49E0020D49E0020DC9E0020DC9E002054
:10045000E49E0020E49E0020EC9E0020EC9E002004
:10046000F49E0020F49E0020FC9E0020FC9E0020B4
:10047000049F0020049F00200C9F00200C9F002060
:10048000149F0020149F00201C9F00201C9F002010
:10049000249F0020249F00202C9F00202C9F0020C0
:1004A000349F0020349F00203C9F00203C9F002070
:1004B000449F0020449F00204C9F00204C9F002020
:1004C000549F0020549F00205C9F00205C9F0020D0
:1004D000649F0020649F00206C9F00206C9F002080
:1004E000749F0020749F00207C9F00207C9F002030
:1004F000849F0020849F00208C9F00208C9F0020E0
:10050000949F0020949F00209C9F00209C9F00208F
:10051000A49F0020A49F0020AC9F0020AC9F00203F
:10052000B49F0020B49F0020BC9F0020BC9F0020EF
:10053000C49F0020C49F0020CC9F0020CC9F00209F
:10054000D49F0020D49F0020DC9F0020DC9F00204F
:10055000E49F0020E49F0020EC9F0020EC9F0020FF
:10056000F49F0020F49F0020FC9F0020FC9F0020AF
:1005700004A0002004A000200CA000200CA000205B
:1005800014A0002014A000201CA000201CA000200B
:1005900024A0002024A000202CA000202CA00020BB
:1005A00034A0002034A000203CA000203CA000206B
:1005B00044A0002044A000204CA000204CA000201B
:1005C00054A0002054A000205CA000205CA00020CB
:1005D00064A0002064A000206CA000206CA000207B
:1005E00074A0002074A000207CA000207CA000202B
:1005F00084A0002084A000208CA000208CA00020DB
:1006000094A0002094A000209CA000209CA000208A
:10061000FFFFFFFF000002000000000003000000D9
:10062000ACBF0120A0930020DC1F0020DC1F0020B5
:100630007095002012010002EF020140C0168304F1
:1006400080020102030100003CC10120FC180020CF
:1006500000000000E80300000000000000000000AF
:10066000464C4F41545300005241434855545300A7
:100670004C50430000000000524154530000000061
:10068000280000000001040001000000000000003C
:10069000020157494E55534200000000000000007F
:1006A000000000000000000012034D00530046004F
:1006B0005400310030003000F80000003230313793
:1006C000303930312C30303030303000302E310085
:1006D0000C0300000000000000000000000000000B
:1006E00000000000000029080000000000000000D9
:1006F00000000000000000000000000000000000FA
:1007000000000000000000000000000000000000E9
:1007100000000000000000000000000000000000D9
:1007200000000000000000000000000000000000C9
:1007300000000000000000000000000000000000B9
:1007400000000000000000000000000000000000A9
:100750000000000000000000000000000000000099
:100760000000000000000000000000000000000089
:100770000000000000000000000000000000000079
:100780000000000000000000000000000000000069
:100790000000000000000000000000000000000059
:1007A0000000000000000000000000000000000049
:1007B0000000000000000000000000000000000039
:1007C0000000000000000000000000000000000029
:1007D0000000000000000000000000000000000019
:1007E0000000000000000000000000000000000009
:1007F00000000000000000000000000000000000F9
:1008000000000000000000000000000000000000E8
:1008100000000000000000000000000000000000D8
:1008200000000000000000000000000000000000C8
:1008300000000000000000000000000000000000B8
:1008400000000000000000000000000000000000A8
:100850000000000000000000000000000000000098
:100860000000000000000000000000000000000088
:100870000000000000000000000000000000000078
:100880000000000000000000000000000000000068
:100890000000000000000000000000000000000058
:1008A0000000000000000000000000000000000048
:1008B0000000000000000000000000000000000038
:1008C0000000000000000000000000000000000028
:1008D0000000000000000000000000000000000018
:1008E0000000000000000000000000000000000008
:1008F00000000000000000000000000000000000F8
:1009000000000000000000000000000000000000E7
:1009100000000000000000000000000000000000D7
:1009200000000000000000000000000000000000C7
:1009300000000000000000000000000000000000B7
:1009400000000000000000000000000000000000A7
:100950000000000000000000000000000000000097
:100960000000000000000000000000000000000087
:100970000000000000000000000000000000000077
:100980000000000000000000000000000000000067
:100990000000000000000000000000000000000057
:1009A0000000000000000000000000000000000047
:1009B0000000000000000000000000000000000037
:1009C0000000000000000000000000000000000027
:1009D0000000000000000000000000000000000017
:1009E0000000000000000000000000000000000007
:1009F00000000000000000000000000000000000F7
:100A000000000000000000000000000000000000E6
:100A100000000000000000000000000000000000D6
:100A200000000000000000000000000000000000C6
:100A300000000000000000000000000000000000B6
:100A400000000000000000000000000000000000A6
:100A50000000000000000000000000000000000096
:100A60000000000000000000000000000000000086
:100A70000000000000000000000000000000000076
:100A80000000000000000000000000000000000066
:100A90000000000000000000000000000000000056
:100AA0000000000000000000000000000000000046
:100AB0000000000000000000000000000000000036
:100AC0000000000000000000000000000000000026
:100AD0000000000000000000000000000000000016
:100AE0000000000000000000000000000000000006
:100AF00000000000000000000000000000000000F6
:100B000000000000000000000000000000000000E5
:100B100000000000000000000000000000000000D5
:100B200000000000000000000000000000000000C5
:100B300000000000000000000000000000000000B5
:100B400000000000000000000000000000000000A5
:100B50000000000000000000000000000000000095
:100B60000000000000000000000000000000000085
:100B70000000000000000000000000000000000075
:100B80000000000000000000000000000000000065
:100B90000000000000000000000000000000000055
:100BA0000000000000000000000000000000000045
:100BB0000000000000000000000000000000000035
:100BC0000000000000000000000000000000000025
:100BD0000000000000000000000000000000000015
:100BE0000000000000000000000000000000000005
:100BF00000000000000000000000000000000000F5
:100C000000000000000000000000000000000000E4
:100C100000000000000000000000000000000000D4
:040C200000000000D0
:100C2400FFFFFFFFFFFFFFFFFFFFFFFFFFFFFFFFD0
:100C3400FFFFFFFFFFFFFFFFFFFFFFFFFFFFFFFFC0
:100C4400FFFFFFFFFFFFFFFFFFFFFFFFFFFFFFFFB0
:100C5400FFFFFFFFFFFFFFFFFFFFFFFFFFFFFFFFA0
:100C6400FFFFFFFFFFFFFFFFFFFFFFFFFFFFFFFF90
:100C7400FFFFFFFFFFFFFFFFFFFFFFFFFFFFFFFF80
:100C8400FFFFFFFFFFFFFFFFFFFFFFFFFFFFFFFF70
:100C9400FFFFFFFFFFFFFFFFFFFFFFFFFFFFFFFF60
:100CA400FFFFFFFFFFFFFFFFFFFFFFFFFFFFFFFF50
:100CB400FFFFFFFFFFFFFFFFFFFFFFFFFFFFFFFF40
:100CC400FFFFFFFFFFFFFFFFFFFFFFFFFFFFFFFF30
:100CD400FFFFFFFFFFFFFFFFFFFFFFFFFFFFFFFF20
:100CE400FFFFFFFFFFFFFFFFFFFFFFFFFFFFFFFF10
:100CF400FFFFFFFFFFFFFFFFFFFFFFFFFFFFFFFF00
:100D0400FFFFFFFFFFFFFFFFFFFFFFFFFFFFFFFFEF
:100D1400FFFFFFFFFFFFFFFFFFFFFFFFFFFFFFFFDF
:100D2400FFFFFFFFFFFFFFFFFFFFFFFFFFFFFFFFCF
:100D3400FFFFFFFFFFFFFFFFFFFFFFFFFFFFFFFFBF
:100D4400FFFFFFFFFFFFFFFFFFFFFFFFFFFFFFFFAF
:100D5400FFFFFFFFFFFFFFFFFFFFFFFFFFFFFFFF9F
:100D6400FFFFFFFFFFFFFFFFFFFFFFFFFFFFFFFF8F
:100D7400FFFFFFFFFFFFFFFFFFFFFFFFFFFFFFFF7F
:100D8400FFFFFFFFFFFFFFFFFFFFFFFFFFFFFFFF6F
:100D9400FFFFFFFFFFFFFFFFFFFFFFFFFFFFFFFF5F
:100DA400FFFFFFFFFFFFFFFFFFFFFFFFFFFFFFFF4F
:100DB400FFFFFFFFFFFFFFFFFFFFFFFFFFFFFFFF3F
:100DC400FFFFFFFFFFFFFFFFFFFFFFFFFFFFFFFF2F
:100DD400FFFFFFFFFFFFFFFFFFFFFFFFFFFFFFFF1F
:100DE400FFFFFFFFFFFFFFFFFFFFFFFFFFFFFFFF0F
:100DF400FFFFFFFFFFFFFFFFFFFFFFFFFFFFFFFFFF
:100E0400FFFFFFFFFFFFFFFFFFFFFFFFFFFFFFFFEE
:100E1400FFFFFFFFFFFFFFFFFFFFFFFFFFFFFFFFDE
:100E2400FFFFFFFFFFFFFFFFFFFFFFFFFFFFFFFFCE
:100E3400FFFFFFFFFFFFFFFFFFFFFFFFFFFFFFFFBE
:100E4400FFFFFFFFFFFFFFFFFFFFFFFFFFFFFFFFAE
:100E5400FFFFFFFFFFFFFFFFFFFFFFFFFFFFFFFF9E
:100E6400FFFFFFFFFFFFFFFFFFFFFFFFFFFFFFFF8E
:100E7400FFFFFFFFFFFFFFFFFFFFFFFFFFFFFFFF7E
:100E8400FFFFFFFFFFFFFFFFFFFFFFFFFFFFFFFF6E
:100E9400FFFFFFFFFFFFFFFFFFFFFFFFFFFFFFFF5E
:100EA400FFFFFFFFFFFFFFFFFFFFFFFFFFFFFFFF4E
:100EB400FFFFFFFFFFFFFFFFFFFFFFFFFFFFFFFF3E
:100EC400FFFFFFFFFFFFFFFFFFFFFFFFFFFFFFFF2E
:100ED400FFFFFFFFFFFFFFFFFFFFFFFFFFFFFFFF1E
:100EE400FFFFFFFFFFFFFFFFFFFFFFFFFFFFFFFF0E
:100EF400FFFFFFFFFFFFFFFFFFFFFFFFFFFFFFFFFE
:100F0400FFFFFFFFFFFFFFFFFFFFFFFFFFFFFFFFED
:100F1400FFFFFFFFFFFFFFFFFFFFFFFFFFFFFFFFDD
:100F2400FFFFFFFFFFFFFFFFFFFFFFFFFFFFFFFFCD
:100F3400FFFFFFFFFFFFFFFFFFFFFFFFFFFFFFFFBD
:100F4400FFFFFFFFFFFFFFFFFFFFFFFFFFFFFFFFAD
:100F5400FFFFFFFFFFFFFFFFFFFFFFFFFFFFFFFF9D
:100F6400FFFFFFFFFFFFFFFFFFFFFFFFFFFFFFFF8D
:100F7400FFFFFFFFFFFFFFFFFFFFFFFFFFFFFFFF7D
:100F8400FFFFFFFFFFFFFFFFFFFFFFFFFFFFFFFF6D
:100F9400FFFFFFFFFFFFFFFFFFFFFFFFFFFFFFFF5D
:100FA400FFFFFFFFFFFFFFFFFFFFFFFFFFFFFFFF4D
:100FB400FFFFFFFFFFFFFFFFFFFFFFFFFFFFFFFF3D
:100FC400FFFFFFFFFFFFFFFFFFFFFFFFFFFFFFFF2D
:100FD400FFFFFFFFFFFFFFFFFFFFFFFFFFFFFFFF1D
:100FE400FFFFFFFFFFFFFFFFFFFFFFFFFFFFFFFF0D
:100FF400FFFFFFFFFFFFFFFFFFFFFFFF00000000F9
:1010040000000000000000000000000000000000DC
:1010140000000000000000000000000000000000CC
:1010240000000000000000000000000000000000BC
:1010340000000000000000000000000000000000AC
:10104400000000000000000000000000000000009C
:10105400000000000000000000000000000000008C
:10106400000000000000000000000000000000007C
:10107400000000000000000000000000000000006C
:10108400000000000000000000000000000000005C
:10109400000000000000000000000000000000004C
:1010A400000000000000000000000000000000003C
:1010B400000000000000000000000000000000002C
:1010C400000000000000000000000000000000001C
:1010D400000000000000000000000000000000000C
:1010E40000000000000000000000000000000000FC
:1010F40000000000000000000000000000000000EC
:1011040000000000000000000000000000000000DB
:1011140000000000000000000000000000000000CB
:1011240000000000000000000000000000000000BB
:1011340000000000000000000000000000000000AB
:10114400000000000000000000000000000000009B
:10115400000000000000000000000000000000008B
:10116400000000000000000000000000000000007B
:10117400000000000000000000000000000000006B
:10118400000000000000000000000000000000005B
:10119400000000000000000000000000000000004B
:1011A400000000000000000000000000000000003B
:1011B400000000000000000000000000000000002B
:1011C400000000000000000000000000000000001B
:1011D400000000000000000000000000000000000B
:1011E40000000000000000000000000000000000FB
:1011F40000000000000000000000000000000000EB
:1012040000000000000000000000000000000000DA
:1012140000000000000000000000000000000000CA
:1012240000000000000000000000000000000000BA
:1012340000000000000000000000000000000000AA
:10124400000000000000000000000000000000009A
:10125400000000000000000000000000000000008A
:10126400000000000000000000000000000000007A
:10127400000000000000000000000000000000006A
:10128400000000000000000000000000000000005A
:10129400000000000000000000000000000000004A
:1012A400000000000000000000000000000000003A
:1012B400000000000000000000000000000000002A
:1012C400000000000000000000000000000000001A
:1012D400000000000000000000000000000000000A
:1012E40000000000000000000000000000000000FA
:1012F40000000000000000000000000000000000EA
:1013040000000000000000000000000000000000D9
:1013140000000000000000000000000000000000C9
:1013240000000000000000000000000000000000B9
:1013340000000000000000000000000000000000A9
:101344000000000000000000000000000000000099
:101354000000000000000000000000000000000089
:101364000000000000000000000000000000000079
:101374000000000000000000000000000000000069
:101384000000000000000000000000000000000059
:101394000000000000000000000000000000000049
:1013A4000000000000000000000000000000000039
:1013B4000000000000000000000000000000000029
:1013C4000000000000000000000000000000000019
:1013D4000000000000000000000000000000000009
:1013E40000000000000000000000000000000000F9
:1013F40000000000000000000000000000000000E9
:1014040000000000000000000000000000000000D8
:1014140000000000000000000000000000000000C8
:1014240000000000000000000000000000000000B8
:1014340000000000000000000000000000000000A8
:101444000000000000000000000000000000000098
:101454000000000000000000000000000000000088
:101464000000000000000000000000000000000078
:101474000000000000000000000000000000000068
:101484000000000000000000000000000000000058
:101494000000000000000000000000000000000048
:1014A4000000000000000000000000000000000038
:1014B4000000000000000000000000000000000028
:1014C4000000000000000000000000000000000018
:1014D4000000000000000000000000000000000008
:1014E40000000000000000000000000000000000F8
:1014F40000000000000000000000000000000000E8
:1015040000000000000000000000000000000000D7
:1015140000000000000000000000000000000000C7
:1015240000000000000000000000000000000000B7
:1015340000000000000000000000000000000000A7
:101544000000000000000000000000000000000097
:101554000000000000000000000000000000000087
:101564000000000000000000000000000000000077
:101574000000000000000000000000000000000067
:101584000000000000000000000000000000000057
:101594000000000000000000000000000000000047
:1015A4000000000000000000000000000000000037
:1015B4000000000000000000000000000000000027
:1015C4000000000000000000000000000000000017
:1015D4000000000000000000000000000000000007
:1015E40000000000000000000000000000000000F7
:1015F40000000000000000000000000000000000E7
:1016040000000000000000000000000000000000D6
:1016140000000000000000000000000000000000C6
:1016240000000000000000000000000000000000B6
:1016340000000000000000000000000000000000A6
:101644000000000000000000000000000000000096
:101654000000000000000000000000000000000086
:101664000000000000000000000000000000000076
:101674000000000000000000000000000000000066
:101684000000000000000000000000000000000056
:101694000000000000000000000000000000000046
:1016A4000000000000000000000000000000000036
:1016B4000000000000000000000000000000000026
:1016C4000000000000000000000000000000000016
:1016D4000000000000000000000000000000000006
:1016E40000000000000000000000000000000000F6
:1016F40000000000000000000000000000000000E6
:1017040000000000000000000000000000000000D5
:1017140000000000000000000000000000000000C5
:1017240000000000000000000000000000000000B5
:1017340000000000000000000000000000000000A5
:101744000000000000000000000000000000000095
:101754000000000000000000000000000000000085
:101764000000000000000000000000000000000075
:101774000000000000000000000000000000000065
:101784000000000000000000000000000000000055
:101794000000000000000000000000000000000045
:1017A4000000000000000000000000000000000035
:1017B4000000000000000000000000000000000025
:1017C4000000000000000000000000000000000015
:1017D4000000000000000000000000000000000005
:1017E40000000000000000000000000000000000F5
:1017F40000000000000000000000000000000000E5
:1018040000000000000000000000000000000000D4
:1018140000000000000000000000000000000000C4
:1018240000000000000000000000000000000000B4
:1018340000000000000000000000000000000000A4
:101844000000000000000000000000000000000094
:101854000000000000000000000000000000000084
:101864000000000000000000000000000000000074
:101874000000000000000000000000000000000064
:101884000000000000000000000000000000000054
:101894000000000000000000000000000000000044
:1018A4000000000000000000000000000000000034
:1018B4000000000000000000000000000000000024
:1018C4000000000000000000000000000000000014
:1018D4000000000000000000000000000000000004
:1018E40000000000000000000000000000000000F4
:1018F40000000000000000000000000000000000E4
:1019040000000000000000000000000000000000D3
:1019140000000000000000000000000000000000C3
:1019240000000000000000000000000000000000B3
:1019340000000000000000000000000000000000A3
:101944000000000000000000000000000000000093
:101954000000000000000000000000000000000083
:101964000000000000000000000000000000000073
:101974000000000000000000000000000000000063
:101984000000000000000000000000000000000053
:101994000000000000000000000000000000000043
:1019A4000000000000000000000000000000000033
:1019B4000000000000000000000000000000000023
:1019C4000000000000000000000000000000000013
:1019D4000000000000000000000000000000000003
:1019E40000000000000000000000000000000000F3
:1019F40000000000000000000000000000000000E3
:101A040000000000000000000000000000000000D2
:101A140000000000000000000000000000000000C2
:101A240000000000000000000000000000000000B2
:101A340000000000000000000000000000000000A2
:101A44000000000000000000000000000000000092
:101A54000000000000000000000000000000000082
:101A64000000000000000000000000000000000072
:101A74000000000000000000000000000000000062
:101A84000000000000000000000000000000000052
:101A94000000000000000000000000000000000042
:101AA4000000000000000000000000000000000032
:101AB4000000000000000000000000000000000022
:101AC4000000000000000000000000000000000012
:101AD4000000000000000000000000000000000002
:101AE40000000000000000000000000000000000F2
:101AF40000000000000000000000000000000000E2
:101B040000000000000000000000000000000000D1
:101B140000000000000000000000000000000000C1
:101B240000000000000000000000000000000000B1
:101B340000000000000000000000000000000000A1
:101B44000000000000000000000000000000000091
:101B54000000000000000000000000000000000081
:101B64000000000000000000000000000000000071
:101B74000000000000000000000000000000000061
:101B84000000000000000000000000000000000051
:101B94000000000000000000000000000000000041
:101BA4000000000000000000000000000000000031
:101BB4000000000000000000000000000000000021
:101BC4000000000000000000000000000000000011
:101BD4000000000000000000000000000000000001
:101BE40000000000000000000000000000000000F1
:0C1BF400000000000000000000000000E5
:040000056000100087
:00000001FF
